Rank,Author,Genre,AuthorAvg,Title,SeriesName,SeriesNum,SeriesAvg,PubYear,Pages,AgeCategory,AvgRating,ReviewCount,EstimatedStartDate,EstimatedCompletionDate,Url
1,Travis Baldree,Fantasy,4.459,"House of Blades (The Traveler's Gate Trilogy, 1)",,,,2013,,Young Adult,4.07,18153,,,https://www.goodreads.com/book/show/61237606-house-of-blades
1,Travis Baldree,Fantasy,4.459,"The Crimson Vault (The Traveler's Gate Trilogy, 2)",,,,2013,,Young Adult,4.18,13699,,,https://www.goodreads.com/book/show/61237607-the-crimson-vault
1,Travis Baldree,Fantasy,4.459,"City of Light (The Traveler's Gate Trilogy, 3)",,,,2014,,Young Adult,4.17,12150,,,https://www.goodreads.com/book/show/61237608-city-of-light
1,Travis Baldree,Fantasy,4.459,"Unsouled (Cradle, #1)","Cradle,",1,4.47,2016,9,Young Adult,4.15,55264,2026-01-01,2026-01-01,https://www.goodreads.com/book/show/41576813-unsouled
1,Travis Baldree,Fantasy,4.459,"Soulsmith (Cradle, #2)","Cradle,",2,4.47,2016,8,Young Adult,4.33,40111,2026-01-11,2026-01-11,https://www.goodreads.com/book/show/43303167-soulsmith
1,Travis Baldree,Fantasy,4.459,"Skysworn (Cradle, #4)","Cradle,",4,4.47,2017,300,,4.38,34786,2026-01-25,2026-02-12,https://www.goodreads.com/book/show/49719105-skysworn
1,Travis Baldree,Fantasy,4.459,"Ghostwater (Cradle, #5)","Cradle,",5,4.47,2018,,,4.56,33897,,,https://www.goodreads.com/book/show/44325067-ghostwater
1,Travis Baldree,Fantasy,4.459,"Underlord (Cradle, #6)","Cradle,",6,4.47,2019,,,4.61,33165,,,https://www.goodreads.com/book/show/44453473-underlord
1,Travis Baldree,Fantasy,4.459,"Uncrowned  (Cradle, #7)","Cradle,",7,4.47,2019,10,Young Adult,4.57,31991,2026-02-22,2026-02-22,https://www.goodreads.com/book/show/49901228-uncrowned
1,Travis Baldree,Fantasy,4.459,"Bloodline (Cradle, #9)","Cradle,",9,4.47,2021,,Young Adult,4.5,28977,,,https://www.goodreads.com/book/show/59079715-bloodline
1,Travis Baldree,Fantasy,4.459,"Reaper (Cradle, #10)","Cradle,",10,4.47,2021,,,4.66,28421,,,https://www.goodreads.com/book/show/228315365-reaper
1,Travis Baldree,Fantasy,4.459,Blackflame,,,,2017,,Young Adult,4.51,36947,,,https://www.goodreads.com/book/show/228561648-blackflame
1,Travis Baldree,Fantasy,4.459,"Wintersteel (Cradle, 8)",,,,2020,,,4.69,31292,,,https://www.goodreads.com/book/show/59785859-wintersteel
1,Travis Baldree,Fantasy,4.459,"Beware of Chicken: A Xianxia Cultivation Novel: Beware of Chicken, Book 1",,,,2022,700,,4.49,12396,2026-03-08,2026-04-23,https://www.goodreads.com/book/show/224235932-beware-of-chicken
1,Travis Baldree,Fantasy,4.459,"Dreadgod (Cradle, 11)",,,,2022,,,4.62,25467,,,https://www.goodreads.com/book/show/61426264-dreadgod
1,Travis Baldree,Fantasy,4.459,The Primal Hunter (The Primal Hunter #1),The Primal Hunter,1,4.37,2022,21,,4.26,18652,2026-05-03,2026-05-04,https://www.goodreads.com/book/show/62362934-the-primal-hunter
1,Travis Baldree,Fantasy,4.459,The Primal Hunter 2 (The Primal Hunter #2),The Primal Hunter,2,4.37,2022,20,,4.48,12832,2026-05-17,2026-05-17,https://www.goodreads.com/book/show/79202504-the-primal-hunter-2
1,Travis Baldree,Fantasy,4.459,"The Primal Hunter 3 (The Primal Hunter, #3)","The Primal Hunter,",3,4.53,2022,19,,4.52,11776,2026-05-31,2026-05-31,https://www.goodreads.com/book/show/79204996-the-primal-hunter-3
1,Travis Baldree,Fantasy,4.459,"The Primal Hunter 4 (The Primal Hunter, #4)","The Primal Hunter,",4,4.53,2022,21,,4.53,11179,2026-06-14,2026-06-15,https://www.goodreads.com/book/show/79206659-the-primal-hunter-4
1,Travis Baldree,Fantasy,4.459,"The Primal Hunter 5 (The Primal Hunter, #5)","The Primal Hunter,",5,4.53,2023,18,,4.54,10511,2026-06-28,2026-06-28,https://www.goodreads.com/book/show/220703499-the-primal-hunter-5
1,Travis Baldree,Fantasy,4.459,Waybound (Cradle #12),Cradle,12,4.62,2023,17,,4.62,22110,2026-07-12,2026-07-12,https://www.goodreads.com/book/show/206666325-waybound
1,Travis Baldree,Fantasy,4.459,The Eye of the Bedlam Bride (Dungeon Crawler Carl #6),Dungeon Crawler Carl,6,4.66,2023,,,4.66,59891,,,https://www.goodreads.com/book/show/228402508-the-eye-of-the-bedlam-bride
2,Pierce Brown,Science-Fiction,4.413,"Red Rising (Red Rising Saga, #1)","Red Rising Saga,",1,4.443,2014,382,Young Adult,4.27,721221,2026-07-26,2026-08-20,https://www.goodreads.com/book/show/15839976-red-rising
2,Pierce Brown,Science-Fiction,4.413,"Golden Son (Red Rising Saga, #2)","Red Rising Saga,",2,4.443,2015,466,Young Adult,4.49,442467,2026-08-30,2026-09-30,https://www.goodreads.com/book/show/18966819-golden-son
2,Pierce Brown,Science-Fiction,4.413,"Morning Star (Red Rising Saga, #3)","Red Rising Saga,",3,4.443,2016,525,Young Adult,4.54,361887,2026-10-11,2026-11-16,https://www.goodreads.com/book/show/18966806-morning-star
2,Pierce Brown,Science-Fiction,4.413,"Iron Gold (Red Rising Saga, #4)","Red Rising Saga,",4,4.443,2018,602,Young Adult,4.21,166686,,,https://www.goodreads.com/book/show/33257757-iron-gold
2,Pierce Brown,Science-Fiction,4.413,"Dark Age (Red Rising Saga, #5)","Red Rising Saga,",5,4.443,2019,704,,4.5,119727,,,https://www.goodreads.com/book/show/29226553-dark-age
2,Pierce Brown,Science-Fiction,4.413,"Red Rising: Das dunkle Zeitalter - Teil 1 (Red Rising Saga, #5A)","Red Rising Saga,",5,4.443,2019,500,,4.22,273,,,https://www.goodreads.com/book/show/43711753-red-rising
2,Pierce Brown,Science-Fiction,4.413,"Red Rising: Das dunkle Zeitalter - Teil 2 (Red Rising Saga, #5B)","Red Rising Saga,",5,4.443,2019,555,,4.5,258,,,https://www.goodreads.com/book/show/50215106-red-rising
2,Pierce Brown,Science-Fiction,4.413,"Light Bringer (Red Rising Saga, #6)","Red Rising Saga,",6,4.443,2023,682,,4.77,91661,,,https://www.goodreads.com/book/show/29227774-light-bringer
2,Pierce Brown,Science-Fiction,4.413,"Red God (Red Rising Saga, #7)","Red Rising Saga,",7,4.443,,,,4.49,364,,,https://www.goodreads.com/book/show/61657799-red-god
2,Pierce Brown,Science-Fiction,4.413,Red Rising (1 of 2) [Dramatized Adaptation] (Red Rising Saga #1),Red Rising Saga,1,4.598,2023,,,4.38,1196,,,https://www.goodreads.com/book/show/199598075-red-rising-1-of-2-dramatized-adaptation
2,Pierce Brown,Science-Fiction,4.413,Red Rising (2 of 2) [Dramatized Adaptation] (Red Rising Saga #1),Red Rising Saga,1,4.598,2023,1,,4.52,867,,,https://www.goodreads.com/book/show/150944780-red-rising-2-of-2-dramatized-adaptation
2,Pierce Brown,Science-Fiction,4.413,Golden Son  (1 of 2) [Dramatized Adaptation] (Red Rising Saga #2),Red Rising Saga,2,4.598,2015,1,,4.56,814,,,https://www.goodreads.com/book/show/197636250-golden-son-1-of-2-dramatized-adaptation
2,Pierce Brown,Science-Fiction,4.413,Golden Son  (2 of 2) [Dramatized Adaptation] (Red Rising Saga #2),Red Rising Saga,2,4.598,,9,,4.67,587,,,https://www.goodreads.com/book/show/209163543-golden-son-2-of-2-dramatized-adaptation
2,Pierce Brown,Science-Fiction,4.413,Morning Star (2 of 2) [Dramatized Adaptation] (Red Rising Saga #3),Red Rising Saga,3,4.598,2016,10,,4.77,387,,,https://www.goodreads.com/book/show/211022514-morning-star-2-of-2-dramatized-adaptation
2,Pierce Brown,Science-Fiction,4.413,Morning Star (1 of 2) [Dramatized Adaptation] (Red Rising Saga #3),Red Rising Saga,3,4.598,,,,4.69,491,,,https://www.goodreads.com/book/show/206829436-morning-star-1-of-2-dramatized-adaptation
2,Pierce Brown,Science-Fiction,4.413,"Red Rising: Sons of Ares #1 (Sons of Ares, #1)","Sons of Ares,",1,4.167,2017,32,Young Adult,4.04,3298,,,https://www.goodreads.com/book/show/31178398-red-rising
2,Pierce Brown,Science-Fiction,4.413,"Red Rising: Sons of Ares #2 (Sons of Ares, #2)","Sons of Ares,",2,4.167,2017,30,,4.15,1476,,,https://www.goodreads.com/book/show/34884623-red-rising
2,Pierce Brown,Science-Fiction,4.413,"Red Rising: Sons of Ares #3 (Sons of Ares, #3)","Sons of Ares,",3,4.167,2017,29,,4.23,1123,,,https://www.goodreads.com/book/show/35392051-red-rising
2,Pierce Brown,Science-Fiction,4.413,"Red Rising: Sons of Ares #4 (Sons of Ares, #4)","Sons of Ares,",4,4.167,2017,29,Young Adult,4.2,654,,,https://www.goodreads.com/book/show/35620644-red-rising
2,Pierce Brown,Science-Fiction,4.413,"Red Rising: Sons of Ares #5 (Sons of Ares, #5)","Sons of Ares,",5,4.167,2017,30,Young Adult,4.21,604,,,https://www.goodreads.com/book/show/35708105-red-rising
2,Pierce Brown,Science-Fiction,4.413,"Red Rising: Sons of Ares #6 (Sons of Ares, #6)","Sons of Ares,",6,4.167,2017,32,,4.17,569,,,https://www.goodreads.com/book/show/36131152-red-rising
2,Pierce Brown,Science-Fiction,4.413,Red Rising: Sons of Ares Vol. 3: Forbidden Song,,,,2023,120,,4.29,1198,,,https://www.goodreads.com/book/show/63246650-red-rising
2,Pierce Brown,Science-Fiction,4.413,The Red Rising Trilogy Series Collection #1-3,,,,,,Young Adult,4.62,1340,,,https://www.goodreads.com/book/show/40238675-the-red-rising-trilogy-series-collection-1-3
3,M.L. Wang,Fantasy,4.395,The Sword of Kaigen,,,,2019,651,,4.44,83732,,,https://www.goodreads.com/book/show/41886271-the-sword-of-kaigen
3,M.L. Wang,Fantasy,4.395,Blood Over Bright Haven,,,,2023,430,,4.35,105319,,,https://www.goodreads.com/book/show/208430658-blood-over-bright-haven
4,Art Spiegelman,Graphic Novel,4.427,"Maus I: A Survivor's Tale: My Father Bleeds History (Maus, #1)","Maus,",1,4.41,1986,159,,4.39,371016,,,https://www.goodreads.com/book/show/15196.Maus_I
4,Art Spiegelman,Graphic Novel,4.427,"Maus II: A Survivor's Tale: And Here My Troubles Began (Maus, #2)","Maus,",2,4.41,1991,144,,4.43,157314,,,https://www.goodreads.com/book/show/15197.Maus_II
4,Art Spiegelman,Graphic Novel,4.427,The Complete Maus,,,,1986,296,,4.58,250566,,,https://www.goodreads.com/book/show/15195.The_Complete_Maus
4,Art Spiegelman,Graphic Novel,4.427,"MetaMaus: A Look Inside a Modern Classic, Maus",,,,2011,300,,4.31,3026,,,https://www.goodreads.com/book/show/10420795-metamaus
5,James  Islington,Fantasy,4.392,"The Shadow of What Was Lost (The Licanius Trilogy, #1)","The Licanius Trilogy,",1,4.318,2014,595,,4.14,83872,,,https://www.goodreads.com/book/show/22878967-the-shadow-of-what-was-lost
5,James  Islington,Fantasy,4.392,"The Licanius Trilogy (The Licanius Trilogy, #1-3)","The Licanius Trilogy,",1,4.318,2020,2400,,4.52,844,,,https://www.goodreads.com/book/show/61241918-the-licanius-trilogy
5,James  Islington,Fantasy,4.392,"An Echo of Things to Come (The Licanius Trilogy, #2)","The Licanius Trilogy,",2,4.318,2017,752,,4.21,48589,,,https://www.goodreads.com/book/show/32498052-an-echo-of-things-to-come
5,James  Islington,Fantasy,4.392,"The Light of All That Falls (The Licanius Trilogy, #3)","The Licanius Trilogy,",3,4.318,2019,864,,4.4,37319,,,https://www.goodreads.com/book/show/36111098-the-light-of-all-that-falls
5,James  Islington,Fantasy,4.392,"The Will of the Many (Hierarchy, #1)","Hierarchy,",1,4.54,2023,639,,4.6,165951,,,https://www.goodreads.com/book/show/58416952-the-will-of-the-many
5,James  Islington,Fantasy,4.392,"The Strength of the Few (Hierarchy, #2)","Hierarchy,",2,4.54,2025,720,,4.48,992,,,https://www.goodreads.com/book/show/169485073-the-strength-of-the-few
6,Andy Weir,Science-Fiction,4.377,The Egg,,,,2011,3,,4.21,37163,,,https://www.goodreads.com/book/show/17563539-the-egg
6,Andy Weir,Science-Fiction,4.377,The Martian,,,,2012,384,,4.42,1265956,,,https://www.goodreads.com/book/show/18007564-the-martian
6,Andy Weir,Science-Fiction,4.377,Project Hail Mary,,,,2021,496,,4.5,1009912,,,https://www.goodreads.com/book/show/54493401-project-hail-mary
7,Will Wight,Fantasy,4.389,"The Traveler's Gate Trilogy (Traveler's Gate, #1-3)","Traveler's Gate,",1,4.265,2015,1218,Young Adult,4.35,3387,,,https://www.goodreads.com/book/show/25735140-the-traveler-s-gate-trilogy
7,Will Wight,Fantasy,4.389,"The Crimson Vault (Traveler's Gate, #2)","Traveler's Gate,",2,4.265,2013,386,Young Adult,4.18,13699,,,https://www.goodreads.com/book/show/18310619-the-crimson-vault
7,Will Wight,Fantasy,4.389,"Gardens of Mist (Traveler's Gate Chronicles, #2)",Traveler&,39,4.173,2013,47,,4.12,1029,,,https://www.goodreads.com/book/show/20405725-gardens-of-mist
7,Will Wight,Fantasy,4.389,"House of Blades (Traveler's Gate, #1)",Traveler&,39,4.173,2013,294,Young Adult,4.07,18153,,,https://www.goodreads.com/book/show/18047306-house-of-blades
7,Will Wight,Fantasy,4.389,"Tower of Winter (Traveler's Gate Chronicles, #1)",Traveler&,39,4.173,2013,57,,4.1,1202,,,https://www.goodreads.com/book/show/18939185-tower-of-winter
7,Will Wight,Fantasy,4.389,"City of Light (Traveler's Gate, #3)",Traveler&,39,4.173,2014,394,Young Adult,4.17,12150,,,https://www.goodreads.com/book/show/18400420-city-of-light
7,Will Wight,Fantasy,4.389,"Steel Diplomacy (Traveler's Gate Chronicles, #3.5)",Traveler&,39,4.173,2016,17,,4.47,15,,,https://www.goodreads.com/book/show/62095333-steel-diplomacy
7,Will Wight,Fantasy,4.389,"The White Flame (Traveler's Gate Chronicles, #3.1)",Traveler&,39,4.173,2018,15,,4.11,19,,,https://www.goodreads.com/book/show/62095260-the-white-flame
7,Will Wight,Fantasy,4.389,"Of Sea and Shadow (The Elder Empire: Sea, #1)","The Elder Empire: Sea,",1,4.2,2014,428,,4.12,5703,,,https://www.goodreads.com/book/show/24180564-of-sea-and-shadow
7,Will Wight,Fantasy,4.389,"Of Dawn and Darkness (The Elder Empire: Sea, #2)","The Elder Empire: Sea,",2,4.2,2015,388,,4.18,3995,,,https://www.goodreads.com/book/show/28114641-of-dawn-and-darkness
7,Will Wight,Fantasy,4.389,"Of Kings and Killers (The Elder Empire: Sea, #3)","The Elder Empire: Sea,",3,4.2,2020,414,,4.3,3196,,,https://www.goodreads.com/book/show/53241839-of-kings-and-killers
7,Will Wight,Fantasy,4.389,"Of Shadow and Sea (The Elder Empire: Shadow, #1)","The Elder Empire: Shadow,",1,4.147,2014,406,Young Adult,4.03,5538,,,https://www.goodreads.com/book/show/24180566-of-shadow-and-sea
7,Will Wight,Fantasy,4.389,"Of Darkness and Dawn (The Elder Empire: Shadow, #2)","The Elder Empire: Shadow,",2,4.147,2015,364,,4.16,3977,,,https://www.goodreads.com/book/show/26078884-of-darkness-and-dawn
7,Will Wight,Fantasy,4.389,"Of Killers and Kings (The Elder Empire: Shadow, #3)","The Elder Empire: Shadow,",3,4.147,2020,393,,4.25,2956,,,https://www.goodreads.com/book/show/53241848-of-killers-and-kings
7,Will Wight,Fantasy,4.389,"The Lightning Wastes (Traveler's Gate Chronicles, #3)","Traveler's Gate Chronicles,",3,4.338,2014,57,,4.21,1005,,,https://www.goodreads.com/book/show/20693510-the-lightning-wastes
7,Will Wight,Fantasy,4.389,"The Incarnation's Daughter (Traveler's Gate Chronicles, #3.2)","Traveler's Gate Chronicles,",3.2,4.338,2016,24,,4.25,20,,,https://www.goodreads.com/book/show/62095280-the-incarnation-s-daughter
7,Will Wight,Fantasy,4.389,"A Collection of Swords (Traveler's Gate Chronicles, #3.3)","Traveler's Gate Chronicles,",3.3,4.338,2016,16,,4.48,21,,,https://www.goodreads.com/book/show/62095307-a-collection-of-swords
7,Will Wight,Fantasy,4.389,"The Reaping Dance (Traveler's Gate Chronicles, #3.4)","Traveler's Gate Chronicles,",3.4,4.338,2016,15,,4.41,17,,,https://www.goodreads.com/book/show/62095321-the-reaping-dance
7,Will Wight,Fantasy,4.389,"Unsouled (Cradle, #1)","Cradle,",1,4.573,2016,294,Young Adult,4.15,55263,,,https://www.goodreads.com/book/show/30558257-unsouled
7,Will Wight,Fantasy,4.389,"Cradle: Foundation (Cradle, #1-3)","Cradle,",1,4.573,2017,1032,Young Adult,4.68,2701,,,https://www.goodreads.com/book/show/36414251-cradle
7,Will Wight,Fantasy,4.389,"Soulsmith (Cradle, #2)","Cradle,",2,4.573,2016,284,Young Adult,4.33,40110,,,https://www.goodreads.com/book/show/32283608-soulsmith
7,Will Wight,Fantasy,4.389,"Blackflame (Cradle, #3)","Cradle,",3,4.573,2017,370,Young Adult,4.51,36947,,,https://www.goodreads.com/book/show/35023786-blackflame
7,Will Wight,Fantasy,4.389,"Skysworn (Cradle, #4)","Cradle,",4,4.573,2017,292,,4.38,34786,,,https://www.goodreads.com/book/show/36332410-skysworn
7,Will Wight,Fantasy,4.389,"Cradle: Path of Gold (Cradle, #4-6)","Cradle,",4,4.573,2020,979,Young Adult,4.75,1562,,,https://www.goodreads.com/book/show/53471320-cradle
7,Will Wight,Fantasy,4.389,"Ghostwater (Cradle, #5)","Cradle,",5,4.573,2018,310,,4.56,33897,,,https://www.goodreads.com/book/show/40280403-ghostwater
7,Will Wight,Fantasy,4.389,"Underlord (Cradle, #6)","Cradle,",6,4.573,2019,400,,4.61,33165,,,https://www.goodreads.com/book/show/43895031-underlord
7,Will Wight,Fantasy,4.389,"Uncrowned (Cradle, #7)","Cradle,",7,4.573,2019,336,Young Adult,4.57,31990,,,https://www.goodreads.com/book/show/50789354-uncrowned
7,Will Wight,Fantasy,4.389,"Cradle: Rise of Lords (Cradle, #7-9)","Cradle,",7,4.573,2021,1302,Young Adult,4.76,1076,,,https://www.goodreads.com/book/show/59421813-cradle
7,Will Wight,Fantasy,4.389,"Wintersteel (Cradle, #8)","Cradle,",8,4.573,2020,540,,4.69,31292,,,https://www.goodreads.com/book/show/55423083-wintersteel
7,Will Wight,Fantasy,4.389,"Bloodline (Cradle, #9)","Cradle,",9,4.573,2021,378,Young Adult,4.5,28976,,,https://www.goodreads.com/book/show/55595995-bloodline
7,Will Wight,Fantasy,4.389,"Reaper (Cradle, #10)","Cradle,",10,4.573,2021,465,,4.66,28420,,,https://www.goodreads.com/book/show/57640065-reaper
7,Will Wight,Fantasy,4.389,"Cradle: Ascension (Cradle, #10-12)","Cradle,",10,4.573,2024,1538,,4.78,199,,,https://www.goodreads.com/book/show/217507153-cradle
7,Will Wight,Fantasy,4.389,"Dreadgod (Cradle, #11)","Cradle,",11,4.573,2022,464,,4.62,25467,,,https://www.goodreads.com/book/show/59515764-dreadgod
7,Will Wight,Fantasy,4.389,"Waybound (Cradle, #12)","Cradle,",12,4.573,2023,518,,4.62,22109,,,https://www.goodreads.com/book/show/173338910-waybound
7,Will Wight,Fantasy,4.389,"The Captain (The Last Horizon, #1)","The Last Horizon,",1,4.383,2023,467,,4.27,9497,,,https://www.goodreads.com/book/show/123165953-the-captain
7,Will Wight,Fantasy,4.389,"The Engineer (The Last Horizon, #2)","The Last Horizon,",2,4.383,2023,419,,4.42,5879,,,https://www.goodreads.com/book/show/201127814-the-engineer
7,Will Wight,Fantasy,4.389,"The Knight (The Last Horizon, #3)","The Last Horizon,",3,4.383,2024,407,,4.46,4353,,,https://www.goodreads.com/book/show/213353605-the-knight
7,Will Wight,Fantasy,4.389,The Pilot (The Last Horizon #4),The Last Horizon,4,4.42,2025,421,,4.42,2373,,,https://www.goodreads.com/book/show/235156795-the-pilot
7,Will Wight,Fantasy,4.389,Threshold: Stories from Cradle,,,,2025,386,,4.46,3752,,,https://www.goodreads.com/book/show/221722124-threshold
8,Madeline Miller,Historical Fiction,4.29,La collina dei conigli,,,,1972,429,Children; Young Adult,4.09,502975,,,https://www.goodreads.com/book/show/210395687-la-collina-dei-conigli
8,Madeline Miller,Historical Fiction,4.29,The Song of Achilles,,,,2011,408,,4.31,1932083,,,https://www.goodreads.com/book/show/13623848-the-song-of-achilles
8,Madeline Miller,Historical Fiction,4.29,Circe,,,,2018,393,,4.22,1318859,,,https://www.goodreads.com/book/show/35959740-circe
8,Madeline Miller,Historical Fiction,4.29,Circe / The Song of Achilles,,,,,,,4.54,2109,,,https://www.goodreads.com/book/show/55028733-circe-the-song-of-achilles
9,Steven Erikson,Fantasy,4.387,"Gardens of the Moon (Malazan Book of the Fallen, #1)","Malazan Book of the Fallen,",1,4.353,1999,666,,3.93,135095,,,https://www.goodreads.com/book/show/55399.Gardens_of_the_Moon
9,Steven Erikson,Fantasy,4.387,"Deadhouse Gates (Malazan Book of the Fallen, #2)","Malazan Book of the Fallen,",2,4.353,2000,604,,4.28,82637,,,https://www.goodreads.com/book/show/55401.Deadhouse_Gates
9,Steven Erikson,Fantasy,4.387,"Memories of Ice (Malazan Book of the Fallen, #3)","Malazan Book of the Fallen,",3,4.353,2001,925,,4.48,65798,,,https://www.goodreads.com/book/show/175983.Memories_of_Ice
9,Steven Erikson,Fantasy,4.387,"House of Chains (Malazan Book of the Fallen, #4)","Malazan Book of the Fallen,",4,4.353,2002,1015,,4.34,54351,,,https://www.goodreads.com/book/show/55398.House_of_Chains
9,Steven Erikson,Fantasy,4.387,"Midnight Tides (Malazan Book of the Fallen, #5)","Malazan Book of the Fallen,",5,4.353,2004,960,,4.42,47133,,,https://www.goodreads.com/book/show/345299.Midnight_Tides
9,Steven Erikson,Fantasy,4.387,"The Bonehunters (Malazan Book of the Fallen, #6)","Malazan Book of the Fallen,",6,4.353,2006,1203,,4.49,44814,,,https://www.goodreads.com/book/show/478951.The_Bonehunters
9,Steven Erikson,Fantasy,4.387,"Reaper's Gale (Malazan Book of the Fallen, #7)","Malazan Book of the Fallen,",7,4.353,2007,1280,,4.39,39056,,,https://www.goodreads.com/book/show/459064.Reaper_s_Gale
9,Steven Erikson,Fantasy,4.387,"Toll the Hounds (Malazan Book of the Fallen, #8)","Malazan Book of the Fallen,",8,4.353,2008,1008,,4.38,37444,,,https://www.goodreads.com/book/show/938544.Toll_the_Hounds
9,Steven Erikson,Fantasy,4.387,"Dust of Dreams (Malazan Book of the Fallen, #9)","Malazan Book of the Fallen,",9,4.353,2009,1280,,4.3,32941,,,https://www.goodreads.com/book/show/4703427-dust-of-dreams
9,Steven Erikson,Fantasy,4.387,"The Crippled God (Malazan Book of the Fallen, #10)","Malazan Book of the Fallen,",10,4.353,2011,921,,4.52,33507,,,https://www.goodreads.com/book/show/8447255-the-crippled-god
9,Steven Erikson,Fantasy,4.387,"Forge of Darkness (The Kharkanas Trilogy, #1)","The Kharkanas Trilogy,",1,4.16,2012,662,,4.14,9956,,,https://www.goodreads.com/book/show/13038833-forge-of-darkness
9,Steven Erikson,Fantasy,4.387,"Fall of Light (The Kharkanas Trilogy, #2)","The Kharkanas Trilogy,",2,4.16,2016,837,,4.18,4398,,,https://www.goodreads.com/book/show/19381626-fall-of-light
9,Steven Erikson,Fantasy,4.387,The Complete Malazan Book of the Fallen (Malazan Book of the Fallen #1-10),Malazan Book of the Fallen,1,4.74,2014,8258,,4.74,2873,,,https://www.goodreads.com/book/show/20345548-the-complete-malazan-book-of-the-fallen
9,Steven Erikson,Fantasy,4.387,"The God is Not Willing (Witness, #1)","Witness,",1,4.605,2021,496,,4.6,4961,,,https://www.goodreads.com/book/show/41555932-the-god-is-not-willing
9,Steven Erikson,Fantasy,4.387,"No Life Forsaken (Witness, #2)","Witness,",2,4.605,2025,432,,4.61,334,,,https://www.goodreads.com/book/show/224009520-no-life-forsaken
10,Christopher Ruocchio,Science-Fiction,4.32,"Empire of Silence (The Sun Eater, #1)","The Sun Eater,",1,4.32,2018,753,,3.98,42963,,,https://www.goodreads.com/book/show/36454667-empire-of-silence
10,Christopher Ruocchio,Science-Fiction,4.32,"The Lesser Devil (The Sun Eater, #1.5)","The Sun Eater,",1.5,4.32,2020,185,,3.87,6625,,,https://www.goodreads.com/book/show/53536557-the-lesser-devil
10,Christopher Ruocchio,Science-Fiction,4.32,"Howling Dark (The Sun Eater, #2)","The Sun Eater,",2,4.32,2019,688,,4.35,22791,,,https://www.goodreads.com/book/show/41564599-howling-dark
10,Christopher Ruocchio,Science-Fiction,4.32,"Queen Amid Ashes (The Sun Eater, #2.5)","The Sun Eater,",2.5,4.32,,173,,4,4406,,,https://www.goodreads.com/book/show/61294903-queen-amid-ashes
10,Christopher Ruocchio,Science-Fiction,4.32,"Demon in White (The Sun Eater, #3)","The Sun Eater,",3,4.32,2020,784,,4.63,17154,,,https://www.goodreads.com/book/show/50156751-demon-in-white
10,Christopher Ruocchio,Science-Fiction,4.32,"Kingdoms of Death (The Sun Eater, #4)","The Sun Eater,",4,4.32,2022,544,,4.47,13554,,,https://www.goodreads.com/book/show/57443696-kingdoms-of-death
10,Christopher Ruocchio,Science-Fiction,4.32,"Ashes of Man (The Sun Eater, #5)","The Sun Eater,",5,4.32,2022,544,,4.5,11811,,,https://www.goodreads.com/book/show/60427253-ashes-of-man
10,Christopher Ruocchio,Science-Fiction,4.32,"The Dregs of Empire  (The Sun Eater, #5.5)","The Sun Eater,",5.5,4.32,,332,,4.18,2514,,,https://www.goodreads.com/book/show/199239732-the-dregs-of-empire
10,Christopher Ruocchio,Science-Fiction,4.32,"The Fangs of Oannos (The Sun Eater, #5.6)","The Sun Eater,",5.6,4.32,,65,,4.22,241,,,https://www.goodreads.com/book/show/210268186-the-fangs-of-oannos
10,Christopher Ruocchio,Science-Fiction,4.32,"Disquiet Gods (The Sun Eater, #6)","The Sun Eater,",6,4.32,2024,704,,4.59,9432,,,https://www.goodreads.com/book/show/176443792-disquiet-gods
10,Christopher Ruocchio,Science-Fiction,4.32,"Shadows Upon Time (The Sun Eater, #7)","The Sun Eater,",7,4.32,,,,4.73,150,,,https://www.goodreads.com/book/show/222685709-shadows-upon-time
11,Robin Hobb,Fantasy,4.385,"Assassin's Apprentice (Farseer Trilogy, #1)","Farseer Trilogy,",1,4.304,1995,435,,4.19,391077,,,https://www.goodreads.com/book/show/77197.Assassin_s_Apprentice
11,Robin Hobb,Fantasy,4.385,"The Farseer Trilogy (Farseer Trilogy, #1-3)","Farseer Trilogy,",1,4.304,2011,1952,,4.42,23551,,,https://www.goodreads.com/book/show/10762697-the-farseer-trilogy
11,Robin Hobb,Fantasy,4.385,"Assassin's Apprentice / Royal Assassin (Farseer Trilogy, #1-2)","Farseer Trilogy,",1,4.304,,448,,4.4,8607,,,https://www.goodreads.com/book/show/5533041-assassin-s-apprentice-royal-assassin
11,Robin Hobb,Fantasy,4.385,"Royal Assassin (Farseer Trilogy, #2)","Farseer Trilogy,",2,4.304,1996,675,,4.29,236814,,,https://www.goodreads.com/book/show/25300956-royal-assassin
11,Robin Hobb,Fantasy,4.385,"Assassin's Quest (Farseer Trilogy, #3)","Farseer Trilogy,",3,4.304,1997,757,,4.22,190377,,,https://www.goodreads.com/book/show/33396914-assassin-s-quest
11,Robin Hobb,Fantasy,4.385,"L'Assassin du roi (L'Assassin royal, #2)",L&,39,4.474,1996,415,,4.34,2834,,,https://www.goodreads.com/book/show/1847010.L_Assassin_du_roi
11,Robin Hobb,Fantasy,4.385,"Adieux et retrouvailles (L'assassin royal, #13)",L&,39,4.474,1997,378,,4.58,1166,,,https://www.goodreads.com/book/show/1625897.Adieux_et_retrouvailles
11,Robin Hobb,Fantasy,4.385,"La Reine solitaire (L'Assassin royal, #6)",L&,39,4.474,1997,380,,4.44,2099,,,https://www.goodreads.com/book/show/515792.La_Reine_solitaire
11,Robin Hobb,Fantasy,4.385,"La Voie magique (L'Assassin royal, #5)",L&,39,4.474,1997,382,,4.38,2195,,,https://www.goodreads.com/book/show/219253.La_Voie_magique
11,Robin Hobb,Fantasy,4.385,"La Secte maudite (L'assassin royal, #8)",L&,39,4.474,2001,445,,4.52,1367,,,https://www.goodreads.com/book/show/2056298.La_Secte_maudite
11,Robin Hobb,Fantasy,4.385,"Serments et deuils (L'assassin royal, #10)",L&,39,4.474,2002,412,,4.47,1247,,,https://www.goodreads.com/book/show/1134821.Serments_et_deuils
11,Robin Hobb,Fantasy,4.385,"L'homme noir (L'assassin royal, #12)",L&,39,4.474,2004,327,,4.54,1196,,,https://www.goodreads.com/book/show/2056297.L_homme_noir
11,Robin Hobb,Fantasy,4.385,"Le dragon des glaces (L'assassin royal, #11)",L&,39,4.474,2004,381,,4.4,1222,,,https://www.goodreads.com/book/show/2056299.Le_dragon_des_glaces
11,Robin Hobb,Fantasy,4.385,"La fille de l'assassin (L'assassin royal, #15; Le fou et l'assassin #1, part 2 of 2)",L&,39,4.474,2015,384,,4.51,681,,,https://www.goodreads.com/book/show/25132770-la-fille-de-l-assassin
11,Robin Hobb,Fantasy,4.385,"En quête de vengeance (L'assassin royal, #16; Le Fou et l'Assassin, #3)",L&,39,4.474,,416,,4.47,592,,,https://www.goodreads.com/book/show/28763606-en-qu-te-de-vengeance
11,Robin Hobb,Fantasy,4.385,La Nef du crépuscule (L'Assassin royal #3),L&,39,4.474,,413,,4.48,2064,,,https://www.goodreads.com/book/show/219257.La_Nef_du_cr_puscule
11,Robin Hobb,Fantasy,4.385,"Le Retour de l'Assassin (L'assassin royal, #17; Le fou et l'assassin ,#4)",L&,39,4.474,,477,,4.56,557,,,https://www.goodreads.com/book/show/32203473-le-retour-de-l-assassin
11,Robin Hobb,Fantasy,4.385,Le Poison de la vengeance (L'Assassin royal #4),L'Assassin royal,4,4.26,1997,349,,4.26,2330,,,https://www.goodreads.com/book/show/515801.Le_Poison_de_la_vengeance
11,Robin Hobb,Fantasy,4.385,"Le vaisseau magique (Les aventuriers de la mer, #1)","Les aventuriers de la mer,",1,4.402,1998,317,,4.17,1155,,,https://www.goodreads.com/book/show/2128082.Le_vaisseau_magique
11,Robin Hobb,Fantasy,4.385,"Le navire aux esclaves (Les aventuriers de la mer, #2)","Les aventuriers de la mer,",2,4.402,2012,379,,4.31,1024,,,https://www.goodreads.com/book/show/2128083.Le_navire_aux_esclaves
11,Robin Hobb,Fantasy,4.385,"La conquête de la liberté (Les aventuriers de la mer, #3)","Les aventuriers de la mer,",3,4.402,2004,379,,4.41,943,,,https://www.goodreads.com/book/show/2128086.La_conqu_te_de_la_libert_
11,Robin Hobb,Fantasy,4.385,"Brumes et tempêtes (Les aventuriers de la mer, #4)","Les aventuriers de la mer,",4,4.402,1999,381,,4.37,873,,,https://www.goodreads.com/book/show/2128087.Brumes_et_temp_tes
11,Robin Hobb,Fantasy,4.385,"Prisons d'eau et de bois (Les aventuriers de la mer, #5)","Les aventuriers de la mer,",5,4.402,1999,315,,4.38,819,,,https://www.goodreads.com/book/show/2128081.Prisons_d_eau_et_de_bois
11,Robin Hobb,Fantasy,4.385,"L'éveil des eaux dormantes (Les aventuriers de la mer, #6)","Les aventuriers de la mer,",6,4.402,1999,365,,4.49,800,,,https://www.goodreads.com/book/show/1863380.L_veil_des_eaux_dormantes
11,Robin Hobb,Fantasy,4.385,"Le seigneur des trois règnes (Les aventuriers de la mer, #7)","Les aventuriers de la mer,",7,4.402,2000,376,,4.42,752,,,https://www.goodreads.com/book/show/2128080.Le_seigneur_des_trois_r_gnes
11,Robin Hobb,Fantasy,4.385,"Ombres et flammes (Les aventuriers de la mer, #8)","Les aventuriers de la mer,",8,4.402,1998,377,,4.5,755,,,https://www.goodreads.com/book/show/2940853-ombres-et-flammes
11,Robin Hobb,Fantasy,4.385,"Les marches du trône (Les aventuriers de la mer, #9)","Les aventuriers de la mer,",9,4.402,2012,376,,4.57,728,,,https://www.goodreads.com/book/show/6011102-les-marches-du-tr-ne
11,Robin Hobb,Fantasy,4.385,"Ship of Magic (Liveship Traders, #1)","Liveship Traders,",1,4.297,1998,880,,4.23,102400,,,https://www.goodreads.com/book/show/45100.Ship_of_Magic
11,Robin Hobb,Fantasy,4.385,"The Mad Ship (Liveship Traders, #2)","Liveship Traders,",2,4.297,1999,906,,4.33,82161,,,https://www.goodreads.com/book/show/45101.The_Mad_Ship
11,Robin Hobb,Fantasy,4.385,"Ship of Destiny (Liveship Traders, #3)","Liveship Traders,",3,4.297,2000,789,,4.33,87051,,,https://www.goodreads.com/book/show/45102.Ship_of_Destiny
11,Robin Hobb,Fantasy,4.385,"L'Assassin royal : Première époque, 1",,,,2000,1116,,4.58,1364,,,https://www.goodreads.com/book/show/24859736-l-assassin-royal
11,Robin Hobb,Fantasy,4.385,"Le Prophète blanc (Assassin royal, #7)","Assassin royal,",7,4.36,2001,416,,4.36,1434,,,https://www.goodreads.com/book/show/1704012.Le_Proph_te_blanc
11,Robin Hobb,Fantasy,4.385,"Fool's Errand (Tawny Man, #1)","Tawny Man,",1,4.42,2001,661,,4.39,104611,,,https://www.goodreads.com/book/show/68488.Fool_s_Errand
11,Robin Hobb,Fantasy,4.385,"Golden Fool (Tawny Man, #2)","Tawny Man,",2,4.42,2002,709,,4.38,91679,,,https://www.goodreads.com/book/show/45109.Golden_Fool
11,Robin Hobb,Fantasy,4.385,"Fool's Fate (Tawny Man, #3)","Tawny Man,",3,4.42,2003,914,,4.49,88599,,,https://www.goodreads.com/book/show/45108.Fool_s_Fate
11,Robin Hobb,Fantasy,4.385,"Les secrets de Castelcerf (L'assassin royal, #9)","L'assassin royal,",9,4.41,2002,443,,4.41,1310,,,https://www.goodreads.com/book/show/2128077.Les_secrets_de_Castelcerf
11,Robin Hobb,Fantasy,4.385,"The Dragon Keeper (Rain Wild Chronicles, #1)","Rain Wild Chronicles,",1,4.085,2009,553,,3.96,53138,,,https://www.goodreads.com/book/show/4703450-the-dragon-keeper
11,Robin Hobb,Fantasy,4.385,"Dragon Haven (Rain Wild Chronicles, #2)","Rain Wild Chronicles,",2,4.085,2010,508,,4.1,43390,,,https://www.goodreads.com/book/show/7011403-dragon-haven
11,Robin Hobb,Fantasy,4.385,"City of Dragons (Rain Wild Chronicles, #3)","Rain Wild Chronicles,",3,4.085,2011,334,,4.1,39732,,,https://www.goodreads.com/book/show/11801463-city-of-dragons
11,Robin Hobb,Fantasy,4.385,"Blood of Dragons (Rain Wild Chronicles, #4)","Rain Wild Chronicles,",4,4.085,2013,448,,4.18,37814,,,https://www.goodreads.com/book/show/13109291-blood-of-dragons
11,Robin Hobb,Fantasy,4.385,The Liveship Traders Trilogy,,,,2012,,,4.6,6283,,,https://www.goodreads.com/book/show/22463498-the-liveship-traders-trilogy
11,Robin Hobb,Fantasy,4.385,"The Complete Tawny Man Trilogy: Fool’s Errand, The Golden Fool, Fool’s Fate",,,,2013,2133,,4.71,6736,,,https://www.goodreads.com/book/show/18949637-the-complete-tawny-man-trilogy
11,Robin Hobb,Fantasy,4.385,The Willful Princess and the Piebald Prince,,,,2013,184,,4.06,10889,,,https://www.goodreads.com/book/show/16244663-the-willful-princess-and-the-piebald-prince
11,Robin Hobb,Fantasy,4.385,"Fool's Assassin (The Fitz and the Fool, #1)","The Fitz and the Fool,",1,4.54,2014,706,,4.43,64311,,,https://www.goodreads.com/book/show/41021196-fool-s-assassin
11,Robin Hobb,Fantasy,4.385,"Fool's Quest  (The Fitz and the Fool, #2)","The Fitz and the Fool,",2,4.54,2015,757,,4.53,49812,,,https://www.goodreads.com/book/show/40610956-fool-s-quest
11,Robin Hobb,Fantasy,4.385,"Assassin's Fate (The Fitz and the Fool, #3)","The Fitz and the Fool,",3,4.54,2017,847,,4.66,47578,,,https://www.goodreads.com/book/show/30688013-assassin-s-fate
11,Robin Hobb,Fantasy,4.385,"The Rain Wilds Chronicles: Dragon Keeper, Dragon Haven, City of Dragons, and Blood of Dragons",,,,2014,2320,,4.56,4182,,,https://www.goodreads.com/book/show/22710287-the-rain-wilds-chronicles
11,Robin Hobb,Fantasy,4.385,"The Soldier Son Trilogy Bundle (The Soldier Son, #1-3)","The Soldier Son,",1,4.02,,2157,,4.02,2548,,,https://www.goodreads.com/book/show/18874259-the-soldier-son-trilogy-bundle
12,Kristin Hannah,Historical Fiction,4.287,Between Sisters,,,,2021,428,,4.08,113017,,,https://www.goodreads.com/book/show/217432.Between_Sisters
12,Kristin Hannah,Historical Fiction,4.287,"Firefly Lane (Firefly Lane, #1)","Firefly Lane,",1,4.11,2021,479,,4.2,469378,,,https://www.goodreads.com/book/show/1472878.Firefly_Lane
12,Kristin Hannah,Historical Fiction,4.287,"Fly Away (Firefly Lane, #2)","Firefly Lane,",2,4.11,2021,400,,4.02,166351,,,https://www.goodreads.com/book/show/16044981-fly-away
12,Kristin Hannah,Historical Fiction,4.287,Home Front,,,,2021,390,,4.26,219527,,,https://www.goodreads.com/book/show/12022079-home-front
12,Kristin Hannah,Historical Fiction,4.287,Magic Hour,,,,2021,451,,4.17,222117,,,https://www.goodreads.com/book/show/1470232.Magic_Hour
12,Kristin Hannah,Historical Fiction,4.287,Night Road,,,,2021,385,,4.27,318113,,,https://www.goodreads.com/book/show/8949352-night-road
12,Kristin Hannah,Historical Fiction,4.287,The Four Winds,,,,2021,464,,4.3,946533,,,https://www.goodreads.com/book/show/53138081-the-four-winds
12,Kristin Hannah,Historical Fiction,4.287,The Great Alone,,,,2021,435,,4.45,1140063,,,https://www.goodreads.com/book/show/34912895-the-great-alone
12,Kristin Hannah,Historical Fiction,4.287,"The Kristin Hannah Collection: Volume 1: Firefly Lane, True Colors, Fly Away",,,,2021,1312,,4.5,1064,,,https://www.goodreads.com/book/show/23359254-the-kristin-hannah-collection
12,Kristin Hannah,Historical Fiction,4.287,The Nightingale,,,,2021,440,,4.64,2014371,,,https://www.goodreads.com/book/show/21853621-the-nightingale
12,Kristin Hannah,Historical Fiction,4.287,The Things We Do for Love,,,,2021,464,,4.17,102088,,,https://www.goodreads.com/book/show/297134.The_Things_We_Do_for_Love
12,Kristin Hannah,Historical Fiction,4.287,The Women,,,,2021,471,,4.59,1467355,,,https://www.goodreads.com/book/show/127305853-the-women
12,Kristin Hannah,Historical Fiction,4.287,True Colors,,,,2021,400,,4.09,137939,,,https://www.goodreads.com/book/show/3975186-true-colors
12,Kristin Hannah,Historical Fiction,4.287,Winter Garden,,,,2021,394,,4.28,406173,,,https://www.goodreads.com/book/show/6668467-winter-garden
13,J. Zachary Pike,Fantasy,4.373,"Orconomics (The Dark Profit Saga, #1)","The Dark Profit Saga,",1,4.373,2014,340,,4.27,9740,,,https://www.goodreads.com/book/show/25326486-orconomics
13,J. Zachary Pike,Fantasy,4.373,"Son of a Liche (The Dark Profit Saga, #2)","The Dark Profit Saga,",2,4.373,2018,618,,4.42,4905,,,https://www.goodreads.com/book/show/39977753-son-of-a-liche
13,J. Zachary Pike,Fantasy,4.373,"Dragonfired (The Dark Profit Saga, #3)","The Dark Profit Saga,",3,4.373,2023,,,4.43,2136,,,https://www.goodreads.com/book/show/42921438-dragonfired
14,Simon Stålenhag,Science-Fiction,4.278,"Tales from the Loop (Tales from the Loop, #1)","Tales from the Loop,",1,4.31,2014,128,,4.28,4545,,,https://www.goodreads.com/book/show/27404461-tales-from-the-loop
14,Simon Stålenhag,Science-Fiction,4.278,"Things from the Flood (Tales from the Loop, #2)","Tales from the Loop,",2,4.31,2016,130,,4.3,2326,,,https://www.goodreads.com/book/show/31094296-things-from-the-flood
14,Simon Stålenhag,Science-Fiction,4.278,"The Electric State (Tales from the Loop, #3)","Tales from the Loop,",3,4.31,2017,143,,4.35,9107,,,https://www.goodreads.com/book/show/36836025-the-electric-state
14,Simon Stålenhag,Science-Fiction,4.278,The Labyrinth,,,,2020,150,,4.18,1933,,,https://www.goodreads.com/book/show/55818839-the-labyrinth
15,John Gwynne,Fantasy,4.372,"A Time of Dread (Of Blood and Bone, #1)","Of Blood and Bone,",1,4.36,2018,463,,4.29,14519,,,https://www.goodreads.com/book/show/34392663-a-time-of-dread
15,John Gwynne,Fantasy,4.372,"A Time of Blood (Of Blood and Bone, #2)","Of Blood and Bone,",2,4.36,2019,496,,4.34,11060,,,https://www.goodreads.com/book/show/37917915-a-time-of-blood
15,John Gwynne,Fantasy,4.372,"A Time of Courage (Of Blood and Bone, #3)","Of Blood and Bone,",3,4.36,2012,648,,4.45,10053,,,https://www.goodreads.com/book/show/52549368-a-time-of-courage
15,John Gwynne,Fantasy,4.372,"The Shadow of the Gods (The Bloodsworn Saga, #1)","The Bloodsworn Saga,",1,4.383,2012,480,,4.19,84652,,,https://www.goodreads.com/book/show/52694527-the-shadow-of-the-gods
15,John Gwynne,Fantasy,4.372,"The Hunger of the Gods (The Bloodsworn Saga, #2)","The Bloodsworn Saga,",2,4.383,2012,633,,4.5,46494,,,https://www.goodreads.com/book/show/57341045-the-hunger-of-the-gods
15,John Gwynne,Fantasy,4.372,"The Fury of the Gods (The Bloodsworn Saga, #3)","The Bloodsworn Saga,",3,4.383,2012,536,,4.46,27959,,,https://www.goodreads.com/book/show/61755703-the-fury-of-the-gods
16,Antoine de Saint-Exupéry,Children,4.28,Citadelle,,,,1929,628,,4.13,2344,,,https://www.goodreads.com/book/show/225640.Citadelle
16,Antoine de Saint-Exupéry,Children,4.28,J'apprends à compter avec le Petit Prince,d&,39,4.42,1929,12,Children,4.42,1754,,,https://www.goodreads.com/book/show/70716.J_apprends_compter_avec_le_Petit_Prince
16,Antoine de Saint-Exupéry,Children,4.28,The Little Prince,,,,1929,96,Children; Young Adult,4.33,2429308,,,https://www.goodreads.com/book/show/157993.The_Little_Prince
16,Antoine de Saint-Exupéry,Children,4.28,The Little Prince & Letter to a Hostage,,,,1929,118,Children; Young Adult,4.4,12682,,,https://www.goodreads.com/book/show/3241368-the-little-prince-letter-to-a-hostage
16,Antoine de Saint-Exupéry,Children,4.28,"Wind, Sand and Stars",,,,1929,229,,4.12,20830,,,https://www.goodreads.com/book/show/8837.Wind_Sand_and_Stars
17,Evan Winter,Fantasy,4.352,"The Rage of Dragons (The Burning, #1)","The Burning,",1,4.352,2019,535,,4.31,45115,,,https://www.goodreads.com/book/show/41952489-the-rage-of-dragons
17,Evan Winter,Fantasy,4.352,"The Fires of Vengeance (The Burning, #2)","The Burning,",2,4.352,2020,529,,4.38,20681,,,https://www.goodreads.com/book/show/43174603-the-fires-of-vengeance
17,Evan Winter,Fantasy,4.352,"The Lord of Demons (The Burning, #3)","The Burning,",3,4.352,,432,,4.36,88,,,https://www.goodreads.com/book/show/53655834-the-lord-of-demons
17,Evan Winter,Fantasy,4.352,"Untitled (The Burning, #4)","The Burning,",4,4.352,,,,4.36,22,,,https://www.goodreads.com/book/show/53655863-untitled
18,Dennis E. Taylor,Science-Fiction,4.268,"Outland (Quantum Earth, #1)","Quantum Earth,",1,4.07,2015,360,,4.1,11358,,,https://www.goodreads.com/book/show/24292598-outland
18,Dennis E. Taylor,Science-Fiction,4.268,"Earthside (Quantum Earth, #2)","Quantum Earth,",2,4.07,2023,8,,4.04,5090,,,https://www.goodreads.com/book/show/75282865-earthside
18,Dennis E. Taylor,Science-Fiction,4.268,"We Are Legion (We Are Bob) (Bobiverse, #1)","Bobiverse,",1,4.328,2016,383,,4.27,119382,,,https://www.goodreads.com/book/show/32109569-we-are-legion-we-are-bob
18,Dennis E. Taylor,Science-Fiction,4.268,"For We Are Many (Bobiverse, #2)","Bobiverse,",2,4.328,2017,311,,4.37,71155,,,https://www.goodreads.com/book/show/33395557-for-we-are-many
18,Dennis E. Taylor,Science-Fiction,4.268,"All These Worlds (Bobiverse, #3)","Bobiverse,",3,4.328,2017,336,,4.4,62335,,,https://www.goodreads.com/book/show/35506021-all-these-worlds
18,Dennis E. Taylor,Science-Fiction,4.268,"Heaven's River (Bobiverse, #4)","Bobiverse,",4,4.328,2020,700,,4.29,35092,,,https://www.goodreads.com/book/show/42950440-heaven-s-river
18,Dennis E. Taylor,Science-Fiction,4.268,"Not Till We Are Lost (Bobiverse, #5)","Bobiverse,",5,4.328,2024,413,,4.31,16219,,,https://www.goodreads.com/book/show/159116833-not-till-we-are-lost
18,Dennis E. Taylor,Science-Fiction,4.268,The Bobiverse (Signed Limited Edition),,,,2018,918,,4.74,1698,,,https://www.goodreads.com/book/show/41429774-the-bobiverse
18,Dennis E. Taylor,Science-Fiction,4.268,The Singularity Trap,,,,2018,12,,4.05,14405,,,https://www.goodreads.com/book/show/35269854-the-singularity-trap
18,Dennis E. Taylor,Science-Fiction,4.268,Roadkill,,,,2022,9,Young Adult,4.11,6545,,,https://www.goodreads.com/book/show/61856981-roadkill
19,Scott Lynch,Fantasy,4.347,In the Stacks,,,,2010,49,,4.05,1524,,,https://www.goodreads.com/book/show/41124045-in-the-stacks
19,Scott Lynch,Fantasy,4.347,The Lies of Locke Lamora / Red Seas Under Red Skies (Gentleman Bastard #1-2),Gentleman Bastard,1,4.495,2013,1229,,4.44,2151,,,https://www.goodreads.com/book/show/19105890-the-lies-of-locke-lamora-red-seas-under-red-skies
19,Scott Lynch,Fantasy,4.347,The Gentleman Bastard #1-3 (Gentleman Bastard #1-3),Gentleman Bastard,1,4.495,2015,2240,,4.55,2244,,,https://www.goodreads.com/book/show/25615136-the-gentleman-bastard-1-3
20,Colson Whitehead,Historical Fiction,4.28,Beastie Boys Book,,,,2018,572,,4.53,14063,,,https://www.goodreads.com/book/show/38799788-beastie-boys-book
20,Colson Whitehead,Historical Fiction,4.28,The Nickel Boys,,,,2023,213,,4.25,302105,,,https://www.goodreads.com/book/show/42270835-the-nickel-boys
20,Colson Whitehead,Historical Fiction,4.28,The Underground Railroad,,,,2023,306,,4.06,440471,,,https://www.goodreads.com/book/show/30555488-the-underground-railroad
21,George R.R. Martin,Fantasy,4.334,A Game Of Thrones preview,,,,1971,96,,4.56,13411,,,https://www.goodreads.com/book/show/2264142.A_Game_Of_Thrones_preview
21,George R.R. Martin,Fantasy,4.334,"A Game of Thrones (A Song of Ice and Fire, #1)","A Song of Ice and Fire,",1,4.416,1971,835,,4.45,2707385,,,https://www.goodreads.com/book/show/13496.A_Game_of_Thrones
21,George R.R. Martin,Fantasy,4.334,"A Game of Thrones / A Clash of Kings (A Song of Ice and Fire, #1-2)","A Song of Ice and Fire,",1,4.416,1971,864,,4.54,27983,,,https://www.goodreads.com/book/show/5061675-a-game-of-thrones-a-clash-of-kings
21,George R.R. Martin,Fantasy,4.334,"A Song of Ice and Fire (A Song of Ice and Fire, #1-4)","A Song of Ice and Fire,",1,4.416,1971,4081,,4.63,48126,,,https://www.goodreads.com/book/show/9814682-a-song-of-ice-and-fire
21,George R.R. Martin,Fantasy,4.334,"A Song of Ice and Fire (A Song of Ice and Fire, #1-5)","A Song of Ice and Fire,",1,4.416,1971,5216,,4.61,64798,,,https://www.goodreads.com/book/show/12177850-a-song-of-ice-and-fire
21,George R.R. Martin,Fantasy,4.334,"بازی تاج و تخت - جلد سوم از کتاب اول از سری نغمه آتش و یخ / A Game of Thrones (A Song of Ice and Fire, #1, Part #3)","A Song of Ice and Fire,",1,4.416,1971,420,,3.95,2316,,,https://www.goodreads.com/book/show/22472775---a-game-of-th
21,George R.R. Martin,Fantasy,4.334,"A Clash of Kings  (A Song of Ice and Fire, #2)","A Song of Ice and Fire,",2,4.416,1971,1009,,4.42,1011917,,,https://www.goodreads.com/book/show/10572.A_Clash_of_Kings
21,George R.R. Martin,Fantasy,4.334,"A Storm of Swords (A Song of Ice and Fire, #3)","A Song of Ice and Fire,",3,4.416,1971,1177,,4.55,839408,,,https://www.goodreads.com/book/show/62291.A_Storm_of_Swords
21,George R.R. Martin,Fantasy,4.334,"A Storm of Swords 2: Blood and Gold (A Song of Ice and Fire, #3, Part 2 of 2)","A Song of Ice and Fire,",3,4.416,1971,639,,4.55,103885,,,https://www.goodreads.com/book/show/147915.A_Storm_of_Swords_2
21,George R.R. Martin,Fantasy,4.334,"A Storm of Swords: Steel and Snow (A Song of Ice and Fire, #3.1)","A Song of Ice and Fire,",3.1,4.416,1971,663,,4.47,89212,,,https://www.goodreads.com/book/show/768889.A_Storm_of_Swords
21,George R.R. Martin,Fantasy,4.334,"A Feast for Crows (A Song of Ice and Fire, #4)","A Song of Ice and Fire,",4,4.416,1971,1060,,4.17,785365,,,https://www.goodreads.com/book/show/13497.A_Feast_for_Crows
21,George R.R. Martin,Fantasy,4.334,"A Dance with Dragons (A Song of Ice and Fire, #5)","A Song of Ice and Fire,",5,4.416,1971,1125,,4.34,732732,,,https://www.goodreads.com/book/show/10664113-a-dance-with-dragons
21,George R.R. Martin,Fantasy,4.334,"A Dance with Dragons 2: After the Feast (A Song of Ice and Fire, #5, Part 2 of 2)","A Song of Ice and Fire,",5,4.416,9780,560,,4.43,32385,,,https://www.goodreads.com/book/show/13337716-a-dance-with-dragons-2
21,George R.R. Martin,Fantasy,4.334,"The Winds of Winter (A Song of Ice and Fire, #6)","A Song of Ice and Fire,",6,4.416,1971,,,4.39,14118,,,https://www.goodreads.com/book/show/12111823-the-winds-of-winter
21,George R.R. Martin,Fantasy,4.334,"A Dream of Spring (A Song of Ice and Fire, #7)","A Song of Ice and Fire,",7,4.416,1971,,,4.33,2513,,,https://www.goodreads.com/book/show/6382055-a-dream-of-spring
21,George R.R. Martin,Fantasy,4.334,"A Storm of Swords (A Song of Ice and Fire, Book 3) , George R. R",,,,1971,,,4.66,1080,,,https://www.goodreads.com/book/show/141421704-a-storm-of-swords-a-song-of-ice-and-fire-book-3-george-r-r
21,George R.R. Martin,Fantasy,4.334,"Fire & Blood (A Targaryen History, #1)","A Targaryen History,",1,4.05,1971,706,,4.05,141385,,,https://www.goodreads.com/book/show/39943621-fire-blood
21,George R.R. Martin,Fantasy,4.334,"Kralların Çarpışması: Kısım II (Buz ve Ateşin Şarkısı, #2)","Buz ve Ateşin Şarkısı,",2,4.493,1971,488,,4.52,1196,,,https://www.goodreads.com/book/show/13019339-krallar-n-arp-mas
21,George R.R. Martin,Fantasy,4.334,"Kılıçların Fırtınası: Kısım I (Buz ve Ateşin Şarkısı, #3)","Buz ve Ateşin Şarkısı,",3,4.493,1971,623,,4.56,1074,,,https://www.goodreads.com/book/show/13648778-k-l-lar-n-f-rt-nas
21,George R.R. Martin,Fantasy,4.334,"Kılıçların Fırtınası: Kısım II (Buz ve Ateşin Şarkısı, #3)","Buz ve Ateşin Şarkısı,",3,4.493,1971,607,,4.65,951,,,https://www.goodreads.com/book/show/14059701-k-l-lar-n-f-rt-nas
21,George R.R. Martin,Fantasy,4.334,"Kargaların Ziyafeti: Kısım I (Buz ve Ateşin Şarkısı, #4)","Buz ve Ateşin Şarkısı,",4,4.493,1971,504,,4.25,841,,,https://www.goodreads.com/book/show/16119031-kargalar-n-ziyafeti
21,George R.R. Martin,Fantasy,4.334,"Ejderhaların Dansı: Kısım I (Buz ve Ateşin Şarkısı, #5)","Buz ve Ateşin Şarkısı,",5,4.493,1971,608,,4.46,779,,,https://www.goodreads.com/book/show/18172046-ejderhalar-n-dans
21,George R.R. Martin,Fantasy,4.334,"Ejderhaların Dansı: Kısım II (Buz ve Ateşin Şarkısı, #5)","Buz ve Ateşin Şarkısı,",5,4.493,1971,624,,4.52,671,,,https://www.goodreads.com/book/show/18172052-ejderhalar-n-dans
21,George R.R. Martin,Fantasy,4.334,"Die Herren von Winterfell (Das Lied von Eis und Feuer, #1)","Das Lied von Eis und Feuer,",1,4.314,1971,545,,4.27,40915,,,https://www.goodreads.com/book/show/8341706-die-herren-von-winterfell
21,George R.R. Martin,Fantasy,4.334,"Das Erbe von Winterfell (Das Lied von Eis und Feuer, #2)","Das Lied von Eis und Feuer,",2,4.314,1971,544,,4.46,13028,,,https://www.goodreads.com/book/show/8341707-das-erbe-von-winterfell
21,George R.R. Martin,Fantasy,4.334,"Der Thron der Sieben Königreiche (Das Lied von Eis und Feuer, #3)","Das Lied von Eis und Feuer,",3,4.314,1971,574,,4.35,10640,,,https://www.goodreads.com/book/show/10222727-der-thron-der-sieben-k-nigreiche
21,George R.R. Martin,Fantasy,4.334,"Die Saat des goldenen Löwen (Das Lied von Eis und Feuer, #4)","Das Lied von Eis und Feuer,",4,4.314,1971,672,,4.39,11811,,,https://www.goodreads.com/book/show/10430122-die-saat-des-goldenen-l-wen
21,George R.R. Martin,Fantasy,4.334,"Zeit der Krähen (Das Lied von Eis und Feuer, #7)","Das Lied von Eis und Feuer,",7,4.314,1971,576,,4.17,9404,,,https://www.goodreads.com/book/show/11239149-zeit-der-kr-hen
21,George R.R. Martin,Fantasy,4.334,"Die dunkle Königin (Das Lied von Eis und Feuer, #8)","Das Lied von Eis und Feuer,",8,4.314,1971,608,,4.26,6534,,,https://www.goodreads.com/book/show/11239151-die-dunkle-k-nigin
21,George R.R. Martin,Fantasy,4.334,"Kargaların Ziyafeti: Kısım II (Das Lied von Eis und Feuer, #8)","Das Lied von Eis und Feuer,",8,4.314,1971,504,,4.3,780,,,https://www.goodreads.com/book/show/16125676-kargalar-n-ziyafeti
21,George R.R. Martin,Fantasy,4.334,"Dreamsongs, Volume II",,,,1971,740,,4.03,2663,,,https://www.goodreads.com/book/show/417730.Dreamsongs_Volume_II
21,George R.R. Martin,Fantasy,4.334,Kralların Çarpışması: Kısım I,,,,1971,504,,4.47,1452,,,https://www.goodreads.com/book/show/13062256-krallar-n-arp-mas
21,George R.R. Martin,Fantasy,4.334,"Tempesta di spade (Le Cronache del Ghiaccio e del Fuoco, #5)","Le Cronache del Ghiaccio e del Fuoco,",5,4.234,1971,475,,4.35,1777,,,https://www.goodreads.com/book/show/3704042-tempesta-di-spade
21,George R.R. Martin,Fantasy,4.334,"Il portale delle tenebre (Le Cronache del Ghiaccio e del Fuoco, #7)","Le Cronache del Ghiaccio e del Fuoco,",7,4.234,1971,457,,4.45,1483,,,https://www.goodreads.com/book/show/3704070-il-portale-delle-tenebre
21,George R.R. Martin,Fantasy,4.334,"I guerrieri del ghiaccio (Le Cronache del Ghiaccio e del Fuoco, #10)","Le Cronache del Ghiaccio e del Fuoco,",10,4.234,1971,486,,4.04,1504,,,https://www.goodreads.com/book/show/12981934-i-guerrieri-del-ghiaccio
21,George R.R. Martin,Fantasy,4.334,"I fuochi di Valyria (Le Cronache del Ghiaccio e del Fuoco, #11)","Le Cronache del Ghiaccio e del Fuoco,",11,4.234,1971,474,,4.07,1387,,,https://www.goodreads.com/book/show/13630440-i-fuochi-di-valyria
21,George R.R. Martin,Fantasy,4.334,"La danza dei draghi (Le cronache del ghiaccio e del fuoco, #12)","Le cronache del ghiaccio e del fuoco,",12,4.234,1971,504,,4.26,1429,,,https://www.goodreads.com/book/show/16120932-la-danza-dei-draghi
21,George R.R. Martin,Fantasy,4.334,"Le trône de fer (Le trône de fer, #1)","Le trône de fer,",1,4.212,1971,477,,4.19,1679,,,https://www.goodreads.com/book/show/1032784.Le_tr_ne_de_fer
21,George R.R. Martin,Fantasy,4.334,"Le donjon rouge (Le trône de fer, #2)","Le trône de fer,",2,4.212,1971,544,,4.3,997,,,https://www.goodreads.com/book/show/1262337.Le_donjon_rouge
21,George R.R. Martin,Fantasy,4.334,"La bataille des rois (Le trône de fer, #3)","Le trône de fer,",3,4.212,1971,413,,4.14,742,,,https://www.goodreads.com/book/show/1626067.La_bataille_des_rois
21,George R.R. Martin,Fantasy,4.334,"L'invincible forteresse (Le trône de fer, #5)","Le trône de fer,",5,4.212,1971,352,,4.22,683,,,https://www.goodreads.com/book/show/2072931.L_invincible_forteresse
21,George R.R. Martin,Fantasy,4.334,Sandkings,,,,1971,254,,4.22,6261,,,https://www.goodreads.com/book/show/769902.Sandkings
21,George R.R. Martin,Fantasy,4.334,"Sangue e Fogo: A História dos Reis Targaryen, Volume 1, Parte 1",,,,1971,349,,4.11,1102,,,https://www.goodreads.com/book/show/42832699-sangue-e-fogo
21,George R.R. Martin,Fantasy,4.334,The Lands of Ice and Fire: Maps from King's Landing to Across the Narrow Sea,,,,1971,16,,4.42,1679,,,https://www.goodreads.com/book/show/15721980-the-lands-of-ice-and-fire
21,George R.R. Martin,Fantasy,4.334,"The Rise of the Dragon: An Illustrated History of the Targaryen Dynasty, Volume One",,,,1971,352,,4.26,3528,,,https://www.goodreads.com/book/show/60636502-the-rise-of-the-dragon
21,George R.R. Martin,Fantasy,4.334,"A Knight of the Seven Kingdoms (The Tales of Dunk and Egg, #1-3)","The Tales of Dunk and Egg,",1,4.222,1971,368,,4.25,113028,,,https://www.goodreads.com/book/show/18635622-a-knight-of-the-seven-kingdoms
21,George R.R. Martin,Fantasy,4.334,"The Hedge Knight (The Tales of Dunk and Egg, #1)","The Tales of Dunk and Egg,",1,4.222,1971,85,,4.29,26829,,,https://www.goodreads.com/book/show/11970747-the-hedge-knight
21,George R.R. Martin,Fantasy,4.334,"The Sworn Sword (The Tales of Dunk and Egg, #2)","The Tales of Dunk and Egg,",2,4.222,1971,81,,4.11,18266,,,https://www.goodreads.com/book/show/11985631-the-sworn-sword
21,George R.R. Martin,Fantasy,4.334,"The Mystery Knight (The Tales of Dunk and Egg, #3)","The Tales of Dunk and Egg,",3,4.222,2010,104,,4.24,18328,,,https://www.goodreads.com/book/show/11350430-the-mystery-knight
21,George R.R. Martin,Fantasy,4.334,The World of Ice & Fire: The Untold History of Westeros and the Game of Thrones,,,,1971,326,,4.26,40868,,,https://www.goodreads.com/book/show/17345242-the-world-of-ice-fire
21,George R.R. Martin,Fantasy,4.334,Tuf Voyaging,,,,1971,448,,4.11,13084,,,https://www.goodreads.com/book/show/776212.Tuf_Voyaging
22,Douglas Adams,Science-Fiction,4.251,"Dirk Gently's Holistic Detective Agency (Dirk Gently, #1)","Dirk Gently,",1,4.063,2002,306,,3.97,147811,,,https://www.goodreads.com/book/show/365.Dirk_Gently_s_Holistic_Detective_Agency
22,Douglas Adams,Science-Fiction,4.251,"The Dirk Gently Omnibus (Dirk Gently, #1-2)","Dirk Gently,",1,4.063,2002,512,,4.18,8395,,,https://www.goodreads.com/book/show/286041.The_Dirk_Gently_Omnibus
22,Douglas Adams,Science-Fiction,4.251,"The Long Dark Tea-Time of the Soul (Dirk Gently, #2)","Dirk Gently,",2,4.063,2002,307,,4.04,89065,,,https://www.goodreads.com/book/show/357.The_Long_Dark_Tea_Time_of_the_Soul
22,Douglas Adams,Science-Fiction,4.251,"Young Zaphod Plays It Safe (Hitchhiker's Guide to the Galaxy, #0.5)","Hitchhiker's Guide to the Galaxy,",0.5,4.057,2002,11,,3.67,29688,,,https://www.goodreads.com/book/show/15847717-young-zaphod-plays-it-safe
22,Douglas Adams,Science-Fiction,4.251,"The Hitchhiker’s Guide to the Galaxy (Hitchhiker's Guide to the Galaxy, #1)","Hitchhiker's Guide to the Galaxy,",1,4.057,2002,216,,4.22,1995635,,,https://www.goodreads.com/book/show/11.The_Hitchhiker_s_Guide_to_the_Galaxy
22,Douglas Adams,Science-Fiction,4.251,"The Ultimate Hitchhiker’s Guide to the Galaxy (Hitchhiker's Guide to the Galaxy, #1-5)","Hitchhiker's Guide to the Galaxy,",1,4.057,2002,815,,4.38,336787,,,https://www.goodreads.com/book/show/13.The_Ultimate_Hitchhiker_s_Guide_to_the_Galaxy
22,Douglas Adams,Science-Fiction,4.251,"Mostly Harmless (Hitchhiker's Guide to the Galaxy, #5)","Hitchhiker's Guide to the Galaxy,",5,4.057,2002,288,,3.96,138383,,,https://www.goodreads.com/book/show/569429.Mostly_Harmless
22,Douglas Adams,Science-Fiction,4.251,"The Hitchhiker's Guide to the Galaxy: The Secondary Phase (Hitchhiker's Guide: Radio Play, #2)","Hitchhiker's Guide: Radio Play,",2,4.42,2002,,,4.42,1474,,,https://www.goodreads.com/book/show/6125323-the-hitchhiker-s-guide-to-the-galaxy
22,Douglas Adams,Science-Fiction,4.251,Last Chance to See,,,,2002,222,,4.32,25962,,,https://www.goodreads.com/book/show/8696.Last_Chance_to_See
22,Douglas Adams,Science-Fiction,4.251,The Hitch Hiker's Guide to the Galaxy: A Trilogy in Five Parts,,,,2002,776,,4.35,22155,,,https://www.goodreads.com/book/show/372299.The_Hitch_Hiker_s_Guide_to_the_Galaxy
22,Douglas Adams,Science-Fiction,4.251,"The Restaurant at the End of the Universe (The Hitchhiker's Guide to the Galaxy, #2)","The Hitchhiker's Guide to the Galaxy,",2,4.147,2002,250,,4.2,313464,,,https://www.goodreads.com/book/show/8695.The_Restaurant_at_the_End_of_the_Universe
22,Douglas Adams,Science-Fiction,4.251,"Life, the Universe and Everything (The Hitchhiker's Guide to the Galaxy, #3)","The Hitchhiker's Guide to the Galaxy,",3,4.147,2002,224,,4.16,248744,,,https://www.goodreads.com/book/show/8694.Life_the_Universe_and_Everything
22,Douglas Adams,Science-Fiction,4.251,"So Long, and Thanks for All the Fish (The Hitchhiker's Guide to the Galaxy, #4)","The Hitchhiker's Guide to the Galaxy,",4,4.147,2002,225,,4.08,183983,,,https://www.goodreads.com/book/show/6091075-so-long-and-thanks-for-all-the-fish
22,Douglas Adams,Science-Fiction,4.251,The Hitchhiker's Guide to the Galaxy: A Trilogy in Four Parts,,,,2002,590,,4.5,36555,,,https://www.goodreads.com/book/show/841628.The_Hitchhiker_s_Guide_to_the_Galaxy
22,Douglas Adams,Science-Fiction,4.251,The Hitchhiker's Guide to the Galaxy: Primary Phase,,,,2002,1,,4.5,2408,,,https://www.goodreads.com/book/show/40035657-the-hitchhiker-s-guide-to-the-galaxy
22,Douglas Adams,Science-Fiction,4.251,The Hitchhiker's Guide to the Galaxy: Tertiary Phase,,,,2002,4,,4.35,1124,,,https://www.goodreads.com/book/show/834762.The_Hitchhiker_s_Guide_to_the_Galaxy
22,Douglas Adams,Science-Fiction,4.251,The Hitchhiker's Trilogy,,,,2002,468,,4.34,1954,,,https://www.goodreads.com/book/show/613099.The_Hitchhiker_s_Trilogy
22,Douglas Adams,Science-Fiction,4.251,The More Than Complete Hitchhiker's Guide,,,,2002,624,,4.58,3747,,,https://www.goodreads.com/book/show/64123.The_More_Than_Complete_Hitchhiker_s_Guide
22,Douglas Adams,Science-Fiction,4.251,The Original Hitchhiker Radio Scripts,,,,2002,248,,4.54,1859,,,https://www.goodreads.com/book/show/140422.The_Original_Hitchhiker_Radio_Scripts
23,Fonda Lee,Fantasy,4.328,"The Jade Setter of Janloon (The Green Bone Saga, #0.5)","The Green Bone Saga,",0.5,4.328,2022,144,,4.28,4791,,,https://www.goodreads.com/book/show/57951331-the-jade-setter-of-janloon
23,Fonda Lee,Fantasy,4.328,"Jade Shards (The Green Bone Saga, #0.75)","The Green Bone Saga,",0.75,4.328,2023,136,,4.29,3280,,,https://www.goodreads.com/book/show/123362384-jade-shards
23,Fonda Lee,Fantasy,4.328,"Jade City (The Green Bone Saga, #1)","The Green Bone Saga,",1,4.328,2017,540,,4.06,104305,,,https://www.goodreads.com/book/show/43587154-jade-city
23,Fonda Lee,Fantasy,4.328,"Jade War (The Green Bone Saga, #2)","The Green Bone Saga,",2,4.328,2019,587,,4.39,53156,,,https://www.goodreads.com/book/show/41716919-jade-war
23,Fonda Lee,Fantasy,4.328,"Jade Legacy (The Green Bone Saga, #3)","The Green Bone Saga,",3,4.328,2021,713,,4.62,42635,,,https://www.goodreads.com/book/show/51057191-jade-legacy
24,Arthur Conan Doyle,Mystery,4.275,The Complete Novels of Sherlock Holmes,,,,1656,536,,4.34,3710,,,https://www.goodreads.com/book/show/35956849-the-complete-novels-of-sherlock-holmes
24,Arthur Conan Doyle,Mystery,4.275,The Complete Adventures and Memoirs of Sherlock Holmes,,,,1800,336,,4.32,8302,,,https://www.goodreads.com/book/show/3597.The_Complete_Adventures_and_Memoirs_of_Sherlock_Holmes
24,Arthur Conan Doyle,Mystery,4.275,A Study in Scarlet / The Hound of the Baskervilles,,,,1887,301,,4.04,2826,,,https://www.goodreads.com/book/show/918786.A_Study_in_Scarlet_The_Hound_of_the_Baskervilles
24,Arthur Conan Doyle,Mystery,4.275,The Complete Sherlock Holmes,,,,1887,1796,,4.51,215800,,,https://www.goodreads.com/book/show/188572.The_Complete_Sherlock_Holmes
24,Arthur Conan Doyle,Mystery,4.275,The Complete Sherlock Holmes and Tales of Terror and Mystery,,,,1887,1755,,4.48,5251,,,https://www.goodreads.com/book/show/10387581-the-complete-sherlock-holmes-and-tales-of-terror-and-mystery
24,Arthur Conan Doyle,Mystery,4.275,"A Study in Scarlet (Sherlock Holmes, #1)","Sherlock Holmes,",1,4.155,1888,123,,4.13,489265,,,https://www.goodreads.com/book/show/102868.A_Study_in_Scarlet
24,Arthur Conan Doyle,Mystery,4.275,"The Sign of Four (Sherlock Holmes, #2)","Sherlock Holmes,",2,4.155,1890,129,,3.88,175596,,,https://www.goodreads.com/book/show/608474.The_Sign_of_Four
24,Arthur Conan Doyle,Mystery,4.275,"The Adventures of Sherlock Holmes (Sherlock Holmes, #3)","Sherlock Holmes,",3,4.155,1892,389,,4.3,323677,,,https://www.goodreads.com/book/show/3590.The_Adventures_of_Sherlock_Holmes
24,Arthur Conan Doyle,Mystery,4.275,"Sherlock Holmes: Akıl Oyunlarının Gölgesinde (Sherlock Holmes, #3)","Sherlock Holmes,",3,4.155,,393,,4.16,1119,,,https://www.goodreads.com/book/show/13606104-sherlock-holmes
24,Arthur Conan Doyle,Mystery,4.275,"The Memoirs of Sherlock Holmes (Sherlock Holmes, #4)","Sherlock Holmes,",4,4.155,1893,378,,4.29,104472,,,https://www.goodreads.com/book/show/194373.The_Memoirs_of_Sherlock_Holmes
24,Arthur Conan Doyle,Mystery,4.275,"Sherlock Holmes: Suç Detayda Saklıdır (Sherlock Holmes, #4)","Sherlock Holmes,",4,4.155,,352,,4.23,844,,,https://www.goodreads.com/book/show/13564897-sherlock-holmes
24,Arthur Conan Doyle,Mystery,4.275,"The Hound of the Baskervilles (Sherlock Holmes, #5)","Sherlock Holmes,",5,4.155,1902,256,,4.14,383156,,,https://www.goodreads.com/book/show/8921.The_Hound_of_the_Baskervilles
24,Arthur Conan Doyle,Mystery,4.275,"The Return of Sherlock Holmes (Sherlock Holmes, #6)","Sherlock Holmes,",6,4.155,1905,455,,4.27,69664,,,https://www.goodreads.com/book/show/194366.The_Return_of_Sherlock_Holmes
24,Arthur Conan Doyle,Mystery,4.275,"The Valley of Fear (Sherlock Holmes, #7)","Sherlock Holmes,",7,4.155,1915,7,,3.96,54677,,,https://www.goodreads.com/book/show/736131.The_Valley_of_Fear
24,Arthur Conan Doyle,Mystery,4.275,"His Last Bow (Sherlock Holmes, #8)","Sherlock Holmes,",8,4.155,1917,242,,4.23,46578,,,https://www.goodreads.com/book/show/754713.His_Last_Bow
24,Arthur Conan Doyle,Mystery,4.275,"The Case-Book of Sherlock Holmes (Sherlock Holmes, #9)","Sherlock Holmes,",9,4.155,1921,303,,4.11,30167,,,https://www.goodreads.com/book/show/162823.The_Case_Book_of_Sherlock_Holmes
24,Arthur Conan Doyle,Mystery,4.275,The Adventures of Sherlock Holmes,,,,1892,189,,4.45,13424,,,https://www.goodreads.com/book/show/4465.The_Adventures_of_Sherlock_Holmes
24,Arthur Conan Doyle,Mystery,4.275,"The Complete Stories of Sherlock Holmes, Volume 1",,,,1891,20,,4.34,1554,,,https://www.goodreads.com/book/show/10087767-the-complete-stories-of-sherlock-holmes-volume-1
24,Arthur Conan Doyle,Mystery,4.275,Las aventuras de Sherlock Holmes,,,,1892,192,,4.22,1129,,,https://www.goodreads.com/book/show/8661.Las_aventuras_de_Sherlock_Holmes
24,Arthur Conan Doyle,Mystery,4.275,Sherlock Holmes,,,,,294,,4.41,4145,,,https://www.goodreads.com/book/show/482060.Sherlock_Holmes
24,Arthur Conan Doyle,Mystery,4.275,The Speckled Band,,,,1892,45,,4.01,14552,,,https://www.goodreads.com/book/show/2029162.The_Speckled_Band
24,Arthur Conan Doyle,Mystery,4.275,The Adventure of the Empty House: A Sherlock Holmes Short Story (The Return of Sherlock Holmes #1),The Return of Sherlock Holmes,1,4.08,1903,17,,4.08,7273,,,https://www.goodreads.com/book/show/8289147-the-adventure-of-the-empty-house
24,Arthur Conan Doyle,Mystery,4.275,De complete avonturen van Sherlock Holmes: deel 1,,,,1905,189,,4.28,7577,,,https://www.goodreads.com/book/show/7693839-de-complete-avonturen-van-sherlock-holmes
24,Arthur Conan Doyle,Mystery,4.275,The Hound of the Baskervilles & The Valley of Fear,,,,1910,424,,4.19,2819,,,https://www.goodreads.com/book/show/8926.The_Hound_of_the_Baskervilles_The_Valley_of_Fear
24,Arthur Conan Doyle,Mystery,4.275,The Adventure of the Dying Detective - a Sherlock Holmes Short Story,,,,1913,32,,4.04,3429,,,https://www.goodreads.com/book/show/956119.The_Adventure_of_the_Dying_Detective_a_Sherlock_Holmes_Short_Story
24,Arthur Conan Doyle,Mystery,4.275,His Last Bow (single story),,,,1917,21,,4.03,2465,,,https://www.goodreads.com/book/show/18873517-his-last-bow
24,Arthur Conan Doyle,Mystery,4.275,His Last Bow & The Case-Book of Sherlock Holmes,,,,1927,546,,4.05,1068,,,https://www.goodreads.com/book/show/3759847-his-last-bow-the-case-book-of-sherlock-holmes
24,Arthur Conan Doyle,Mystery,4.275,"Sherlock Holmes: The Complete Illustrated Short Stories (#3-4, 6 ,8-9)",,,,1927,986,,4.38,1883,,,https://www.goodreads.com/book/show/73927.Sherlock_Holmes
24,Arthur Conan Doyle,Mystery,4.275,The Complete Sherlock Holmes: Volume II,,,,1927,709,,4.48,81743,,,https://www.goodreads.com/book/show/3586.The_Complete_Sherlock_Holmes
24,Arthur Conan Doyle,Mystery,4.275,Complete Works of Arthur Conan Doyle,,,,1928,11112,,4.5,3161,,,https://www.goodreads.com/book/show/4947464-complete-works-of-arthur-conan-doyle
24,Arthur Conan Doyle,Mystery,4.275,"The New Annotated Sherlock Holmes, Vol. III: The Novels",,,,1966,922,,4.62,2439,,,https://www.goodreads.com/book/show/3583.The_New_Annotated_Sherlock_Holmes_Vol_III
24,Arthur Conan Doyle,Mystery,4.275,The Great Adventures of Sherlock Holmes (Puffin Classics),,,,1976,288,,4.09,1079,,,https://www.goodreads.com/book/show/76253.The_Great_Adventures_of_Sherlock_Holmes
24,Arthur Conan Doyle,Mystery,4.275,The Original Illustrated Sherlock Holmes,,,,1976,636,,4.5,3138,,,https://www.goodreads.com/book/show/76234.The_Original_Illustrated_Sherlock_Holmes
24,Arthur Conan Doyle,Mystery,4.275,The Best of Sherlock Holmes,,,,1977,462,,4.21,1574,,,https://www.goodreads.com/book/show/1272815.The_Best_of_Sherlock_Holmes
24,Arthur Conan Doyle,Mystery,4.275,"Sherlock Holmes: The Complete Novels and Stories, Volume II",,,,1986,737,,4.48,12375,,,https://www.goodreads.com/book/show/22008520-sherlock-holmes
24,Arthur Conan Doyle,Mystery,4.275,The Extraordinary Cases of Sherlock Holmes (Puffin Classics),,,,1988,277,,4.14,1027,,,https://www.goodreads.com/book/show/18942.The_Extraordinary_Cases_of_Sherlock_Holmes
24,Arthur Conan Doyle,Mystery,4.275,"The Complete Sherlock Holmes, Volume I",,,,2000,709,,4.49,30242,,,https://www.goodreads.com/book/show/10147.The_Complete_Sherlock_Holmes_Volume_I
24,Arthur Conan Doyle,Mystery,4.275,The New Annotated Sherlock Holmes 150th Anniversary: The Short Stories,,,,2005,1878,,4.63,1518,,,https://www.goodreads.com/book/show/3582.The_New_Annotated_Sherlock_Holmes_150th_Anniversary
24,Arthur Conan Doyle,Mystery,4.275,"The New Annotated Sherlock Holmes, Vol. I: The Adventures of Sherlock Holmes / The Memoirs of Sherlock Holmes",,,,2005,844,,4.54,1356,,,https://www.goodreads.com/book/show/436268.The_New_Annotated_Sherlock_Holmes_Vol_I
24,Arthur Conan Doyle,Mystery,4.275,Sherlock Holmes: Perunding Detektif Pertama Dunia,,,,2008,160,,4.34,10166,,,https://www.goodreads.com/book/show/11454457-sherlock-holmes
24,Arthur Conan Doyle,Mystery,4.275,دراسة في اللون القرمزي: رواية مصورة,,,,2010,132,Young Adult,4.09,2732,,,https://www.goodreads.com/book/show/18777276
24,Arthur Conan Doyle,Mystery,4.275,"Sherlock Holmes: The Complete Novels and Stories, Volume I",,,,2011,1059,,4.47,27188,,,https://www.goodreads.com/book/show/3581.Sherlock_Holmes
24,Arthur Conan Doyle,Mystery,4.275,A Study in Scarlet and The Sign of Four,,,,,192,,4.14,10574,,,https://www.goodreads.com/book/show/76120.A_Study_in_Scarlet_and_The_Sign_of_Four
24,Arthur Conan Doyle,Mystery,4.275,Een studie in rood (Sherlock Holmes Compleet #1),Sherlock Holmes Compleet,1,4.32,,266,,4.32,21125,,,https://www.goodreads.com/book/show/36193135-een-studie-in-rood
24,Arthur Conan Doyle,Mystery,4.275,Sherlock Holmes: The Complete Collection,,,,,2188,,4.6,1495,,,https://www.goodreads.com/book/show/43784750-sherlock-holmes
24,Arthur Conan Doyle,Mystery,4.275,"The Hound of the Baskervilles, with ""the Adventure of the Speckled Band""",,,,,300,,4.14,1462,,,https://www.goodreads.com/book/show/40022.The_Hound_of_the_Baskervilles_with_the_Adventure_of_the_Speckled_Band_
25,Brandon Sanderson,Fantasy,4.319,Elantris (1 of 3) [Dramatized Adaptation],,,,2005,7,,4.34,1836,,,https://www.goodreads.com/book/show/6646849-elantris-1-of-3-dramatized-adaptation
25,Brandon Sanderson,Fantasy,4.319,Elantris (2 of 3) [Dramatized Adaptation],,,,2005,7,,4.39,1499,,,https://www.goodreads.com/book/show/6646851-elantris-2-of-3-dramatized-adaptation
25,Brandon Sanderson,Fantasy,4.319,Elantris (3 of 3) [Dramatized Adaptation],,,,2005,7,,4.43,1494,,,https://www.goodreads.com/book/show/6646852-elantris-3-of-3-dramatized-adaptation
25,Brandon Sanderson,Fantasy,4.319,"The Eleventh Metal (Mistborn, #0.5)","Mistborn,",0.5,4.288,2012,21,,3.7,35452,,,https://www.goodreads.com/book/show/22823333-the-eleventh-metal
25,Brandon Sanderson,Fantasy,4.319,"Mistborn: The Final Empire (Mistborn, #1)","Mistborn,",1,4.288,2006,541,,4.49,940609,,,https://www.goodreads.com/book/show/68428.Mistborn
25,Brandon Sanderson,Fantasy,4.319,"Mistborn Trilogy Boxed Set (Mistborn, #1-3)","Mistborn,",1,4.288,2009,2176,,4.61,59765,,,https://www.goodreads.com/book/show/6604209-mistborn-trilogy-boxed-set
25,Brandon Sanderson,Fantasy,4.319,"Mistborn Boxed Set (Mistborn, #1-6)","Mistborn,",1,4.288,,,,4.66,381,,,https://www.goodreads.com/book/show/42551611-mistborn-boxed-set
25,Brandon Sanderson,Fantasy,4.319,"The Well of Ascension (Mistborn, #2)","Mistborn,",2,4.288,2007,590,,4.38,634204,,,https://www.goodreads.com/book/show/68429.The_Well_of_Ascension
25,Brandon Sanderson,Fantasy,4.319,"The Hero of Ages (Mistborn, #3)","Mistborn,",3,4.288,2008,572,,4.56,572768,,,https://www.goodreads.com/book/show/2767793-the-hero-of-ages
25,Brandon Sanderson,Fantasy,4.319,"Secret History (Mistborn, #3.5)","Mistborn,",3.5,4.288,2016,155,,4.32,94259,,,https://www.goodreads.com/book/show/28698036-secret-history
25,Brandon Sanderson,Fantasy,4.319,"The Alloy of Law (Mistborn, #4)","Mistborn,",4,4.288,2011,325,,4.2,280664,,,https://www.goodreads.com/book/show/10803121-the-alloy-of-law
25,Brandon Sanderson,Fantasy,4.319,"Allomancer Jak and the Pits of Eltania (Mistborn, #4.5)","Mistborn,",4.5,4.288,2014,40,,3.39,15969,,,https://www.goodreads.com/book/show/33357675-allomancer-jak-and-the-pits-of-eltania
25,Brandon Sanderson,Fantasy,4.319,"Shadows of Self (Mistborn, #5)","Mistborn,",5,4.288,2015,376,,4.26,200574,,,https://www.goodreads.com/book/show/16065004-shadows-of-self
25,Brandon Sanderson,Fantasy,4.319,"The Bands of Mourning (Mistborn, #6)","Mistborn,",6,4.288,2016,455,,4.41,182888,,,https://www.goodreads.com/book/show/18739426-the-bands-of-mourning
25,Brandon Sanderson,Fantasy,4.319,"The Lost Metal (Mistborn, #7)","Mistborn,",7,4.288,2022,507,,4.48,112322,,,https://www.goodreads.com/book/show/23947089-the-lost-metal
25,Brandon Sanderson,Fantasy,4.319,"Alcatraz Versus the Evil Librarians (Alcatraz, #1)","Alcatraz,",1,4.104,2007,308,Children; Middle Grade; Young Adult,3.92,35414,,,https://www.goodreads.com/book/show/623976.Alcatraz_Versus_the_Evil_Librarians
25,Brandon Sanderson,Fantasy,4.319,"Alcatraz (Alcatraz, #1-4)","Alcatraz,",1,4.104,2012,759,Middle Grade; Young Adult,4.22,766,,,https://www.goodreads.com/book/show/15929466-alcatraz
25,Brandon Sanderson,Fantasy,4.319,"Alcatraz Versus the Knights of Crystallia (Alcatraz, #3)","Alcatraz,",3,4.104,2009,299,Children; Middle Grade; Young Adult,4.13,15270,,,https://www.goodreads.com/book/show/6366110-alcatraz-versus-the-knights-of-crystallia
25,Brandon Sanderson,Fantasy,4.319,"Alcatraz Versus the Shattered Lens (Alcatraz, #4)","Alcatraz,",4,4.104,2010,294,Children; Middle Grade; Young Adult,4.13,13293,,,https://www.goodreads.com/book/show/7740659-alcatraz-versus-the-shattered-lens
25,Brandon Sanderson,Fantasy,4.319,"The Dark Talent (Alcatraz, #5)","Alcatraz,",5,4.104,2016,281,Children; Middle Grade; Young Adult,4.12,9459,,,https://www.goodreads.com/book/show/26114421-the-dark-talent
25,Brandon Sanderson,Fantasy,4.319,"Alcatraz Versus the Scrivener's Bones (Alcatraz vs. the Evil Librarians, #2)","Alcatraz vs. the Evil Librarians,",2,4.115,2008,322,Children; Middle Grade; Young Adult,4.14,18476,,,https://www.goodreads.com/book/show/3485562-alcatraz-versus-the-scrivener-s-bones
25,Brandon Sanderson,Fantasy,4.319,"Bastille vs. the Evil Librarians (Alcatraz vs. the Evil Librarians, #6)","Alcatraz vs. the Evil Librarians,",6,4.115,2022,256,Middle Grade; Young Adult,4.09,5481,,,https://www.goodreads.com/book/show/59808314-bastille-vs-the-evil-librarians
25,Brandon Sanderson,Fantasy,4.319,Defending Elysium,,,,2008,43,Young Adult,4.04,9998,,,https://www.goodreads.com/book/show/13552643-defending-elysium
25,Brandon Sanderson,Fantasy,4.319,Warbreaker,,,,2009,688,,4.3,271839,,,https://www.goodreads.com/book/show/1268479.Warbreaker
25,Brandon Sanderson,Fantasy,4.319,Warbreaker (1 of 3) [Dramatized Adaptation],,,,2009,7,,4.33,1275,,,https://www.goodreads.com/book/show/6761519-warbreaker-1-of-3-dramatized-adaptation
25,Brandon Sanderson,Fantasy,4.319,Warbreaker (2 of 3) [Dramatized Adaptation],,,,2009,7,,4.43,1037,,,https://www.goodreads.com/book/show/6761518-warbreaker-2-of-3-dramatized-adaptation
25,Brandon Sanderson,Fantasy,4.319,Warbreaker (3 of 3) [Dramatized Adaptation],,,,2009,7,,4.48,1100,,,https://www.goodreads.com/book/show/6761520-warbreaker-3-of-3-dramatized-adaptation
25,Brandon Sanderson,Fantasy,4.319,"The Way of Kings (The Stormlight Archive, #1)","The Stormlight Archive,",1,4.55,2010,1007,,4.66,651063,,,https://www.goodreads.com/book/show/7235533-the-way-of-kings
25,Brandon Sanderson,Fantasy,4.319,"The Way of Kings, Part 1 (The Stormlight Archive, #1, Part 1 of 2)","The Stormlight Archive,",1,4.55,2011,594,,4.61,30696,,,https://www.goodreads.com/book/show/9329354-the-way-of-kings-part-1
25,Brandon Sanderson,Fantasy,4.319,"Words of Radiance (The Stormlight Archive, #2)","The Stormlight Archive,",2,4.55,2014,1088,,4.76,473375,,,https://www.goodreads.com/book/show/17332218-words-of-radiance
25,Brandon Sanderson,Fantasy,4.319,"Words of Radiance, Part 2 (The Stormlight Archive, #2, Part 2 of 2)","The Stormlight Archive,",2,4.55,2014,564,,4.81,14080,,,https://www.goodreads.com/book/show/21100112-words-of-radiance-part-2
25,Brandon Sanderson,Fantasy,4.319,"Edgedancer (The Stormlight Archive, #2.5)","The Stormlight Archive,",2.5,4.55,2016,272,,4.14,159048,,,https://www.goodreads.com/book/show/34703445-edgedancer
25,Brandon Sanderson,Fantasy,4.319,"Oathbringer (The Stormlight Archive, #3)","The Stormlight Archive,",3,4.55,2018,1248,,4.61,344514,,,https://www.goodreads.com/book/show/34002132-oathbringer
25,Brandon Sanderson,Fantasy,4.319,"Oathbringer Part One (The Stormlight Archive, #3.1)","The Stormlight Archive,",3.1,4.55,2017,635,,4.47,10499,,,https://www.goodreads.com/book/show/39861971-oathbringer-part-one
25,Brandon Sanderson,Fantasy,4.319,"Oathbringer Part Two (The Stormlight Archive, #3.2)","The Stormlight Archive,",3.2,4.55,2017,756,,4.63,9243,,,https://www.goodreads.com/book/show/39861972-oathbringer-part-two
25,Brandon Sanderson,Fantasy,4.319,"Dawnshard (The Stormlight Archive, #3.5)","The Stormlight Archive,",3.5,4.55,2020,171,,4.35,126756,,,https://www.goodreads.com/book/show/54511226-dawnshard
25,Brandon Sanderson,Fantasy,4.319,"Rhythm of War (The Stormlight Archive, #4)","The Stormlight Archive,",4,4.55,2020,1232,,4.58,229198,,,https://www.goodreads.com/book/show/49021976-rhythm-of-war
25,Brandon Sanderson,Fantasy,4.319,"Rhythm of War, Part One (The Stormlight Archive, #4, Part 1)","The Stormlight Archive,",4,4.55,2020,659,,4.51,4892,,,https://www.goodreads.com/book/show/58610759-rhythm-of-war-part-one
25,Brandon Sanderson,Fantasy,4.319,"Rhythm of War, Part Two (The Stormlight Archive, #4, Part 2)","The Stormlight Archive,",4,4.55,2021,752,,4.64,4546,,,https://www.goodreads.com/book/show/58610770-rhythm-of-war-part-two
25,Brandon Sanderson,Fantasy,4.319,"Wind and Truth (The Stormlight Archive, #5)","The Stormlight Archive,",5,4.55,2024,1344,,4.38,119879,,,https://www.goodreads.com/book/show/203578847-wind-and-truth
25,Brandon Sanderson,Fantasy,4.319,The Alloy of Law Excerpt: Prologue - Chapter 6,,,,2011,113,,4.49,2439,,,https://www.goodreads.com/book/show/12348752-the-alloy-of-law-excerpt
25,Brandon Sanderson,Fantasy,4.319,"Legion (Legion, #1)","Legion,",1,4.135,2012,88,,4.13,43927,,,https://www.goodreads.com/book/show/13452375-legion
25,Brandon Sanderson,Fantasy,4.319,"Legion: The Many Lives of Stephen Leeds (Legion, #1-3)","Legion,",1,4.135,2012,352,,4.17,16165,,,https://www.goodreads.com/book/show/39332065-legion
25,Brandon Sanderson,Fantasy,4.319,"Skin Deep (Legion, #2)","Legion,",2,4.135,2014,208,,4.12,21857,,,https://www.goodreads.com/book/show/20886354-skin-deep
25,Brandon Sanderson,Fantasy,4.319,"Lies of the Beholder (Legion, #3)","Legion,",3,4.135,2018,148,,4.12,8081,,,https://www.goodreads.com/book/show/37640636-lies-of-the-beholder
25,Brandon Sanderson,Fantasy,4.319,The Emperor's Soul (The Cosmere),,,,2012,175,,4.37,126926,,,https://www.goodreads.com/book/show/13578175-the-emperor-s-soul
25,Brandon Sanderson,Fantasy,4.319,Legion and The Emperor's Soul,,,,2013,208,,4.33,3219,,,https://www.goodreads.com/book/show/18324059-legion-and-the-emperor-s-soul
25,Brandon Sanderson,Fantasy,4.319,Shadows for Silence in the Forests of Hell,,,,2013,50,,4.15,33521,,,https://www.goodreads.com/book/show/21411388-shadows-for-silence-in-the-forests-of-hell
25,Brandon Sanderson,Fantasy,4.319,"Steelheart (The Reckoners, #1)","The Reckoners,",1,4.08,2013,386,Young Adult,4.14,194261,,,https://www.goodreads.com/book/show/17182126-steelheart
25,Brandon Sanderson,Fantasy,4.319,"Mitosis (The Reckoners, #1.5)","The Reckoners,",1.5,4.08,2013,55,Young Adult,3.85,41439,,,https://www.goodreads.com/book/show/18966322-mitosis
25,Brandon Sanderson,Fantasy,4.319,"Firefight (The Reckoners, #2)","The Reckoners,",2,4.08,2015,416,Young Adult,4.25,111400,,,https://www.goodreads.com/book/show/15704459-firefight
25,Brandon Sanderson,Fantasy,4.319,"The Rithmatist (The Rithmatist, #1)","The Rithmatist,",1,4.25,2013,386,Young Adult,4.25,74069,,,https://www.goodreads.com/book/show/22443261-the-rithmatist
25,Brandon Sanderson,Fantasy,4.319,Shadows Beneath: The Writing Excuses Anthology,,,,2014,502,,4.17,1898,,,https://www.goodreads.com/book/show/21844946-shadows-beneath
25,Brandon Sanderson,Fantasy,4.319,Sixth of the Dusk (The Cosmere),,,,2014,66,,4.19,30617,,,https://www.goodreads.com/book/show/23397921-sixth-of-the-dusk
25,Brandon Sanderson,Fantasy,4.319,Perfect State,,,,2015,87,,4.04,15925,,,https://www.goodreads.com/book/show/25188109-perfect-state
25,Brandon Sanderson,Fantasy,4.319,Arcanum Unbounded: The Cosmere Collection,,,,2016,672,,4.44,63335,,,https://www.goodreads.com/book/show/28595941-arcanum-unbounded
25,Brandon Sanderson,Fantasy,4.319,"Calamity (Reckoners, #3)","Reckoners,",3,4.18,2016,424,Young Adult,4.18,90119,,,https://www.goodreads.com/book/show/15704486-calamity
25,Brandon Sanderson,Fantasy,4.319,Snapshot,,,,2017,123,,4.06,16737,,,https://www.goodreads.com/book/show/31176804-snapshot
25,Brandon Sanderson,Fantasy,4.319,"Skyward (Skyward, #1)","Skyward,",1,4.198,2018,513,Young Adult,4.46,164066,,,https://www.goodreads.com/book/show/36642458-skyward
25,Brandon Sanderson,Fantasy,4.319,"Starsight (Skyward, #2)","Skyward,",2,4.198,2019,461,Young Adult,4.35,106859,,,https://www.goodreads.com/book/show/42769202-starsight
25,Brandon Sanderson,Fantasy,4.319,"Sunreach (Skyward, #2.1)","Skyward,",2.1,4.198,2021,208,Young Adult,4.16,25618,,,https://www.goodreads.com/book/show/57903876-sunreach
25,Brandon Sanderson,Fantasy,4.319,"ReDawn (Skyward, #2.2)","Skyward,",2.2,4.198,2021,229,Young Adult,4.16,22116,,,https://www.goodreads.com/book/show/57903879-redawn
25,Brandon Sanderson,Fantasy,4.319,"Evershore (Skyward, #2.3)","Skyward,",2.3,4.198,2021,234,Young Adult,4.35,19550,,,https://www.goodreads.com/book/show/58465495-evershore
25,Brandon Sanderson,Fantasy,4.319,"Cytonic (Skyward, #3)","Skyward,",3,4.198,2021,415,Young Adult,4.05,65086,,,https://www.goodreads.com/book/show/57571215-cytonic
25,Brandon Sanderson,Fantasy,4.319,"Hyperthief: A Tale of the Cytoverse (Skyward, #3.1)","Skyward,",3.1,4.198,2023,18,Young Adult,3.74,1491,,,https://www.goodreads.com/book/show/203357152-hyperthief
25,Brandon Sanderson,Fantasy,4.319,"Defiant (Skyward, #4)","Skyward,",4,4.198,2023,420,Young Adult,4.31,36972,,,https://www.goodreads.com/book/show/43606308-defiant
25,Brandon Sanderson,Fantasy,4.319,Skyward Flight: The Collection: Sunreach / ReDawn / Evershore,,,,2022,623,Young Adult,4.36,6844,,,https://www.goodreads.com/book/show/59471329-skyward-flight
25,Brandon Sanderson,Fantasy,4.319,Curso de escritura creativa,,,,2023,336,,4.3,1395,,,https://www.goodreads.com/book/show/60066351-curso-de-escritura-creativa
25,Brandon Sanderson,Fantasy,4.319,The Sunlit Man,,,,2023,447,,4.27,77214,,,https://www.goodreads.com/book/show/60531420-the-sunlit-man
25,Brandon Sanderson,Fantasy,4.319,Tress of the Emerald Sea,,,,2023,443,Young Adult,4.33,269212,,,https://www.goodreads.com/book/show/60531406-tress-of-the-emerald-sea
25,Brandon Sanderson,Fantasy,4.319,Yumi and the Nightmare Painter,,,,2023,480,,4.44,106820,,,https://www.goodreads.com/book/show/60531416-yumi-and-the-nightmare-painter
25,Brandon Sanderson,Fantasy,4.319,Isles of the Emberdark,,,,2025,465,,4.54,18971,,,https://www.goodreads.com/book/show/210300489-isles-of-the-emberdark
25,Brandon Sanderson,Fantasy,4.319,Brandon Sanderson Sampler: The Way of Kings and Mistborn,,,,,50,,4.71,3256,,,https://www.goodreads.com/book/show/22572507-brandon-sanderson-sampler
25,Brandon Sanderson,Fantasy,4.319,"Mistborn: The Wax and Wayne Series: The Alloy of Law, Shadows of Self, The Bands of Mourning (The Mistborn Saga)",,,,,1272,,4.62,4343,,,https://www.goodreads.com/book/show/37436740-mistborn
25,Brandon Sanderson,Fantasy,4.319,The Reckoners Series,,,,,1256,Young Adult,4.5,1296,,,https://www.goodreads.com/book/show/32732904-the-reckoners-series
25,Brandon Sanderson,Fantasy,4.319,"The Stormlight Archive, Books 1-3: The Way of Kings, Words of Radiance, Oathbringer",,,,,3823,,4.79,3444,,,https://www.goodreads.com/book/show/38718858-the-stormlight-archive-books-1-3
25,Brandon Sanderson,Fantasy,4.319,"The Stormlight Archive, Books 1-4: The Way of Kings, Words of Radiance, Oathbringer, Rhythm of War",,,,,6705,,4.81,1386,,,https://www.goodreads.com/book/show/154629368-the-stormlight-archive-books-1-4
25,Brandon Sanderson,Fantasy,4.319,White Sand,,,,,995,,4.05,2477,,,https://www.goodreads.com/book/show/8868764-white-sand
26,James S.A. Corey,Science-Fiction,4.246,"Leviathan Wakes (The Expanse, #1)","The Expanse,",1,4.215,2011,561,,4.31,312837,,,https://www.goodreads.com/book/show/8855321-leviathan-wakes
26,James S.A. Corey,Science-Fiction,4.246,"The Butcher of Anderson Station (The Expanse, #1.5)","The Expanse,",1.5,4.215,2011,40,,4.02,26818,,,https://www.goodreads.com/book/show/11570653-the-butcher-of-anderson-station
26,James S.A. Corey,Science-Fiction,4.246,"Caliban’s War (The Expanse, #2)","The Expanse,",2,4.215,2012,624,,4.39,179570,,,https://www.goodreads.com/book/show/12591698-caliban-s-war
26,James S.A. Corey,Science-Fiction,4.246,"Gods of Risk (The Expanse, #2.5)","The Expanse,",2.5,4.215,2012,72,,3.73,25251,,,https://www.goodreads.com/book/show/15837317-gods-of-risk
26,James S.A. Corey,Science-Fiction,4.246,"Drive (The Expanse, #2.7)","The Expanse,",2.7,4.215,2012,30,,4.06,16021,,,https://www.goodreads.com/book/show/25899877-drive
26,James S.A. Corey,Science-Fiction,4.246,"Abaddon’s Gate (The Expanse, #3)","The Expanse,",3,4.215,2013,539,,4.28,151673,,,https://www.goodreads.com/book/show/16131032-abaddon-s-gate
26,James S.A. Corey,Science-Fiction,4.246,"The Churn (The Expanse, #3.5)","The Expanse,",3.5,4.215,2014,60,,4.12,27978,,,https://www.goodreads.com/book/show/20981355-the-churn
26,James S.A. Corey,Science-Fiction,4.246,"Cibola Burn (The Expanse, #4)","The Expanse,",4,4.215,2014,581,,4.23,125324,,,https://www.goodreads.com/book/show/18656030-cibola-burn
26,James S.A. Corey,Science-Fiction,4.246,"Nemesis Games (The Expanse, #5)","The Expanse,",5,4.215,2015,536,,4.44,112561,,,https://www.goodreads.com/book/show/22886612-nemesis-games
26,James S.A. Corey,Science-Fiction,4.246,"The Vital Abyss (The Expanse, #5.5)","The Expanse,",5.5,4.215,2015,75,,3.91,18904,,,https://www.goodreads.com/book/show/26170028-the-vital-abyss
26,James S.A. Corey,Science-Fiction,4.246,"Babylon’s Ashes (The Expanse, #6)","The Expanse,",6,4.215,2016,532,,4.25,96698,,,https://www.goodreads.com/book/show/25877663-babylon-s-ashes
26,James S.A. Corey,Science-Fiction,4.246,"Strange Dogs (The Expanse, #6.5)","The Expanse,",6.5,4.215,2017,112,,4.09,17970,,,https://www.goodreads.com/book/show/30367030-strange-dogs
26,James S.A. Corey,Science-Fiction,4.246,"Persepolis Rising (The Expanse, #7)","The Expanse,",7,4.215,2017,608,,4.38,85207,,,https://www.goodreads.com/book/show/28335696-persepolis-rising
26,James S.A. Corey,Science-Fiction,4.246,"Auberon (The Expanse, #7.5)","The Expanse,",7.5,4.215,2019,78,,4.2,14331,,,https://www.goodreads.com/book/show/51209450-auberon
26,James S.A. Corey,Science-Fiction,4.246,"Tiamat's Wrath (The Expanse, #8)","The Expanse,",8,4.215,2019,534,,4.57,79727,,,https://www.goodreads.com/book/show/28335698-tiamat-s-wrath
26,James S.A. Corey,Science-Fiction,4.246,"Leviathan Falls (The Expanse, #9)","The Expanse,",9,4.215,2021,528,,4.54,68464,,,https://www.goodreads.com/book/show/28335699-leviathan-falls
26,James S.A. Corey,Science-Fiction,4.246,"The Sins of Our Fathers (The Expanse, #9.5)","The Expanse,",9.5,4.215,2022,64,,4.14,8202,,,https://www.goodreads.com/book/show/59548471-the-sins-of-our-fathers
26,James S.A. Corey,Science-Fiction,4.246,"The Expanse Boxed Set: Leviathan Wakes, Caliban's War and Abaddon's Gate",,,,2015,1792,,4.67,1087,,,https://www.goodreads.com/book/show/25903323-the-expanse-boxed-set
26,James S.A. Corey,Science-Fiction,4.246,Memory's Legion,,,,2022,423,,4.36,10414,,,https://www.goodreads.com/book/show/36130437-memory-s-legion
26,James S.A. Corey,Science-Fiction,4.246,"The Mercy of Gods (The Captive's War, #1)","The Captive's War,",1,4.16,2024,422,,4.16,33544,,,https://www.goodreads.com/book/show/201930181-the-mercy-of-gods
26,James S.A. Corey,Science-Fiction,4.246,"Livesuit (The Captive's War, #1.5)",The Captive&,39,4.32,2024,90,,4.32,9189,,,https://www.goodreads.com/book/show/215760525-livesuit
27,T.J. Klune,Fantasy,4.313,"Bear, Otter, and the Kid (Bear, Otter, and the Kid, #1)","Bear, Otter, and the Kid,",1,4.395,2011,350,,4.18,15336,,,https://www.goodreads.com/book/show/12156759-bear-otter-and-the-kid
27,T.J. Klune,Fantasy,4.313,"Who We Are (Bear, Otter, and the Kid, #2)","Bear, Otter, and the Kid,",2,4.395,2012,329,,4.44,8168,,,https://www.goodreads.com/book/show/13579947-who-we-are
27,T.J. Klune,Fantasy,4.313,"The Art of Breathing (Bear, Otter, and the Kid, #3)","Bear, Otter, and the Kid,",3,4.395,2014,350,,4.4,6186,,,https://www.goodreads.com/book/show/20624305-the-art-of-breathing
27,T.J. Klune,Fantasy,4.313,"The Long and Winding Road (Bear, Otter, and the Kid, #4)","Bear, Otter, and the Kid,",4,4.395,2017,346,,4.56,3652,,,https://www.goodreads.com/book/show/32801570-the-long-and-winding-road
27,T.J. Klune,Fantasy,4.313,Into This River I Drown,,,,2013,400,,4.14,4387,,,https://www.goodreads.com/book/show/17213054-into-this-river-i-drown
27,T.J. Klune,Fantasy,4.313,John & Jackie,,,,2014,95,,4.5,1149,,,https://www.goodreads.com/book/show/22742614-john-jackie
27,T.J. Klune,Fantasy,4.313,"How to Be a Normal Person (How to Be, #1)","How to Be,",1,4.365,2015,290,,4.3,7686,,,https://www.goodreads.com/book/show/25548442-how-to-be-a-normal-person
27,T.J. Klune,Fantasy,4.313,"How to Be a Movie Star (How to Be, #2)","How to Be,",2,4.365,2019,350,,4.43,2882,,,https://www.goodreads.com/book/show/39925990-how-to-be-a-movie-star
27,T.J. Klune,Fantasy,4.313,"The Lightning-Struck Heart (Tales From Verania, #1)","Tales From Verania,",1,4.406,2015,405,,4.37,17187,,,https://www.goodreads.com/book/show/24468673-the-lightning-struck-heart
27,T.J. Klune,Fantasy,4.313,"The Tragic Life of Lady Tina DeSilva (Tales From Verania, #1.5)","Tales From Verania,",1.5,4.406,2015,65,,4.13,917,,,https://www.goodreads.com/book/show/28186411-the-tragic-life-of-lady-tina-desilva
27,T.J. Klune,Fantasy,4.313,"A Destiny of Dragons (Tales From Verania, #2)","Tales From Verania,",2,4.406,2017,377,,4.4,7760,,,https://www.goodreads.com/book/show/30370036-a-destiny-of-dragons
27,T.J. Klune,Fantasy,4.313,"The Consumption of Magic (Tales From Verania, #3)","Tales From Verania,",3,4.406,2017,450,,4.57,5973,,,https://www.goodreads.com/book/show/30370040-the-consumption-of-magic
27,T.J. Klune,Fantasy,4.313,"A Wish Upon the Stars (Tales From Verania, #4)","Tales From Verania,",4,4.406,2018,450,,4.63,5465,,,https://www.goodreads.com/book/show/33640227-a-wish-upon-the-stars
27,T.J. Klune,Fantasy,4.313,"Fairytales From Verania (Tales From Verania, #4.5)","Tales From Verania,",4.5,4.406,2021,285,,4.34,1475,,,https://www.goodreads.com/book/show/57058802-fairytales-from-verania
27,T.J. Klune,Fantasy,4.313,"The Damning Stone (Tales From Verania, #5)","Tales From Verania,",5,4.406,2022,521,,4.4,2827,,,https://www.goodreads.com/book/show/60099514-the-damning-stone
27,T.J. Klune,Fantasy,4.313,"Wolfsong (Green Creek, #1)","Green Creek,",1,4.349,2016,528,,4.19,105921,,,https://www.goodreads.com/book/show/62039417-wolfsong
27,T.J. Klune,Fantasy,4.313,"Ravensong (Green Creek, #2)","Green Creek,",2,4.349,2018,512,,4.38,49554,,,https://www.goodreads.com/book/show/62039416-ravensong
27,T.J. Klune,Fantasy,4.313,"Lovesong (Green Creek, #2.5)","Green Creek,",2.5,4.349,2018,15,,4.33,8330,,,https://www.goodreads.com/book/show/41454372-lovesong
27,T.J. Klune,Fantasy,4.313,"Heartsong (Green Creek, #3)","Green Creek,",3,4.349,2019,480,,4.51,36524,,,https://www.goodreads.com/book/show/176408159-heartsong
27,T.J. Klune,Fantasy,4.313,"Feralsong (Green Creek, #3.5)","Green Creek,",3.5,4.349,2020,32,,4.35,6217,,,https://www.goodreads.com/book/show/49476797-feralsong
27,T.J. Klune,Fantasy,4.313,"Lovesong Part II (Green Creek, #3.6)","Green Creek,",3.6,4.349,2020,,,4.18,4415,,,https://www.goodreads.com/book/show/54701714-lovesong-part-ii
27,T.J. Klune,Fantasy,4.313,"Brothersong (Green Creek, #4)","Green Creek,",4,4.349,2020,576,,4.5,29616,,,https://www.goodreads.com/book/show/62039433-brothersong
27,T.J. Klune,Fantasy,4.313,"Withered + Sere (Immemorial Year, #1)","Immemorial Year,",1,4.345,2016,280,,4.19,1356,,,https://www.goodreads.com/book/show/28507063-withered-sere
27,T.J. Klune,Fantasy,4.313,"Crisped + Sere (Immemorial Year, #2)","Immemorial Year,",2,4.345,2016,340,,4.5,896,,,https://www.goodreads.com/book/show/29965941-crisped-sere
27,T.J. Klune,Fantasy,4.313,Murmuration,,,,2016,324,,4.24,2075,,,https://www.goodreads.com/book/show/30119403-murmuration
27,T.J. Klune,Fantasy,4.313,Olive Juice,,,,2017,132,,4.39,1560,,,https://www.goodreads.com/book/show/32993007-olive-juice
27,T.J. Klune,Fantasy,4.313,Blasphemy!,,,,2018,51,,4.02,1904,,,https://www.goodreads.com/book/show/42850739-blasphemy
27,T.J. Klune,Fantasy,4.313,The Bones Beneath My Skin,,,,2018,416,,4.1,35077,,,https://www.goodreads.com/book/show/211004023-the-bones-beneath-my-skin
27,T.J. Klune,Fantasy,4.313,"The House in the Cerulean Sea (Cerulean Chronicles, #1)","Cerulean Chronicles,",1,4.25,2020,394,,4.37,925106,,,https://www.goodreads.com/book/show/45047384-the-house-in-the-cerulean-sea
27,T.J. Klune,Fantasy,4.313,"Somewhere Beyond the Sea (Cerulean Chronicles, #2)","Cerulean Chronicles,",2,4.25,2024,416,,4.13,173758,,,https://www.goodreads.com/book/show/199347538-somewhere-beyond-the-sea
27,T.J. Klune,Fantasy,4.313,The Extraordinaries,,,,2020,405,Young Adult,4.05,25687,,,https://www.goodreads.com/book/show/52380340-the-extraordinaries
27,T.J. Klune,Fantasy,4.313,"Flash Fire (The Extraordinaries, #2)","The Extraordinaries,",2,4.175,2021,374,Young Adult,4.19,12090,,,https://www.goodreads.com/book/show/55169010-flash-fire
27,T.J. Klune,Fantasy,4.313,"Heat Wave (The Extraordinaries, #3)","The Extraordinaries,",3,4.175,2023,376,Young Adult,4.16,7601,,,https://www.goodreads.com/book/show/58724800-heat-wave
27,T.J. Klune,Fantasy,4.313,Under the Whispering Door,,,,2021,376,,4.11,313618,,,https://www.goodreads.com/book/show/53205888-under-the-whispering-door
27,T.J. Klune,Fantasy,4.313,Reduce! Reuse! Recycle!,,,,2024,32,,4.29,1016,,,https://www.goodreads.com/book/show/214628216-reduce-reuse-recycle
28,Ken Follett,Historical Fiction,4.262,A Dangerous Fortune,,,,2007,596,,4.16,56123,,,https://www.goodreads.com/book/show/825508.A_Dangerous_Fortune
28,Ken Follett,Historical Fiction,4.262,A Place Called Freedom,,,,2007,437,,4.07,45673,,,https://www.goodreads.com/book/show/825509.A_Place_Called_Freedom
28,Ken Follett,Historical Fiction,4.262,Circle of Days,,,,2007,704,,4,11240,,,https://www.goodreads.com/book/show/219856609-circle-of-days
28,Ken Follett,Historical Fiction,4.262,Eye of the Needle,,,,2007,368,,4.21,168284,,,https://www.goodreads.com/book/show/92364.Eye_of_the_Needle
28,Ken Follett,Historical Fiction,4.262,Hornet Flight,,,,2007,518,,4,28689,,,https://www.goodreads.com/book/show/92375.Hornet_Flight
28,Ken Follett,Historical Fiction,4.262,Jackdaws,,,,2007,432,,4.08,43100,,,https://www.goodreads.com/book/show/5062.Jackdaws
28,Ken Follett,Historical Fiction,4.262,"The Evening and the Morning (Kingsbridge, #0)","Kingsbridge,",0,4.315,2007,913,,4.39,131822,,,https://www.goodreads.com/book/show/49239093-the-evening-and-the-morning
28,Ken Follett,Historical Fiction,4.262,"Filary Ziemi. Część I (Kingsbridge, #1A)","Kingsbridge,",1,4.315,2007,12,,4.34,226,,,https://www.goodreads.com/book/show/43078285-filary-ziemi-cz-i
28,Ken Follett,Historical Fiction,4.262,"The Pillars of the Earth (Kingsbridge, #1)","Kingsbridge,",1,4.315,2007,976,,4.35,821206,,,https://www.goodreads.com/book/show/5043.The_Pillars_of_the_Earth
28,Ken Follett,Historical Fiction,4.262,"World Without End (Kingsbridge, #2)","Kingsbridge,",2,4.315,2007,1237,,4.32,273068,,,https://www.goodreads.com/book/show/5064.World_Without_End
28,Ken Follett,Historical Fiction,4.262,"A Column of Fire (Kingsbridge, #3)","Kingsbridge,",3,4.315,2007,916,,4.27,123774,,,https://www.goodreads.com/book/show/33571713-a-column-of-fire
28,Ken Follett,Historical Fiction,4.262,"The Armor of Light (Kingsbridge, #4)","Kingsbridge,",4,4.315,2007,737,,4.22,57246,,,https://www.goodreads.com/book/show/81067992-the-armor-of-light
28,Ken Follett,Historical Fiction,4.262,Los pilares de la tierra I,,,,2007,468,,4.45,14403,,,https://www.goodreads.com/book/show/12994251-los-pilares-de-la-tierra-i
28,Ken Follett,Historical Fiction,4.262,Never,,,,2007,802,,4.09,71128,,,https://www.goodreads.com/book/show/57747930-never
28,Ken Follett,Historical Fiction,4.262,On Wings of Eagles,,,,2007,416,,4,15702,,,https://www.goodreads.com/book/show/5058.On_Wings_of_Eagles
28,Ken Follett,Historical Fiction,4.262,"Os Pilares da Terra, Volume II (Os Pilares da Terra, #2)","Os Pilares da Terra,",2,4.5,2007,596,,4.5,3144,,,https://www.goodreads.com/book/show/6304285-os-pilares-da-terra-volume-ii
28,Ken Follett,Historical Fiction,4.262,Winter of the World (The Century Trilogy #2),The Century Trilogy,2,4.38,2007,940,,4.38,175577,,,https://www.goodreads.com/book/show/12959233-winter-of-the-world
28,Ken Follett,Historical Fiction,4.262,"Fall of Giants (The Century Trilogy, #1)","The Century Trilogy,",1,4.26,2007,985,,4.32,344430,,,https://www.goodreads.com/book/show/7315573-fall-of-giants
28,Ken Follett,Historical Fiction,4.262,"Edge of Eternity (The Century Trilogy, #3)","The Century Trilogy,",3,4.26,2007,36,,4.2,116799,,,https://www.goodreads.com/book/show/23190986-edge-of-eternity
28,Ken Follett,Historical Fiction,4.262,The Key to Rebecca; The Hammer of Eden (Duo),,,,2007,551,,4.11,1061,,,https://www.goodreads.com/book/show/498440.The_Key_to_Rebecca_The_Hammer_of_Eden
28,Ken Follett,Historical Fiction,4.262,Trilogía The Century: La caída de los gigantes / El invierno del mundo / El umbral de la eternidad,,,,2007,4008,,4.63,1997,,,https://www.goodreads.com/book/show/23645312-trilog-a-the-century
28,Ken Follett,Historical Fiction,4.262,"Um Mundo Sem Fim, Volume I",,,,2007,581,,4.43,1234,,,https://www.goodreads.com/book/show/4790998-um-mundo-sem-fim-volume-i
28,Ken Follett,Historical Fiction,4.262,"Um Mundo Sem Fim, Volume II",,,,2007,588,,4.5,1081,,,https://www.goodreads.com/book/show/6216196-um-mundo-sem-fim-volume-ii
29,Tamsyn Muir,Fantasy,4.309,"The Mysterious Study of Doctor Sex (The Locked Tomb, #0.5)","The Locked Tomb,",0.5,4.329,2020,28,,4.13,5316,,,https://www.goodreads.com/book/show/53465671-the-mysterious-study-of-doctor-sex
29,Tamsyn Muir,Fantasy,4.309,"Gideon the Ninth (The Locked Tomb, #1)","The Locked Tomb,",1,4.329,2020,448,,4.19,178694,,,https://www.goodreads.com/book/show/42036538-gideon-the-ninth
29,Tamsyn Muir,Fantasy,4.309,"Harrow the Ninth (The Locked Tomb, #2)","The Locked Tomb,",2,4.329,2020,512,,4.29,87183,,,https://www.goodreads.com/book/show/39325105-harrow-the-ninth
29,Tamsyn Muir,Fantasy,4.309,"As Yet Unsent (The Locked Tomb, #2.5)","The Locked Tomb,",2.5,4.329,2021,24,,4.35,4006,,,https://www.goodreads.com/book/show/58662978-as-yet-unsent
29,Tamsyn Muir,Fantasy,4.309,"Nona the Ninth (The Locked Tomb, #3)","The Locked Tomb,",3,4.329,1996,480,,4.34,54442,,,https://www.goodreads.com/book/show/58662507-nona-the-ninth
29,Tamsyn Muir,Fantasy,4.309,"The Unwanted Guest (The Locked Tomb, #3.5)","The Locked Tomb,",3.5,4.329,2023,32,,4.6,2027,,,https://www.goodreads.com/book/show/219360665-the-unwanted-guest
29,Tamsyn Muir,Fantasy,4.309,"Alecto the Ninth (The Locked Tomb, #4)","The Locked Tomb,",4,4.329,26,,,4.4,276,,,https://www.goodreads.com/book/show/39325106-alecto-the-ninth
29,Tamsyn Muir,Fantasy,4.309,Princess Floralinda and the Forty-Flight Tower,,,,2020,146,,4.17,8281,,,https://www.goodreads.com/book/show/54391767-princess-floralinda-and-the-forty-flight-tower
30,Neal Stephenson,Science-Fiction,4.22,Snow Crash,,,,1800,576,,4.01,296080,,,https://www.goodreads.com/book/show/61240297-snow-crash
30,Neal Stephenson,Science-Fiction,4.22,"The Diamond Age: Or, a Young Lady's Illustrated Primer",,,,1995,499,,4.16,92866,,,https://www.goodreads.com/book/show/827.The_Diamond_Age
30,Neal Stephenson,Science-Fiction,4.22,Cryptonomicon,,,,1999,1152,,4.23,116424,,,https://www.goodreads.com/book/show/816.Cryptonomicon
30,Neal Stephenson,Science-Fiction,4.22,"Currency (The Baroque Cycle, Vol. 3, Book 2)",,,,2003,448,,4.39,1264,,,https://www.goodreads.com/book/show/227968.Currency
30,Neal Stephenson,Science-Fiction,4.22,"Quicksilver (The Baroque Cycle, #1)","The Baroque Cycle,",1,4.18,2003,927,,3.93,46378,,,https://www.goodreads.com/book/show/823.Quicksilver
30,Neal Stephenson,Science-Fiction,4.22,"The Confusion (The Baroque Cycle, #2)","The Baroque Cycle,",2,4.18,2004,815,,4.27,25132,,,https://www.goodreads.com/book/show/822.The_Confusion
30,Neal Stephenson,Science-Fiction,4.22,"The System of the World (The Baroque Cycle, #3)","The Baroque Cycle,",3,4.18,2004,908,,4.34,24455,,,https://www.goodreads.com/book/show/116257.The_System_of_the_World
30,Neal Stephenson,Science-Fiction,4.22,"King of the Vagabonds (The Baroque Cycle, Vol. 1, Book 2)",,,,2004,400,,4.18,2560,,,https://www.goodreads.com/book/show/2016.King_of_the_Vagabonds
30,Neal Stephenson,Science-Fiction,4.22,"Solomon's Gold (The Baroque Cycle, Vol. 3, Book 1)",,,,2004,448,,4.33,1213,,,https://www.goodreads.com/book/show/2017.Solomon_s_Gold
30,Neal Stephenson,Science-Fiction,4.22,"The Confusion, Part I (The Baroque Cycle, Vol. 2, Book 1)",,,,2004,608,,4.43,1199,,,https://www.goodreads.com/book/show/227967.The_Confusion_Part_I
30,Neal Stephenson,Science-Fiction,4.22,"Odalisque (The Baroque Cycle, Vol. 1, Book 3)",,,,2005,464,,4.2,2062,,,https://www.goodreads.com/book/show/829.Odalisque
30,Neal Stephenson,Science-Fiction,4.22,Anathem,,,,2008,937,,4.17,75149,,,https://www.goodreads.com/book/show/2845024-anathem
30,Neal Stephenson,Science-Fiction,4.22,"The Confusion, Part II (The Baroque Cycle, Vol. 2, Book 2)",,,,2012,,,4.44,1032,,,https://www.goodreads.com/book/show/1745057.The_Confusion_Part_II
30,Neal Stephenson,Science-Fiction,4.22,Seveneves,,,,2015,872,,4,124066,,,https://www.goodreads.com/book/show/22816087-seveneves
31,R.F. Kuang,Fantasy,4.307,"The Poppy War (The Poppy War, #1)","The Poppy War,",1,4.338,2018,545,,4.16,458269,,,https://www.goodreads.com/book/show/35068705-the-poppy-war
31,R.F. Kuang,Fantasy,4.307,"The Poppy War, The Dragon Republic, The Burning God (The Poppy War, #1-3)","The Poppy War,",1,4.338,2021,,,4.38,2230,,,https://www.goodreads.com/book/show/59987058-the-poppy-war-the-dragon-republic-the-burning-god
31,R.F. Kuang,Fantasy,4.307,"The Dragon Republic (The Poppy War, #2)","The Poppy War,",2,4.338,2019,654,,4.35,207903,,,https://www.goodreads.com/book/show/41212753-the-dragon-republic
31,R.F. Kuang,Fantasy,4.307,"The Drowning Faith (The Poppy War, #2.5)","The Poppy War,",2.5,4.338,2020,15,,4.51,27804,,,https://www.goodreads.com/book/show/55927316-the-drowning-faith
31,R.F. Kuang,Fantasy,4.307,"The Burning God (The Poppy War, #3)","The Poppy War,",3,4.338,2020,622,,4.29,160039,,,https://www.goodreads.com/book/show/45857086-the-burning-god
31,R.F. Kuang,Fantasy,4.307,Babel,,,,2022,544,,4.15,442356,,,https://www.goodreads.com/book/show/57945316-babel
32,Alexandre Dumas,Classic Fiction,4.258,"Contele de Monte Cristo (Contele de Monte Cristo, #1 of 4)","Contele de Monte Cristo,",1,4.63,1844,370,,4.63,1184,,,https://www.goodreads.com/book/show/10293553-contele-de-monte-cristo
32,Alexandre Dumas,Classic Fiction,4.258,"Grafas Montekristas, 1 knyga",,,,1844,325,Children,4.51,1064,,,https://www.goodreads.com/book/show/23550364-grafas-montekristas-1-knyga
32,Alexandre Dumas,Classic Fiction,4.258,"Le Comte de Monte-Cristo I  (Le Comte de Monte-Cristo, #1 of 2)","Le Comte de Monte-Cristo,",1,4.575,1844,703,,4.53,17385,,,https://www.goodreads.com/book/show/956323.Le_Comte_de_Monte_Cristo_I
32,Alexandre Dumas,Classic Fiction,4.258,"Le Comte de Monte-Cristo II (Le Comte de Monte-Cristo, #2 of 2)","Le Comte de Monte-Cristo,",2,4.575,1844,709,,4.62,13241,,,https://www.goodreads.com/book/show/956320.Le_Comte_de_Monte_Cristo_II
32,Alexandre Dumas,Classic Fiction,4.258,"The Man in the Iron Mask (Le vicomte de Bragelonne, #4)","Le vicomte de Bragelonne,",4,4,1844,470,,4,66066,,,https://www.goodreads.com/book/show/54499.The_Man_in_the_Iron_Mask
32,Alexandre Dumas,Classic Fiction,4.258,"Los tres mosqueteros, 2",,,,1844,408,,4.25,1598,,,https://www.goodreads.com/book/show/8437849-los-tres-mosqueteros-2
32,Alexandre Dumas,Classic Fiction,4.258,Queen Margot,,,,1844,542,,4.15,14490,,,https://www.goodreads.com/book/show/153875.Queen_Margot
32,Alexandre Dumas,Classic Fiction,4.258,The Count of Monte Cristo,,,,1844,1276,,4.32,1009536,,,https://www.goodreads.com/book/show/7126.The_Count_of_Monte_Cristo
32,Alexandre Dumas,Classic Fiction,4.258,"Chicot the Jester (The Last Valois, #2)","The Last Valois,",2,4.11,1844,594,,4.23,1569,,,https://www.goodreads.com/book/show/577060.Chicot_the_Jester
32,Alexandre Dumas,Classic Fiction,4.258,"The Forty-Five Guardsmen (The Last Valois, #3)","The Last Valois,",3,4.11,1844,616,,3.99,1481,,,https://www.goodreads.com/book/show/1053023.The_Forty_Five_Guardsmen
32,Alexandre Dumas,Classic Fiction,4.258,The Three Musketeers (Trilogie des Mousquetaires #1),Trilogie des Mousquetaires,1,4.037,1844,431,,4.1,348073,,,https://www.goodreads.com/book/show/10916717-the-three-musketeers
32,Alexandre Dumas,Classic Fiction,4.258,Twenty Years After (Trilogie des Mousquetaires #2),Trilogie des Mousquetaires,2,4.037,1844,845,,4.09,25552,,,https://www.goodreads.com/book/show/7184.Twenty_Years_After
32,Alexandre Dumas,Classic Fiction,4.258,Il visconte di Bragelonne (Trilogie des Mousquetaires #3),Trilogie des Mousquetaires,3,4.037,1844,1286,,4.16,1233,,,https://www.goodreads.com/book/show/14623863-il-visconte-di-bragelonne
32,Alexandre Dumas,Classic Fiction,4.258,The Vicomte de Bragelonne (Trilogie des Mousquetaires #3.1),Trilogie des Mousquetaires,3.1,4.037,1844,768,,4,8655,,,https://www.goodreads.com/book/show/369042.The_Vicomte_de_Bragelonne
32,Alexandre Dumas,Classic Fiction,4.258,Louise de La Vallière (Trilogie des Mousquetaires #3.2),Trilogie des Mousquetaires,3.2,4.037,1844,733,,3.9,4600,,,https://www.goodreads.com/book/show/937643.Louise_de_La_Valli_re
32,Alexandre Dumas,Classic Fiction,4.258,The Man in the Iron Mask (Trilogie des Mousquetaires #3.3),Trilogie des Mousquetaires,3.3,4.037,1844,656,,3.97,4358,,,https://www.goodreads.com/book/show/441751.The_Man_in_the_Iron_Mask
32,Alexandre Dumas,Classic Fiction,4.258,"كونت مونت كريستو #2 [Count of Monte Cristo, vol. 2] (كونت مونت كريستو)",,,,1844,558,,4.56,1205,,,https://www.goodreads.com/book/show/57002836-2-count-of-monte-cristo-vol-2
32,Alexandre Dumas,Classic Fiction,4.258,"كونت مونت كريستو #3 [Count of Monte Cristo, vol. 3] (كونت مونت كريستو)",,,,1844,542,,4.63,1469,,,https://www.goodreads.com/book/show/57010837-3-count-of-monte-cristo-vol-3
33,Jim  Butcher,Fantasy,4.304,"Restoration of Faith (The Dresden Files, #0.5)","The Dresden Files,",0.5,4.283,2004,12,,3.97,6237,,,https://www.goodreads.com/book/show/15732549-restoration-of-faith
33,Jim  Butcher,Fantasy,4.304,"Storm Front (The Dresden Files, #1)","The Dresden Files,",1,4.283,2000,372,,3.97,375233,,,https://www.goodreads.com/book/show/47212.Storm_Front
33,Jim  Butcher,Fantasy,4.304,"Fool Moon (The Dresden Files, #2)","The Dresden Files,",2,4.283,2001,424,,3.98,209193,,,https://www.goodreads.com/book/show/91477.Fool_Moon
33,Jim  Butcher,Fantasy,4.304,"Grave Peril (The Dresden Files, #3)","The Dresden Files,",3,4.283,2001,378,,4.13,176976,,,https://www.goodreads.com/book/show/91476.Grave_Peril
33,Jim  Butcher,Fantasy,4.304,"Summer Knight (The Dresden Files, #4)","The Dresden Files,",4,4.283,2002,446,,4.26,160341,,,https://www.goodreads.com/book/show/91478.Summer_Knight
33,Jim  Butcher,Fantasy,4.304,"Death Masks (The Dresden Files, #5)","The Dresden Files,",5,4.283,2003,432,,4.29,146512,,,https://www.goodreads.com/book/show/91479.Death_Masks
33,Jim  Butcher,Fantasy,4.304,"Vignette (The Dresden Files, #5.5)","The Dresden Files,",5.5,4.283,2008,3,,4.03,5147,,,https://www.goodreads.com/book/show/4271488-vignette
33,Jim  Butcher,Fantasy,4.304,"Blood Rites (The Dresden Files, #6)","The Dresden Files,",6,4.283,2004,372,,4.29,138079,,,https://www.goodreads.com/book/show/99383.Blood_Rites
33,Jim  Butcher,Fantasy,4.304,"Dead Beat (The Dresden Files, #7)","The Dresden Files,",7,4.283,2005,528,,4.41,133496,,,https://www.goodreads.com/book/show/17683.Dead_Beat
33,Jim  Butcher,Fantasy,4.304,"Proven Guilty (The Dresden Files, #8)","The Dresden Files,",8,4.283,2006,547,,4.39,128205,,,https://www.goodreads.com/book/show/91474.Proven_Guilty
33,Jim  Butcher,Fantasy,4.304,"White Night (The Dresden Files, #9)","The Dresden Files,",9,4.283,2007,407,,4.38,126374,,,https://www.goodreads.com/book/show/91475.White_Night
33,Jim  Butcher,Fantasy,4.304,"Small Favor (The Dresden Files, #10)","The Dresden Files,",10,4.283,2008,423,,4.43,116337,,,https://www.goodreads.com/book/show/927979.Small_Favor
33,Jim  Butcher,Fantasy,4.304,"Backup (The Dresden Files, #10.5)","The Dresden Files,",10.5,4.283,2008,70,,4.14,10795,,,https://www.goodreads.com/book/show/2575572-backup
33,Jim  Butcher,Fantasy,4.304,"Turn Coat (The Dresden Files, #11)","The Dresden Files,",11,4.283,2009,420,,4.44,111235,,,https://www.goodreads.com/book/show/3475161-turn-coat
33,Jim  Butcher,Fantasy,4.304,"Love Hurts (The Dresden Files, #11.5)","The Dresden Files,",11.5,4.283,2011,35,,4.14,3080,,,https://www.goodreads.com/book/show/11277566-love-hurts
33,Jim  Butcher,Fantasy,4.304,"Changes (The Dresden Files, #12)","The Dresden Files,",12,4.283,2010,438,,4.51,122030,,,https://www.goodreads.com/book/show/6585201-changes
33,Jim  Butcher,Fantasy,4.304,"Side Jobs (The Dresden Files, #12.5)","The Dresden Files,",12.5,4.283,2010,418,,4.25,57549,,,https://www.goodreads.com/book/show/7779059-side-jobs
33,Jim  Butcher,Fantasy,4.304,"Ghost Story (The Dresden Files, #13)","The Dresden Files,",13,4.283,2011,481,,4.25,104788,,,https://www.goodreads.com/book/show/8058301-ghost-story
33,Jim  Butcher,Fantasy,4.304,"Cold Days (The Dresden Files, #14)","The Dresden Files,",14,4.283,2012,515,,4.47,105746,,,https://www.goodreads.com/book/show/12216302-cold-days
33,Jim  Butcher,Fantasy,4.304,"Skin Game (The Dresden Files, #15)","The Dresden Files,",15,4.283,2014,464,,4.56,91609,,,https://www.goodreads.com/book/show/19486421-skin-game
33,Jim  Butcher,Fantasy,4.304,"Brief Cases (The Dresden Files, #15.5)","The Dresden Files,",15.5,4.283,2018,516,,4.4,23270,,,https://www.goodreads.com/book/show/12183815-brief-cases
33,Jim  Butcher,Fantasy,4.304,"Peace Talks (The Dresden Files, #16)","The Dresden Files,",16,4.283,2020,340,,4.23,53651,,,https://www.goodreads.com/book/show/49381341-peace-talks
33,Jim  Butcher,Fantasy,4.304,"Battle Ground (The Dresden Files, #17)","The Dresden Files,",17,4.283,2020,418,,4.42,47706,,,https://www.goodreads.com/book/show/23106013-battle-ground
33,Jim  Butcher,Fantasy,4.304,"Christmas Eve (The Dresden Files, #17.2)","The Dresden Files,",17.2,4.283,2018,10,,4.36,2992,,,https://www.goodreads.com/book/show/43360051-christmas-eve
33,Jim  Butcher,Fantasy,4.304,"The Law (The Dresden Files, #17.5)","The Dresden Files,",17.5,4.283,2020,102,,4.38,13352,,,https://www.goodreads.com/book/show/60653694-the-law
33,Jim  Butcher,Fantasy,4.304,"Wizard for Hire (The Dresden Files Omnibus, #1)","The Dresden Files Omnibus,",1,4.56,2001,801,,4.47,2633,,,https://www.goodreads.com/book/show/346091.Wizard_for_Hire
33,Jim  Butcher,Fantasy,4.304,"Wizard by Trade (The Dresden Files Omnibus, #2)","The Dresden Files Omnibus,",2,4.56,2006,598,,4.57,1348,,,https://www.goodreads.com/book/show/346092.Wizard_by_Trade
33,Jim  Butcher,Fantasy,4.304,"Wizard at Large (The Dresden Files Omnibus, #3)","The Dresden Files Omnibus,",3,4.56,2006,740,,4.6,1188,,,https://www.goodreads.com/book/show/3431100-wizard-at-large
33,Jim  Butcher,Fantasy,4.304,"Wizard Under Fire (The Dresden Files Omnibus, #4)","The Dresden Files Omnibus,",4,4.56,2007,754,,4.6,1242,,,https://www.goodreads.com/book/show/1948642.Wizard_Under_Fire
33,Jim  Butcher,Fantasy,4.304,"Furies of Calderon (Codex Alera, #1)","Codex Alera,",1,4.32,2004,688,,4.13,113075,,,https://www.goodreads.com/book/show/29396.Furies_of_Calderon
33,Jim  Butcher,Fantasy,4.304,"Academ's Fury (Codex Alera, #2)","Codex Alera,",2,4.32,2005,702,,4.27,73777,,,https://www.goodreads.com/book/show/133664.Academ_s_Fury
33,Jim  Butcher,Fantasy,4.304,"Cursor's Fury (Codex Alera, #3)","Codex Alera,",3,4.32,2006,442,,4.37,71000,,,https://www.goodreads.com/book/show/29394.Cursor_s_Fury
33,Jim  Butcher,Fantasy,4.304,"Captain's Fury (Codex Alera, #4)","Codex Alera,",4,4.32,2007,451,,4.37,69910,,,https://www.goodreads.com/book/show/346087.Captain_s_Fury
33,Jim  Butcher,Fantasy,4.304,"Princeps' Fury (Codex Alera, #5)","Codex Alera,",5,4.32,2008,386,,4.38,66906,,,https://www.goodreads.com/book/show/2903736-princeps-fury
33,Jim  Butcher,Fantasy,4.304,"First Lord's Fury (Codex Alera, #6)","Codex Alera,",6,4.32,2009,465,,4.4,66023,,,https://www.goodreads.com/book/show/6316821-first-lord-s-fury
33,Jim  Butcher,Fantasy,4.304,The Dresden Files Books 1-6,,,,2006,1900,,4.55,3700,,,https://www.goodreads.com/book/show/10074280-the-dresden-files-books-1-6
33,Jim  Butcher,Fantasy,4.304,Welcome to the Jungle,,,,2008,160,,4.1,16280,,,https://www.goodreads.com/book/show/2637138-welcome-to-the-jungle
33,Jim  Butcher,Fantasy,4.304,Mean Streets,,,,2009,342,,4.02,10313,,,https://www.goodreads.com/book/show/3475145-mean-streets
33,Jim  Butcher,Fantasy,4.304,The Dresden Files: Storm Front: Vol. 1: The Gathering Storm,,,,2009,128,,4.35,13918,,,https://www.goodreads.com/book/show/4961959-the-dresden-files
33,Jim  Butcher,Fantasy,4.304,The Dresden Files Books 7-12,,,,2010,2926,,4.69,2888,,,https://www.goodreads.com/book/show/10074279-the-dresden-files-books-7-12
33,Jim  Butcher,Fantasy,4.304,The Codex Alera Complete Set,,,,2011,,Young Adult,4.62,1546,,,https://www.goodreads.com/book/show/26065518-the-codex-alera-complete-set
33,Jim  Butcher,Fantasy,4.304,"The Dresden Files: Fool Moon, Volume 1",,,,2011,128,,4.17,2483,,,https://www.goodreads.com/book/show/6855336-the-dresden-files
33,Jim  Butcher,Fantasy,4.304,"The Dresden Files: Storm Front, Volume 2: Maelstrom",,,,2011,160,,4.31,2990,,,https://www.goodreads.com/book/show/6285252-the-dresden-files
33,Jim  Butcher,Fantasy,4.304,"The Dresden Files: Fool Moon, Volume 2",,,,2013,120,,4.1,1319,,,https://www.goodreads.com/book/show/16231091-the-dresden-files
33,Jim  Butcher,Fantasy,4.304,Jim Butcher's The Dresden Files: War Cry,,,,2014,143,,4.17,2584,,,https://www.goodreads.com/book/show/23137382-jim-butcher-s-the-dresden-files
33,Jim  Butcher,Fantasy,4.304,Working for Bigfoot (The Dresden Files #11.4),The Dresden Files,11.4,4.29,2014,136,,4.29,11700,,,https://www.goodreads.com/book/show/25807691-working-for-bigfoot
33,Jim  Butcher,Fantasy,4.304,Jim Butcher's The Dresden Files: Down Town,,,,2015,176,,4.04,2087,,,https://www.goodreads.com/book/show/25558821-jim-butcher-s-the-dresden-files
33,Jim  Butcher,Fantasy,4.304,"The Aeronaut's Windlass (The Cinder Spires, #1)","The Cinder Spires,",1,4.27,2015,630,,4.18,48807,,,https://www.goodreads.com/book/show/136342745-the-aeronaut-s-windlass
33,Jim  Butcher,Fantasy,4.304,"The Olympian Affair (The Cinder Spires, #2)","The Cinder Spires,",2,4.27,2023,610,,4.36,9976,,,https://www.goodreads.com/book/show/26860699-the-olympian-affair
33,Jim  Butcher,Fantasy,4.304,Jim Butcher's The Dresden Files: Wild Card,,,,2016,152,,4.03,1331,,,https://www.goodreads.com/book/show/30272307-jim-butcher-s-the-dresden-files
33,Jim  Butcher,Fantasy,4.304,Heroic Hearts,,,,2022,368,,4.15,4050,,,https://www.goodreads.com/book/show/58734999-heroic-hearts
33,Jim  Butcher,Fantasy,4.304,Warriorborn (The Cinder Spires #1.5),The Cinder Spires,1.5,4.42,2023,145,,4.42,5194,,,https://www.goodreads.com/book/show/195463561-warriorborn
34,Isaac Asimov,Science-Fiction,4.211,The Hugo Winners 1955-1961,,,,1919,320,,4.24,1026,,,https://www.goodreads.com/book/show/222320.The_Hugo_Winners_1955_1961
34,Isaac Asimov,Science-Fiction,4.211,Nightfall,,,,1941,40,,4.12,1304,,,https://www.goodreads.com/book/show/18297094-nightfall
34,Isaac Asimov,Science-Fiction,4.211,Nightfall,,,,1941,339,,4.06,37720,,,https://www.goodreads.com/book/show/99245.Nightfall
34,Isaac Asimov,Science-Fiction,4.211,Nightfall and Other Stories,,,,1941,350,,4.25,15027,,,https://www.goodreads.com/book/show/70771.Nightfall_and_Other_Stories
34,Isaac Asimov,Science-Fiction,4.211,"I, Robot (Robot, #0.1)","Robot,",0.1,4.231,1950,224,,4.21,375424,,,https://www.goodreads.com/book/show/41804.I_Robot
34,Isaac Asimov,Science-Fiction,4.211,"The Rest of the Robots (Robot, #0.2)","Robot,",0.2,4.231,1941,224,,4.09,8253,,,https://www.goodreads.com/book/show/272773.The_Rest_of_the_Robots
34,Isaac Asimov,Science-Fiction,4.211,"The Complete Robot (Robot, #0.3)","Robot,",0.3,4.231,1982,688,,4.33,19150,,,https://www.goodreads.com/book/show/50091.The_Complete_Robot
34,Isaac Asimov,Science-Fiction,4.211,"Robot Dreams (Robot, #0.4)","Robot,",0.4,4.231,1983,352,,4.16,13220,,,https://www.goodreads.com/book/show/41818.Robot_Dreams
34,Isaac Asimov,Science-Fiction,4.211,"Robot Visions (Robot, #0.5)","Robot,",0.5,4.231,1990,496,,4.23,11613,,,https://www.goodreads.com/book/show/41823.Robot_Visions
34,Isaac Asimov,Science-Fiction,4.211,"The Positronic Man (Robot, #0.6)","Robot,",0.6,4.231,1992,290,,4.13,7199,,,https://www.goodreads.com/book/show/651964.The_Positronic_Man
34,Isaac Asimov,Science-Fiction,4.211,"The Robot Novels: The Caves of Steel / The Naked Sun / The Robots of Dawn (Robot, #1-3)","Robot,",1,4.231,1952,684,,4.42,2970,,,https://www.goodreads.com/book/show/138551.The_Robot_Novels
34,Isaac Asimov,Science-Fiction,4.211,"Bóvedas de acero (Robot, #1)","Robot,",1,4.231,1953,272,,4.19,111000,,,https://www.goodreads.com/book/show/236966519-b-vedas-de-acero
34,Isaac Asimov,Science-Fiction,4.211,"The Robot Novels: The Caves of Steel / The Naked Sun (Robot, #1-2)","Robot,",1,4.231,1954,404,,4.39,844,,,https://www.goodreads.com/book/show/6561539-the-robot-novels
34,Isaac Asimov,Science-Fiction,4.211,"The Naked Sun (Robot, #2)","Robot,",2,4.231,1958,204,,4.19,62840,,,https://www.goodreads.com/book/show/30016.The_Naked_Sun
34,Isaac Asimov,Science-Fiction,4.211,"The Robots of Dawn (Robot, #3)","Robot,",3,4.231,1983,435,,4.2,54386,,,https://www.goodreads.com/book/show/41810.The_Robots_of_Dawn
34,Isaac Asimov,Science-Fiction,4.211,"Robots and Empire (Robot, #4)","Robot,",4,4.231,1985,512,,4.23,35996,,,https://www.goodreads.com/book/show/76688.Robots_and_Empire
34,Isaac Asimov,Science-Fiction,4.211,"The Foundation Trilogy (Foundation, #1-3)","Foundation,",1,4.213,1942,679,,4.42,108006,,,https://www.goodreads.com/book/show/46654.The_Foundation_Trilogy
34,Isaac Asimov,Science-Fiction,4.211,"Foundation (Foundation, #1)","Foundation,",1,4.213,1953,244,,4.17,589792,,,https://www.goodreads.com/book/show/29579.Foundation
34,Isaac Asimov,Science-Fiction,4.211,"Foundation and Empire (Foundation, #2)","Foundation,",2,4.213,1952,256,,4.22,223883,,,https://www.goodreads.com/book/show/29581.Foundation_and_Empire
34,Isaac Asimov,Science-Fiction,4.211,"Second Foundation (Foundation, #3)","Foundation,",3,4.213,1950,256,,4.27,200725,,,https://www.goodreads.com/book/show/29580.Second_Foundation
34,Isaac Asimov,Science-Fiction,4.211,"Foundation's Edge (Foundation, #4)","Foundation,",4,4.213,1982,450,,4.18,97651,,,https://www.goodreads.com/book/show/76683.Foundation_s_Edge
34,Isaac Asimov,Science-Fiction,4.211,"Foundation and Earth (Foundation, #5)","Foundation,",5,4.213,1986,499,,4.07,79396,,,https://www.goodreads.com/book/show/29582.Foundation_and_Earth
34,Isaac Asimov,Science-Fiction,4.211,"Forward the Foundation (Foundation, #7)","Foundation,",7,4.213,1993,464,,4.16,61012,,,https://www.goodreads.com/book/show/76679.Forward_the_Foundation
34,Isaac Asimov,Science-Fiction,4.211,Earth Is Room Enough,,,,1950,208,,4.05,10165,,,https://www.goodreads.com/book/show/245645.Earth_Is_Room_Enough
34,Isaac Asimov,Science-Fiction,4.211,The End of Eternity,,,,1955,192,,4.24,61785,,,https://www.goodreads.com/book/show/509784.The_End_of_Eternity
34,Isaac Asimov,Science-Fiction,4.211,The Martian Way and Other Stories,,,,1955,222,,4.01,4798,,,https://www.goodreads.com/book/show/416672.The_Martian_Way_and_Other_Stories
34,Isaac Asimov,Science-Fiction,4.211,Profession,,,,1957,58,,4.45,1252,,,https://www.goodreads.com/book/show/13614182-profession
34,Isaac Asimov,Science-Fiction,4.211,Nine Tomorrows,,,,1959,224,,4.16,5432,,,https://www.goodreads.com/book/show/724666.Nine_Tomorrows
34,Isaac Asimov,Science-Fiction,4.211,The Last Question,,,,1959,9,,4.53,29600,,,https://www.goodreads.com/book/show/4808763-the-last-question
34,Isaac Asimov,Science-Fiction,4.211,The Greeks: A Great Adventure,,,,1965,320,,4.23,1103,,,https://www.goodreads.com/book/show/41830.The_Greeks
34,Isaac Asimov,Science-Fiction,4.211,The Roman Republic,,,,1966,257,,4.27,1079,,,https://www.goodreads.com/book/show/85513.The_Roman_Republic
34,Isaac Asimov,Science-Fiction,4.211,Asimov's Guide to the Bible: The Old and New Testaments (2 Vol.),,,,1967,1295,,4.19,1271,,,https://www.goodreads.com/book/show/30009.Asimov_s_Guide_to_the_Bible
34,Isaac Asimov,Science-Fiction,4.211,The Egyptians,,,,1967,256,,4.18,1235,,,https://www.goodreads.com/book/show/41836.The_Egyptians
34,Isaac Asimov,Science-Fiction,4.211,The Roman Empire,,,,1967,288,,4.24,1078,,,https://www.goodreads.com/book/show/41835.The_Roman_Empire
34,Isaac Asimov,Science-Fiction,4.211,The Gods Themselves,,,,1972,288,,4.09,68168,,,https://www.goodreads.com/book/show/41821.The_Gods_Themselves
34,Isaac Asimov,Science-Fiction,4.211,The Best of Isaac Asimov,,,,1973,294,,4.26,1295,,,https://www.goodreads.com/book/show/1541395.The_Best_of_Isaac_Asimov
34,Isaac Asimov,Science-Fiction,4.211,The Bicentennial Man and Other Stories,,,,1976,211,,4.14,16362,,,https://www.goodreads.com/book/show/70787.The_Bicentennial_Man_and_Other_Stories
34,Isaac Asimov,Science-Fiction,4.211,100 Great Science Fiction Short Short Stories,,,,1978,296,,4.03,1045,,,https://www.goodreads.com/book/show/666584.100_Great_Science_Fiction_Short_Short_Stories
34,Isaac Asimov,Science-Fiction,4.211,I. Asimov: A Memoir,,,,1980,578,,4.04,3630,,,https://www.goodreads.com/book/show/41814.I_Asimov
34,Isaac Asimov,Science-Fiction,4.211,The Last Answer,,,,1980,8,,4.13,2710,,,https://www.goodreads.com/book/show/15755066-the-last-answer
34,Isaac Asimov,Science-Fiction,4.211,"Foundation / Foundation and Empire / Second Foundation / The Stars, Like Dust / The Naked Sun / I, Robot",,,,1981,864,,4.4,5526,,,https://www.goodreads.com/book/show/278097.Foundation_Foundation_and_Empire_Second_Foundation_The_Stars_Like_Dust_The_Naked_Sun_I_Robot
34,Isaac Asimov,Science-Fiction,4.211,The Edge of Tomorrow,,,,1985,462,,4,1283,,,https://www.goodreads.com/book/show/1020171.The_Edge_of_Tomorrow
34,Isaac Asimov,Science-Fiction,4.211,Prelude to Foundation,,,,1988,460,,4.17,95427,,,https://www.goodreads.com/book/show/30013.Prelude_to_Foundation
34,Isaac Asimov,Science-Fiction,4.211,"The Complete Stories, Vol. 1",,,,1990,624,,4.37,7793,,,https://www.goodreads.com/book/show/30010.The_Complete_Stories_Vol_1
34,Isaac Asimov,Science-Fiction,4.211,"The Complete Stories, Volume 2",,,,1990,550,,4.37,2561,,,https://www.goodreads.com/book/show/85441.The_Complete_Stories_Volume_2
35,Joe Abercrombie,Fantasy,4.296,Best Served Cold,,,,2006,534,,4.24,109027,,,https://www.goodreads.com/book/show/2315892.Best_Served_Cold
35,Joe Abercrombie,Fantasy,4.296,Red Country,,,,2006,469,,4.31,63926,,,https://www.goodreads.com/book/show/13521459-red-country
35,Joe Abercrombie,Fantasy,4.296,Sharp Ends,,,,2006,304,,4.11,26137,,,https://www.goodreads.com/book/show/26030742-sharp-ends
35,Joe Abercrombie,Fantasy,4.296,"Half a King (Shattered Sea, #1)","Shattered Sea,",1,4.063,2006,416,Young Adult,3.97,73454,,,https://www.goodreads.com/book/show/37586799-half-a-king
35,Joe Abercrombie,Fantasy,4.296,"Half the World (Shattered Sea, #2)","Shattered Sea,",2,4.063,2006,366,Young Adult,4.19,44830,,,https://www.goodreads.com/book/show/22055283-half-the-world
35,Joe Abercrombie,Fantasy,4.296,"Half a War (Shattered Sea, #3)","Shattered Sea,",3,4.063,2006,513,Young Adult,4.03,36927,,,https://www.goodreads.com/book/show/22381326-half-a-war
35,Joe Abercrombie,Fantasy,4.296,"A Little Hatred (The Age of Madness, #1)","The Age of Madness,",1,4.55,2019,480,,4.45,58128,,,https://www.goodreads.com/book/show/35606041-a-little-hatred
35,Joe Abercrombie,Fantasy,4.296,"The Trouble with Peace (The Age of Madness, #2)","The Age of Madness,",2,4.55,2020,506,,4.6,43323,,,https://www.goodreads.com/book/show/40701777-the-trouble-with-peace
35,Joe Abercrombie,Fantasy,4.296,"The Wisdom of Crowds (The Age of Madness, #3)","The Age of Madness,",3,4.55,2006,520,,4.6,38382,,,https://www.goodreads.com/book/show/40701780-the-wisdom-of-crowds
35,Joe Abercrombie,Fantasy,4.296,"The Devils (The Devils, #1)","The Devils,",1,4.25,2006,547,,4.25,42575,,,https://www.goodreads.com/book/show/233800039-the-devils
35,Joe Abercrombie,Fantasy,4.296,The First Law Trilogy,,,,2006,1600,,4.54,11567,,,https://www.goodreads.com/book/show/11706669-the-first-law-trilogy
35,Joe Abercrombie,Fantasy,4.296,"The Blade Itself (The First Law, #1)","The First Law,",1,4.313,2006,515,,4.22,304000,,,https://www.goodreads.com/book/show/944073.The_Blade_Itself
35,Joe Abercrombie,Fantasy,4.296,"Before They Are Hanged (The First Law, #2)","The First Law,",2,4.313,2006,441,,4.36,211519,,,https://www.goodreads.com/book/show/902715.Before_They_Are_Hanged
35,Joe Abercrombie,Fantasy,4.296,"Last Argument of Kings (The First Law, #3)","The First Law,",3,4.313,2006,536,,4.36,195121,,,https://www.goodreads.com/book/show/944076.Last_Argument_of_Kings
35,Joe Abercrombie,Fantasy,4.296,The Great Change (and Other Lies),,,,2006,77,,4.15,1835,,,https://www.goodreads.com/book/show/199045103-the-great-change
35,Joe Abercrombie,Fantasy,4.296,The Heroes,,,,2006,581,,4.35,74677,,,https://www.goodreads.com/book/show/9300768-the-heroes
36,Stieg Larsson,Thriller,4.255,"The Millennium Trilogy (Millennium Trilogy, #1-3)","Millennium Trilogy,",1,4.47,2005,1531,,4.47,57318,,,https://www.goodreads.com/book/show/7822895-the-millennium-trilogy
36,Stieg Larsson,Thriller,4.255,"The Girl With the Dragon Tattoo (Millennium, #1)","Millennium,",1,4.183,2008,480,,4.17,3416581,,,https://www.goodreads.com/book/show/2429135.The_Girl_With_the_Dragon_Tattoo
36,Stieg Larsson,Thriller,4.255,"La ragazza che giocava con il fuoco 1 (Millennium, #2-1)","Millennium,",2,4.183,2010,362,,4.14,1288,,,https://www.goodreads.com/book/show/14622630-la-ragazza-che-giocava-con-il-fuoco-1
36,Stieg Larsson,Thriller,4.255,"The Girl Who Kicked the Hornet’s Nest (Millennium, #3)","Millennium,",3,4.183,2007,566,,4.24,771823,,,https://www.goodreads.com/book/show/6892870-the-girl-who-kicked-the-hornet-s-nest
37,Rebecca Roanhorse,Fantasy,4.294,"Trail of Lightning (The Sixth World, #1)","The Sixth World,",1,4.46,2018,287,Young Adult,3.95,27305,,,https://www.goodreads.com/book/show/36373298-trail-of-lightning
37,Rebecca Roanhorse,Fantasy,4.294,"Storm of Locusts (The Sixth World, #2)","The Sixth World,",2,4.46,2019,313,,4.18,11308,,,https://www.goodreads.com/book/show/37920490-storm-of-locusts
37,Rebecca Roanhorse,Fantasy,4.294,"Untitled (The Sixth World, #3)","The Sixth World,",3,4.46,,,Young Adult,4.71,24,,,https://www.goodreads.com/book/show/39694593-untitled
37,Rebecca Roanhorse,Fantasy,4.294,"Untitled (The Sixth World, #4)","The Sixth World,",4,4.46,,,Young Adult,5,8,,,https://www.goodreads.com/book/show/46194293-untitled
37,Rebecca Roanhorse,Fantasy,4.294,"Black Sun (Between Earth and Sky, #1)","Between Earth and Sky,",1,4.16,2020,454,,4.17,53182,,,https://www.goodreads.com/book/show/50892360-black-sun
37,Rebecca Roanhorse,Fantasy,4.294,"Fevered Star (Between Earth and Sky, #2)","Between Earth and Sky,",2,4.16,2022,384,,4.08,20966,,,https://www.goodreads.com/book/show/57339626-fevered-star
37,Rebecca Roanhorse,Fantasy,4.294,"Mirrored Heavens (Between Earth and Sky, #3)","Between Earth and Sky,",3,4.16,2024,597,,4.23,8821,,,https://www.goodreads.com/book/show/60656015-mirrored-heavens
37,Rebecca Roanhorse,Fantasy,4.294,Race to the Sun,,,,2020,306,Middle Grade; Young Adult,4.03,6036,,,https://www.goodreads.com/book/show/36353103-race-to-the-sun
38,Orson Scott Card,Science-Fiction,4.2,Characters & Viewpoint,,,,1978,182,,4.04,4711,,,https://www.goodreads.com/book/show/7963.Characters_Viewpoint
38,Orson Scott Card,Science-Fiction,4.2,Ender's Game Alive: The Full Cast Audioplay,,,,1978,8,Young Adult,4.19,2002,,,https://www.goodreads.com/book/show/18715259-ender-s-game-alive
38,Orson Scott Card,Science-Fiction,4.2,Ender's Game: Formic Wars: Burning Earth,,,,1978,168,Young Adult,4.27,4185,,,https://www.goodreads.com/book/show/10644801-ender-s-game
38,Orson Scott Card,Science-Fiction,4.2,"Ender's Saga: Ender's Game, Ender's Shadow, Shadow of the Hegemon",,,,1978,1296,Young Adult,4.47,4361,,,https://www.goodreads.com/book/show/9735.Ender_s_Saga
38,Orson Scott Card,Science-Fiction,4.2,Lost and Found,,,,1978,281,Young Adult,4.05,4901,,,https://www.goodreads.com/book/show/44144248-lost-and-found
38,Orson Scott Card,Science-Fiction,4.2,Maps in a Mirror: The Short Fiction of Orson Scott Card,,,,1978,675,,4.02,3384,,,https://www.goodreads.com/book/show/31361.Maps_in_a_Mirror
38,Orson Scott Card,Science-Fiction,4.2,Masterpieces: The Best Science Fiction of the Twentieth Century,,,,1978,432,,4.21,2133,,,https://www.goodreads.com/book/show/40281.Masterpieces
38,Orson Scott Card,Science-Fiction,4.2,The Ender's Shadow Series Box Set (Shadow #1-4),Shadow,1,4.52,1978,1712,Young Adult,4.52,1048,,,https://www.goodreads.com/book/show/3331634-the-ender-s-shadow-series-box-set
38,Orson Scott Card,Science-Fiction,4.2,The Abyss,,,,1978,363,,4.08,19048,,,https://www.goodreads.com/book/show/40289.The_Abyss
38,Orson Scott Card,Science-Fiction,4.2,"Ender's War (The Ender Quintet, #1-2)","The Ender Quintet,",1,4.43,1978,634,Children,4.37,1491,,,https://www.goodreads.com/book/show/2183571.Ender_s_War
38,Orson Scott Card,Science-Fiction,4.2,"The Ender Quartet Box Set (The Ender Quintet, #1-4)","The Ender Quintet,",1,4.43,1978,1760,Children,4.49,4228,,,https://www.goodreads.com/book/show/3363015-the-ender-quartet-box-set
38,Orson Scott Card,Science-Fiction,4.2,"The Ender Quintet: Ender's Game, Speaker for the Dead, Xenocide, Children of the Mind, and Ender in Exile (The Ender Saga)",,,,1978,2012,Young Adult,4.47,1972,,,https://www.goodreads.com/book/show/18777524-the-ender-quintet
38,Orson Scott Card,Science-Fiction,4.2,"Earth Unaware (The First Formic War, #1)","The First Formic War,",1,4.053,1978,368,Young Adult,3.98,59369,,,https://www.goodreads.com/book/show/13151129-earth-unaware
38,Orson Scott Card,Science-Fiction,4.2,"Earth Afire (The First Formic War, #2)","The First Formic War,",2,4.053,1978,399,,4.07,16772,,,https://www.goodreads.com/book/show/16059350-earth-afire
38,Orson Scott Card,Science-Fiction,4.2,"Earth Awakens (The First Formic War, #3)","The First Formic War,",3,4.053,1978,400,,4.11,14165,,,https://www.goodreads.com/book/show/18490707-earth-awakens
38,Orson Scott Card,Science-Fiction,4.2,The Hive (The Second Formic War #2),The Second Formic War,2,4.11,1978,400,,4.11,4173,,,https://www.goodreads.com/book/show/41555943-the-hive
38,Orson Scott Card,Science-Fiction,4.2,"The Swarm (The Second Formic War, #1)","The Second Formic War,",1,4.14,1978,464,,4.14,7340,,,https://www.goodreads.com/book/show/26114175-the-swarm
38,Orson Scott Card,Science-Fiction,4.2,Shadow of the Giant (The Shadow #4),The Shadow,4,4.01,1978,388,Young Adult,4.01,56204,,,https://www.goodreads.com/book/show/8647.Shadow_of_the_Giant
39,Neil Gaiman,Fantasy,4.273,The Sandman #1: Sleep of the Just,,,,1940,42,,4.15,14056,,,https://www.goodreads.com/book/show/18245516-the-sandman-1
39,Neil Gaiman,Fantasy,4.273,Don't Panic: The Official Hitchhiker's Guide to the Galaxy Companion,,,,1980,181,,4.28,25332,,,https://www.goodreads.com/book/show/79257.Don_t_Panic
39,Neil Gaiman,Fantasy,4.273,The Sandman #2: Imperfect Hosts,,,,1988,25,,4.26,1376,,,https://www.goodreads.com/book/show/18810519-the-sandman-2
39,Neil Gaiman,Fantasy,4.273,The Sandman #4: Hope in Hell,,,,1988,25,,4.42,1155,,,https://www.goodreads.com/book/show/18810708-the-sandman-4
39,Neil Gaiman,Fantasy,4.273,"The Sandman, Vol. 1: Preludes & Nocturnes",,,,1988,240,,4.25,272970,,,https://www.goodreads.com/book/show/23754.The_Sandman_Vol_1
39,Neil Gaiman,Fantasy,4.273,Angels and Visitations: A Miscellany,,,,1989,166,,4.13,1759,,,https://www.goodreads.com/book/show/17327.Angels_and_Visitations
39,Neil Gaiman,Fantasy,4.273,The Sandman #6: 24 Hours,,,,1989,26,,4.28,1008,,,https://www.goodreads.com/book/show/23495066-the-sandman-6
39,Neil Gaiman,Fantasy,4.273,The Sandman (Sandman #1),Sandman,1,4.44,1990,560,,4.44,4941,,,https://www.goodreads.com/book/show/60012216-the-sandman
39,Neil Gaiman,Fantasy,4.273,"The Absolute Sandman, Volume 1",,,,1990,612,,4.64,22635,,,https://www.goodreads.com/book/show/23753.The_Absolute_Sandman_Volume_1
39,Neil Gaiman,Fantasy,4.273,"The Sandman, Vol. 2: The Doll's House",,,,1990,232,,4.43,110143,,,https://www.goodreads.com/book/show/25099.The_Sandman_Vol_2
39,Neil Gaiman,Fantasy,4.273,"Miracleman, Book One: The Golden Age","Artist)</span>, 
</div>
<div class='authorName__container'>
<a class=""authorName"" itemprop=""url"" href=""https://www.goodreads.com/author/show/19291.D_Israeli""><span itemprop=""name"">D&",39,4.3,1991,192,,3.91,1858,,,https://www.goodreads.com/book/show/198474.Miracleman_Book_One
39,Neil Gaiman,Fantasy,4.273,"The Absolute Sandman, Volume 4","Artist)</span>, 
</div>
<div class='authorName__container'>
<a class=""authorName"" itemprop=""url"" href=""https://www.goodreads.com/author/show/19291.D_Israeli""><span itemprop=""name"">D&",39,4.3,1996,608,,4.69,8972,,,https://www.goodreads.com/book/show/3375878-the-absolute-sandman-volume-4
39,Neil Gaiman,Fantasy,4.273,Murder Mysteries,,,,1992,64,,4.06,5944,,,https://www.goodreads.com/book/show/490789.Murder_Mysteries
39,Neil Gaiman,Fantasy,4.273,"The Absolute Sandman, Volume 2",,,,1992,616,,4.66,9204,,,https://www.goodreads.com/book/show/1025685.The_Absolute_Sandman_Volume_2
39,Neil Gaiman,Fantasy,4.273,"The Sandman, Vol. 3: Dream Country",,,,1992,160,,4.24,124419,,,https://www.goodreads.com/book/show/25100.The_Sandman_Vol_3
39,Neil Gaiman,Fantasy,4.273,"The Sandman, Vol. 4: Season of Mists",,,,1992,224,,4.53,80650,,,https://www.goodreads.com/book/show/25101.The_Sandman_Vol_4
39,Neil Gaiman,Fantasy,4.273,"The Sandman, Vol. 5: A Game of You",,,,1992,192,,4.41,68633,,,https://www.goodreads.com/book/show/25102.The_Sandman_Vol_5
39,Neil Gaiman,Fantasy,4.273,The Sandman: Book Two,,,,1992,544,,4.47,2128,,,https://www.goodreads.com/book/show/60012215-the-sandman
39,Neil Gaiman,Fantasy,4.273,"The Absolute Sandman, Volume 3",,,,1993,616,,4.68,8063,,,https://www.goodreads.com/book/show/2186848.The_Absolute_Sandman_Volume_3
39,Neil Gaiman,Fantasy,4.273,The Books of Magic,,,,1993,200,,4.09,17904,,,https://www.goodreads.com/book/show/17727.The_Books_of_Magic
39,Neil Gaiman,Fantasy,4.273,The Sandman #5:  Passengers,,,,1993,26,,4.19,1033,,,https://www.goodreads.com/book/show/23495050-the-sandman-5
39,Neil Gaiman,Fantasy,4.273,"The Sandman, Vol. 6: Fables & Reflections",,,,1993,264,,4.41,61114,,,https://www.goodreads.com/book/show/25106.The_Sandman_Vol_6
39,Neil Gaiman,Fantasy,4.273,"The Sandman, Vol. 7: Brief Lives",,,,1993,256,,4.54,61120,,,https://www.goodreads.com/book/show/25105.The_Sandman_Vol_7
39,Neil Gaiman,Fantasy,4.273,"The Sandman, Vol. 8: Worlds' End",,,,1993,160,,4.44,54287,,,https://www.goodreads.com/book/show/25103.The_Sandman_Vol_8
39,Neil Gaiman,Fantasy,4.273,The Sandman: Book Three,,,,1993,528,,4.43,1285,,,https://www.goodreads.com/book/show/60012213-the-sandman
39,Neil Gaiman,Fantasy,4.273,Death: The High Cost of Living,,,,1994,104,,4.2,41866,,,https://www.goodreads.com/book/show/16791.Death
39,Neil Gaiman,Fantasy,4.273,"The Sandman, Vol. 9: The Kindly Ones","Illustrator)</span>, 
</div>
<div class='authorName__container'>
<a class=""authorName"" itemprop=""url"" href=""https://www.goodreads.com/author/show/19291.D_Israeli""><span itemprop=""name"">D&",39,4.59,1995,352,,4.59,52393,,,https://www.goodreads.com/book/show/71252.The_Sandman_Vol_9
39,Neil Gaiman,Fantasy,4.273,"Snow, Glass, Apples",,,,1995,25,,4.13,6838,,,https://www.goodreads.com/book/show/6366271-snow-glass-apples
39,Neil Gaiman,Fantasy,4.273,"Snow, Glass, Apples",,,,2019,64,,4.05,14960,,,https://www.goodreads.com/book/show/45303582-snow-glass-apples
39,Neil Gaiman,Fantasy,4.273,Death: The Time of Your Life,,,,1996,95,,4.23,13585,,,https://www.goodreads.com/book/show/22339.Death
39,Neil Gaiman,Fantasy,4.273,"Neverwhere (London Below, #1)","London Below,",1,4.16,1996,370,,4.16,559216,,,https://www.goodreads.com/book/show/14497.Neverwhere
39,Neil Gaiman,Fantasy,4.273,"The Sandman, Vol. 10: The Wake",,,,1996,192,,4.51,51631,,,https://www.goodreads.com/book/show/25104.The_Sandman_Vol_10
39,Neil Gaiman,Fantasy,4.273,The Sandman: Book of Dreams,,,,1996,402,,4.28,9037,,,https://www.goodreads.com/book/show/92377.The_Sandman
39,Neil Gaiman,Fantasy,4.273,Neil Gaiman and Charles Vess' Stardust #1,,,,1997,50,,4.29,9132,,,https://www.goodreads.com/book/show/24520334-neil-gaiman-and-charles-vess-stardust-1
39,Neil Gaiman,Fantasy,4.273,Shoggoth's Old Peculiar,,,,1998,44,,4,1223,,,https://www.goodreads.com/book/show/47728.Shoggoth_s_Old_Peculiar
39,Neil Gaiman,Fantasy,4.273,Smoke and Mirrors: Short Fiction and Illusions,,,,1998,365,,4.01,73413,,,https://www.goodreads.com/book/show/16790.Smoke_and_Mirrors
39,Neil Gaiman,Fantasy,4.273,Stardust,,,,1999,248,Young Adult,4.1,478986,,,https://www.goodreads.com/book/show/16793.Stardust
39,Neil Gaiman,Fantasy,4.273,The Sandman: The Dream Hunters,,,,1999,128,,4.41,21243,,,https://www.goodreads.com/book/show/166580.The_Sandman
39,Neil Gaiman,Fantasy,4.273,"American Gods: Tenth Anniversary (American Gods, #1)","American Gods,",1,4.013,2001,635,,4.1,985761,,,https://www.goodreads.com/book/show/30165203-american-gods
39,Neil Gaiman,Fantasy,4.273,"The Monarch of the Glen (American Gods, #1.1)","American Gods,",1.1,4.013,2006,128,,3.83,6473,,,https://www.goodreads.com/book/show/18245822-the-monarch-of-the-glen
39,Neil Gaiman,Fantasy,4.273,"Black Dog (American Gods, #1.2)","American Gods,",1.2,4.013,2016,96,,4.11,2884,,,https://www.goodreads.com/book/show/31199023-black-dog
39,Neil Gaiman,Fantasy,4.273,"American Gods, Vol. 1: Shadows",,,,2001,262,,4.15,4675,,,https://www.goodreads.com/book/show/35543916-american-gods-vol-1
39,Neil Gaiman,Fantasy,4.273,Other People,,,,2001,3,,4,1097,,,https://www.goodreads.com/book/show/16176131-other-people
39,Neil Gaiman,Fantasy,4.273,The Quotable Sandman,,,,2001,96,,4.52,4497,,,https://www.goodreads.com/book/show/104602.The_Quotable_Sandman
39,Neil Gaiman,Fantasy,4.273,Coraline,,,,2002,208,Children; Middle Grade; Young Adult,4.13,773878,,,https://www.goodreads.com/book/show/17061.Coraline
39,Neil Gaiman,Fantasy,4.273,A Study in Emerald,,,,2003,1,,4.16,9269,,,https://www.goodreads.com/book/show/6599565-a-study-in-emerald
39,Neil Gaiman,Fantasy,4.273,The Sandman: Endless Nights,,,,2003,160,,4.32,30039,,,https://www.goodreads.com/book/show/47720.The_Sandman
39,Neil Gaiman,Fantasy,4.273,The Wolves in the Walls,,,,2003,56,Children,4.03,18428,,,https://www.goodreads.com/book/show/22341.The_Wolves_in_the_Walls
39,Neil Gaiman,Fantasy,4.273,Sandman. Tom 1. Sen sprawiedliwych,,,,2004,100,,4.26,8498,,,https://www.goodreads.com/book/show/17255666-sandman-tom-1-sen-sprawiedliwych
39,Neil Gaiman,Fantasy,4.273,The Neil Gaiman Audio Collection,,,,2004,1,Children; Young Adult,4.21,2281,,,https://www.goodreads.com/book/show/22337.The_Neil_Gaiman_Audio_Collection
39,Neil Gaiman,Fantasy,4.273,Anansi Boys,,,,2005,387,,4.04,229183,,,https://www.goodreads.com/book/show/2744.Anansi_Boys
39,Neil Gaiman,Fantasy,4.273,The Dangerous Alphabet,,,,2008,32,Children; Young Adult,4.05,4452,,,https://www.goodreads.com/book/show/1967071.The_Dangerous_Alphabet
39,Neil Gaiman,Fantasy,4.273,The Graveyard Book,,,,2008,312,Middle Grade; Young Adult,4.15,564321,,,https://www.goodreads.com/book/show/2213661.The_Graveyard_Book
39,Neil Gaiman,Fantasy,4.273,Blueberry Girl,,,,2009,32,Children,4.18,6297,,,https://www.goodreads.com/book/show/1967067.Blueberry_Girl
39,Neil Gaiman,Fantasy,4.273,Coraline and Other Stories,,,,2009,278,Children; Young Adult,4.11,1982,,,https://www.goodreads.com/book/show/6771443-coraline-and-other-stories
39,Neil Gaiman,Fantasy,4.273,"The Graveyard Book Graphic Novel, Volume 2",,,,2009,176,Young Adult,4.31,7356,,,https://www.goodreads.com/book/show/20452208-the-graveyard-book-graphic-novel-volume-2
39,Neil Gaiman,Fantasy,4.273,Instructions,,,,2010,40,Children,4.25,7841,,,https://www.goodreads.com/book/show/7023148-instructions
39,Neil Gaiman,Fantasy,4.273,"The Absolute Sandman, Volume 5",,,,2011,520,,4.64,3417,,,https://www.goodreads.com/book/show/10864102-the-absolute-sandman-volume-5
39,Neil Gaiman,Fantasy,4.273,"American Gods / Anansi Boys: Coffret, 2 volumes",,,,2012,1181,,4.32,2597,,,https://www.goodreads.com/book/show/2136943.American_Gods_Anansi_Boys
39,Neil Gaiman,Fantasy,4.273,Click-Clack the Rattlebag,,,,2012,1,Young Adult,4.08,2873,,,https://www.goodreads.com/book/show/16109478-click-clack-the-rattlebag
39,Neil Gaiman,Fantasy,4.273,"Death (Death of the Endless, #1-2)","Death of the Endless,",1,4.47,2012,320,,4.47,8737,,,https://www.goodreads.com/book/show/13532194-death
39,Neil Gaiman,Fantasy,4.273,Doctor Who: Nothing O'Clock,,,,2013,45,,4.18,3916,,,https://www.goodreads.com/book/show/18754367-doctor-who
39,Neil Gaiman,Fantasy,4.273,"Fortunately, the Milk",,,,2013,128,Children; Middle Grade,4.05,66885,,,https://www.goodreads.com/book/show/17349203-fortunately-the-milk
39,Neil Gaiman,Fantasy,4.273,Make Good Art,,,,2013,80,,4.28,9811,,,https://www.goodreads.com/book/show/16240792-make-good-art
39,Neil Gaiman,Fantasy,4.273,Neverwhere: BBC Dramatisation,,,,2013,4,,4.32,5602,,,https://www.goodreads.com/book/show/20362706-neverwhere
39,Neil Gaiman,Fantasy,4.273,The Ocean at the End of the Lane,,,,2013,195,Young Adult,4.01,654493,,,https://www.goodreads.com/book/show/18505792-the-ocean-at-the-end-of-the-lane
39,Neil Gaiman,Fantasy,4.273,The Sandman Omnibus Vol. 1,,,,2013,1040,,4.64,3790,,,https://www.goodreads.com/book/show/17137673-the-sandman-omnibus-vol-1
39,Neil Gaiman,Fantasy,4.273,The Sandman Omnibus Vol. 2,,,,2013,1040,,4.71,1985,,,https://www.goodreads.com/book/show/17671956-the-sandman-omnibus-vol-2
39,Neil Gaiman,Fantasy,4.273,The Sandman: Overture #1,,,,2013,18,,4.26,4810,,,https://www.goodreads.com/book/show/18780631-the-sandman
39,Neil Gaiman,Fantasy,4.273,"The Graveyard Book Graphic Novel, Volume 1",,,,2014,192,Young Adult,4.31,18151,,,https://www.goodreads.com/book/show/18738869-the-graveyard-book-graphic-novel-volume-1
39,Neil Gaiman,Fantasy,4.273,The Sandman: Overture #2,,,,2014,17,,4.52,1180,,,https://www.goodreads.com/book/show/19438978-the-sandman
39,Neil Gaiman,Fantasy,4.273,How the Marquis Got His Coat Back,,,,2015,37,,4.04,14160,,,https://www.goodreads.com/book/show/26838903-how-the-marquis-got-his-coat-back
39,Neil Gaiman,Fantasy,4.273,The Sandman: Overture,,,,2015,224,,4.05,66746,,,https://www.goodreads.com/book/show/18310944-the-sandman
39,Neil Gaiman,Fantasy,4.273,Norse Mythology,,,,2017,301,,4.1,341162,,,https://www.goodreads.com/book/show/37903770-norse-mythology
39,Neil Gaiman,Fantasy,4.273,Art Matters: Because Your Imagination Can Change the World,,,,2018,95,,4.28,19880,,,https://www.goodreads.com/book/show/40090596-art-matters
39,Neil Gaiman,Fantasy,4.273,"American Gods, Vol. 2: My Ainsel",,,,2019,232,,4.2,1756,,,https://www.goodreads.com/book/show/37955366-american-gods-vol-2
39,Neil Gaiman,Fantasy,4.273,The Quite Nice and Fairly Accurate Good Omens Script Book,,,,2019,512,,4.64,11567,,,https://www.goodreads.com/book/show/42285661-the-quite-nice-and-fairly-accurate-good-omens-script-book
39,Neil Gaiman,Fantasy,4.273,"American Gods, Vol. 3: The Moment of the Storm",,,,2020,224,,4.28,1095,,,https://www.goodreads.com/book/show/37955367-american-gods-vol-3
39,Neil Gaiman,Fantasy,4.273,The Neil Gaiman Reader: Selected Fiction,,,,2020,752,,4.44,2139,,,https://www.goodreads.com/book/show/50358085-the-neil-gaiman-reader
39,Neil Gaiman,Fantasy,4.273,"The Sandman: The Deluxe Edition, Book One",,,,2020,528,,4.37,1733,,,https://www.goodreads.com/book/show/48932528-the-sandman
39,Neil Gaiman,Fantasy,4.273,"Norse Mythology, Vol. 1",,,,2021,160,,4.1,1808,,,https://www.goodreads.com/book/show/54808890-norse-mythology-vol-1
39,Neil Gaiman,Fantasy,4.273,Chivalry,,,,2022,72,,4.2,5663,,,https://www.goodreads.com/book/show/57344241-chivalry
39,Neil Gaiman,Fantasy,4.273,What You Need to Be Warm,,,,2023,32,Children,4.16,3839,,,https://www.goodreads.com/book/show/158649504-what-you-need-to-be-warm
39,Neil Gaiman,Fantasy,4.273,"The Graveyard Book (The Graveyard Book, #1-2)","The Graveyard Book,",1,4.28,,358,Middle Grade; Young Adult,4.28,1970,,,https://www.goodreads.com/book/show/28371842-the-graveyard-book
39,Neil Gaiman,Fantasy,4.273,The Sandman #3:  ... Dream a Little Dream of Me,,,,,32,,4.37,1247,,,https://www.goodreads.com/book/show/23495022-the-sandman-3
40,James Clavell,Historical Fiction,4.251,"Shōgun (Asian Saga, #1)","Asian Saga,",1,4.186,1975,1152,,4.41,210619,,,https://www.goodreads.com/book/show/52382796-sh-gun
40,James Clavell,Historical Fiction,4.251,"Tai-Pan (Asian Saga, #2)","Asian Saga,",2,4.186,1966,732,,4.31,58430,,,https://www.goodreads.com/book/show/42933.Tai_Pan
40,James Clavell,Historical Fiction,4.251,"Gai-Jin (Asian Saga, #3)","Asian Saga,",3,4.186,1993,1236,,3.91,18710,,,https://www.goodreads.com/book/show/42929.Gai_Jin
40,James Clavell,Historical Fiction,4.251,"King Rat (Asian Saga, #4)","Asian Saga,",4,4.186,1962,368,,4.2,44022,,,https://www.goodreads.com/book/show/9827.King_Rat
40,James Clavell,Historical Fiction,4.251,"Nobila casa vol.1 (Asian Saga, #4)","Asian Saga,",4,4.186,1981,734,,4.33,241,,,https://www.goodreads.com/book/show/25682274-nobila-casa-vol-1
40,James Clavell,Historical Fiction,4.251,"Noble House (Asian Saga, #5)","Asian Saga,",5,4.186,1975,1376,,4.27,42376,,,https://www.goodreads.com/book/show/390711.Noble_House
40,James Clavell,Historical Fiction,4.251,"Whirlwind (Asian Saga, #6)","Asian Saga,",6,4.186,1986,1231,,3.87,8665,,,https://www.goodreads.com/book/show/42932.Whirlwind
40,James Clavell,Historical Fiction,4.251,"Shōgun, Volume 1",,,,1975,533,,4.52,14844,,,https://www.goodreads.com/book/show/12319445-sh-gun-volume-1
40,James Clavell,Historical Fiction,4.251,"Shōgun, Volume 2",,,,1975,567,,4.59,14013,,,https://www.goodreads.com/book/show/12319459-sh-gun-volume-2
40,James Clavell,Historical Fiction,4.251,The Children's Story,,,,1981,116,Children,4.1,1965,,,https://www.goodreads.com/book/show/63338768-the-children-s-story
41,Patrick Rothfuss,Fantasy,4.267,"The Narrow Road Between Desires (The Kingkiller Chronicle, #0.6)","The Kingkiller Chronicle,",0.6,4.1,2014,240,,4.03,32221,,,https://www.goodreads.com/book/show/157265081-the-narrow-road-between-desires
41,Patrick Rothfuss,Fantasy,4.267,"The Name of the Wind (The Kingkiller Chronicle, #1)","The Kingkiller Chronicle,",1,4.1,2007,662,,4.52,1068522,,,https://www.goodreads.com/book/show/186074.The_Name_of_the_Wind
41,Patrick Rothfuss,Fantasy,4.267,"The Wise Man's Fear (The Kingkiller Chronicle, #2)","The Kingkiller Chronicle,",2,4.1,2011,994,,4.55,613647,,,https://www.goodreads.com/book/show/1215032.The_Wise_Man_s_Fear
41,Patrick Rothfuss,Fantasy,4.267,"The Slow Regard of Silent Things (The Kingkiller Chronicle, #2.5)","The Kingkiller Chronicle,",2.5,4.1,2014,159,,3.87,158790,,,https://www.goodreads.com/book/show/21535271-the-slow-regard-of-silent-things
41,Patrick Rothfuss,Fantasy,4.267,"Doors of Stone (The Kingkiller Chronicle, #3)","The Kingkiller Chronicle,",3,4.1,,,,3.53,5563,,,https://www.goodreads.com/book/show/10394348-doors-of-stone
41,Patrick Rothfuss,Fantasy,4.267,The Thing Beneath the Bed (The Adventures of the Princess and Mr. Whiffle #1),The Adventures of the Princess and Mr. Whiffle,1,4.285,2010,68,,4.28,6730,,,https://www.goodreads.com/book/show/7286699-the-thing-beneath-the-bed
41,Patrick Rothfuss,Fantasy,4.267,The Dark of Deep Below (The Adventures of the Princess and Mr. Whiffle #2),The Adventures of the Princess and Mr. Whiffle,2,4.285,2013,232,Children,4.29,1678,,,https://www.goodreads.com/book/show/17848997-the-dark-of-deep-below
41,Patrick Rothfuss,Fantasy,4.267,"Die Furcht des Weisen 1 (Die Königsmörder-Chronik, #2.1)","Die Königsmörder-Chronik,",2.1,4.52,2011,860,,4.54,6847,,,https://www.goodreads.com/book/show/11420997-die-furcht-des-weisen-1
41,Patrick Rothfuss,Fantasy,4.267,"Die Furcht des Weisen 2 (Die Königsmörder-Chronik, #2.2)","Die Königsmörder-Chronik,",2.2,4.52,2011,523,,4.5,5613,,,https://www.goodreads.com/book/show/11420998-die-furcht-des-weisen-2
41,Patrick Rothfuss,Fantasy,4.267,Rick and Morty vs. Dungeons & Dragons,,,,2019,144,,4.13,2586,,,https://www.goodreads.com/book/show/40630116-rick-and-morty-vs-dungeons-dragons
41,Patrick Rothfuss,Fantasy,4.267,Kingkiller Chronicle Patrick Rothfuss Collection 3 Books Set,,,,,,,4.7,2077,,,https://www.goodreads.com/book/show/37670856-kingkiller-chronicle-patrick-rothfuss-collection-3-books-set
42,Martha Wells,Science-Fiction,4.194,"The Cloud Roads (Books of the Raksura, #1)","Books of the Raksura,",1,4.103,1993,278,,3.98,16045,,,https://www.goodreads.com/book/show/9461562-the-cloud-roads
42,Martha Wells,Science-Fiction,4.194,"The Serpent Sea (Books of the Raksura, #2)","Books of the Raksura,",2,4.103,1993,340,,4.09,8467,,,https://www.goodreads.com/book/show/11834447-the-serpent-sea
42,Martha Wells,Science-Fiction,4.194,"The Siren Depths (Books of the Raksura, #3)","Books of the Raksura,",3,4.103,1993,277,,4.24,6967,,,https://www.goodreads.com/book/show/13649197-the-siren-depths
42,Martha Wells,Science-Fiction,4.194,The Death of the Necromancer (Ile-Rien #2),Ile-Rien,2,4.03,1993,544,,4.03,4708,,,https://www.goodreads.com/book/show/321357.The_Death_of_the_Necromancer
42,Martha Wells,Science-Fiction,4.194,"Stories of the Raksura, Volume 1: The Falling World & The Tale of Indigo and Cloud",,,,1993,206,,4.18,2478,,,https://www.goodreads.com/book/show/20344635-stories-of-the-raksura-volume-1
42,Martha Wells,Science-Fiction,4.194,"Stories of the Raksura, Volume 2: The Dead City & The Dark Earth Below",,,,1993,232,,4.24,2109,,,https://www.goodreads.com/book/show/22750124-stories-of-the-raksura-volume-2
42,Martha Wells,Science-Fiction,4.194,"The Edge of Worlds (The Books of the Raksura, #4)","The Books of the Raksura,",4,4.165,1993,388,,4.09,4582,,,https://www.goodreads.com/book/show/25898527-the-edge-of-worlds
42,Martha Wells,Science-Fiction,4.194,"The Harbors of the Sun (The Books of the Raksura, #5)","The Books of the Raksura,",5,4.165,1993,416,,4.24,4148,,,https://www.goodreads.com/book/show/28960325-the-harbors-of-the-sun
42,Martha Wells,Science-Fiction,4.194,"The Wizard Hunters (The Fall of Ile-Rien, #1)","The Fall of Ile-Rien,",1,4.13,1993,464,,3.96,3531,,,https://www.goodreads.com/book/show/367333.The_Wizard_Hunters
42,Martha Wells,Science-Fiction,4.194,"The Ships of Air (The Fall of Ile-Rien, #2)","The Fall of Ile-Rien,",2,4.13,1993,496,,4.15,2537,,,https://www.goodreads.com/book/show/367332.The_Ships_of_Air
42,Martha Wells,Science-Fiction,4.194,"The Gate of Gods (The Fall of Ile-Rien, #3)","The Fall of Ile-Rien,",3,4.13,1993,496,,4.28,2374,,,https://www.goodreads.com/book/show/343566.The_Gate_of_Gods
42,Martha Wells,Science-Fiction,4.194,"The Murderbot Diaries #1-4: : All Systems Red, Artificial Condition, Rogue Protocol, Exit Strategy",,,,1993,,,4.29,1659,,,https://www.goodreads.com/book/show/53427947-the-murderbot-diaries-1-4
42,Martha Wells,Science-Fiction,4.194,The Murderbot Diaries Vol. 1,,,,1993,320,,4.1,2031,,,https://www.goodreads.com/book/show/216933039-the-murderbot-diaries-vol-1
42,Martha Wells,Science-Fiction,4.194,"Compulsory (The Murderbot Diaries, #0.5)","The Murderbot Diaries,",0.5,4.26,1993,8,,4.31,13710,,,https://www.goodreads.com/book/show/195264190-compulsory
42,Martha Wells,Science-Fiction,4.194,"All Systems Red (The Murderbot Diaries, #1)","The Murderbot Diaries,",1,4.26,1993,144,,4.12,355410,,,https://www.goodreads.com/book/show/32758901-all-systems-red
42,Martha Wells,Science-Fiction,4.194,"Artificial Condition (The Murderbot Diaries, #2)","The Murderbot Diaries,",2,4.26,1993,158,,4.25,206161,,,https://www.goodreads.com/book/show/36223860-artificial-condition
42,Martha Wells,Science-Fiction,4.194,"Rapport: Friendship, Solidarity, Communion, Empathy (The Murderbot Diaries, #2.5)","The Murderbot Diaries,",2.5,4.26,1993,34,,4.21,6783,,,https://www.goodreads.com/book/show/237633725-rapport
42,Martha Wells,Science-Fiction,4.194,"Rogue Protocol (The Murderbot Diaries, #3)","The Murderbot Diaries,",3,4.26,1993,159,,4.24,165133,,,https://www.goodreads.com/book/show/35519101-rogue-protocol
42,Martha Wells,Science-Fiction,4.194,"Exit Strategy (The Murderbot Diaries, #4)","The Murderbot Diaries,",4,4.26,1993,172,,4.37,145675,,,https://www.goodreads.com/book/show/35519109-exit-strategy
42,Martha Wells,Science-Fiction,4.194,"Home: Habitat, Range, Niche, Territory (The Murderbot Diaries, #4.5)","The Murderbot Diaries,",4.5,4.26,1993,19,,4.1,29322,,,https://www.goodreads.com/book/show/57623348-home
42,Martha Wells,Science-Fiction,4.194,"Network Effect (The Murderbot Diaries, #5)","The Murderbot Diaries,",5,4.26,1993,350,,4.46,121759,,,https://www.goodreads.com/book/show/52381770-network-effect
42,Martha Wells,Science-Fiction,4.194,"Fugitive Telemetry (The Murderbot Diaries, #6)","The Murderbot Diaries,",6,4.26,1993,168,,4.29,99706,,,https://www.goodreads.com/book/show/53205854-fugitive-telemetry
42,Martha Wells,Science-Fiction,4.194,"System Collapse (The Murderbot Diaries, #7)","The Murderbot Diaries,",7,4.26,1993,245,,4.25,70338,,,https://www.goodreads.com/book/show/65211701-system-collapse
43,Andrzej Sapkowski,Fantasy,4.259,El último deseo / La espada del destino,,,,2007,665,,4.3,3181,,,https://www.goodreads.com/book/show/11661389-el-ltimo-deseo-la-espada-del-destino
43,Andrzej Sapkowski,Fantasy,4.259,"La dama del lago vol. 1 (La Saga de Geralt de Rivia, #5)","La Saga de Geralt de Rivia,",5,4.19,2007,256,,4.17,2606,,,https://www.goodreads.com/book/show/7430094-la-dama-del-lago-vol-1
43,Andrzej Sapkowski,Fantasy,4.259,"La dama del lago Vol. 2 (La Saga de Geralt de Rivia, #5)","La Saga de Geralt de Rivia,",5,4.19,2007,256,,4.21,2355,,,https://www.goodreads.com/book/show/8504174-la-dama-del-lago-vol-2
43,Andrzej Sapkowski,Fantasy,4.259,"Rozdroże kruków (Saga o Wiedźminie, #0.1)","Saga o Wiedźminie,",0.1,4.273,2007,292,,4.05,10311,,,https://www.goodreads.com/book/show/221786526-rozdro-e-kruk-w
43,Andrzej Sapkowski,Fantasy,4.259,"Wiedźmin (Saga o Wiedźminie, #0.5-0.6, #1-5)","Saga o Wiedźminie,",0.5,4.273,2007,2530,,4.68,4107,,,https://www.goodreads.com/book/show/13588846-wied-min
43,Andrzej Sapkowski,Fantasy,4.259,"Pani Jeziora (Saga o Wiedźminie, #5)","Saga o Wiedźminie,",5,4.273,2007,520,,4.09,97945,,,https://www.goodreads.com/book/show/68452.Pani_Jeziora
43,Andrzej Sapkowski,Fantasy,4.259,Witcher Series 6 Books Set Collection (The Witcher #1-6),The Witcher,1,4.47,2007,,,4.47,3693,,,https://www.goodreads.com/book/show/41187016-witcher-series-6-books-set-collection
43,Andrzej Sapkowski,Fantasy,4.259,"Season of Storms (The Witcher, #0.2)","The Witcher,",0.2,4.201,2007,419,,3.97,70678,,,https://www.goodreads.com/book/show/36099978-season-of-storms
43,Andrzej Sapkowski,Fantasy,4.259,"The Last Wish (The Witcher, #0.5)","The Witcher,",0.5,4.201,2007,400,,4.14,408160,,,https://www.goodreads.com/book/show/40603587-the-last-wish
43,Andrzej Sapkowski,Fantasy,4.259,"Sword of Destiny (The Witcher, #0.7)","The Witcher,",0.7,4.201,2007,405,,4.27,217790,,,https://www.goodreads.com/book/show/25454056-sword-of-destiny
43,Andrzej Sapkowski,Fantasy,4.259,"Blood of Elves (The Witcher, #1)","The Witcher,",1,4.201,2007,398,,4.1,241855,,,https://www.goodreads.com/book/show/6043781-blood-of-elves
43,Andrzej Sapkowski,Fantasy,4.259,"The Witcher Boxed Set (The Witcher, #1-3)","The Witcher,",1,4.201,2007,1216,,4.49,1482,,,https://www.goodreads.com/book/show/34951137-the-witcher-boxed-set
43,Andrzej Sapkowski,Fantasy,4.259,"The Time of Contempt (The Witcher, #2)","The Witcher,",2,4.201,2007,331,,4.16,169539,,,https://www.goodreads.com/book/show/14781491-the-time-of-contempt
43,Andrzej Sapkowski,Fantasy,4.259,"Baptism of Fire (The Witcher, #3)","The Witcher,",3,4.201,2007,400,,4.26,141577,,,https://www.goodreads.com/book/show/18656031-baptism-of-fire
43,Andrzej Sapkowski,Fantasy,4.259,"The Tower of the Swallow (The Witcher, #4)","The Witcher,",4,4.201,2007,448,,4.22,120215,,,https://www.goodreads.com/book/show/18247597-the-tower-of-the-swallow
43,Andrzej Sapkowski,Fantasy,4.259,"Narrenturm (Trylogia husycka, #1)","Trylogia husycka,",1,4.117,2007,640,,4.03,13369,,,https://www.goodreads.com/book/show/1812595.Narrenturm
43,Andrzej Sapkowski,Fantasy,4.259,"Boży bojownicy (Trylogia husycka, #2)","Trylogia husycka,",2,4.117,2007,635,,4.19,7864,,,https://www.goodreads.com/book/show/1812654.Bo_y_bojownicy
43,Andrzej Sapkowski,Fantasy,4.259,"Lux perpetua (Trylogia husycka, #3)","Trylogia husycka,",3,4.117,2007,608,,4.13,6516,,,https://www.goodreads.com/book/show/1812661.Lux_perpetua
43,Andrzej Sapkowski,Fantasy,4.259,Wiedźmin,,,,2007,48,,4.61,1345,,,https://www.goodreads.com/book/show/6940235-wied-min
43,Andrzej Sapkowski,Fantasy,4.259,"Zaklínač (Zaklínač I. Poslední přání, #1/6)","Zaklínač I. Poslední přání,",1,4.445,2007,12,,4.45,1147,,,https://www.goodreads.com/book/show/22401179-zakl-na
43,Andrzej Sapkowski,Fantasy,4.259,"Zrnko pravdy (Zaklínač I. Poslední přání, #2/6)","Zaklínač I. Poslední přání,",2,4.445,2007,,,4.44,445,,,https://www.goodreads.com/book/show/22401184-zrnko-pravdy
44,Alan             Moore,Graphic Novel,4.245,"Miracleman, Book One: A Dream of Flying",,,,1980,176,,4.24,4978,,,https://www.goodreads.com/book/show/198472.Miracleman_Book_One
44,Alan             Moore,Graphic Novel,4.245,V for Vendetta #1,,,,1982,29,,4.09,89298,,,https://www.goodreads.com/book/show/18981933-v-for-vendetta-1
44,Alan             Moore,Graphic Novel,4.245,"Swamp Thing, Vol. 1: Saga of the Swamp Thing",,,,1983,173,,4.24,29103,,,https://www.goodreads.com/book/show/102324.Swamp_Thing_Vol_1
44,Alan             Moore,Graphic Novel,4.245,Absolute Swamp Thing by Alan Moore Vol. 1,,,,1985,448,,4.51,1279,,,https://www.goodreads.com/book/show/41839478-absolute-swamp-thing-by-alan-moore-vol-1
44,Alan             Moore,Graphic Novel,4.245,For the Man Who Has Everything,,,,1985,43,,4.25,1146,,,https://www.goodreads.com/book/show/6537607-for-the-man-who-has-everything
44,Alan             Moore,Graphic Novel,4.245,"Swamp Thing, Vol. 2: Love and Death",,,,1985,207,,4.41,12113,,,https://www.goodreads.com/book/show/109244.Swamp_Thing_Vol_2
44,Alan             Moore,Graphic Novel,4.245,"Swamp Thing, Vol. 3: The Curse",,,,1985,192,,4.38,10518,,,https://www.goodreads.com/book/show/102323.Swamp_Thing_Vol_3
44,Alan             Moore,Graphic Novel,4.245,Superman: Whatever Happened to the Man of Tomorrow?,,,,1986,128,,4.07,3211,,,https://www.goodreads.com/book/show/5563473-superman
44,Alan             Moore,Graphic Novel,4.245,"Swamp Thing, Vol. 4: A Murder of Crows",,,,1986,206,,4.36,8568,,,https://www.goodreads.com/book/show/109243.Swamp_Thing_Vol_4
44,Alan             Moore,Graphic Novel,4.245,Watchmen #3: The Judge Of All The Earth,,,,1986,35,,4.27,1081,,,https://www.goodreads.com/book/show/17857876-watchmen-3
44,Alan             Moore,Graphic Novel,4.245,Watchmen #4: Watchmaker,,,,1986,37,,4.55,1039,,,https://www.goodreads.com/book/show/28486475-watchmen-4
44,Alan             Moore,Graphic Novel,4.245,"Watchmen #1: At Midnight, All The Agents… (Watchmen, #1)","Watchmen,",1,4.31,1986,34,,4.33,185651,,,https://www.goodreads.com/book/show/17856572-watchmen-1
44,Alan             Moore,Graphic Novel,4.245,"Watchmen #2: Absent Friends (Watchmen, #2)","Watchmen,",2,4.31,1986,35,,4.29,1254,,,https://www.goodreads.com/book/show/17856703-watchmen-2
44,Alan             Moore,Graphic Novel,4.245,"Swamp Thing, Vol. 5: Earth to Earth",,,,1987,160,,4.36,7540,,,https://www.goodreads.com/book/show/109242.Swamp_Thing_Vol_5
44,Alan             Moore,Graphic Novel,4.245,"Swamp Thing, Vol. 6: Reunion",,,,1987,200,,4.28,6128,,,https://www.goodreads.com/book/show/109245.Swamp_Thing_Vol_6
44,Alan             Moore,Graphic Novel,4.245,Watchmen,,,,1987,416,,4.39,591800,,,https://www.goodreads.com/book/show/472331.Watchmen
44,Alan             Moore,Graphic Novel,4.245,Batman: The Killing Joke,,,,1988,50,,4.36,239462,,,https://www.goodreads.com/book/show/96358.Batman
44,Alan             Moore,Graphic Novel,4.245,V for Vendetta,,,,1988,296,,4.26,323254,,,https://www.goodreads.com/book/show/5805.V_for_Vendetta
44,Alan             Moore,Graphic Novel,4.245,"Miracleman, Book Two: The Red King Syndrome",,,,1990,224,,4.32,2928,,,https://www.goodreads.com/book/show/198475.Miracleman_Book_Two
44,Alan             Moore,Graphic Novel,4.245,From Hell,,,,1999,576,,4.19,44334,,,https://www.goodreads.com/book/show/23529.From_Hell
44,Alan             Moore,Graphic Novel,4.245,The Ballad of Halo Jones,,,,2000,200,,4.09,2131,,,https://www.goodreads.com/book/show/59710.The_Ballad_of_Halo_Jones
44,Alan             Moore,Graphic Novel,4.245,"Top 10, Vol. 1",,,,2000,208,,4.11,9990,,,https://www.goodreads.com/book/show/598638.Top_10_Vol_1
44,Alan             Moore,Graphic Novel,4.245,"Promethea, Vol. 2",,,,2001,176,,4.09,5491,,,https://www.goodreads.com/book/show/325753.Promethea_Vol_2
44,Alan             Moore,Graphic Novel,4.245,"Top 10, Vol. 2",,,,2001,144,,4.27,5701,,,https://www.goodreads.com/book/show/154929.Top_10_Vol_2
44,Alan             Moore,Graphic Novel,4.245,"Promethea, Vol. 3",,,,2002,160,,4.13,4583,,,https://www.goodreads.com/book/show/325754.Promethea_Vol_3
44,Alan             Moore,Graphic Novel,4.245,DC Universe: The Stories of Alan Moore,,,,2003,304,,4.12,3610,,,https://www.goodreads.com/book/show/59705.DC_Universe
44,Alan             Moore,Graphic Novel,4.245,"Promethea, Vol. 4",,,,2003,192,,4.17,4767,,,https://www.goodreads.com/book/show/325752.Promethea_Vol_4
44,Alan             Moore,Graphic Novel,4.245,"Promethea, Vol. 5",,,,2005,200,,4.23,4052,,,https://www.goodreads.com/book/show/325751.Promethea_Vol_5
44,Alan             Moore,Graphic Novel,4.245,"Absolute Promethea, Book One",,,,2009,466,,4.24,1833,,,https://www.goodreads.com/book/show/6272009-absolute-promethea-book-one
44,Alan             Moore,Graphic Novel,4.245,"Miracleman, Book Three: Olympus",,,,2014,328,,4.36,2601,,,https://www.goodreads.com/book/show/41179.Miracleman_Book_Three
44,Alan             Moore,Graphic Novel,4.245,Top 10,,,,2015,352,,4.27,1122,,,https://www.goodreads.com/book/show/23012591-top-10
44,Alan             Moore,Graphic Novel,4.245,Jerusalem,,,,2016,1266,,4.02,3259,,,https://www.goodreads.com/book/show/38246560-jerusalem
44,Alan             Moore,Graphic Novel,4.245,Providence Act 2,,,,2017,144,,4.02,1830,,,https://www.goodreads.com/book/show/31139997-providence-act-2
44,Alan             Moore,Graphic Novel,4.245,Providence Act 3,,,,2017,176,,4.07,1624,,,https://www.goodreads.com/book/show/34849267-providence-act-3
45,Brent Weeks,Fantasy,4.253,"Perfect Shadow (Night Angel, #0.5)","Night Angel,",0.5,4.268,2011,70,,4.13,18502,,,https://www.goodreads.com/book/show/10843036-perfect-shadow
45,Brent Weeks,Fantasy,4.253,"The Way of Shadows (1 of 2) [Dramatized Adaptation] (Night Angel, #1)","Night Angel,",1,4.268,2008,8,Young Adult,4.48,686,,,https://www.goodreads.com/book/show/7389985-the-way-of-shadows-1-of-2-dramatized-adaptation
45,Brent Weeks,Fantasy,4.253,"The Way of Shadows (Night Angel, #1)","Night Angel,",1,4.268,2008,645,,4.15,175994,,,https://www.goodreads.com/book/show/3227063-the-way-of-shadows
45,Brent Weeks,Fantasy,4.253,"The Night Angel Trilogy (Night Angel, #1-3)","Night Angel,",1,4.268,2009,1392,,4.43,27855,,,https://www.goodreads.com/book/show/6122735-the-night-angel-trilogy
45,Brent Weeks,Fantasy,4.253,"Shadow's Edge (Night Angel, #2)","Night Angel,",2,4.268,2008,636,,4.25,108699,,,https://www.goodreads.com/book/show/3754016-shadow-s-edge
45,Brent Weeks,Fantasy,4.253,"Beyond the Shadows (Night Angel, #3)","Night Angel,",3,4.268,2008,689,,4.27,103398,,,https://www.goodreads.com/book/show/3754026-beyond-the-shadows
45,Brent Weeks,Fantasy,4.253,"Beyond the Shadows, Part 1 of 2 (Night Angel, #3, part 1)","Night Angel,",3,4.268,2008,8,,4.57,267,,,https://www.goodreads.com/book/show/8836358-beyond-the-shadows-part-1-of-2
45,Brent Weeks,Fantasy,4.253,"I, Night Angel (Night Angel, #3.5)","Night Angel,",3.5,4.268,2014,30,,3.86,834,,,https://www.goodreads.com/book/show/22919799-i-night-angel
45,Brent Weeks,Fantasy,4.253,"The Black Prism (Lightbringer, #1)","Lightbringer,",1,4.27,2010,629,,4.23,131046,,,https://www.goodreads.com/book/show/7165300-the-black-prism
45,Brent Weeks,Fantasy,4.253,"The Blinding Knife (Lightbringer, #2)","Lightbringer,",2,4.27,2012,671,,4.41,93005,,,https://www.goodreads.com/book/show/12499290-the-blinding-knife
45,Brent Weeks,Fantasy,4.253,"Gunner's Apprentice (Lightbringer, #2.5)","Lightbringer,",2.5,4.27,2014,40,,3.95,1345,,,https://www.goodreads.com/book/show/22919833-gunner-s-apprentice
45,Brent Weeks,Fantasy,4.253,"The Broken Eye (Lightbringer, #3)","Lightbringer,",3,4.27,2014,688,,4.45,68539,,,https://www.goodreads.com/book/show/12652457-the-broken-eye
45,Brent Weeks,Fantasy,4.253,"The Blood Mirror (Lightbringer, #4)","Lightbringer,",4,4.27,2015,704,,4.32,52305,,,https://www.goodreads.com/book/show/29449386-the-blood-mirror
45,Brent Weeks,Fantasy,4.253,"The Burning White (Lightbringer, #5)","Lightbringer,",5,4.27,2019,960,,4.26,37262,,,https://www.goodreads.com/book/show/30169100-the-burning-white
45,Brent Weeks,Fantasy,4.253,"Night Angel Nemesis (The Kylar Chronicles, #1)","The Kylar Chronicles,",1,4.04,2023,838,,4.04,6206,,,https://www.goodreads.com/book/show/61280566-night-angel-nemesis
46,Octavia E. Butler,Science-Fiction,4.187,"Wild Seed (Patternist, #1)","Patternist,",1,4.073,1976,306,,4.2,39168,,,https://www.goodreads.com/book/show/52318.Wild_Seed
46,Octavia E. Butler,Science-Fiction,4.187,"Seed to Harvest (Patternist, #1-4)","Patternist,",1,4.073,2007,767,,4.39,6636,,,https://www.goodreads.com/book/show/60924.Seed_to_Harvest
46,Octavia E. Butler,Science-Fiction,4.187,"Mind of My Mind (Patternist, #2)","Patternist,",2,4.073,1976,226,,4.19,15470,,,https://www.goodreads.com/book/show/116254.Mind_of_My_Mind
46,Octavia E. Butler,Science-Fiction,4.187,"Clay's Ark (Patternist, #3)","Patternist,",3,4.073,1976,213,,3.83,12049,,,https://www.goodreads.com/book/show/60933.Clay_s_Ark
46,Octavia E. Butler,Science-Fiction,4.187,"Patternmaster (Patternist, #4)","Patternist,",4,4.073,1976,208,,4.03,10842,,,https://www.goodreads.com/book/show/116256.Patternmaster
46,Octavia E. Butler,Science-Fiction,4.187,"Survivor (Patternist, #4)","Patternist,",4,4.073,1976,187,,3.8,1403,,,https://www.goodreads.com/book/show/256890.Survivor
46,Octavia E. Butler,Science-Fiction,4.187,Kindred,,,,1979,288,,4.31,266156,,,https://www.goodreads.com/book/show/60931.Kindred
46,Octavia E. Butler,Science-Fiction,4.187,"Lilith's Brood (Xenogenesis, #1-3)","Xenogenesis,",1,4.228,1980,746,,4.37,21775,,,https://www.goodreads.com/book/show/60926.Lilith_s_Brood
46,Octavia E. Butler,Science-Fiction,4.187,"Dawn (Xenogenesis, #1)","Xenogenesis,",1,4.228,1987,248,,4.15,62373,,,https://www.goodreads.com/book/show/60929.Dawn
46,Octavia E. Butler,Science-Fiction,4.187,"Adulthood Rites (Xenogenesis, #2)","Xenogenesis,",2,4.228,1988,277,,4.19,28207,,,https://www.goodreads.com/book/show/116249.Adulthood_Rites
46,Octavia E. Butler,Science-Fiction,4.187,"Imago (Xenogenesis, #3)","Xenogenesis,",3,4.228,1989,220,,4.2,24263,,,https://www.goodreads.com/book/show/60934.Imago
46,Octavia E. Butler,Science-Fiction,4.187,Bloodchild,,,,1984,31,,4,6956,,,https://www.goodreads.com/book/show/21265321-bloodchild
46,Octavia E. Butler,Science-Fiction,4.187,Earthseed: Parable of the Sower and Parable of the Talents,,,,1990,880,Young Adult,4.52,2541,,,https://www.goodreads.com/book/show/35007517-earthseed
46,Octavia E. Butler,Science-Fiction,4.187,"Parable of the Sower (Earthseed, #1)","Earthseed,",1,4.26,1995,345,,4.2,253535,,,https://www.goodreads.com/book/show/52397.Parable_of_the_Sower
46,Octavia E. Butler,Science-Fiction,4.187,"Parable of the Talents (Earthseed, #2)","Earthseed,",2,4.26,1998,448,,4.32,81788,,,https://www.goodreads.com/book/show/60932.Parable_of_the_Talents
46,Octavia E. Butler,Science-Fiction,4.187,A Few Rules for Predicting the Future: An Essay,,,,2000,56,,4.26,2125,,,https://www.goodreads.com/book/show/195820983-a-few-rules-for-predicting-the-future
46,Octavia E. Butler,Science-Fiction,4.187,Bloodchild and Other Stories,,,,2005,214,,4.34,26782,,,https://www.goodreads.com/book/show/60930.Bloodchild_and_Other_Stories
46,Octavia E. Butler,Science-Fiction,4.187,Unexpected Stories,,,,2014,81,,4.06,3930,,,https://www.goodreads.com/book/show/22023917-unexpected-stories
47,Ken Liu,Fantasy,4.241,The Man Who Ended History: A Documentary,,,,2011,55,,4.15,1213,,,https://www.goodreads.com/book/show/13501217-the-man-who-ended-history
47,Ken Liu,Fantasy,4.241,The Paper Menagerie,,,,2011,32,,4.56,5135,,,https://www.goodreads.com/book/show/39803561-the-paper-menagerie
47,Ken Liu,Fantasy,4.241,"The Grace of Kings (The Dandelion Dynasty, #1)","The Dandelion Dynasty,",1,4.208,2015,640,,3.8,28161,,,https://www.goodreads.com/book/show/18952341-the-grace-of-kings
47,Ken Liu,Fantasy,4.241,"The Wall of Storms (The Dandelion Dynasty, #2)","The Dandelion Dynasty,",2,4.208,2016,880,,4.35,9526,,,https://www.goodreads.com/book/show/18952381-the-wall-of-storms
47,Ken Liu,Fantasy,4.241,"The Veiled Throne (The Dandelion Dynasty, #3)","The Dandelion Dynasty,",3,4.208,2021,982,,4.14,4640,,,https://www.goodreads.com/book/show/18952403-the-veiled-throne
47,Ken Liu,Fantasy,4.241,"Speaking Bones (The Dandelion Dynasty, #4)","The Dandelion Dynasty,",4,4.208,2022,1047,,4.54,3836,,,https://www.goodreads.com/book/show/55596771-speaking-bones
47,Ken Liu,Fantasy,4.241,Invisible Planets: Contemporary Chinese Science Fiction in Translation,,,,2016,383,,4.04,5327,,,https://www.goodreads.com/book/show/28220730-invisible-planets
47,Ken Liu,Fantasy,4.241,The Paper Menagerie and Other Stories,,,,2016,450,,4.35,37925,,,https://www.goodreads.com/book/show/24885533-the-paper-menagerie-and-other-stories
48,Fyodor Dostoevsky,Classic Fiction,4.244,The Double and The Gambler,,,,1846,344,,4.13,3556,,,https://www.goodreads.com/book/show/5698.The_Double_and_The_Gambler
48,Fyodor Dostoevsky,Classic Fiction,4.244,White Nights,,,,1848,82,,4.08,313921,,,https://www.goodreads.com/book/show/1772910.White_Nights
48,Fyodor Dostoevsky,Classic Fiction,4.244,The House of the Dead,,,,1860,247,,4.05,35047,,,https://www.goodreads.com/book/show/17877.The_House_of_the_Dead
48,Fyodor Dostoevsky,Classic Fiction,4.244,The House of the Dead/Poor Folk,,,,1861,443,,4.04,1574,,,https://www.goodreads.com/book/show/184405.The_House_of_the_Dead_Poor_Folk
48,Fyodor Dostoevsky,Classic Fiction,4.244,The Insulted and Humiliated,,,,1861,460,,4.25,24169,,,https://www.goodreads.com/book/show/329803.The_Insulted_and_Humiliated
48,Fyodor Dostoevsky,Classic Fiction,4.244,Notes from the Underground / The Gambler,,,,1864,320,,4.12,1375,,,https://www.goodreads.com/book/show/49964.Notes_from_the_Underground_The_Gambler
48,Fyodor Dostoevsky,Classic Fiction,4.244,Notes from Underground,,,,1864,136,,4.17,220239,,,https://www.goodreads.com/book/show/49455.Notes_from_Underground
48,Fyodor Dostoevsky,Classic Fiction,4.244,Notes from Underground & The Double,,,,1864,287,,4.15,8002,,,https://www.goodreads.com/book/show/17881.Notes_from_Underground_The_Double
48,Fyodor Dostoevsky,Classic Fiction,4.244,"Notes from Underground, White Nights, The Dream of a Ridiculous Man, and Selections from The House of the Dead",,,,1864,233,,4.19,78309,,,https://www.goodreads.com/book/show/17876.Notes_from_Underground_White_Nights_The_Dream_of_a_Ridiculous_Man_and_Selections_from_The_House_of_the_Dead
48,Fyodor Dostoevsky,Classic Fiction,4.244,9 أعمال دوستويفسكي الأدبية: الجريمة والعقاب 2 ـ المجلد,,,,1866,391,,4.49,8902,,,https://www.goodreads.com/book/show/9346932-9
48,Fyodor Dostoevsky,Classic Fiction,4.244,Crime and Punishment,,,,1866,671,,4.28,1056021,,,https://www.goodreads.com/book/show/7144.Crime_and_Punishment
48,Fyodor Dostoevsky,Classic Fiction,4.244,Crimen y castigo 1,,,,1866,360,,4.37,20236,,,https://www.goodreads.com/book/show/18634774-crimen-y-castigo-1
48,Fyodor Dostoevsky,Classic Fiction,4.244,الأبله: الجزء الأول,,,,1867,589,,4.13,4057,,,https://www.goodreads.com/book/show/8762223
48,Fyodor Dostoevsky,Classic Fiction,4.244,11 أعمال دوستويفسكي الأدبية: الأبله 2 ـ المجلد,,,,1869,484,,4.24,2487,,,https://www.goodreads.com/book/show/9346979-11
48,Fyodor Dostoevsky,Classic Fiction,4.244,The Idiot,,,,1869,667,,4.21,213223,,,https://www.goodreads.com/book/show/12505.The_Idiot
48,Fyodor Dostoevsky,Classic Fiction,4.244,أعمال دوستويفسكي الأدبية: الشياطين 1 ـ المجلد 12,,,,1871,585,,4.12,1219,,,https://www.goodreads.com/book/show/9347082
48,Fyodor Dostoevsky,Classic Fiction,4.244,Demons,,,,1872,733,,4.3,61496,,,https://www.goodreads.com/book/show/5695.Demons
48,Fyodor Dostoevsky,Classic Fiction,4.244,A Gentle Creature and Other Stories,,,,1876,158,,4.09,2084,,,https://www.goodreads.com/book/show/617078.A_Gentle_Creature_and_Other_Stories
48,Fyodor Dostoevsky,Classic Fiction,4.244,Duas Narrativas Fantásticas: A Dócil e O Sonho de um Homem Ridículo,,,,1877,128,,4.15,1648,,,https://www.goodreads.com/book/show/7640101-duas-narrativas-fant-sticas
48,Fyodor Dostoevsky,Classic Fiction,4.244,The Best Short Stories of Fyodor Dostoevsky,,,,1877,320,,4.23,4162,,,https://www.goodreads.com/book/show/12852.The_Best_Short_Stories_of_Fyodor_Dostoevsky
48,Fyodor Dostoevsky,Classic Fiction,4.244,The Dream of a Ridiculous Man,,,,1877,32,,4.03,39694,,,https://www.goodreads.com/book/show/329866.The_Dream_of_a_Ridiculous_Man
48,Fyodor Dostoevsky,Classic Fiction,4.244,Os Irmãos Karamázov I,,,,1879,392,,4.43,1803,,,https://www.goodreads.com/book/show/7368479-os-irm-os-karam-zov-i
48,Fyodor Dostoevsky,Classic Fiction,4.244,The Grand Inquisitor,,,,1879,32,,4.32,7234,,,https://www.goodreads.com/book/show/18823.The_Grand_Inquisitor
48,Fyodor Dostoevsky,Classic Fiction,4.244,الإخوة كارامازوف #1,,,,1879,358,,4.32,8109,,,https://www.goodreads.com/book/show/13412334-1
48,Fyodor Dostoevsky,Classic Fiction,4.244,الإخوة كارامازوف #2,,,,1879,342,,4.36,3478,,,https://www.goodreads.com/book/show/20618849-2
48,Fyodor Dostoevsky,Classic Fiction,4.244,The Brothers Karamazov,,,,1880,796,,4.39,379719,,,https://www.goodreads.com/book/show/4934.The_Brothers_Karamazov
48,Fyodor Dostoevsky,Classic Fiction,4.244,الأخوة كارامازوف #3,,,,1880,375,,4.4,2227,,,https://www.goodreads.com/book/show/11703544-3
48,Fyodor Dostoevsky,Classic Fiction,4.244,The Eternal Husband and Other Stories,,,,1890,349,,4.15,2756,,,https://www.goodreads.com/book/show/5686.The_Eternal_Husband_and_Other_Stories
48,Fyodor Dostoevsky,Classic Fiction,4.244,Great Short Works of Fyodor Dostoevsky,,,,1968,768,,4.42,1560,,,https://www.goodreads.com/book/show/12855.Great_Short_Works_of_Fyodor_Dostoevsky
48,Fyodor Dostoevsky,Classic Fiction,4.244,El Jugador / Noches Blancas,,,,,205,,4.09,1112,,,https://www.goodreads.com/book/show/2781519-el-jugador-noches-blancas
48,Fyodor Dostoevsky,Classic Fiction,4.244,"Notes from Underground, The Double and Other Stories",,,,,451,,4.25,1186,,,https://www.goodreads.com/book/show/49961.Notes_from_Underground_The_Double_and_Other_Stories
48,Fyodor Dostoevsky,Classic Fiction,4.244,Os Irmãos Karamázov II,,,,,528,,4.58,2765,,,https://www.goodreads.com/book/show/8301343-os-irm-os-karam-zov-ii
48,Fyodor Dostoevsky,Classic Fiction,4.244,الإخوة كارامازوف #4,,,,,550,,4.53,2365,,,https://www.goodreads.com/book/show/13184484-4
49,Robert Jordan,Fantasy,4.235,"To the Blight (The Eye of the World, #2)","The Eye of the World,",2,4.17,1990,500,Children,4.17,3128,,,https://www.goodreads.com/book/show/13889.To_the_Blight
49,Robert Jordan,Fantasy,4.235,"New Spring (The Wheel of Time, #0)","The Wheel of Time,",0,4.195,2004,423,,4.07,116612,,,https://www.goodreads.com/book/show/187065.New_Spring
49,Robert Jordan,Fantasy,4.235,"The Eye of the World (The Wheel of Time, #1)","The Wheel of Time,",1,4.195,1990,800,,4.19,585691,,,https://www.goodreads.com/book/show/228665.The_Eye_of_the_World
49,Robert Jordan,Fantasy,4.235,"The Great Hunt (The Wheel of Time, #2)","The Wheel of Time,",2,4.195,1990,705,,4.27,352214,,,https://www.goodreads.com/book/show/233649.The_Great_Hunt
49,Robert Jordan,Fantasy,4.235,"The Dragon Reborn (The Wheel of Time, #3)","The Wheel of Time,",3,4.195,1991,624,,4.28,320846,,,https://www.goodreads.com/book/show/34897.The_Dragon_Reborn
49,Robert Jordan,Fantasy,4.235,"The Shadow Rising (The Wheel of Time, #4)","The Wheel of Time,",4,4.195,1992,1007,,4.28,258646,,,https://www.goodreads.com/book/show/9539.The_Shadow_Rising
49,Robert Jordan,Fantasy,4.235,"The Fires of Heaven (The Wheel of Time, #5)","The Wheel of Time,",5,4.195,1993,912,,4.2,209211,,,https://www.goodreads.com/book/show/13895.The_Fires_of_Heaven
49,Robert Jordan,Fantasy,4.235,"Lord of Chaos (The Wheel of Time, #6)","The Wheel of Time,",6,4.195,1994,1011,,4.19,194250,,,https://www.goodreads.com/book/show/35231.Lord_of_Chaos
49,Robert Jordan,Fantasy,4.235,"A Crown of Swords (The Wheel of Time, #7)","The Wheel of Time,",7,4.195,1996,880,,4.07,184328,,,https://www.goodreads.com/book/show/13890.A_Crown_of_Swords
49,Robert Jordan,Fantasy,4.235,"The Path of Daggers (The Wheel of Time, #8)","The Wheel of Time,",8,4.195,1998,685,,3.93,160246,,,https://www.goodreads.com/book/show/140974.The_Path_of_Daggers
49,Robert Jordan,Fantasy,4.235,"Winter's Heart (The Wheel of Time, #9)","The Wheel of Time,",9,4.195,2000,780,,3.97,153084,,,https://www.goodreads.com/book/show/13891.Winter_s_Heart
49,Robert Jordan,Fantasy,4.235,"Crossroads of Twilight (The Wheel of Time, #10)","The Wheel of Time,",10,4.195,2003,704,,3.77,138408,,,https://www.goodreads.com/book/show/113435.Crossroads_of_Twilight
49,Robert Jordan,Fantasy,4.235,"Knife of Dreams (The Wheel of Time, #11)","The Wheel of Time,",11,4.195,2005,860,,4.2,146595,,,https://www.goodreads.com/book/show/13888.Knife_of_Dreams
49,Robert Jordan,Fantasy,4.235,"The Gathering Storm (The Wheel of Time, #12)","The Wheel of Time,",12,4.195,2009,824,,4.44,175644,,,https://www.goodreads.com/book/show/1166599.The_Gathering_Storm
49,Robert Jordan,Fantasy,4.235,"Towers of Midnight (The Wheel of Time, #13)","The Wheel of Time,",13,4.195,2010,863,,4.48,172956,,,https://www.goodreads.com/book/show/8253920-towers-of-midnight
49,Robert Jordan,Fantasy,4.235,"A Memory of Light (The Wheel of Time, #14)","The Wheel of Time,",14,4.195,2013,912,,4.58,159871,,,https://www.goodreads.com/book/show/7743175-a-memory-of-light
49,Robert Jordan,Fantasy,4.235,"The Strike at Shayol Ghul (Wheel of Time, #0.1)","Wheel of Time,",0.1,4.35,1996,7,,3.89,6212,,,https://www.goodreads.com/book/show/32995467-the-strike-at-shayol-ghul
49,Robert Jordan,Fantasy,4.235,"From the Two Rivers: The Eye of the World, Part 1 (Wheel of time, #1-1)","Wheel of time,",1,4.35,1990,416,Young Adult,4.27,19592,,,https://www.goodreads.com/book/show/187049.From_the_Two_Rivers
49,Robert Jordan,Fantasy,4.235,"The Wheel of Time: Boxed Set  (Wheel of Time, #1-8)","Wheel of Time,",1,4.35,1990,,,4.4,10226,,,https://www.goodreads.com/book/show/1111600.The_Wheel_of_Time
49,Robert Jordan,Fantasy,4.235,"The Wheel of Time: Boxed Set #1 (Wheel of Time, #1-3)","Wheel of Time,",1,4.35,1990,2272,,4.45,18884,,,https://www.goodreads.com/book/show/35233.The_Wheel_of_Time
49,Robert Jordan,Fantasy,4.235,"New Threads in the Pattern: The Great Hunt, Part 2 (Wheel of Time, #2-2)","Wheel of Time,",2,4.35,1990,464,,4.29,1564,,,https://www.goodreads.com/book/show/35228.New_Threads_in_the_Pattern
49,Robert Jordan,Fantasy,4.235,"The Wheel of Time: Boxed Set #2 (Wheel of Time, #4-6)","Wheel of Time,",4,4.35,1997,3006,,4.5,4305,,,https://www.goodreads.com/book/show/58427.The_Wheel_of_Time
49,Robert Jordan,Fantasy,4.235,"Best of Robert Jordan (Wheel of Time, #4-7)","Wheel of Time,",4,4.35,,10,,4.52,346,,,https://www.goodreads.com/book/show/187064.Best_of_Robert_Jordan
49,Robert Jordan,Fantasy,4.235,"The Wheel of Time: Boxed Set #3 (Wheel of Time, #7-9)","Wheel of Time,",7,4.35,2002,2400,,4.48,2059,,,https://www.goodreads.com/book/show/35230.The_Wheel_of_Time
49,Robert Jordan,Fantasy,4.235,"Camino a Tear (La Rueda Del Tiempo, #5)","La Rueda Del Tiempo,",5,4.039,1991,344,,4.06,1126,,,https://www.goodreads.com/book/show/484937.Camino_a_Tear
49,Robert Jordan,Fantasy,4.235,"El pueblo del dragón (La Rueda Del Tiempo, #6)","La Rueda Del Tiempo,",6,4.039,1991,384,,4.12,1010,,,https://www.goodreads.com/book/show/416515.El_pueblo_del_drag_n
49,Robert Jordan,Fantasy,4.235,"Los portales de piedra (La Rueda Del Tiempo, #7)","La Rueda Del Tiempo,",7,4.039,1992,496,,4.13,736,,,https://www.goodreads.com/book/show/6404939-los-portales-de-piedra
49,Robert Jordan,Fantasy,4.235,"La torre blanca (La Rueda del Tiempo, #9)","La Rueda del Tiempo,",9,4.039,1993,480,,4.08,615,,,https://www.goodreads.com/book/show/6404682-la-torre-blanca
49,Robert Jordan,Fantasy,4.235,"El señor del caos (La Rueda del Tiempo, #11)","La Rueda del Tiempo,",11,4.039,1994,560,,4.01,540,,,https://www.goodreads.com/book/show/6404663-el-se-or-del-caos
49,Robert Jordan,Fantasy,4.235,"Los Asha’man (La Rueda Del Tiempo, #12)","La Rueda Del Tiempo,",12,4.039,1994,576,,4.18,441,,,https://www.goodreads.com/book/show/6404933-los-asha-man
49,Robert Jordan,Fantasy,4.235,"Encrucijada en el crepúsculo (La Rueda del Tiempo, #16)","La Rueda del Tiempo,",16,4.039,2003,688,,3.69,635,,,https://www.goodreads.com/book/show/8503004-encrucijada-en-el-crep-sculo
49,Robert Jordan,Fantasy,4.235,The Wheel of Time Companion,,,,1997,816,,4.22,1459,,,https://www.goodreads.com/book/show/23847904-the-wheel-of-time-companion
49,Robert Jordan,Fantasy,4.235,"Snow: The Prologue to Winter's Heart (Wheel of Time, part of #9)","Wheel of Time, part of",9,4.16,2000,,,4.16,1148,,,https://www.goodreads.com/book/show/2486401.Snow
49,Robert Jordan,Fantasy,4.235,Glimmers: Prologue to Crossroads of Twilight (Wheel of Time),,,,2002,107,,4.11,1787,,,https://www.goodreads.com/book/show/4968078-glimmers
49,Robert Jordan,Fantasy,4.235,What the Storm Means: Prologue to The Gathering Storm,,,,2009,64,,4.33,1019,,,https://www.goodreads.com/book/show/6980873-what-the-storm-means
49,Robert Jordan,Fantasy,4.235,Distinctions: Prologue to Towers of Midnight (Wheel of Time),,,,2010,,,4.41,1640,,,https://www.goodreads.com/book/show/9105238-distinctions
49,Robert Jordan,Fantasy,4.235,By Grace and Banners Fallen: Prologue to A Memory of Light (Wheel of Time),,,,2012,74,,4.55,4445,,,https://www.goodreads.com/book/show/16006282-by-grace-and-banners-fallen
49,Robert Jordan,Fantasy,4.235,The Complete Wheel of Time,,,,2014,11095,,4.64,4302,,,https://www.goodreads.com/book/show/22429484-the-complete-wheel-of-time
49,Robert Jordan,Fantasy,4.235,The Wheel of time series by Robert Jordan (1-11),,,,,,,4.6,7148,,,https://www.goodreads.com/book/show/7932486-the-wheel-of-time-series-by-robert-jordan
50,Dan Simmons,Science-Fiction,4.18,Hyperion / The Fall of Hyperion / Endymion / Rise of Endymion,,,,1989,,,4.56,2142,,,https://www.goodreads.com/book/show/2930753-hyperion-the-fall-of-hyperion-endymion-rise-of-endymion
50,Dan Simmons,Science-Fiction,4.18,"Prayers to Broken Stones (Hyperion Cantos, #0.5)","Hyperion Cantos,",0.5,4.16,1990,403,,3.83,1439,,,https://www.goodreads.com/book/show/11283.Prayers_to_Broken_Stones
50,Dan Simmons,Science-Fiction,4.18,"Hyperion (Hyperion Cantos, #1)","Hyperion Cantos,",1,4.16,1989,500,,4.27,293477,,,https://www.goodreads.com/book/show/77566.Hyperion
50,Dan Simmons,Science-Fiction,4.18,"The Hyperion Omnibus (Hyperion Cantos, #1-2)","Hyperion Cantos,",1,4.16,1990,779,,4.44,4131,,,https://www.goodreads.com/book/show/3943.The_Hyperion_Omnibus
50,Dan Simmons,Science-Fiction,4.18,"The Fall of Hyperion (Hyperion Cantos, #2)","Hyperion Cantos,",2,4.16,1990,517,,4.24,145630,,,https://www.goodreads.com/book/show/77565.The_Fall_of_Hyperion
50,Dan Simmons,Science-Fiction,4.18,"Endymion (Hyperion Cantos, #3)","Hyperion Cantos,",3,4.16,1996,563,,4.19,69533,,,https://www.goodreads.com/book/show/3977.Endymion
50,Dan Simmons,Science-Fiction,4.18,"The Endymion Omnibus (Hyperion Cantos, #3-4)","Hyperion Cantos,",3,4.16,1996,992,,4.35,2159,,,https://www.goodreads.com/book/show/159320.The_Endymion_Omnibus
50,Dan Simmons,Science-Fiction,4.18,"The Rise of Endymion (Hyperion Cantos, #4)","Hyperion Cantos,",4,4.16,1997,709,,4.17,64035,,,https://www.goodreads.com/book/show/11289.The_Rise_of_Endymion
50,Dan Simmons,Science-Fiction,4.18,"Orphans of the Helix (Hyperion Cantos, #4.5)","Hyperion Cantos,",4.5,4.16,1999,46,,3.79,1043,,,https://www.goodreads.com/book/show/8675052-orphans-of-the-helix
50,Dan Simmons,Science-Fiction,4.18,"Summer of Night (Seasons of Horror, #1)","Seasons of Horror,",1,4.05,1991,600,,4.05,28533,,,https://www.goodreads.com/book/show/11279.Summer_of_Night
50,Dan Simmons,Science-Fiction,4.18,The Terror,,,,2007,835,,4.09,72430,,,https://www.goodreads.com/book/show/3974.The_Terror
51,Robert Jackson Bennett,Fantasy,4.229,"City of Stairs (The Divine Cities, #1)","The Divine Cities,",1,4.243,2014,452,,4.1,39876,,,https://www.goodreads.com/book/show/20174424-city-of-stairs
51,Robert Jackson Bennett,Fantasy,4.229,"City of Blades (The Divine Cities, #2)","The Divine Cities,",2,4.243,2016,484,,4.21,19553,,,https://www.goodreads.com/book/show/23909755-city-of-blades
51,Robert Jackson Bennett,Fantasy,4.229,"City of Miracles (The Divine Cities, #3)","The Divine Cities,",3,4.243,2017,451,,4.42,15322,,,https://www.goodreads.com/book/show/31522139-city-of-miracles
51,Robert Jackson Bennett,Fantasy,4.229,"Foundryside (The Founders Trilogy, #1)","The Founders Trilogy,",1,4.073,2018,501,,4.16,53612,,,https://www.goodreads.com/book/show/37173847-foundryside
51,Robert Jackson Bennett,Fantasy,4.229,"Shorefall (The Founders Trilogy, #2)","The Founders Trilogy,",2,4.073,2020,493,,4.04,24758,,,https://www.goodreads.com/book/show/45309582-shorefall
51,Robert Jackson Bennett,Fantasy,4.229,"Locklands (The Founders Trilogy, #3)","The Founders Trilogy,",3,4.073,2022,544,,4.02,13881,,,https://www.goodreads.com/book/show/55535618-locklands
51,Robert Jackson Bennett,Fantasy,4.229,"The Tainted Cup (Shadow of the Leviathan, #1)","Shadow of the Leviathan,",1,4.37,2024,432,,4.3,66380,,,https://www.goodreads.com/book/show/150247395-the-tainted-cup
51,Robert Jackson Bennett,Fantasy,4.229,"A Drop of Corruption (Shadow of the Leviathan, #2)","Shadow of the Leviathan,",2,4.37,2024,480,,4.49,29152,,,https://www.goodreads.com/book/show/213618143-a-drop-of-corruption
51,Robert Jackson Bennett,Fantasy,4.229,"A Trade of Blood (Shadow of the Leviathan, #3)","Shadow of the Leviathan,",3,4.37,,,,4.32,25,,,https://www.goodreads.com/book/show/102615935-a-trade-of-blood
52,Stephen        King,Thriller,4.241,11/22/63,,,,1974,849,,4.35,635539,,,https://www.goodreads.com/book/show/10644930-11-22-63
52,Stephen        King,Thriller,4.241,’Salem’s Lot,,,,1975,483,,4.1,650911,,,https://www.goodreads.com/book/show/11590._Salem_s_Lot
52,Stephen        King,Thriller,4.241,The Shining / 'Salem's Lot / Night Shift / Carrie,,,,1977,991,,4.66,1999,,,https://www.goodreads.com/book/show/5416.The_Shining_Salem_s_Lot_Night_Shift_Carrie
52,Stephen        King,Thriller,4.241,"The Shining (The Shining, #1)","The Shining,",1,4.205,1977,497,,4.28,1680030,,,https://www.goodreads.com/book/show/11588.The_Shining
52,Stephen        King,Thriller,4.241,"Doctor Sleep (The Shining, #2)","The Shining,",2,4.205,2013,531,,4.13,292437,,,https://www.goodreads.com/book/show/16130549-doctor-sleep
52,Stephen        King,Thriller,4.241,Le Fléau 1/2,,,,1978,764,,4.28,1707,,,https://www.goodreads.com/book/show/155549.Le_Fl_au_1_2
52,Stephen        King,Thriller,4.241,Le Fléau 2/2,,,,1978,795,,4.31,1441,,,https://www.goodreads.com/book/show/155527.Le_Fl_au_2_2
52,Stephen        King,Thriller,4.241,Night Shift,,,,1978,409,,4.04,196799,,,https://www.goodreads.com/book/show/10628.Night_Shift
52,Stephen        King,Thriller,4.241,"Quitters, Inc",,,,1978,19,,4.05,9510,,,https://www.goodreads.com/book/show/11572.Quitters_Inc
52,Stephen        King,Thriller,4.241,The Stand,,,,1978,500,,4.35,826309,,,https://www.goodreads.com/book/show/87591651-the-stand
52,Stephen        King,Thriller,4.241,Dark Forces: New Stories of Suspense and Supernatural Horror,,,,1980,551,,4.08,2901,,,https://www.goodreads.com/book/show/973196.Dark_Forces
52,Stephen        King,Thriller,4.241,The Jaunt,,,,1981,25,,4.17,5767,,,https://www.goodreads.com/book/show/52317884-the-jaunt
52,Stephen        King,Thriller,4.241,Creepshow,,,,1982,66,,4.07,39248,,,https://www.goodreads.com/book/show/11580.Creepshow
52,Stephen        King,Thriller,4.241,Different Seasons,,,,1982,560,,4.36,219647,,,https://www.goodreads.com/book/show/39662.Different_Seasons
52,Stephen        King,Thriller,4.241,Las cuatro estaciones: primavera/verano,,,,1982,354,,4.2,2238,,,https://www.goodreads.com/book/show/17225778-las-cuatro-estaciones
52,Stephen        King,Thriller,4.241,Rita Hayworth and Shawshank Redemption,,,,1982,181,,4.48,61015,,,https://www.goodreads.com/book/show/39664.Rita_Hayworth_and_Shawshank_Redemption
52,Stephen        King,Thriller,4.241,The Body,,,,1982,192,,4.02,35636,,,https://www.goodreads.com/book/show/38926465-the-body
52,Stephen        King,Thriller,4.241,"The Gunslinger (The Dark Tower, #1)","The Dark Tower,",1,4.162,1982,231,,3.91,657977,,,https://www.goodreads.com/book/show/43615.The_Gunslinger
52,Stephen        King,Thriller,4.241,"The Drawing of the Three (The Dark Tower, #2)","The Dark Tower,",2,4.162,1987,463,,4.24,287035,,,https://www.goodreads.com/book/show/5094.The_Drawing_of_the_Three
52,Stephen        King,Thriller,4.241,"The Waste Lands (The Dark Tower, #3)","The Dark Tower,",3,4.162,1991,422,,4.25,244743,,,https://www.goodreads.com/book/show/34084.The_Waste_Lands
52,Stephen        King,Thriller,4.241,"Wizard and Glass (The Dark Tower, #4)","The Dark Tower,",4,4.162,1997,896,,4.27,217912,,,https://www.goodreads.com/book/show/5096.Wizard_and_Glass
52,Stephen        King,Thriller,4.241,"The Wind Through the Keyhole (The Dark Tower, #4.5)","The Dark Tower,",4.5,4.162,2012,322,,4.14,92444,,,https://www.goodreads.com/book/show/12341557-the-wind-through-the-keyhole
52,Stephen        King,Thriller,4.241,"Wolves of the Calla (The Dark Tower, #5)","The Dark Tower,",5,4.162,1982,960,,4.2,200073,,,https://www.goodreads.com/book/show/4978.Wolves_of_the_Calla
52,Stephen        King,Thriller,4.241,"Song of Susannah (The Dark Tower, #6)","The Dark Tower,",6,4.162,2004,544,,4,173860,,,https://www.goodreads.com/book/show/5093.Song_of_Susannah
52,Stephen        King,Thriller,4.241,"The Dark Tower (The Dark Tower, #7)","The Dark Tower,",7,4.162,2004,1050,,4.29,187892,,,https://www.goodreads.com/book/show/5091.The_Dark_Tower
52,Stephen        King,Thriller,4.241,Carrie / 'Salem's Lot / The Shining,,,,1983,1096,,4.57,20945,,,https://www.goodreads.com/book/show/5417.Carrie_Salem_s_Lot_The_Shining
52,Stephen        King,Thriller,4.241,Pet Sematary,,,,1983,580,,4.08,687707,,,https://www.goodreads.com/book/show/33124137-pet-sematary
52,Stephen        King,Thriller,4.241,Uncle Otto's Truck,,,,1983,27,,4.33,2581,,,https://www.goodreads.com/book/show/37541461-uncle-otto-s-truck
52,Stephen        King,Thriller,4.241,"The Talisman (The Talisman, #1)","The Talisman,",1,4.075,1984,656,,4.11,140203,,,https://www.goodreads.com/book/show/59219.The_Talisman
52,Stephen        King,Thriller,4.241,"Black House (The Talisman, #2)","The Talisman,",2,4.075,2001,659,,4.04,68420,,,https://www.goodreads.com/book/show/10607.Black_House
52,Stephen        King,Thriller,4.241,Selections from Skeleton Crew,,,,1985,4,,4.31,9261,,,https://www.goodreads.com/book/show/666371.Selections_from_Skeleton_Crew
52,Stephen        King,Thriller,4.241,"Ça, Tome 1",,,,1986,799,,4.21,3151,,,https://www.goodreads.com/book/show/155512._a_Tome_1
52,Stephen        King,Thriller,4.241,"Ça, Tome 2",,,,1986,638,,4.18,2307,,,https://www.goodreads.com/book/show/155711._a_Tome_2
52,Stephen        King,Thriller,4.241,It,,,,1986,1184,,4.24,1248893,,,https://www.goodreads.com/book/show/830502.It
52,Stephen        King,Thriller,4.241,Misery,,,,1987,370,,4.23,834659,,,https://www.goodreads.com/book/show/10614.Misery
52,Stephen        King,Thriller,4.241,It/The Eyes of the Dragon/Misery,,,,1988,,,4.61,2944,,,https://www.goodreads.com/book/show/2239777.It_The_Eyes_of_the_Dragon_Misery
52,Stephen        King,Thriller,4.241,Nightmares in the Sky: Gargoyles and Grotesques,,,,1988,128,,4.01,3483,,,https://www.goodreads.com/book/show/116334.Nightmares_in_the_Sky
52,Stephen        King,Thriller,4.241,Needful Things,,,,1990,,,4.15,1148,,,https://www.goodreads.com/book/show/1011198.Needful_Things
52,Stephen        King,Thriller,4.241,The Dark Tower #1-3,,,,1991,1008,,4.46,8595,,,https://www.goodreads.com/book/show/458450.The_Dark_Tower_1_3
52,Stephen        King,Thriller,4.241,"Nightmares & Dreamscapes, Volume I",,,,1993,,,4.08,1291,,,https://www.goodreads.com/book/show/5631481-nightmares-dreamscapes-volume-i
52,Stephen        King,Thriller,4.241,Desperation / The Regulators: Box Set,,,,1996,1075,,4.22,8596,,,https://www.goodreads.com/book/show/32715.Desperation_The_Regulators
52,Stephen        King,Thriller,4.241,Dolores Claiborne/Insomnia/Rose Madder,,,,1996,,,4.45,3272,,,https://www.goodreads.com/book/show/102418.Dolores_Claiborne_Insomnia_Rose_Madder
52,Stephen        King,Thriller,4.241,The Green Mile,,,,1996,592,,4.49,358160,,,https://www.goodreads.com/book/show/11566.The_Green_Mile
52,Stephen        King,Thriller,4.241,"The Two Dead Girls (The Green Mile, #1)","The Green Mile,",1,4.523,1996,92,,4.5,38210,,,https://www.goodreads.com/book/show/92227.The_Two_Dead_Girls
52,Stephen        King,Thriller,4.241,"The Mouse on the Mile (The Green Mile, #2)","The Green Mile,",2,4.523,1997,92,,4.47,18286,,,https://www.goodreads.com/book/show/228194.The_Mouse_on_the_Mile
52,Stephen        King,Thriller,4.241,"Coffey's Hands (The Green Mile, #3)","The Green Mile,",3,4.523,1997,90,,4.51,18690,,,https://www.goodreads.com/book/show/228198.Coffey_s_Hands
52,Stephen        King,Thriller,4.241,"The Bad Death of Eduard Delacroix (The Green Mile, #4)","The Green Mile,",4,4.523,1997,90,,4.54,18618,,,https://www.goodreads.com/book/show/228199.The_Bad_Death_of_Eduard_Delacroix
52,Stephen        King,Thriller,4.241,"Night Journey (The Green Mile, #5)","The Green Mile,",5,4.523,1997,90,,4.53,16967,,,https://www.goodreads.com/book/show/228200.Night_Journey
52,Stephen        King,Thriller,4.241,"Coffey on the Mile (The Green Mile, #6)","The Green Mile,",6,4.523,1997,138,,4.59,18151,,,https://www.goodreads.com/book/show/71823.Coffey_on_the_Mile
52,Stephen        King,Thriller,4.241,Jerusalem's Lot,,,,2000,54,,4.06,5741,,,https://www.goodreads.com/book/show/36002545-jerusalem-s-lot
52,Stephen        King,Thriller,4.241,On Writing: A Memoir of the Craft,,,,2000,320,,4.34,314793,,,https://www.goodreads.com/book/show/10569.On_Writing
52,Stephen        King,Thriller,4.241,Secret Windows: Essays and Fiction on the Craft of Writing,,,,2000,433,,4.07,1831,,,https://www.goodreads.com/book/show/11596.Secret_Windows
52,Stephen        King,Thriller,4.241,The Dark Tower,,,,2002,,,4.5,5030,,,https://www.goodreads.com/book/show/5092.The_Dark_Tower
52,Stephen        King,Thriller,4.241,The Talisman and Black House,,,,2002,100,,4.45,4264,,,https://www.goodreads.com/book/show/97126.The_Talisman_and_Black_House
52,Stephen        King,Thriller,4.241,The Little Sisters of Eluria,,,,2003,312,,4.18,21903,,,https://www.goodreads.com/book/show/6356190-the-little-sisters-of-eluria
52,Stephen        King,Thriller,4.241,The Dark Tower Series: Books 1-7,,,,2005,3914,,4.62,12712,,,https://www.goodreads.com/book/show/12274389-the-dark-tower-series
52,Stephen        King,Thriller,4.241,The Talisman (Volume 1): The Road of Trials,,,,2009,160,,4.34,13378,,,https://www.goodreads.com/book/show/6907672-the-talisman-volume-1
52,Stephen        King,Thriller,4.241,Under the Dome: Part One,,,,2009,656,,4.05,11436,,,https://www.goodreads.com/book/show/18528452-under-the-dome
52,Stephen        King,Thriller,4.241,Under the Dome: Part Two,,,,2009,624,,4.08,4000,,,https://www.goodreads.com/book/show/18528453-under-the-dome
52,Stephen        King,Thriller,4.241,"Full Dark, No Stars",,,,2010,368,,4.08,117070,,,https://www.goodreads.com/book/show/7912007-full-dark-no-stars
52,Stephen        King,Thriller,4.241,Guns,,,,2013,25,,4.18,9877,,,https://www.goodreads.com/book/show/17284577-guns
52,Stephen        King,Thriller,4.241,"Mr. Mercedes (Bill Hodges Trilogy, #1)","Bill Hodges Trilogy,",1,4.073,2014,437,,4.04,370129,,,https://www.goodreads.com/book/show/18775247-mr-mercedes
52,Stephen        King,Thriller,4.241,"Finders Keepers (Bill Hodges Trilogy, #2)","Bill Hodges Trilogy,",2,4.073,2015,434,,4.07,184811,,,https://www.goodreads.com/book/show/23492589-finders-keepers
52,Stephen        King,Thriller,4.241,"End of Watch (Bill Hodges Trilogy, #3)","Bill Hodges Trilogy,",3,4.073,2016,432,,4.11,153107,,,https://www.goodreads.com/book/show/25526965-end-of-watch
52,Stephen        King,Thriller,4.241,The Dark Man,,,,2016,88,,4.12,3050,,,https://www.goodreads.com/book/show/17925150-the-dark-man
52,Stephen        King,Thriller,4.241,The Outsider,,,,2018,561,,4.01,373471,,,https://www.goodreads.com/book/show/36124936-the-outsider
52,Stephen        King,Thriller,4.241,The Institute,,,,2019,561,,4.2,334038,,,https://www.goodreads.com/book/show/43798285-the-institute
52,Stephen        King,Thriller,4.241,You Like It Darker,,,,2020,512,,4.19,82570,,,https://www.goodreads.com/book/show/201242757-you-like-it-darker
52,Stephen        King,Thriller,4.241,Billy Summers,,,,2021,517,,4.18,188931,,,https://www.goodreads.com/book/show/56852407-billy-summers
52,Stephen        King,Thriller,4.241,Fairy Tale,,,,2022,607,,4.09,331361,,,https://www.goodreads.com/book/show/60177373-fairy-tale
52,Stephen        King,Thriller,4.241,The Gwendy Collection: Gwendy's Button Box / Gwendy's Magic Feather / Gwendy's Final Task,,,,2022,688,,4.12,1222,,,https://www.goodreads.com/book/show/60321051-the-gwendy-collection
52,Stephen        King,Thriller,4.241,Hansel and Gretel,,,,2025,48,Children,4.02,6891,,,https://www.goodreads.com/book/show/222156823-hansel-and-gretel
52,Stephen        King,Thriller,4.241,11/22/63 上,,,,,529,,4.39,2656,,,https://www.goodreads.com/book/show/20980228-11-22-63
52,Stephen        King,Thriller,4.241,Everything's Eventual: 5 Dark Tales,,,,,8,,4.08,2592,,,https://www.goodreads.com/book/show/866502.Everything_s_Eventual
52,Stephen        King,Thriller,4.241,"Gwendy's Button Box + ""The Music Room""",,,,,3,,4.04,1154,,,https://www.goodreads.com/book/show/35120962-gwendy-s-button-box-the-music-room
52,Stephen        King,Thriller,4.241,Pet Sematary / Carrie / Nightshift,,,,,1,,4.3,3761,,,https://www.goodreads.com/book/show/860613.Pet_Sematary_Carrie_Nightshift
52,Stephen        King,Thriller,4.241,The Bill Hodges Trilogy,,,,,1344,,4.47,1040,,,https://www.goodreads.com/book/show/27406812-the-bill-hodges-trilogy
52,Stephen        King,Thriller,4.241,The Life of Chuck,,,,,58,,4.02,10149,,,https://www.goodreads.com/book/show/57213544-the-life-of-chuck
52,Stephen        King,Thriller,4.241,The Shawshank Redemption: Different Seasons,,,,,507,,4.48,5872,,,https://www.goodreads.com/book/show/155403.The_Shawshank_Redemption
52,Stephen        King,Thriller,4.241,The Shining,,,,,688,,4.27,2183,,,https://www.goodreads.com/book/show/139776033-the-shining
53,Nicholas Eames,Fantasy,4.22,"Kings of the Wyld (The Band, #1)","The Band,",1,4.22,2017,502,,4.27,63550,,,https://www.goodreads.com/book/show/30841984-kings-of-the-wyld
53,Nicholas Eames,Fantasy,4.22,"Bloody Rose (The Band, #2)","The Band,",2,4.22,2018,512,,4.17,23774,,,https://www.goodreads.com/book/show/35052265-bloody-rose
54,Ray Bradbury,Science-Fiction,4.159,The October Country,,,,1940,334,,4.1,21370,,,https://www.goodreads.com/book/show/93251.The_October_Country
54,Ray Bradbury,Science-Fiction,4.159,"The Homecoming (Wonderfully Illustrated Short Pieces, 2)",,,,1946,56,,4.03,1088,,,https://www.goodreads.com/book/show/9626.The_Homecoming
54,Ray Bradbury,Science-Fiction,4.159,The Martian Chronicles,,,,1947,182,,4.16,283248,,,https://www.goodreads.com/book/show/76778.The_Martian_Chronicles
54,Ray Bradbury,Science-Fiction,4.159,The Veldt,,,,1950,45,,4.14,14252,,,https://www.goodreads.com/book/show/120555.The_Veldt
54,Ray Bradbury,Science-Fiction,4.159,There Will Come Soft Rains,,,,1950,30,,4.23,9607,,,https://www.goodreads.com/book/show/2260460.There_Will_Come_Soft_Rains
54,Ray Bradbury,Science-Fiction,4.159,The Fog Horn,,,,1951,128,,4.28,1126,,,https://www.goodreads.com/book/show/357496.The_Fog_Horn
54,Ray Bradbury,Science-Fiction,4.159,The Illustrated Man,,,,1951,186,,4.13,106872,,,https://www.goodreads.com/book/show/24830.The_Illustrated_Man
54,Ray Bradbury,Science-Fiction,4.159,A Sound of Thunder,,,,1952,15,,4.07,8625,,,https://www.goodreads.com/book/show/17568373-a-sound-of-thunder
54,Ray Bradbury,Science-Fiction,4.159,A Sound of Thunder and Other Stories,,,,1953,338,,4.19,7430,,,https://www.goodreads.com/book/show/50014.A_Sound_of_Thunder_and_Other_Stories
54,Ray Bradbury,Science-Fiction,4.159,The Golden Apples of the Sun,,,,1953,338,,4.05,10555,,,https://www.goodreads.com/book/show/50035.The_Golden_Apples_of_the_Sun
54,Ray Bradbury,Science-Fiction,4.159,The Martian Chronicles / The Illustrated Man / The Golden Apples of the Sun,,,,1953,885,,4.4,2158,,,https://www.goodreads.com/book/show/9861626-the-martian-chronicles-the-illustrated-man-the-golden-apples-of-the
54,Ray Bradbury,Science-Fiction,4.159,All Summer in a Day,,,,1954,6,,4,5409,,,https://www.goodreads.com/book/show/45306054-all-summer-in-a-day
54,Ray Bradbury,Science-Fiction,4.159,Dandelion Wine,,,,1957,239,Young Adult,4.09,77748,,,https://www.goodreads.com/book/show/50033.Dandelion_Wine
54,Ray Bradbury,Science-Fiction,4.159,R is for Rocket,,,,1962,184,,4.12,5735,,,https://www.goodreads.com/book/show/886229.R_is_for_Rocket
54,Ray Bradbury,Science-Fiction,4.159,The Vintage Bradbury: The Greatest Stories by America's Most Distinguished Practioner of Speculative Fiction,,,,1965,329,,4.33,2171,,,https://www.goodreads.com/book/show/120566.The_Vintage_Bradbury
54,Ray Bradbury,Science-Fiction,4.159,S Is for Space,,,,1966,211,,4.1,3126,,,https://www.goodreads.com/book/show/550202.S_Is_for_Space
54,Ray Bradbury,Science-Fiction,4.159,I Sing the Body Electric! & Other Stories,,,,1969,336,,4.04,12993,,,https://www.goodreads.com/book/show/74586.I_Sing_the_Body_Electric_Other_Stories
54,Ray Bradbury,Science-Fiction,4.159,Zen in the Art of Writing: Releasing the Creative Genius Within You,,,,1973,158,,4.08,21205,,,https://www.goodreads.com/book/show/103761.Zen_in_the_Art_of_Writing
54,Ray Bradbury,Science-Fiction,4.159,Long After Midnight,,,,1976,288,,4,2805,,,https://www.goodreads.com/book/show/9628.Long_After_Midnight
54,Ray Bradbury,Science-Fiction,4.159,The Stories of Ray Bradbury,,,,1980,884,,4.43,5472,,,https://www.goodreads.com/book/show/120552.The_Stories_of_Ray_Bradbury
54,Ray Bradbury,Science-Fiction,4.159,A Medicine for Melancholy and Other Stories,,,,1998,307,Young Adult,4.15,8005,,,https://www.goodreads.com/book/show/91885.A_Medicine_for_Melancholy_and_Other_Stories
54,Ray Bradbury,Science-Fiction,4.159,Bradbury Stories: 100 of His Most Celebrated Tales,,,,2003,912,,4.41,6835,,,https://www.goodreads.com/book/show/9619.Bradbury_Stories
54,Ray Bradbury,Science-Fiction,4.159,"Summer Morning, Summer Night",,,,2008,176,,4.16,1110,,,https://www.goodreads.com/book/show/3339422-summer-morning-summer-night
54,Ray Bradbury,Science-Fiction,4.159,"Вино из одуванчиков / Лето, прощай / Канун всех святых",,,,,542,,4.12,1365,,,https://www.goodreads.com/book/show/29410491
55,Raymond E. Feist,Fantasy,4.211,"Talon of the Silver Hawk (Conclave of Shadows, #1)","Conclave of Shadows,",1,4.175,1982,378,,4.07,19525,,,https://www.goodreads.com/book/show/13811.Talon_of_the_Silver_Hawk
55,Raymond E. Feist,Fantasy,4.211,"Talon of the Silver Hawk / King of Foxes / Exile's Return (Conclave of Shadows, #1-3)","Conclave of Shadows,",1,4.175,1982,1091,,4.53,1083,,,https://www.goodreads.com/book/show/18901388-talon-of-the-silver-hawk-king-of-foxes-exile-s-return
55,Raymond E. Feist,Fantasy,4.211,"King of Foxes (Conclave of Shadows, #2)","Conclave of Shadows,",2,4.175,1982,365,,4.03,16141,,,https://www.goodreads.com/book/show/153175.King_of_Foxes
55,Raymond E. Feist,Fantasy,4.211,"Exile's Return (Conclave of Shadows, #3)","Conclave of Shadows,",3,4.175,1982,343,,4.07,16255,,,https://www.goodreads.com/book/show/13809.Exile_s_Return
55,Raymond E. Feist,Fantasy,4.211,"Prince of the Blood (Krondor's Sons, #1)","Krondor's Sons,",1,4.203,1982,429,,4.03,27206,,,https://www.goodreads.com/book/show/13878.Prince_of_the_Blood
55,Raymond E. Feist,Fantasy,4.211,"The Complete Krondor's Sons 2-Book Collection: Prince of the Blood, The King's Buccaneer (Krondor's Sons, #1-2)","Krondor's Sons,",1,4.203,1982,1095,,4.5,1068,,,https://www.goodreads.com/book/show/18869057-the-complete-krondor-s-sons-2-book-collection
55,Raymond E. Feist,Fantasy,4.211,"The King's Buccaneer (Krondor's Sons, #2)","Krondor's Sons,",2,4.203,1982,523,,4.08,26023,,,https://www.goodreads.com/book/show/169959.The_King_s_Buccaneer
55,Raymond E. Feist,Fantasy,4.211,"Honored Enemy (Legends of the Riftwar, #1)","Legends of the Riftwar,",1,4.003,1982,323,,3.99,8616,,,https://www.goodreads.com/book/show/13808.Honored_Enemy
55,Raymond E. Feist,Fantasy,4.211,"Honoured Enemy / Murder in Lamut / Jimmy the Hand (Legends of the Riftwar, #1-3)","Legends of the Riftwar,",1,4.003,1982,991,,4.34,465,,,https://www.goodreads.com/book/show/19033045-honoured-enemy-murder-in-lamut-jimmy-the-hand
55,Raymond E. Feist,Fantasy,4.211,"Murder in LaMut (Legends of the Riftwar, #2)","Legends of the Riftwar,",2,4.003,1982,337,,3.7,7246,,,https://www.goodreads.com/book/show/13819.Murder_in_LaMut
55,Raymond E. Feist,Fantasy,4.211,"Jimmy the Hand (Legends of the Riftwar, #3)","Legends of the Riftwar,",3,4.003,1982,368,,3.98,7934,,,https://www.goodreads.com/book/show/13816.Jimmy_the_Hand
55,Raymond E. Feist,Fantasy,4.211,"Magician: Apprentice, Volume 1 (Graphic Novel)",,,,1982,168,,4.47,1905,,,https://www.goodreads.com/book/show/1017160.Magician
55,Raymond E. Feist,Fantasy,4.211,"Magician: Apprentice, Volume 2",,,,1982,144,,4.46,2153,,,https://www.goodreads.com/book/show/1017182.Magician
55,Raymond E. Feist,Fantasy,4.211,Magician: Apprentice Volume 1  (Raymond E. Feist's Magician: Apprentice #1),Raymond E. Feist's Magician: Apprentice,1,4.45,1982,168,,4.45,24732,,,https://www.goodreads.com/book/show/43915.Magician
55,Raymond E. Feist,Fantasy,4.211,Silverthorn / A Darkness at Sethanon,,,,1982,839,,4.56,1062,,,https://www.goodreads.com/book/show/18926222-silverthorn-a-darkness-at-sethanon
55,Raymond E. Feist,Fantasy,4.211,"A Kingdom Besieged (The Chaoswar Saga, #1)","The Chaoswar Saga,",1,4.252,1982,368,,4,11257,,,https://www.goodreads.com/book/show/8664327-a-kingdom-besieged
55,Raymond E. Feist,Fantasy,4.211,"The Chaoswar Saga: A Kingdom Besieged / A Crown Imperilled / Magician's End (The Chaoswar Saga, #1-3)","The Chaoswar Saga,",1,4.252,1982,1416,,4.6,758,,,https://www.goodreads.com/book/show/23757382-the-chaoswar-saga
55,Raymond E. Feist,Fantasy,4.211,"A Crown Imperiled (The Chaoswar Saga, #2)","The Chaoswar Saga,",2,4.252,1982,480,,4.08,8208,,,https://www.goodreads.com/book/show/11827476-a-crown-imperiled
55,Raymond E. Feist,Fantasy,4.211,"Magician's End (The Chaoswar Saga, #3)","The Chaoswar Saga,",3,4.252,1982,638,,4.33,8643,,,https://www.goodreads.com/book/show/13502958-magician-s-end
55,Raymond E. Feist,Fantasy,4.211,"Flight of the Nighthawks (The Darkwar Saga, #1)","The Darkwar Saga,",1,4.165,1982,368,,3.99,13580,,,https://www.goodreads.com/book/show/13807.Flight_of_the_Nighthawks
55,Raymond E. Feist,Fantasy,4.211,"Flight of the Nighthawks / Into a Dark Realm / Wrath of a Mad God (The Darkwar Saga, #1-3)","The Darkwar Saga,",1,4.165,1982,1253,,4.53,948,,,https://www.goodreads.com/book/show/18933798-flight-of-the-nighthawks-into-a-dark-realm-wrath-of-a-mad-god
55,Raymond E. Feist,Fantasy,4.211,"Into a Dark Realm (The Darkwar Saga, #2)","The Darkwar Saga,",2,4.165,1982,319,,4.04,12545,,,https://www.goodreads.com/book/show/13814.Into_a_Dark_Realm
55,Raymond E. Feist,Fantasy,4.211,"Wrath of a Mad God (The Darkwar Saga, #3)","The Darkwar Saga,",3,4.165,1982,516,,4.1,11864,,,https://www.goodreads.com/book/show/1196299.Wrath_of_a_Mad_God
55,Raymond E. Feist,Fantasy,4.211,"Rides a Dread Legion (The Demonwar Saga, #1)","The Demonwar Saga,",1,4.147,1982,366,,3.98,10102,,,https://www.goodreads.com/book/show/4003436-rides-a-dread-legion
55,Raymond E. Feist,Fantasy,4.211,"Rides a Dread Legion / At the Gates of Darkness (The Demonwar Saga, #1-2)","The Demonwar Saga,",1,4.147,1982,608,,4.46,671,,,https://www.goodreads.com/book/show/19244839-rides-a-dread-legion-at-the-gates-of-darkness
55,Raymond E. Feist,Fantasy,4.211,"At the Gates of Darkness (The Demonwar Saga, #2)","The Demonwar Saga,",2,4.147,1982,302,,4,9528,,,https://www.goodreads.com/book/show/6697866-at-the-gates-of-darkness
55,Raymond E. Feist,Fantasy,4.211,"A Darkness Returns (The Dragonwar Saga, #1)","The Dragonwar Saga,",1,4.34,1982,480,,4.34,1503,,,https://www.goodreads.com/book/show/199793650-a-darkness-returns
55,Raymond E. Feist,Fantasy,4.211,"The Complete Empire Trilogy: Daughter of the Empire, Mistress of the Empire, Servant of the Empire (The Empire  Trilogy, #1-3)","The Empire  Trilogy,",1,4.68,1982,2201,,4.68,2136,,,https://www.goodreads.com/book/show/18744484-the-complete-empire-trilogy
55,Raymond E. Feist,Fantasy,4.211,"Daughter of the Empire (The Empire Trilogy, #1)","The Empire Trilogy,",1,4.32,1982,421,,4.29,41297,,,https://www.goodreads.com/book/show/589979.Daughter_of_the_Empire
55,Raymond E. Feist,Fantasy,4.211,"Servant of the Empire (The Empire Trilogy, #2)","The Empire Trilogy,",2,4.32,1982,827,,4.32,31809,,,https://www.goodreads.com/book/show/13815.Servant_of_the_Empire
55,Raymond E. Feist,Fantasy,4.211,"Mistress of the Empire (The Empire Trilogy, #3)","The Empire Trilogy,",3,4.32,1982,676,,4.35,28151,,,https://www.goodreads.com/book/show/317504.Mistress_of_the_Empire
55,Raymond E. Feist,Fantasy,4.211,"King of Ashes (The Firemane Saga, #1)","The Firemane Saga,",1,4.17,1982,499,,4.17,12794,,,https://www.goodreads.com/book/show/18505747-king-of-ashes
55,Raymond E. Feist,Fantasy,4.211,"Queen of Storms (The Firemane Saga, #2)","The Firemane Saga,",2,4.17,1982,437,,4.27,8049,,,https://www.goodreads.com/book/show/51930485-queen-of-storms
55,Raymond E. Feist,Fantasy,4.211,"Master of Furies (The Firemane Saga, #3)","The Firemane Saga,",3,4.17,1982,487,,4.07,5360,,,https://www.goodreads.com/book/show/25943766-master-of-furies
55,Raymond E. Feist,Fantasy,4.211,"Krondor: The Betrayal (The Riftwar Legacy, #1)","The Riftwar Legacy,",1,4.012,1982,415,,3.9,16627,,,https://www.goodreads.com/book/show/92918.Krondor
55,Raymond E. Feist,Fantasy,4.211,"The Riftwar Legacy Box Set (The Riftwar Legacy, #1-3)","The Riftwar Legacy,",1,4.012,1982,1232,,4.42,422,,,https://www.goodreads.com/book/show/92922.The_Riftwar_Legacy_Box_Set
55,Raymond E. Feist,Fantasy,4.211,"Krondor: The Assassins (The Riftwar Legacy, #2)","The Riftwar Legacy,",2,4.012,1982,350,,3.92,14119,,,https://www.goodreads.com/book/show/13818.Krondor
55,Raymond E. Feist,Fantasy,4.211,"Krondor: Tear of the Gods (The Riftwar Legacy, #3)","The Riftwar Legacy,",3,4.012,1982,365,,3.91,12916,,,https://www.goodreads.com/book/show/177191.Krondor
55,Raymond E. Feist,Fantasy,4.211,"Jimmy and the Crawler (The Riftwar Legacy, #4)","The Riftwar Legacy,",4,4.012,1982,144,,3.91,4087,,,https://www.goodreads.com/book/show/17212339-jimmy-and-the-crawler
55,Raymond E. Feist,Fantasy,4.211,"Magician (The Riftwar Saga, #1-2)","The Riftwar Saga,",1,4.245,1982,681,,4.32,71393,,,https://www.goodreads.com/book/show/43916.Magician
55,Raymond E. Feist,Fantasy,4.211,"Magician: Apprentice (The Riftwar Saga, #1)","The Riftwar Saga,",1,4.245,1982,485,,4.17,101904,,,https://www.goodreads.com/book/show/13812.Magician
55,Raymond E. Feist,Fantasy,4.211,"The Riftwar Saga (The Riftwar Saga, #1-4)","The Riftwar Saga,",1,4.245,1982,,,4.42,12684,,,https://www.goodreads.com/book/show/2041545.The_Riftwar_Saga
55,Raymond E. Feist,Fantasy,4.211,"Magician: Master (The Riftwar Saga, #2)","The Riftwar Saga,",2,4.245,1982,499,,4.25,76094,,,https://www.goodreads.com/book/show/13810.Magician
55,Raymond E. Feist,Fantasy,4.211,"Silverthorn (The Riftwar Saga, #3)","The Riftwar Saga,",3,4.245,1982,432,,4.11,67958,,,https://www.goodreads.com/book/show/149302.Silverthorn
55,Raymond E. Feist,Fantasy,4.211,"A Darkness at Sethanon (The Riftwar Saga, #4)","The Riftwar Saga,",4,4.245,1982,527,,4.2,71175,,,https://www.goodreads.com/book/show/13813.A_Darkness_at_Sethanon
55,Raymond E. Feist,Fantasy,4.211,"Rage of a Demon King/Shadow of a Dark Queen/Rise of a Merchant Prince (The Serpentwar Saga, #1-3)","The Serpentwar Saga,",1,4.16,1982,416,,4.47,278,,,https://www.goodreads.com/book/show/15231498-rage-of-a-demon-king-shadow-of-a-dark-queen-rise-of-a-merchant-prince
55,Raymond E. Feist,Fantasy,4.211,"Shadow of a Dark Queen (The Serpentwar Saga, #1)","The Serpentwar Saga,",1,4.16,1982,497,,4.09,31508,,,https://www.goodreads.com/book/show/43908.Shadow_of_a_Dark_Queen
55,Raymond E. Feist,Fantasy,4.211,"Rise of a Merchant Prince (The Serpentwar Saga, #2)","The Serpentwar Saga,",2,4.16,1982,479,,4.09,30869,,,https://www.goodreads.com/book/show/43917.Rise_of_a_Merchant_Prince
55,Raymond E. Feist,Fantasy,4.211,"Rage of a Demon King (The Serpentwar Saga, #3)","The Serpentwar Saga,",3,4.16,1982,436,,4.09,27534,,,https://www.goodreads.com/book/show/13881.Rage_of_a_Demon_King
55,Raymond E. Feist,Fantasy,4.211,"Shards of a Broken Crown (The Serpentwar Saga, #4)","The Serpentwar Saga,",4,4.16,1982,498,,4.06,23506,,,https://www.goodreads.com/book/show/13817.Shards_of_a_Broken_Crown
55,Raymond E. Feist,Fantasy,4.211,The Serpentwar Saga: The Complete 4-Book Collection,,,,1982,2322,,4.59,1184,,,https://www.goodreads.com/book/show/18927652-the-serpentwar-saga
56,David Foster Wallace,Humor,4.226,A Supposedly Fun Thing I'll Never Do Again:  Essays and Arguments,,,,1923,353,,4.13,53708,,,https://www.goodreads.com/book/show/6748.A_Supposedly_Fun_Thing_I_ll_Never_Do_Again
56,David Foster Wallace,Humor,4.226,Consider the Lobster and Other Essays,,,,1923,343,,4.18,53662,,,https://www.goodreads.com/book/show/6751.Consider_the_Lobster_and_Other_Essays
56,David Foster Wallace,Humor,4.226,Infinite Jest,,,,1923,1088,,4.25,100319,,,https://www.goodreads.com/book/show/6759.Infinite_Jest
56,David Foster Wallace,Humor,4.226,Oblivion,,,,1923,329,,4.07,15754,,,https://www.goodreads.com/book/show/6749.Oblivion
56,David Foster Wallace,Humor,4.226,String Theory: David Foster Wallace on Tennis,,,,1923,138,,4.15,5727,,,https://www.goodreads.com/book/show/27246166-string-theory
56,David Foster Wallace,Humor,4.226,The David Foster Wallace Reader,,,,1923,963,,4.37,1033,,,https://www.goodreads.com/book/show/21423291-the-david-foster-wallace-reader
56,David Foster Wallace,Humor,4.226,The Depressed Person,,,,1923,8,,4.3,1155,,,https://www.goodreads.com/book/show/11334386-the-depressed-person
56,David Foster Wallace,Humor,4.226,"This Is Water: Some Thoughts, Delivered on a Significant Occasion, about Living a Compassionate Life",,,,1923,138,,4.47,37855,,,https://www.goodreads.com/book/show/5986375-this-is-water
56,David Foster Wallace,Humor,4.226,Conversations with David Foster Wallace (Literary Conversations Series),,,,2005,186,,4.18,1300,,,https://www.goodreads.com/book/show/13099799-conversations-with-david-foster-wallace
56,David Foster Wallace,Humor,4.226,Something to Do with Paying Attention (McNally Editions),,,,2011,152,,4.16,1520,,,https://www.goodreads.com/book/show/59441851-something-to-do-with-paying-attention
57,C.S. Lewis,Fantasy,4.209,"The Lion, the Witch and the Wardrobe (Chronicles of Narnia, #1)","Chronicles of Narnia,",1,4.033,1950,180,Children; Middle Grade; Young Adult,4.24,3109874,,,https://www.goodreads.com/book/show/132080146-the-lion-the-witch-and-the-wardrobe
57,C.S. Lewis,Fantasy,4.209,"Prince Caspian (Chronicles of Narnia, #2)","Chronicles of Narnia,",2,4.033,1951,240,Children; Middle Grade; Young Adult,3.98,479165,,,https://www.goodreads.com/book/show/121749.Prince_Caspian
57,C.S. Lewis,Fantasy,4.209,"The Voyage of the Dawn Treader (Chronicles of Narnia, #3)","Chronicles of Narnia,",3,4.033,1952,248,Children; Young Adult,4.09,503126,,,https://www.goodreads.com/book/show/140225.The_Voyage_of_the_Dawn_Treader
57,C.S. Lewis,Fantasy,4.209,"The Silver Chair (Chronicles of Narnia, #4)","Chronicles of Narnia,",4,4.033,1953,243,Children; Young Adult,3.95,326928,,,https://www.goodreads.com/book/show/65641.The_Silver_Chair
57,C.S. Lewis,Fantasy,4.209,"The Horse and His Boy (Chronicles of Narnia, #5)","Chronicles of Narnia,",5,4.033,1937,224,Children; Young Adult,3.91,387322,,,https://www.goodreads.com/book/show/84119.The_Horse_and_His_Boy
57,C.S. Lewis,Fantasy,4.209,"The Magician’s Nephew (Chronicles of Narnia, #6)","Chronicles of Narnia,",6,4.033,1955,221,Children; Middle Grade; Young Adult,4.05,597711,,,https://www.goodreads.com/book/show/65605.The_Magician_s_Nephew
57,C.S. Lewis,Fantasy,4.209,"The Last Battle (Chronicles of Narnia, #7)","Chronicles of Narnia,",7,4.033,1956,288,Children; Middle Grade; Young Adult,4.01,302272,,,https://www.goodreads.com/book/show/84369.The_Last_Battle
57,C.S. Lewis,Fantasy,4.209,Space Trilogy: Out of the Silent Planet / Perelandra / That Hideous Strength,,,,1938,764,,4.19,11970,,,https://www.goodreads.com/book/show/30628.Space_Trilogy
57,C.S. Lewis,Fantasy,4.209,C.S. Lewis Signature Classics,,,,1940,,,4.45,4451,,,https://www.goodreads.com/book/show/17335.C_S_Lewis_Signature_Classics
57,C.S. Lewis,Fantasy,4.209,The Problem of Pain,,,,1940,162,,4.13,72337,,,https://www.goodreads.com/book/show/13650513-the-problem-of-pain
57,C.S. Lewis,Fantasy,4.209,A Preface to Paradise Lost,,,,1942,143,,4.26,1697,,,https://www.goodreads.com/book/show/207546.A_Preface_to_Paradise_Lost
57,C.S. Lewis,Fantasy,4.209,The Screwtape Letters,,,,1942,222,,4.27,511202,,,https://www.goodreads.com/book/show/8130077-the-screwtape-letters
57,C.S. Lewis,Fantasy,4.209,The Abolition of Man,,,,1943,113,,4.12,39909,,,https://www.goodreads.com/book/show/25825420-the-abolition-of-man
57,C.S. Lewis,Fantasy,4.209,"The Screwtape Letters: Also Includes ""Screwtape Proposes a Toast""",,,,1943,209,,4.31,7647,,,https://www.goodreads.com/book/show/674321.The_Screwtape_Letters
57,C.S. Lewis,Fantasy,4.209,The Great Divorce,,,,1946,146,,4.32,179436,,,https://www.goodreads.com/book/show/25845273-the-great-divorce
57,C.S. Lewis,Fantasy,4.209,Miracles,,,,1947,294,,4.05,20234,,,https://www.goodreads.com/book/show/13650512-miracles
57,C.S. Lewis,Fantasy,4.209,The Weight of Glory,,,,1949,208,,4.38,25626,,,https://www.goodreads.com/book/show/29921671-the-weight-of-glory
57,C.S. Lewis,Fantasy,4.209,Tales of Narnia: Prince Caspian/The Voyage of the Dawn Treader,,,,1950,520,Children; Middle Grade; Young Adult,4.12,2099,,,https://www.goodreads.com/book/show/2451646.Tales_of_Narnia
57,C.S. Lewis,Fantasy,4.209,"The Magician's Nephew / The Lion, The Witch and the Wardrobe / The Horse and His Boy (The Chronicles of Narnia Set #1-3)",The Chronicles of Narnia Set,1,4.44,1950,,Children; Middle Grade; Young Adult,4.44,6353,,,https://www.goodreads.com/book/show/55792.The_Magician_s_Nephew_The_Lion_The_Witch_and_the_Wardrobe_The_Horse_and_His_Boy
57,C.S. Lewis,Fantasy,4.209,The Silver Chair and The Last Battle,,,,1950,384,Children; Middle Grade; Young Adult,4.33,1045,,,https://www.goodreads.com/book/show/498555.The_Silver_Chair_and_The_Last_Battle
57,C.S. Lewis,Fantasy,4.209,What Christians Believe,,,,1952,98,,4.33,1667,,,https://www.goodreads.com/book/show/30634.What_Christians_Believe
57,C.S. Lewis,Fantasy,4.209,Mere Christianity,,,,1953,191,,4.37,452619,,,https://www.goodreads.com/book/show/11138.Mere_Christianity
57,C.S. Lewis,Fantasy,4.209,"The Chronicles of Narnia (The Chronicles of Narnia, #1-7)","The Chronicles of Narnia,",1,4.28,1954,767,Children; Young Adult,4.28,702038,,,https://www.goodreads.com/book/show/11127.The_Chronicles_of_Narnia
57,C.S. Lewis,Fantasy,4.209,Surprised by Joy: The Shape of My Early Life,,,,1955,185,,4.06,68540,,,https://www.goodreads.com/book/show/121732.Surprised_by_Joy
57,C.S. Lewis,Fantasy,4.209,"The Lion, the Witch and the Wardrobe / The Magician's Nephew",,,,1955,,Children; Young Adult,4.27,2892,,,https://www.goodreads.com/book/show/1797057.The_Lion_the_Witch_and_the_Wardrobe_The_Magician_s_Nephew
57,C.S. Lewis,Fantasy,4.209,"The Last Battle (Radio Theatre's Chronicles of Narnia, #7)","Radio Theatre's Chronicles of Narnia,",7,4.42,1956,105,Children,4.42,12370,,,https://www.goodreads.com/book/show/1154896.The_Last_Battle
57,C.S. Lewis,Fantasy,4.209,Till We Have Faces,,,,1956,313,,4.2,79087,,,https://www.goodreads.com/book/show/17343.Till_We_Have_Faces
57,C.S. Lewis,Fantasy,4.209,The Four Loves,,,,1960,192,,4.17,67040,,,https://www.goodreads.com/book/show/29938407-the-four-loves
57,C.S. Lewis,Fantasy,4.209,The World's Last Night: And Other Essays,,,,1960,128,,4.22,2666,,,https://www.goodreads.com/book/show/30037798-the-world-s-last-night
57,C.S. Lewis,Fantasy,4.209,A Grief Observed,,,,1961,76,,4.22,94009,,,https://www.goodreads.com/book/show/26077627-a-grief-observed
57,C.S. Lewis,Fantasy,4.209,An Experiment in Criticism,,,,1961,152,,4.2,3288,,,https://www.goodreads.com/book/show/80007.An_Experiment_in_Criticism
57,C.S. Lewis,Fantasy,4.209,Letters to Malcolm: Chiefly on Prayer,,,,1964,124,,4.01,6612,,,https://www.goodreads.com/book/show/31068.Letters_to_Malcolm
57,C.S. Lewis,Fantasy,4.209,The Discarded Image: An Introduction to Medieval and Renaissance Literature,,,,1964,231,,4.28,3250,,,https://www.goodreads.com/book/show/80005.The_Discarded_Image
57,C.S. Lewis,Fantasy,4.209,Screwtape Proposes a Toast: And Other Pieces,,,,1965,224,,4.14,1063,,,https://www.goodreads.com/book/show/656363.Screwtape_Proposes_a_Toast
57,C.S. Lewis,Fantasy,4.209,Letters to an American Lady,,,,1966,128,,4.11,1124,,,https://www.goodreads.com/book/show/543544.Letters_to_an_American_Lady
57,C.S. Lewis,Fantasy,4.209,God in the Dock: Essays on Theology and Ethics,,,,1971,346,,4.24,8874,,,https://www.goodreads.com/book/show/111563.God_in_the_Dock
57,C.S. Lewis,Fantasy,4.209,The Joyful Christian,,,,1977,239,,4.05,1172,,,https://www.goodreads.com/book/show/541736.The_Joyful_Christian
57,C.S. Lewis,Fantasy,4.209,On Stories: And Other Essays on Literature,,,,1981,153,,4.28,1461,,,https://www.goodreads.com/book/show/242140.On_Stories
57,C.S. Lewis,Fantasy,4.209,Of Other Worlds: Essays and Stories,,,,1983,256,,4.14,1598,,,https://www.goodreads.com/book/show/30037801-of-other-worlds
57,C.S. Lewis,Fantasy,4.209,Letters to Children,,,,1985,128,Children,4.23,2384,,,https://www.goodreads.com/book/show/30626.Letters_to_Children
57,C.S. Lewis,Fantasy,4.209,A Year with C.S. Lewis: Daily Readings from His Classic Works,,,,2003,416,,4.39,2464,,,https://www.goodreads.com/book/show/17333.A_Year_with_C_S_Lewis
57,C.S. Lewis,Fantasy,4.209,Mere Christianity and The Screwtape Letters,,,,2003,449,,4.42,2427,,,https://www.goodreads.com/book/show/11140.Mere_Christianity_and_The_Screwtape_Letters
57,C.S. Lewis,Fantasy,4.209,The Reading Life: The Joy of Seeing New Worlds Through Others' Eyes,,,,2019,192,,4.09,2488,,,https://www.goodreads.com/book/show/36300732-the-reading-life
57,C.S. Lewis,Fantasy,4.209,How to Pray: Reflections and Essays,,,,,176,,4.15,1319,,,https://www.goodreads.com/book/show/36260166-how-to-pray
57,C.S. Lewis,Fantasy,4.209,The Abolition of Man & The Great Divorce,,,,,259,,4.17,1365,,,https://www.goodreads.com/book/show/107294.The_Abolition_of_Man_The_Great_Divorce
57,C.S. Lewis,Fantasy,4.209,The Case for Christianity,,,,,64,,4.18,2865,,,https://www.goodreads.com/book/show/415022.The_Case_for_Christianity
57,C.S. Lewis,Fantasy,4.209,The Chronicles of Narnia Complete 7-Book Collection: All 7 Books Plus Bonus Book: Boxen,,,,,1504,Children; Young Adult,4.62,2190,,,https://www.goodreads.com/book/show/18769280-the-chronicles-of-narnia-complete-7-book-collection
58,Philip K. Dick,Science-Fiction,4.153,Philip K. Dick's Electric Dreams,,,,1950,223,,4.11,5505,,,https://www.goodreads.com/book/show/38650847-philip-k-dick-s-electric-dreams
58,Philip K. Dick,Science-Fiction,4.153,The Collected Stories of Philip K. Dick 1: The Short Happy Life of the Brown Oxford,,,,1952,432,,4.16,9558,,,https://www.goodreads.com/book/show/22592.The_Collected_Stories_of_Philip_K_Dick_1
58,Philip K. Dick,Science-Fiction,4.153,The Collected Stories of Philip K. Dick 3: Second Variety,,,,1952,414,,4.22,4851,,,https://www.goodreads.com/book/show/14186.The_Collected_Stories_of_Philip_K_Dick_3
58,Philip K. Dick,Science-Fiction,4.153,Second Variety,,,,1953,1,,4,4460,,,https://www.goodreads.com/book/show/8185014-second-variety
58,Philip K. Dick,Science-Fiction,4.153,The Collected Stories of Philip K. Dick 2: We Can Remember it for You Wholesale,,,,1953,381,,4.21,9280,,,https://www.goodreads.com/book/show/22581.The_Collected_Stories_of_Philip_K_Dick_2
58,Philip K. Dick,Science-Fiction,4.153,The Collected Stories of Philip K. Dick 4: The Minority Report,,,,1954,396,,4.11,14613,,,https://www.goodreads.com/book/show/156724.The_Collected_Stories_of_Philip_K_Dick_4
58,Philip K. Dick,Science-Fiction,4.153,Four Novels of the 1960s,,,,1962,830,,4.37,2334,,,https://www.goodreads.com/book/show/14182.Four_Novels_of_the_1960s
58,Philip K. Dick,Science-Fiction,4.153,The Three Stigmata of Palmer Eldritch,,,,1965,231,,4.01,43075,,,https://www.goodreads.com/book/show/14185.The_Three_Stigmata_of_Palmer_Eldritch
58,Philip K. Dick,Science-Fiction,4.153,The Best of Philip K. Dick,,,,1967,450,,4.23,1498,,,https://www.goodreads.com/book/show/22591.The_Best_of_Philip_K_Dick
58,Philip K. Dick,Science-Fiction,4.153,Do Androids Dream of Electric Sheep?,,,,1968,258,,4.09,506018,,,https://www.goodreads.com/book/show/36402034-do-androids-dream-of-electric-sheep
58,Philip K. Dick,Science-Fiction,4.153,Ubik,,,,1969,288,,4.11,121126,,,https://www.goodreads.com/book/show/22590.Ubik
58,Philip K. Dick,Science-Fiction,4.153,A Scanner Darkly,,,,1977,324,,4.03,109449,,,https://www.goodreads.com/book/show/14817.A_Scanner_Darkly
58,Philip K. Dick,Science-Fiction,4.153,Selected Stories of Philip K. Dick,,,,1982,496,,4.26,4161,,,https://www.goodreads.com/book/show/14180.Selected_Stories_of_Philip_K_Dick
58,Philip K. Dick,Science-Fiction,4.153,The Philip K. Dick Reader,,,,1982,422,,4.28,3262,,,https://www.goodreads.com/book/show/14183.The_Philip_K_Dick_Reader
58,Philip K. Dick,Science-Fiction,4.153,The Collected Stories of Philip K. Dick 5: The Eye of The Sibyl,,,,1987,396,,4.18,3319,,,https://www.goodreads.com/book/show/22585.The_Collected_Stories_of_Philip_K_Dick_5
58,Philip K. Dick,Science-Fiction,4.153,The Shifting Realities of Philip K. Dick,,,,1995,384,,4.1,1034,,,https://www.goodreads.com/book/show/14184.The_Shifting_Realities_of_Philip_K_Dick
58,Philip K. Dick,Science-Fiction,4.153,Five Great Novels: The Three Stigmata of Palmer Eldritch / Martian Time-Slip / Do Androids Dream of Electric Sheep? / Ubik / A Scanner Darkly,,,,2004,839,,4.33,2263,,,https://www.goodreads.com/book/show/649643.Five_Great_Novels
58,Philip K. Dick,Science-Fiction,4.153,"Do Androids Dream of Electric Sheep? 1 (Do Androids Dream of Electric Sheep?, #1)","Do Androids Dream of Electric Sheep?,",1,4.075,2011,144,,4.04,4397,,,https://www.goodreads.com/book/show/6545414-do-androids-dream-of-electric-sheep-1
58,Philip K. Dick,Science-Fiction,4.153,"Do Androids Dream of Electric Sheep? 2 (Do Androids Dream of Electric Sheep?, #2)","Do Androids Dream of Electric Sheep?,",2,4.075,2009,144,,4.11,603,,,https://www.goodreads.com/book/show/6696926-do-androids-dream-of-electric-sheep-2
58,Philip K. Dick,Science-Fiction,4.153,The Exegesis of Philip K. Dick,,,,2011,976,,4.15,1086,,,https://www.goodreads.com/book/show/10887550-the-exegesis-of-philip-k-dick
58,Philip K. Dick,Science-Fiction,4.153,The Philip K. Dick Megapack: 15 Classic Science Fiction Stories,,,,2013,365,,4.12,2030,,,https://www.goodreads.com/book/show/18894789-the-philip-k-dick-megapack
59,J.R.R. Tolkien,Fantasy,4.207,Leaf by Niggle,,,,1937,22,Children,4.26,8346,,,https://www.goodreads.com/book/show/6784686-leaf-by-niggle
59,J.R.R. Tolkien,Fantasy,4.207,"The Hobbit, or There and Back Again",,,,1937,366,Young Adult,4.3,4406928,,,https://www.goodreads.com/book/show/5907.The_Hobbit_or_There_and_Back_Again
59,J.R.R. Tolkien,Fantasy,4.207,"The Hobbit, Part 2 of 2",,,,1937,6,,4.43,1574,,,https://www.goodreads.com/book/show/16153601-the-hobbit-part-2-of-2
59,J.R.R. Tolkien,Fantasy,4.207,"The Hobbit, Part One",,,,1937,230,,4.31,382425,,,https://www.goodreads.com/book/show/17157681-the-hobbit-part-one
59,J.R.R. Tolkien,Fantasy,4.207,The Lay of Aotrou and Itroun,,,,1945,106,,4.03,1512,,,https://www.goodreads.com/book/show/31122069-the-lay-of-aotrou-and-itroun
59,J.R.R. Tolkien,Fantasy,4.207,"The Fellowship of the Ring (The Lord of the Rings, #1)","The Lord of the Rings,",1,4.437,1954,432,,4.4,3105275,,,https://www.goodreads.com/book/show/61215351-the-fellowship-of-the-ring
59,J.R.R. Tolkien,Fantasy,4.207,"The Ring Sets Out (The Lord of the Rings, #1)","The Lord of the Rings,",1,4.437,1954,283,,4.32,2281,,,https://www.goodreads.com/book/show/15404.The_Ring_Sets_Out
59,J.R.R. Tolkien,Fantasy,4.207,"The Two Towers (The Lord of the Rings, #2)","The Lord of the Rings,",2,4.437,1950,448,,4.5,1107199,,,https://www.goodreads.com/book/show/61215372-the-two-towers
59,J.R.R. Tolkien,Fantasy,4.207,"The Ring Goes South (The Lord of the Rings, #2)","The Lord of the Rings,",2,4.437,1954,253,,4.44,1717,,,https://www.goodreads.com/book/show/1233420.The_Ring_Goes_South
59,J.R.R. Tolkien,Fantasy,4.207,"The Treason of Isengard (The Lord of the Rings, #3)","The Lord of the Rings,",3,4.437,1954,252,,4.44,1008,,,https://www.goodreads.com/book/show/215343.The_Treason_of_Isengard
59,J.R.R. Tolkien,Fantasy,4.207,"The Return of the King (The Lord of the Rings, #3)","The Lord of the Rings,",3,4.437,1955,432,,4.58,1024967,,,https://www.goodreads.com/book/show/61215384-the-return-of-the-king
59,J.R.R. Tolkien,Fantasy,4.207,"The Ring Goes East (The Lord of the Rings, #4)","The Lord of the Rings,",4,4.437,1954,189,,4.38,915,,,https://www.goodreads.com/book/show/1233422.The_Ring_Goes_East
59,J.R.R. Tolkien,Fantasy,4.207,Der Herr der Ringe. Anhänge und Register,,,,1954,191,,4.13,1536,,,https://www.goodreads.com/book/show/136778.Der_Herr_der_Ringe_Anh_nge_und_Register
59,J.R.R. Tolkien,Fantasy,4.207,J.R.R. Tolkien 4-Book Boxed Set: The Hobbit and The Lord of the Rings,,,,1954,1728,,4.61,143039,,,https://www.goodreads.com/book/show/30.J_R_R_Tolkien_4_Book_Boxed_Set
59,J.R.R. Tolkien,Fantasy,4.207,Tree and Leaf: Includes Mythopoeia and The Homecoming of Beorhtnoth,,,,1964,150,,4.12,3338,,,https://www.goodreads.com/book/show/7348.Tree_and_Leaf
59,J.R.R. Tolkien,Fantasy,4.207,The Tolkien Reader,,,,1966,251,,4.01,5209,,,https://www.goodreads.com/book/show/7337.The_Tolkien_Reader
59,J.R.R. Tolkien,Fantasy,4.207,Pictures by J.R.R. Tolkien,,,,1973,102,,4.51,1370,,,https://www.goodreads.com/book/show/16546.Pictures_by_J_R_R_Tolkien
59,J.R.R. Tolkien,Fantasy,4.207,"Bilbo's Last Song (Middle Earth, #4.5)","Middle Earth,",4.5,4.19,1974,32,,4.19,5990,,,https://www.goodreads.com/book/show/67939.Bilbo_s_Last_Song
59,J.R.R. Tolkien,Fantasy,4.207,Letters from Father Christmas,,,,1976,111,Children,4.3,26799,,,https://www.goodreads.com/book/show/7331.Letters_from_Father_Christmas
59,J.R.R. Tolkien,Fantasy,4.207,The Silmarillion,,,,1977,386,,4.03,331036,,,https://www.goodreads.com/book/show/7332.The_Silmarillion
59,J.R.R. Tolkien,Fantasy,4.207,The Lord of the Rings,,,,1980,1216,,4.54,724692,,,https://www.goodreads.com/book/show/33.The_Lord_of_the_Rings
59,J.R.R. Tolkien,Fantasy,4.207,Unfinished Tales,,,,1980,452,,4.02,43834,,,https://www.goodreads.com/book/show/7329.Unfinished_Tales
59,J.R.R. Tolkien,Fantasy,4.207,The Letters of J.R.R. Tolkien,,,,1981,502,,4.22,7142,,,https://www.goodreads.com/book/show/2327.The_Letters_of_J_R_R_Tolkien
59,J.R.R. Tolkien,Fantasy,4.207,"The Book of Lost Tales 1 (The History of Middle-Earth, #1)","The History of Middle-Earth,",1,4.031,1983,367,,3.87,16470,,,https://www.goodreads.com/book/show/7347.The_Book_of_Lost_Tales_1
59,J.R.R. Tolkien,Fantasy,4.207,"The Book of Lost Tales 2 (The History of Middle-Earth, #2)","The History of Middle-Earth,",2,4.031,1984,391,,3.9,8998,,,https://www.goodreads.com/book/show/7346.The_Book_of_Lost_Tales_2
59,J.R.R. Tolkien,Fantasy,4.207,"The Lays of Beleriand (The History of Middle-Earth, #3)","The History of Middle-Earth,",3,4.031,1985,393,,4.01,4162,,,https://www.goodreads.com/book/show/77678.The_Lays_of_Beleriand
59,J.R.R. Tolkien,Fantasy,4.207,"The Lost Road and Other Writings (The History of Middle-Earth, #5)","The History of Middle-Earth,",5,4.031,1987,455,,3.97,2944,,,https://www.goodreads.com/book/show/260109.The_Lost_Road_and_Other_Writings
59,J.R.R. Tolkien,Fantasy,4.207,"The Return of the Shadow: The History of The Lord of the Rings, Part One (The History of Middle-Earth, #6)","The History of Middle-Earth,",6,4.031,1988,512,,4.1,3362,,,https://www.goodreads.com/book/show/15351.The_Return_of_the_Shadow
59,J.R.R. Tolkien,Fantasy,4.207,"The Treason of Isengard: The History of The Lord of the Rings, Part Two (The History of Middle-Earth, #7)","The History of Middle-Earth,",7,4.031,1989,504,,4.17,3582,,,https://www.goodreads.com/book/show/77682.The_Treason_of_Isengard
59,J.R.R. Tolkien,Fantasy,4.207,"The War of the Ring (The History of Middle-Earth, #8)","The History of Middle-Earth,",8,4.031,1990,496,,4.15,2927,,,https://www.goodreads.com/book/show/15279.The_War_of_the_Ring
59,J.R.R. Tolkien,Fantasy,4.207,"Sauron Defeated: The History of The Lord of the Rings, Part Four (The History of Middle-Earth, #9)","The History of Middle-Earth,",9,4.031,1992,496,,4.02,3143,,,https://www.goodreads.com/book/show/23600.Sauron_Defeated
59,J.R.R. Tolkien,Fantasy,4.207,"Morgoth's Ring (The History of Middle-Earth, #10)","The History of Middle-Earth,",10,4.031,1993,478,,4.18,2402,,,https://www.goodreads.com/book/show/18963.Morgoth_s_Ring
59,J.R.R. Tolkien,Fantasy,4.207,"The War of the Jewels (The History of Middle-Earth, #11)","The History of Middle-Earth,",11,4.031,1994,470,,3.94,3821,,,https://www.goodreads.com/book/show/18964.The_War_of_the_Jewels
59,J.R.R. Tolkien,Fantasy,4.207,The Shaping of Middle-Earth (The History of Middle-Earth #4),The History of Middle-Earth,4,4.1,1986,471,,4.02,3351,,,https://www.goodreads.com/book/show/92005.The_Shaping_of_Middle_Earth
59,J.R.R. Tolkien,Fantasy,4.207,The Peoples of Middle-Earth (The History of Middle-Earth #12),The History of Middle-Earth,12,4.1,1996,482,,4.18,4818,,,https://www.goodreads.com/book/show/67996.The_Peoples_of_Middle_Earth
59,J.R.R. Tolkien,Fantasy,4.207,Tolkien's World: Paintings of Middle-earth,,,,1992,144,,4.28,6301,,,https://www.goodreads.com/book/show/23597.Tolkien_s_World
59,J.R.R. Tolkien,Fantasy,4.207,The Maps of Tolkien's Middle-Earth,,,,1994,80,,4.15,7818,,,https://www.goodreads.com/book/show/7340.The_Maps_of_Tolkien_s_Middle_Earth
59,J.R.R. Tolkien,Fantasy,4.207,Tales from the Perilous Realm,,,,1997,178,,4.07,11732,,,https://www.goodreads.com/book/show/23603.Tales_from_the_Perilous_Realm
59,J.R.R. Tolkien,Fantasy,4.207,The Children of Húrin,,,,2007,315,,4.06,92307,,,https://www.goodreads.com/book/show/597790.The_Children_of_H_rin
59,J.R.R. Tolkien,Fantasy,4.207,Tolkien On Fairy-stories,,,,2008,320,,4.32,4724,,,https://www.goodreads.com/book/show/1362112.Tolkien_On_Fairy_stories
59,J.R.R. Tolkien,Fantasy,4.207,Beren and Lúthien,,,,2017,321,,4.06,23939,,,https://www.goodreads.com/book/show/41015249-beren-and-l-thien
59,J.R.R. Tolkien,Fantasy,4.207,The Fall of Gondolin (Middle-Earth Universe),,,,2018,304,,4.09,17510,,,https://www.goodreads.com/book/show/39798828-the-fall-of-gondolin
59,J.R.R. Tolkien,Fantasy,4.207,The Fall of Númenor,,,,2022,352,,4.31,6741,,,https://www.goodreads.com/book/show/61331094-the-fall-of-n-menor
60,Oscar Wilde,Classic Fiction,4.211,Complete Works of Oscar Wilde,,,,1800,1270,,4.47,15334,,,https://www.goodreads.com/book/show/5289.Complete_Works_of_Oscar_Wilde
60,Oscar Wilde,Classic Fiction,4.211,The Complete Fairy Tales,,,,1800,140,Children,4.16,33197,,,https://www.goodreads.com/book/show/163716.The_Complete_Fairy_Tales
60,Oscar Wilde,Classic Fiction,4.211,Oscar Wilde: Short Stories (English Library),,,,1888,64,,4.24,2010,,,https://www.goodreads.com/book/show/10626096-oscar-wilde
60,Oscar Wilde,Classic Fiction,4.211,The Happy Prince,,,,1888,32,Children,4.19,37107,,,https://www.goodreads.com/book/show/79121.The_Happy_Prince
60,Oscar Wilde,Classic Fiction,4.211,The Nightingale and the Rose,,,,1888,18,Children,4.28,12170,,,https://www.goodreads.com/book/show/590272.The_Nightingale_and_the_Rose
60,Oscar Wilde,Classic Fiction,4.211,The Picture of Dorian Gray and Other Works (Halcyon Classics),,,,1888,1511,,4.14,4069,,,https://www.goodreads.com/book/show/8135238-the-picture-of-dorian-gray-and-other-works
60,Oscar Wilde,Classic Fiction,4.211,The Selfish Giant,,,,1888,32,Children,4.07,9996,,,https://www.goodreads.com/book/show/677552.The_Selfish_Giant
60,Oscar Wilde,Classic Fiction,4.211,The Picture of Dorian Gray,,,,1890,253,,4.13,1836570,,,https://www.goodreads.com/book/show/489732.The_Picture_of_Dorian_Gray
60,Oscar Wilde,Classic Fiction,4.211,The Uncensored Picture of Dorian Gray,,,,1890,260,,4.27,13832,,,https://www.goodreads.com/book/show/13747794-the-uncensored-picture-of-dorian-gray
60,Oscar Wilde,Classic Fiction,4.211,Complete Fairy Tales of Oscar Wilde,,,,1891,240,Children,4.15,1402,,,https://www.goodreads.com/book/show/5313289-complete-fairy-tales-of-oscar-wilde
60,Oscar Wilde,Classic Fiction,4.211,The Critic As Artist: With Some Remarks on the Importance of Doing Nothing and Discussing Everything (Green Integer),,,,1891,123,,4.12,1446,,,https://www.goodreads.com/book/show/592625.The_Critic_As_Artist
60,Oscar Wilde,Classic Fiction,4.211,The Picture of Dorian Gray and Three Stories,,,,1891,320,,4.08,3235,,,https://www.goodreads.com/book/show/9123.The_Picture_of_Dorian_Gray_and_Three_Stories
60,Oscar Wilde,Classic Fiction,4.211,An Ideal Husband,,,,1893,78,,4.01,44351,,,https://www.goodreads.com/book/show/5296.An_Ideal_Husband
60,Oscar Wilde,Classic Fiction,4.211,Complete Shorter Fiction,,,,1894,288,,4.11,4774,,,https://www.goodreads.com/book/show/19398.Complete_Shorter_Fiction
60,Oscar Wilde,Classic Fiction,4.211,The Importance of Being Earnest,,,,1895,89,,4.17,402246,,,https://www.goodreads.com/book/show/92303.The_Importance_of_Being_Earnest
60,Oscar Wilde,Classic Fiction,4.211,The Plays of Oscar Wilde,,,,1895,444,,4.34,2262,,,https://www.goodreads.com/book/show/264365.The_Plays_of_Oscar_Wilde
60,Oscar Wilde,Classic Fiction,4.211,The Ballad of Reading Gaol and Other Poems (Dover Thrift Editions),,,,1897,64,,4.12,1893,,,https://www.goodreads.com/book/show/143514.The_Ballad_of_Reading_Gaol_and_Other_Poems
60,Oscar Wilde,Classic Fiction,4.211,The Ballad of Reading Gaol,,,,1898,37,,4.28,7545,,,https://www.goodreads.com/book/show/1329726.The_Ballad_of_Reading_Gaol
60,Oscar Wilde,Classic Fiction,4.211,The Importance of Being Earnest and Other Plays,,,,1898,431,,4.23,51772,,,https://www.goodreads.com/book/show/92308.The_Importance_of_Being_Earnest_and_Other_Plays
60,Oscar Wilde,Classic Fiction,4.211,The Picture of Dorian Gray and Other Writings,,,,1898,487,,4.17,7895,,,https://www.goodreads.com/book/show/390353.The_Picture_of_Dorian_Gray_and_Other_Writings
60,Oscar Wilde,Classic Fiction,4.211,De Profundis,,,,1900,188,,4.22,25188,,,https://www.goodreads.com/book/show/323455.De_Profundis
60,Oscar Wilde,Classic Fiction,4.211,Oscar Wilde's Wit and Wisdom: A Book of Quotations,,,,1998,64,,4.24,1456,,,https://www.goodreads.com/book/show/5288.Oscar_Wilde_s_Wit_and_Wisdom
60,Oscar Wilde,Classic Fiction,4.211,The Collected Oscar Wilde,,,,2011,672,,4.38,5710,,,https://www.goodreads.com/book/show/2417381.The_Collected_Oscar_Wilde
60,Oscar Wilde,Classic Fiction,4.211,De Profundis and Other Prison Writings (Penguin Classics),,,,,232,,4.37,1020,,,https://www.goodreads.com/book/show/1322228.De_Profundis_and_Other_Prison_Writings
60,Oscar Wilde,Classic Fiction,4.211,De Profundis and Other Writings,,,,,252,,4.22,2838,,,https://www.goodreads.com/book/show/5304.De_Profundis_and_Other_Writings
60,Oscar Wilde,Classic Fiction,4.211,The Importance of Being Earnest and Four Other Plays,,,,,416,,4.32,7936,,,https://www.goodreads.com/book/show/210625.The_Importance_of_Being_Earnest_and_Four_Other_Plays
61,Ursula K. Le Guin,Fantasy,4.205,The Wind's Twelve Quarters,,,,1890,277,,4.06,7788,,,https://www.goodreads.com/book/show/77289.The_Wind_s_Twelve_Quarters
61,Ursula K. Le Guin,Fantasy,4.205,"Worlds of Exile and Illusion: Rocannon’s World, Planet of Exile, City of Illusions (Hainish Cycle, #1-3)","Hainish Cycle,",1,4.26,1966,370,,4.25,5173,,,https://www.goodreads.com/book/show/67999.Worlds_of_Exile_and_Illusion
61,Ursula K. Le Guin,Fantasy,4.205,"Four Ways to Forgiveness (Hainish Cycle, #7)","Hainish Cycle,",7,4.26,1994,304,,4.2,4818,,,https://www.goodreads.com/book/show/92605.Four_Ways_to_Forgiveness
61,Ursula K. Le Guin,Fantasy,4.205,"The Birthday of the World and Other Stories (Hainish Cycle, #9)","Hainish Cycle,",9,4.26,1995,362,,4.33,6124,,,https://www.goodreads.com/book/show/68021.The_Birthday_of_the_World_and_Other_Stories
61,Ursula K. Le Guin,Fantasy,4.205,The Word for World Is Forest,,,,1966,160,,4.06,42180,,,https://www.goodreads.com/book/show/276767.The_Word_for_World_Is_Forest
61,Ursula K. Le Guin,Fantasy,4.205,"Historias de Terramar I: Un mago en Terramar / Las Tumbas de Atuan (Historias de Terramar, #1-2)","Historias de Terramar,",1,4.08,1968,379,,4.03,1125,,,https://www.goodreads.com/book/show/1186625.Historias_de_Terramar_I
61,Ursula K. Le Guin,Fantasy,4.205,"La costa más lejana / Tehanu (Historias de Terramar, #2)","Historias de Terramar,",2,4.08,2001,478,,4.13,529,,,https://www.goodreads.com/book/show/6770878-la-costa-m-s-lejana-tehanu
61,Ursula K. Le Guin,Fantasy,4.205,The Left Hand of Darkness,,,,1969,304,,4.1,215933,,,https://www.goodreads.com/book/show/18423.The_Left_Hand_of_Darkness
61,Ursula K. Le Guin,Fantasy,4.205,No Time To Spare: Thinking About What Matters,,,,1970,215,,4.01,8574,,,https://www.goodreads.com/book/show/33503495-no-time-to-spare
61,Ursula K. Le Guin,Fantasy,4.205,The Lathe of Heaven,,,,1971,176,,4.13,86647,,,https://www.goodreads.com/book/show/59924.The_Lathe_of_Heaven
61,Ursula K. Le Guin,Fantasy,4.205,Vaster Than Empires and More Slow,,,,1971,35,,4.06,1057,,,https://www.goodreads.com/book/show/6337247-vaster-than-empires-and-more-slow
61,Ursula K. Le Guin,Fantasy,4.205,The Ones Who Walk Away from Omelas,,,,1973,32,,4.37,51501,,,https://www.goodreads.com/book/show/92625.The_Ones_Who_Walk_Away_from_Omelas
61,Ursula K. Le Guin,Fantasy,4.205,The Dispossessed: An Ambiguous Utopia,,,,1974,387,,4.26,147830,,,https://www.goodreads.com/book/show/13651.The_Dispossessed
61,Ursula K. Le Guin,Fantasy,4.205,"The Language of the Night: Essays on Writing, Science Fiction, and Fantasy",,,,1979,304,,4.27,2117,,,https://www.goodreads.com/book/show/199798061-the-language-of-the-night
61,Ursula K. Le Guin,Fantasy,4.205,Always Coming Home,,,,1985,525,,4.07,4538,,,https://www.goodreads.com/book/show/201901.Always_Coming_Home
61,Ursula K. Le Guin,Fantasy,4.205,The Unreal and the Real: The Selected Short Stories of Ursula K. Le Guin,,,,1985,715,,4.22,1052,,,https://www.goodreads.com/book/show/29868607-the-unreal-and-the-real
61,Ursula K. Le Guin,Fantasy,4.205,The Carrier Bag Theory of Fiction,,,,1986,5,,4.56,3802,,,https://www.goodreads.com/book/show/49449926-the-carrier-bag-theory-of-fiction
61,Ursula K. Le Guin,Fantasy,4.205,"Catwings (Catwings, #1)","Catwings,",1,4.172,1988,40,Children; Middle Grade,4.13,10288,,,https://www.goodreads.com/book/show/13664.Catwings
61,Ursula K. Le Guin,Fantasy,4.205,"Catwings Return (Catwings, #2)","Catwings,",2,4.172,1989,54,Children; Middle Grade,4.17,3859,,,https://www.goodreads.com/book/show/59919.Catwings_Return
61,Ursula K. Le Guin,Fantasy,4.205,"Wonderful Alexander and the Catwings (Catwings, #3)","Catwings,",3,4.172,1994,48,Children; Middle Grade,4.18,2568,,,https://www.goodreads.com/book/show/305666.Wonderful_Alexander_and_the_Catwings
61,Ursula K. Le Guin,Fantasy,4.205,"Jane on Her Own (Catwings, #4)","Catwings,",4,4.172,1999,48,Children; Middle Grade,4.21,2320,,,https://www.goodreads.com/book/show/13660.Jane_on_Her_Own
61,Ursula K. Le Guin,Fantasy,4.205,"Dancing at the Edge of the World: Thoughts on Words, Women, Places",,,,1989,320,,4.12,1640,,,https://www.goodreads.com/book/show/68039.Dancing_at_the_Edge_of_the_World
61,Ursula K. Le Guin,Fantasy,4.205,A Fisherman of the Inland Sea,,,,1994,207,,4.04,3409,,,https://www.goodreads.com/book/show/68022.A_Fisherman_of_the_Inland_Sea
61,Ursula K. Le Guin,Fantasy,4.205,Five Ways to Forgiveness,,,,1995,288,,4.42,1212,,,https://www.goodreads.com/book/show/36366224-five-ways-to-forgiveness
61,Ursula K. Le Guin,Fantasy,4.205,Steering the Craft: Exercises and Discussions on Story Writing for the Lone Navigator or the Mutinous Crew,,,,1998,173,,4.23,5934,,,https://www.goodreads.com/book/show/68024.Steering_the_Craft
61,Ursula K. Le Guin,Fantasy,4.205,The Found and the Lost: The Collected Novellas of Ursula K. Le Guin,,,,1998,816,,4.4,1909,,,https://www.goodreads.com/book/show/29868611-the-found-and-the-lost
61,Ursula K. Le Guin,Fantasy,4.205,"Kadınlar, Rüyalar, Ejderhalar",,,,1999,154,,4.54,1226,,,https://www.goodreads.com/book/show/11479797-kad-nlar-r-yalar-ejderhalar
61,Ursula K. Le Guin,Fantasy,4.205,"The Wave in the Mind: Talks and Essays on the Writer, the Reader and the Imagination",,,,2004,314,,4.34,2831,,,https://www.goodreads.com/book/show/13650.The_Wave_in_the_Mind
61,Ursula K. Le Guin,Fantasy,4.205,"Words Are My Matter: Writings About Life and Books, 2000-2016",,,,2016,316,,4.01,1581,,,https://www.goodreads.com/book/show/29363335-words-are-my-matter
61,Ursula K. Le Guin,Fantasy,4.205,So Far So Good: Final Poems: 2014-2018,,,,2018,100,,4.17,1544,,,https://www.goodreads.com/book/show/38371210-so-far-so-good
61,Ursula K. Le Guin,Fantasy,4.205,Ursula K. Le Guin: Conversations on Writing,,,,2018,138,,4.28,2168,,,https://www.goodreads.com/book/show/36276435-ursula-k-le-guin
62,Adrian Tchaikovsky,Science-Fiction,4.149,"Shards of Earth (The Final Architecture, #1)","The Final Architecture,",1,4.237,1990,,,4.18,32562,,,https://www.goodreads.com/book/show/55278507-shards-of-earth
62,Adrian Tchaikovsky,Science-Fiction,4.149,"Eyes of the Void (The Final Architecture, #2)","The Final Architecture,",2,4.237,2023,596,,4.2,19464,,,https://www.goodreads.com/book/show/58950674-eyes-of-the-void
62,Adrian Tchaikovsky,Science-Fiction,4.149,"Lords of Uncreation (The Final Architecture, #3)","The Final Architecture,",3,4.237,2023,608,,4.33,15574,,,https://www.goodreads.com/book/show/62315578-lords-of-uncreation
62,Adrian Tchaikovsky,Science-Fiction,4.149,"Empire in Black and Gold (Shadows of the Apt, #1)","Shadows of the Apt,",1,4.091,2008,612,,3.76,13174,,,https://www.goodreads.com/book/show/3437309-empire-in-black-and-gold
62,Adrian Tchaikovsky,Science-Fiction,4.149,"Dragonfly Falling (Shadows of the Apt, #2)","Shadows of the Apt,",2,4.091,2009,673,,3.99,7218,,,https://www.goodreads.com/book/show/3437310-dragonfly-falling
62,Adrian Tchaikovsky,Science-Fiction,4.149,"Blood of the Mantis (Shadows of the Apt, #3)","Shadows of the Apt,",3,4.091,2009,429,,3.98,5567,,,https://www.goodreads.com/book/show/6255895-blood-of-the-mantis
62,Adrian Tchaikovsky,Science-Fiction,4.149,"Salute the Dark (Shadows of the Apt, #4)","Shadows of the Apt,",4,4.091,2010,459,,4.12,4729,,,https://www.goodreads.com/book/show/6917081-salute-the-dark
62,Adrian Tchaikovsky,Science-Fiction,4.149,"The Scarab Path (Shadows of the Apt, #5)","Shadows of the Apt,",5,4.091,2010,692,,4.13,4074,,,https://www.goodreads.com/book/show/7684939-the-scarab-path
62,Adrian Tchaikovsky,Science-Fiction,4.149,"The Sea Watch (Shadows of the Apt, #6)","Shadows of the Apt,",6,4.091,2011,697,,3.99,3380,,,https://www.goodreads.com/book/show/8945977-the-sea-watch
62,Adrian Tchaikovsky,Science-Fiction,4.149,"Heirs of the Blade (Shadows of the Apt, #7)","Shadows of the Apt,",7,4.091,2011,622,,4.13,3002,,,https://www.goodreads.com/book/show/9923824-heirs-of-the-blade
62,Adrian Tchaikovsky,Science-Fiction,4.149,"War Master's Gate (Shadows of the Apt, #9)","Shadows of the Apt,",9,4.091,2013,716,,4.3,2310,,,https://www.goodreads.com/book/show/17562208-war-master-s-gate
62,Adrian Tchaikovsky,Science-Fiction,4.149,"Seal of the Worm (Shadows of the Apt, #10)","Shadows of the Apt,",10,4.091,2014,614,,4.42,2296,,,https://www.goodreads.com/book/show/20491017-seal-of-the-worm
62,Adrian Tchaikovsky,Science-Fiction,4.149,The Air War (Shadows of the Apt #8),Shadows of the Apt,8,4.16,2012,646,,4.16,2608,,,https://www.goodreads.com/book/show/13511946-the-air-war
62,Adrian Tchaikovsky,Science-Fiction,4.149,"Children of Time (Children of Time, #1)","Children of Time,",1,4.117,2015,608,,4.3,168249,,,https://www.goodreads.com/book/show/25499718-children-of-time
62,Adrian Tchaikovsky,Science-Fiction,4.149,"Children of Ruin (Children of Time, #2)","Children of Time,",2,4.117,2019,597,,4.05,59167,,,https://www.goodreads.com/book/show/40376072-children-of-ruin
62,Adrian Tchaikovsky,Science-Fiction,4.149,"Children of Memory (Children of Time, #3)","Children of Time,",3,4.117,2022,486,,4,29397,,,https://www.goodreads.com/book/show/60850767-children-of-memory
62,Adrian Tchaikovsky,Science-Fiction,4.149,Guns of the Dawn,,,,2015,658,,4.17,5078,,,https://www.goodreads.com/book/show/23524779-guns-of-the-dawn
62,Adrian Tchaikovsky,Science-Fiction,4.149,"The Tiger and the Wolf (Echoes of the Fall, #1)","Echoes of the Fall,",1,4.06,2016,590,,3.97,5311,,,https://www.goodreads.com/book/show/26863058-the-tiger-and-the-wolf
62,Adrian Tchaikovsky,Science-Fiction,4.149,"The Bear and the Serpent (Echoes of the Fall, #2)","Echoes of the Fall,",2,4.06,2018,,,4.09,2622,,,https://www.goodreads.com/book/show/30139026-the-bear-and-the-serpent
62,Adrian Tchaikovsky,Science-Fiction,4.149,"The Hyena and the Hawk (Echoes of the Fall, #3)","Echoes of the Fall,",3,4.06,2018,433,,4.12,1910,,,https://www.goodreads.com/book/show/36161270-the-hyena-and-the-hawk
62,Adrian Tchaikovsky,Science-Fiction,4.149,Spiderlight,,,,2016,298,,4.13,4298,,,https://www.goodreads.com/book/show/28765741-spiderlight
62,Adrian Tchaikovsky,Science-Fiction,4.149,"Dogs of War (Dogs of War, #1)","Dogs of War,",1,4.26,2017,262,,4.23,15449,,,https://www.goodreads.com/book/show/35827220-dogs-of-war
62,Adrian Tchaikovsky,Science-Fiction,4.149,"Bear Head (Dogs of War, #2)","Dogs of War,",2,4.26,2021,400,,4.26,6850,,,https://www.goodreads.com/book/show/55037555-bear-head
62,Adrian Tchaikovsky,Science-Fiction,4.149,"Bee Speaker (Dogs of War, #3)","Dogs of War,",3,4.26,2025,448,,4.29,1563,,,https://www.goodreads.com/book/show/217387776-bee-speaker
62,Adrian Tchaikovsky,Science-Fiction,4.149,Cage of Souls,,,,2019,608,,4.12,12322,,,https://www.goodreads.com/book/show/40803025-cage-of-souls
62,Adrian Tchaikovsky,Science-Fiction,4.149,Elder Race,,,,2021,199,,4.09,23778,,,https://www.goodreads.com/book/show/50663055-elder-race
62,Adrian Tchaikovsky,Science-Fiction,4.149,One Day All This Will Be Yours,,,,2021,144,,4.03,5040,,,https://www.goodreads.com/book/show/54303485-one-day-all-this-will-be-yours
62,Adrian Tchaikovsky,Science-Fiction,4.149,Ogres,,,,2022,159,,4.24,4295,,,https://www.goodreads.com/book/show/58438207-ogres
62,Adrian Tchaikovsky,Science-Fiction,4.149,"City of Last Chances (The Tyrant Philosophers, #1)","The Tyrant Philosophers,",1,4.302,2022,500,,3.94,8003,,,https://www.goodreads.com/book/show/60147395-city-of-last-chances
62,Adrian Tchaikovsky,Science-Fiction,4.149,"House of Open Wounds (The Tyrant Philosophers, #2)","The Tyrant Philosophers,",2,4.302,2023,608,,4.51,3678,,,https://www.goodreads.com/book/show/150254281-house-of-open-wounds
62,Adrian Tchaikovsky,Science-Fiction,4.149,"Lives of Bitter Rain (The Tyrant Philosophers, #2.5)","The Tyrant Philosophers,",2.5,4.302,2025,126,,4.35,396,,,https://www.goodreads.com/book/show/222376918-lives-of-bitter-rain
62,Adrian Tchaikovsky,Science-Fiction,4.149,"Days of Shattered Faith (The Tyrant Philosophers, #3)","The Tyrant Philosophers,",3,4.302,2024,525,,4.41,2015,,,https://www.goodreads.com/book/show/210384894-days-of-shattered-faith
62,Adrian Tchaikovsky,Science-Fiction,4.149,Alien Clay,,,,2024,396,,4,14799,,,https://www.goodreads.com/book/show/195443798-alien-clay
62,Adrian Tchaikovsky,Science-Fiction,4.149,Service Model,,,,2024,384,,4.03,17009,,,https://www.goodreads.com/book/show/195790861-service-model
62,Adrian Tchaikovsky,Science-Fiction,4.149,Shroud,,,,2025,436,,4.21,6117,,,https://www.goodreads.com/book/show/210384823-shroud
63,Terry Pratchett,Fantasy,4.2,A Blink of the Screen: Collected Shorter Fiction,,,,1983,320,,4.04,6798,,,https://www.goodreads.com/book/show/13536811-a-blink-of-the-screen
63,Terry Pratchett,Fantasy,4.2,A Slip of the Keyboard: Collected Non-Fiction,,,,1983,315,,4.24,5998,,,https://www.goodreads.com/book/show/17278807-a-slip-of-the-keyboard
63,Terry Pratchett,Fantasy,4.2,A Tourist Guide to Lancre,,,,1983,27,,4.08,1724,,,https://www.goodreads.com/book/show/34505.A_Tourist_Guide_to_Lancre
63,Terry Pratchett,Fantasy,4.2,Death's Domain: A Discworld Mapp,,,,1983,27,,4.19,1375,,,https://www.goodreads.com/book/show/233675.Death_s_Domain
63,Terry Pratchett,Fantasy,4.2,"The Witches Trilogy (Discworld #3,6,12)",Discworld,3,4.605,1983,592,,4.59,1985,,,https://www.goodreads.com/book/show/61657.The_Witches_Trilogy
63,Terry Pratchett,Fantasy,4.2,"Death Trilogy: Mort / Reaper Man / Soul Music (Discworld #4, 11, 16)",Discworld,4,4.605,1983,754,,4.62,1259,,,https://www.goodreads.com/book/show/149871.Death_Trilogy
63,Terry Pratchett,Fantasy,4.2,"Feet of Clay (Discworld, #19; City Watch, #3)","Discworld,",1,4.171,1983,411,,4.33,92248,,,https://www.goodreads.com/book/show/34527.Feet_of_Clay
63,Terry Pratchett,Fantasy,4.2,"The Color of Magic (Discworld, #1; Rincewind, #1)","Discworld,",1,4.171,1983,228,,3.99,418625,,,https://www.goodreads.com/book/show/34497.The_Color_of_Magic
63,Terry Pratchett,Fantasy,4.2,"Troll Bridge (Discworld, #16.5)","Discworld,",1,4.171,1983,10,,4.09,4182,,,https://www.goodreads.com/book/show/12300570-troll-bridge
63,Terry Pratchett,Fantasy,4.2,"The Light Fantastic (Discworld, #2; Rincewind, #2)","Discworld,",2,4.171,1983,277,,4.01,167008,,,https://www.goodreads.com/book/show/34506.The_Light_Fantastic
63,Terry Pratchett,Fantasy,4.2,"Equal Rites (Discworld, #3; Witches, #1)","Discworld,",3,4.171,1983,228,,4.07,197601,,,https://www.goodreads.com/book/show/34507.Equal_Rites
63,Terry Pratchett,Fantasy,4.2,"Going Postal (Discworld, #33; Moist von Lipwig, #1)","Discworld,",3,4.171,1983,394,,4.41,134574,,,https://www.goodreads.com/book/show/64222.Going_Postal
63,Terry Pratchett,Fantasy,4.2,"Making Money (Discworld, #36; Moist Von Lipwig, #2)","Discworld,",3,4.171,1983,394,,4.27,77189,,,https://www.goodreads.com/book/show/116296.Making_Money
63,Terry Pratchett,Fantasy,4.2,"Mort (Discworld, #4; Death, #1)","Discworld,",4,4.171,1983,243,,4.24,269391,,,https://www.goodreads.com/book/show/386372.Mort
63,Terry Pratchett,Fantasy,4.2,"Sourcery (Discworld, #5; Rincewind, #3)","Discworld,",5,4.171,1983,276,,3.91,109547,,,https://www.goodreads.com/book/show/34499.Sourcery
63,Terry Pratchett,Fantasy,4.2,"Wyrd Sisters (Discworld, #6; Witches, #2)","Discworld,",6,4.171,1983,265,,4.16,129934,,,https://www.goodreads.com/book/show/34504.Wyrd_Sisters
63,Terry Pratchett,Fantasy,4.2,"Pyramids (Discworld, #7)","Discworld,",7,4.171,1983,341,,3.92,93643,,,https://www.goodreads.com/book/show/64217.Pyramids
63,Terry Pratchett,Fantasy,4.2,"The Gods Trilogy (Discworld, #7,13,20)","Discworld,",7,4.171,1983,758,,4.56,525,,,https://www.goodreads.com/book/show/78905.The_Gods_Trilogy
63,Terry Pratchett,Fantasy,4.2,"Guards! Guards! (Discworld, #8; City Watch, #1)","Discworld,",8,4.171,1983,376,,4.34,233051,,,https://www.goodreads.com/book/show/64216.Guards_Guards_
63,Terry Pratchett,Fantasy,4.2,"Eric (Discworld, #9; Rincewind, #4)","Discworld,",9,4.171,1983,197,,3.79,80785,,,https://www.goodreads.com/book/show/64218.Eric
63,Terry Pratchett,Fantasy,4.2,"Moving Pictures (Discworld, #10; Industrial Revolution, #1)","Discworld,",10,4.171,1983,396,,3.97,87961,,,https://www.goodreads.com/book/show/34510.Moving_Pictures
63,Terry Pratchett,Fantasy,4.2,"Death and What Comes Next (Discworld, #10.5; Death, #1.5)","Discworld,",10.5,4.171,1983,1,,4.1,4091,,,https://www.goodreads.com/book/show/13107852-death-and-what-comes-next
63,Terry Pratchett,Fantasy,4.2,"Reaper Man (Discworld, #11; Death, #2)","Discworld,",11,4.171,1983,289,,4.28,111683,,,https://www.goodreads.com/book/show/34517.Reaper_Man
63,Terry Pratchett,Fantasy,4.2,"Witches Abroad (Discworld, #12; Witches, #3)","Discworld,",12,4.171,1983,374,,4.26,97237,,,https://www.goodreads.com/book/show/2442.Witches_Abroad
63,Terry Pratchett,Fantasy,4.2,"Small Gods (Discworld, #13)","Discworld,",13,4.171,1983,389,,4.32,132299,,,https://www.goodreads.com/book/show/34484.Small_Gods
63,Terry Pratchett,Fantasy,4.2,"Lords and Ladies (Discworld, #14; Witches, #4)","Discworld,",14,4.171,1983,352,,4.21,85336,,,https://www.goodreads.com/book/show/34529.Lords_and_Ladies
63,Terry Pratchett,Fantasy,4.2,"Theatre of Cruelty (Discworld, #14.5; City Watch, #1.5)","Discworld,",14.5,4.171,1983,4,,3.8,4767,,,https://www.goodreads.com/book/show/9528398-theatre-of-cruelty
63,Terry Pratchett,Fantasy,4.2,"Men at Arms (Discworld, #15; City Watch, #2)","Discworld,",15,4.171,1983,377,,4.41,111523,,,https://www.goodreads.com/book/show/400354.Men_at_Arms
63,Terry Pratchett,Fantasy,4.2,"Soul Music (Discworld, #16; Death, #3)","Discworld,",16,4.171,1983,288,,4.06,86132,,,https://www.goodreads.com/book/show/34502.Soul_Music
63,Terry Pratchett,Fantasy,4.2,"Interesting Times (Discworld, #17; Rincewind, #5)","Discworld,",17,4.171,1983,368,,4.15,59331,,,https://www.goodreads.com/book/show/884288.Interesting_Times
63,Terry Pratchett,Fantasy,4.2,"Maskerade (Discworld, #18; Witches, #5)","Discworld,",18,4.171,1983,285,,4.13,68506,,,https://www.goodreads.com/book/show/78876.Maskerade
63,Terry Pratchett,Fantasy,4.2,"Jingo (Discworld, #21; City Watch, #4)","Discworld,",21,4.171,1983,461,,4.19,72770,,,https://www.goodreads.com/book/show/47990.Jingo
63,Terry Pratchett,Fantasy,4.2,"The Last Continent (Discworld, #22; Rincewind, #6)","Discworld,",22,4.171,1983,416,,4,61642,,,https://www.goodreads.com/book/show/47994.The_Last_Continent
63,Terry Pratchett,Fantasy,4.2,"The Sea and Little Fishes (Discworld, #22.5; Witches, #5.5)","Discworld,",22.5,4.171,1983,76,,4.26,3105,,,https://www.goodreads.com/book/show/17082640-the-sea-and-little-fishes
63,Terry Pratchett,Fantasy,4.2,"Carpe Jugulum (Discworld, #23; Witches, #6)","Discworld,",23,4.171,1983,296,,4.19,67570,,,https://www.goodreads.com/book/show/34541.Carpe_Jugulum
63,Terry Pratchett,Fantasy,4.2,"The Fifth Elephant (Discworld, #24; City Watch, #5)","Discworld,",24,4.171,1983,464,,4.31,78977,,,https://www.goodreads.com/book/show/63720.The_Fifth_Elephant
63,Terry Pratchett,Fantasy,4.2,"The Truth (Discworld, #25; Industrial Revolution, #2)","Discworld,",25,4.171,1983,444,,4.41,23524,,,https://www.goodreads.com/book/show/288680.The_Truth
63,Terry Pratchett,Fantasy,4.2,"Thief of Time (Discworld, #26; Death, #5)","Discworld,",26,4.171,1983,378,,4.28,77142,,,https://www.goodreads.com/book/show/48002.Thief_of_Time
63,Terry Pratchett,Fantasy,4.2,"The Last Hero (Discworld, #27; Rincewind, #7)","Discworld,",27,4.171,1983,176,,4.18,39389,,,https://www.goodreads.com/book/show/34503.The_Last_Hero
63,Terry Pratchett,Fantasy,4.2,"The Amazing Maurice and His Educated Rodents (Discworld, #28)","Discworld,",28,4.171,1983,256,Children; Young Adult,4.08,52052,,,https://www.goodreads.com/book/show/34534.The_Amazing_Maurice_and_His_Educated_Rodents
63,Terry Pratchett,Fantasy,4.2,"Night Watch (Discworld, #29; City Watch, #6)","Discworld,",29,4.171,1983,480,,4.5,117901,,,https://www.goodreads.com/book/show/47989.Night_Watch
63,Terry Pratchett,Fantasy,4.2,"The Wee Free Men (Discworld, #30; Tiffany Aching, #1)","Discworld,",30,4.171,1983,375,Children; Young Adult,4.3,119594,,,https://www.goodreads.com/book/show/34494.The_Wee_Free_Men
63,Terry Pratchett,Fantasy,4.2,"The Wee Free Men: The Beginning (Discworld, #30 & #32) (Tiffany Aching #1-2)","Discworld,",30,4.171,1983,552,Young Adult,4.5,3818,,,https://www.goodreads.com/book/show/7881001-the-wee-free-men
63,Terry Pratchett,Fantasy,4.2,"Monstrous Regiment (Discworld, #31; Industrial Revolution, #3)","Discworld,",31,4.171,1983,496,,4.27,84210,,,https://www.goodreads.com/book/show/34511.Monstrous_Regiment
63,Terry Pratchett,Fantasy,4.2,"A Hat Full of Sky (Discworld, #32; Tiffany Aching, #2)","Discworld,",32,4.171,1983,352,Young Adult,4.33,79591,,,https://www.goodreads.com/book/show/34501.A_Hat_Full_of_Sky
63,Terry Pratchett,Fantasy,4.2,"Thud! (Discworld, #34; City Watch, #7)","Discworld,",34,4.171,1983,439,,4.35,78629,,,https://www.goodreads.com/book/show/62530.Thud_
63,Terry Pratchett,Fantasy,4.2,"Where's My Cow? (Discworld, #34.5)","Discworld,",34.5,4.171,1983,32,Children; Young Adult,4.14,11180,,,https://www.goodreads.com/book/show/34524.Where_s_My_Cow_
63,Terry Pratchett,Fantasy,4.2,"Wintersmith (Discworld, #35; Tiffany Aching, #3)","Discworld,",35,4.171,1983,325,Young Adult,4.25,67282,,,https://www.goodreads.com/book/show/34492.Wintersmith
63,Terry Pratchett,Fantasy,4.2,"Unseen Academicals (Discworld, #37; Rincewind, #8)","Discworld,",37,4.171,1983,417,,4.01,58482,,,https://www.goodreads.com/book/show/6250169-unseen-academicals
63,Terry Pratchett,Fantasy,4.2,"A Collegiate Casting-Out of Devilish Devices (Discworld, #37.5)","Discworld,",37.5,4.171,1983,6,,3.83,1180,,,https://www.goodreads.com/book/show/13556674-a-collegiate-casting-out-of-devilish-devices
63,Terry Pratchett,Fantasy,4.2,"I Shall Wear Midnight (Discworld, #38; Tiffany Aching, #4)","Discworld,",38,4.171,1983,349,Young Adult,4.36,60213,,,https://www.goodreads.com/book/show/7576115-i-shall-wear-midnight
63,Terry Pratchett,Fantasy,4.2,"Snuff (Discworld, #39; City Watch, #8)","Discworld,",39,4.171,1983,378,,4.19,62759,,,https://www.goodreads.com/book/show/8785374-snuff
63,Terry Pratchett,Fantasy,4.2,"The World of Poo (Discworld, #39.5)","Discworld,",39.5,4.171,1983,128,Children; Young Adult,3.73,3773,,,https://www.goodreads.com/book/show/13515493-the-world-of-poo
63,Terry Pratchett,Fantasy,4.2,"Raising Steam (Discworld, #40; Moist von Lipwig, #3)","Discworld,",40,4.171,1983,377,,4.02,44421,,,https://www.goodreads.com/book/show/11275323-raising-steam
63,Terry Pratchett,Fantasy,4.2,"Mrs Bradshaw's Handbook (Discworld, #40.5; Discworld Companion Books )","Discworld,",40.5,4.171,1983,144,,3.71,1603,,,https://www.goodreads.com/book/show/20906536-mrs-bradshaw-s-handbook
63,Terry Pratchett,Fantasy,4.2,"The Shepherd's Crown (Discworld, #41; Tiffany Aching, #5)","Discworld,",41,4.171,1983,276,Young Adult,4.38,33862,,,https://www.goodreads.com/book/show/22886868-the-shepherd-s-crown
63,Terry Pratchett,Fantasy,4.2,Good Omens,,,,1983,5,,4.42,13257,,,https://www.goodreads.com/book/show/23347067-good-omens
63,Terry Pratchett,Fantasy,4.2,"Good Omens: The Nice and Accurate Prophecies of Agnes Nutter, Witch",,,,1983,491,,4.25,818545,,,https://www.goodreads.com/book/show/12067.Good_Omens
63,Terry Pratchett,Fantasy,4.2,Hogfather,,,,1983,448,,4.26,102110,,,https://www.goodreads.com/book/show/34532.Hogfather
63,Terry Pratchett,Fantasy,4.2,Mort: A Discworld Big Comic,,,,1983,96,,4.42,3656,,,https://www.goodreads.com/book/show/61659.Mort
63,Terry Pratchett,Fantasy,4.2,Nanny Ogg's Cookbook,,,,1983,176,,4.02,6896,,,https://www.goodreads.com/book/show/34509.Nanny_Ogg_s_Cookbook
63,Terry Pratchett,Fantasy,4.2,Nation,,,,1983,410,Young Adult,4.11,37840,,,https://www.goodreads.com/book/show/2424593.Nation
63,Terry Pratchett,Fantasy,4.2,Rincewind the Wizzard,,,,1983,649,,4.23,1830,,,https://www.goodreads.com/book/show/34535.Rincewind_the_Wizzard
63,Terry Pratchett,Fantasy,4.2,Shaking Hands with Death,,,,1983,64,,4.47,1513,,,https://www.goodreads.com/book/show/25733921-shaking-hands-with-death
63,Terry Pratchett,Fantasy,4.2,The Art of Discworld,,,,1983,128,,4.36,5213,,,https://www.goodreads.com/book/show/78878.The_Art_of_Discworld
63,Terry Pratchett,Fantasy,4.2,The Bromeliad Trilogy (Omnibus: Truckers / Diggers / Wings),,,,1983,502,Children; Young Adult,4.11,7615,,,https://www.goodreads.com/book/show/34495.The_Bromeliad_Trilogy
63,Terry Pratchett,Fantasy,4.2,The City Watch Trilogy,,,,1983,759,,4.7,1077,,,https://www.goodreads.com/book/show/61655.The_City_Watch_Trilogy
63,Terry Pratchett,Fantasy,4.2,The Compleat Ankh-Morpork: City Guide,,,,1983,128,,4.35,1108,,,https://www.goodreads.com/book/show/13536349-the-compleat-ankh-morpork
63,Terry Pratchett,Fantasy,4.2,The Discworld Almanak: The Year of the Prawn,,,,1983,128,,4.07,1114,,,https://www.goodreads.com/book/show/233670.The_Discworld_Almanak
63,Terry Pratchett,Fantasy,4.2,The Discworld Mapp: Being the Onlie True and Mostlie Accurate Mappe of the Fantastyk and Magical Dyscworlde,,,,1983,27,,4.11,2834,,,https://www.goodreads.com/book/show/64224.The_Discworld_Mapp
63,Terry Pratchett,Fantasy,4.2,The First Discworld Novels: The Colour of Magic and the Light Fantastic,,,,1983,352,,4.15,7599,,,https://www.goodreads.com/book/show/64144.The_First_Discworld_Novels
63,Terry Pratchett,Fantasy,4.2,The Folklore of Discworld,,,,1983,372,,4.02,3372,,,https://www.goodreads.com/book/show/2429032.The_Folklore_of_Discworld
63,Terry Pratchett,Fantasy,4.2,The Rincewind Trilogy,,,,1983,568,,4.44,1076,,,https://www.goodreads.com/book/show/149873.The_Rincewind_Trilogy
63,Terry Pratchett,Fantasy,4.2,The Streets of Ankh-Morpork,,,,1983,19,,4.16,2215,,,https://www.goodreads.com/book/show/833440.The_Streets_of_Ankh_Morpork
63,Terry Pratchett,Fantasy,4.2,The Wit and Wisdom of Discworld,,,,1983,360,,4.02,2568,,,https://www.goodreads.com/book/show/149864.The_Wit_and_Wisdom_of_Discworld
64,Agatha Christie,Mystery,4.202,13 For Luck,,,,1923,224,,4.02,1130,,,https://www.goodreads.com/book/show/1782725.13_For_Luck
64,Agatha Christie,Mystery,4.202,The Early Cases of Hercule Poirot,,,,1923,428,,4.11,2164,,,https://www.goodreads.com/book/show/43189120-the-early-cases-of-hercule-poirot
64,Agatha Christie,Mystery,4.202,The Witness for the Prosecution,,,,1925,40,,4.13,4465,,,https://www.goodreads.com/book/show/18901372-the-witness-for-the-prosecution
64,Agatha Christie,Mystery,4.202,The Tuesday Night Club (Miss Marple),,,,1927,28,,4.19,3179,,,https://www.goodreads.com/book/show/18965870-the-tuesday-night-club
64,Agatha Christie,Mystery,4.202,Witness for the Prosecution and Selected Plays,,,,1933,352,,4.07,4475,,,https://www.goodreads.com/book/show/16320.Witness_for_the_Prosecution_and_Selected_Plays
64,Agatha Christie,Mystery,4.202,Hercule Poirot: The Complete Short Stories,,,,1936,864,,4.36,10724,,,https://www.goodreads.com/book/show/538605.Hercule_Poirot
64,Agatha Christie,Mystery,4.202,And Then There Were None,,,,1939,264,,4.27,1583726,,,https://www.goodreads.com/book/show/16299.And_Then_There_Were_None
64,Agatha Christie,Mystery,4.202,Absent in the Spring,,,,1944,190,,4.14,15860,,,https://www.goodreads.com/book/show/140345.Absent_in_the_Spring
64,Agatha Christie,Mystery,4.202,And Then There Were None: A Mystery Play in Three Acts,,,,1944,95,,4.25,2185,,,https://www.goodreads.com/book/show/526550.And_Then_There_Were_None
64,Agatha Christie,Mystery,4.202,Murder on the Nile (stage play),,,,1944,104,,4.18,2884,,,https://www.goodreads.com/book/show/658292.Murder_on_the_Nile
64,Agatha Christie,Mystery,4.202,Crooked House,,,,1949,276,,4.08,90035,,,https://www.goodreads.com/book/show/16315.Crooked_House
64,Agatha Christie,Mystery,4.202,The Mousetrap and Other Plays,,,,1950,742,,4.04,6552,,,https://www.goodreads.com/book/show/121655.The_Mousetrap_and_Other_Plays
64,Agatha Christie,Mystery,4.202,Miss Marple: The Complete Short Stories,,,,1960,368,,4.2,14771,,,https://www.goodreads.com/book/show/16306.Miss_Marple
64,Agatha Christie,Mystery,4.202,"The Adventure of the Christmas Pudding: a Hercule Poirot Short Story (Hercule Poirot, #SS-26)",,,,1960,55,,4.14,4040,,,https://www.goodreads.com/book/show/44066606-the-adventure-of-the-christmas-pudding
64,Agatha Christie,Mystery,4.202,The Golden Ball and Other Stories,,,,1971,288,,4.02,9049,,,https://www.goodreads.com/book/show/612478.The_Golden_Ball_and_Other_Stories
64,Agatha Christie,Mystery,4.202,Agatha Christie: An Autobiography,,,,1977,560,,4.12,12447,,,https://www.goodreads.com/book/show/16301.Agatha_Christie
64,Agatha Christie,Mystery,4.202,Five Complete Hercule Poirot Novels: ABC Murders / Cards on the Table / Death on the Nile / Murder on the Orient Express / Thirteen at Dinner,,,,1980,663,,4.54,4600,,,https://www.goodreads.com/book/show/408478.Five_Complete_Hercule_Poirot_Novels
64,Agatha Christie,Mystery,4.202,The Mirror Crack'd / A Caribbean Mystery / Nemesis / What Mrs. McGillicuddy Saw! / The Body in the Library,,,,1980,650,,4.37,1356,,,https://www.goodreads.com/book/show/37576.The_Mirror_Crack_d_A_Caribbean_Mystery_Nemesis_What_Mrs_McGillicuddy_Saw_The_Body_in_the_Library
64,Agatha Christie,Mystery,4.202,Poirot In the Orient: Murder in Mesopotamia / Death on the Nile / Appointment with Death,,,,2001,608,,4.29,1288,,,https://www.goodreads.com/book/show/16355.Poirot_In_the_Orient
64,Agatha Christie,Mystery,4.202,Miss Marple and Mystery: Over 50 Stories,,,,2011,736,,4.18,1158,,,https://www.goodreads.com/book/show/4666541-miss-marple-and-mystery
64,Agatha Christie,Mystery,4.202,The Collection,,,,2012,1334,,4.48,3152,,,https://www.goodreads.com/book/show/52241556-the-collection
64,Agatha Christie,Mystery,4.202,The Mysterious Affair at Styles and The Secret Adversary (Complete Mystery Novel Collection of Agatha Christie Vol. 1),,,,,,,4.27,2647,,,https://www.goodreads.com/book/show/11006902-the-mysterious-affair-at-styles-and-the-secret-adversary
65,Brian  McClellan,Fantasy,4.195,"Siege of Tilpur (Powder Mage, #0.0)","Powder Mage,",0,4.115,2017,39,,4.15,1374,,,https://www.goodreads.com/book/show/36559185-siege-of-tilpur
65,Brian  McClellan,Fantasy,4.195,"Forsworn (Powder Mage, #0.1)","Powder Mage,",0.1,4.115,2014,64,,4.02,3855,,,https://www.goodreads.com/book/show/20614529-forsworn
65,Brian  McClellan,Fantasy,4.195,"Servant of the Crown (Powder Mage, #0.2)","Powder Mage,",0.2,4.115,2014,77,,4.27,3451,,,https://www.goodreads.com/book/show/22493195-servant-of-the-crown
65,Brian  McClellan,Fantasy,4.195,"Murder at the Kinnen Hotel (Powder Mage, #0.3)","Powder Mage,",0.3,4.115,2014,74,,4.16,2715,,,https://www.goodreads.com/book/show/23597688-murder-at-the-kinnen-hotel
65,Brian  McClellan,Fantasy,4.195,"Hope's End (Powder Mage, #0.4)","Powder Mage,",0.4,4.115,2013,30,,3.97,2706,,,https://www.goodreads.com/book/show/18569078-hope-s-end
65,Brian  McClellan,Fantasy,4.195,"The Girl of Hrusch Avenue (Powder Mage, #0.5)","Powder Mage,",0.5,4.115,2013,29,,3.96,3136,,,https://www.goodreads.com/book/show/18139131-the-girl-of-hrusch-avenue
65,Brian  McClellan,Fantasy,4.195,"Green-Eyed Vipers (Powder Mage, #0.6)","Powder Mage,",0.6,4.115,2015,15,,3.94,822,,,https://www.goodreads.com/book/show/33985598-green-eyed-vipers
65,Brian  McClellan,Fantasy,4.195,"The Face in the Window (Powder Mage, #0.7)","Powder Mage,",0.7,4.115,2014,38,,4.02,2230,,,https://www.goodreads.com/book/show/22403040-the-face-in-the-window
65,Brian  McClellan,Fantasy,4.195,"Ghosts of the Tristan Basin (Powder Mage, #0.8)","Powder Mage,",0.8,4.115,2016,90,,4.29,2045,,,https://www.goodreads.com/book/show/28825810-ghosts-of-the-tristan-basin
65,Brian  McClellan,Fantasy,4.195,"Promise of Blood (Powder Mage, #1)","Powder Mage,",1,4.115,2013,545,,4.13,63337,,,https://www.goodreads.com/book/show/15790883-promise-of-blood
65,Brian  McClellan,Fantasy,4.195,"Return to Honor (Powder Mage, #1.5)","Powder Mage,",1.5,4.115,2015,46,,3.88,2465,,,https://www.goodreads.com/book/show/23654163-return-to-honor
65,Brian  McClellan,Fantasy,4.195,"The Crimson Campaign (Powder Mage, #2)","Powder Mage,",2,4.115,2014,596,,4.35,42593,,,https://www.goodreads.com/book/show/17608111-the-crimson-campaign
65,Brian  McClellan,Fantasy,4.195,"The Autumn Republic (Powder Mage, #3)","Powder Mage,",3,4.115,2015,580,,4.36,36415,,,https://www.goodreads.com/book/show/20883847-the-autumn-republic
65,Brian  McClellan,Fantasy,4.195,In the Field Marshal's Shadow (Powder Mage 0.4-0.7+1.5),,,,2015,130,,4.28,1704,,,https://www.goodreads.com/book/show/27826366-in-the-field-marshal-s-shadow
65,Brian  McClellan,Fantasy,4.195,"The Mad Lancers (Gods of Blood and Powder, #0.1)","Gods of Blood and Powder,",0.1,4.41,2017,76,,4.31,2259,,,https://www.goodreads.com/book/show/36047195-the-mad-lancers
65,Brian  McClellan,Fantasy,4.195,"Sins of Empire (Gods of Blood and Powder, #1)","Gods of Blood and Powder,",1,4.41,2017,624,,4.4,19524,,,https://www.goodreads.com/book/show/28811016-sins-of-empire
65,Brian  McClellan,Fantasy,4.195,"Wrath of Empire (Gods of Blood and Powder, #2)","Gods of Blood and Powder,",2,4.41,2018,639,,4.49,13796,,,https://www.goodreads.com/book/show/28811018-wrath-of-empire
65,Brian  McClellan,Fantasy,4.195,"Blood of Empire (Gods of Blood and Powder, #3)","Gods of Blood and Powder,",3,4.41,2019,592,,4.44,11084,,,https://www.goodreads.com/book/show/28811019-blood-of-empire
65,Brian  McClellan,Fantasy,4.195,"Uncanny Collateral (Valkyrie Collections, #1)","Valkyrie Collections,",1,4.145,2019,145,,4.05,3193,,,https://www.goodreads.com/book/show/43716670-uncanny-collateral
65,Brian  McClellan,Fantasy,4.195,"Blood Tally (Valkyrie Collections, #2)","Valkyrie Collections,",2,4.145,2020,164,,4.24,1613,,,https://www.goodreads.com/book/show/52178540-blood-tally
65,Brian  McClellan,Fantasy,4.195,"In the Shadow of Lightning (Glass Immortals, #1)","Glass Immortals,",1,4.39,2022,576,,4.39,8183,,,https://www.goodreads.com/book/show/58724872-in-the-shadow-of-lightning
66,Aldous Huxley,Science-Fiction,4.14,Brave New World and Brave New World Revisited,,,,1932,340,,4.16,171005,,,https://www.goodreads.com/book/show/5479.Brave_New_World_and_Brave_New_World_Revisited
66,Aldous Huxley,Science-Fiction,4.14,The Perennial Philosophy,,,,1945,336,,4.12,6408,,,https://www.goodreads.com/book/show/5131.The_Perennial_Philosophy
67,Guy Gavriel Kay,Fantasy,4.193,"The Summer Tree (The Fionavar Tapestry, #1)","The Fionavar Tapestry,",1,4.125,1984,383,,3.95,26467,,,https://www.goodreads.com/book/show/104086.The_Summer_Tree
67,Guy Gavriel Kay,Fantasy,4.193,"The Fionavar Tapestry (The Fionavar Tapestry, #1-3)","The Fionavar Tapestry,",1,4.125,1986,792,,4.24,7801,,,https://www.goodreads.com/book/show/1148721.The_Fionavar_Tapestry
67,Guy Gavriel Kay,Fantasy,4.193,"The Wandering Fire (The Fionavar Tapestry, #2)","The Fionavar Tapestry,",2,4.125,1986,375,,4.11,18995,,,https://www.goodreads.com/book/show/104088.The_Wandering_Fire
67,Guy Gavriel Kay,Fantasy,4.193,"The Darkest Road (The Fionavar Tapestry, #3)","The Fionavar Tapestry,",3,4.125,1986,448,,4.2,18835,,,https://www.goodreads.com/book/show/290628.The_Darkest_Road
67,Guy Gavriel Kay,Fantasy,4.193,The Lions of Al-Rassan,,,,1984,528,,4.3,26057,,,https://www.goodreads.com/book/show/104101.The_Lions_of_Al_Rassan
67,Guy Gavriel Kay,Fantasy,4.193,Tigana,,,,1990,676,,4.08,51650,,,https://www.goodreads.com/book/show/104089.Tigana
67,Guy Gavriel Kay,Fantasy,4.193,A Song for Arbonne,,,,1992,512,,4.25,15555,,,https://www.goodreads.com/book/show/104085.A_Song_for_Arbonne
67,Guy Gavriel Kay,Fantasy,4.193,"Sailing to Sarantium (The Sarantine Mosaic, #1)","The Sarantine Mosaic,",1,4.36,1998,448,,4.2,16777,,,https://www.goodreads.com/book/show/104097.Sailing_to_Sarantium
67,Guy Gavriel Kay,Fantasy,4.193,"The Sarantine Mosaic (The Sarantine Mosaic, #1-2)","The Sarantine Mosaic,",1,4.36,2000,1129,,4.58,786,,,https://www.goodreads.com/book/show/19381540-the-sarantine-mosaic
67,Guy Gavriel Kay,Fantasy,4.193,"Lord of Emperors (The Sarantine Mosaic, #2)","The Sarantine Mosaic,",2,4.36,2000,560,,4.3,14163,,,https://www.goodreads.com/book/show/104091.Lord_of_Emperors
67,Guy Gavriel Kay,Fantasy,4.193,"Under Heaven (Under Heaven, #1)","Under Heaven,",1,4.165,2010,592,,4.17,16798,,,https://www.goodreads.com/book/show/7139892-under-heaven
67,Guy Gavriel Kay,Fantasy,4.193,"River of Stars (Under Heaven, #2)","Under Heaven,",2,4.165,2013,639,,4.16,7877,,,https://www.goodreads.com/book/show/15808474-river-of-stars
67,Guy Gavriel Kay,Fantasy,4.193,Children of Earth and Sky,,,,2016,571,,4.15,8049,,,https://www.goodreads.com/book/show/25938417-children-of-earth-and-sky
67,Guy Gavriel Kay,Fantasy,4.193,A Brightness Long Ago,,,,2019,423,,4.18,8245,,,https://www.goodreads.com/book/show/41458663-a-brightness-long-ago
67,Guy Gavriel Kay,Fantasy,4.193,All the Seas of the World,,,,2022,528,,4.17,4707,,,https://www.goodreads.com/book/show/58863528-all-the-seas-of-the-world
67,Guy Gavriel Kay,Fantasy,4.193,Written on the Dark,,,,2025,320,,4.05,2129,,,https://www.goodreads.com/book/show/218153843-written-on-the-dark
68,Leo Tolstoy,Classic Fiction,4.183,Война и мир. Том 2/4,,,,1865,427,,4.42,4797,,,https://www.goodreads.com/book/show/23902117-2-4
68,Leo Tolstoy,Classic Fiction,4.183,Война и мир. Том 3/4,,,,1865,528,,4.4,2804,,,https://www.goodreads.com/book/show/23902139-3-4
68,Leo Tolstoy,Classic Fiction,4.183,Война и мир. Том 4/4,,,,1865,454,,4.36,2440,,,https://www.goodreads.com/book/show/23902698-4-4
68,Leo Tolstoy,Classic Fiction,4.183,The Death of Ivan Ilyich/Master and Man,,,,1866,116,,4.14,1291,,,https://www.goodreads.com/book/show/18391.The_Death_of_Ivan_Ilyich_Master_and_Man
68,Leo Tolstoy,Classic Fiction,4.183,La Guerre et la Paix I,,,,1867,1023,,4.3,6454,,,https://www.goodreads.com/book/show/634685.La_Guerre_et_la_Paix_I
68,Leo Tolstoy,Classic Fiction,4.183,Wojna i pokój. Tom III i IV,,,,1867,815,,4.33,1250,,,https://www.goodreads.com/book/show/40681318-wojna-i-pok-j-tom-iii-i-iv
68,Leo Tolstoy,Classic Fiction,4.183,"Anna Karenina, 2 of 2",,,,1877,562,,4.16,4492,,,https://www.goodreads.com/book/show/2945962-anna-karenina-2-of-2
68,Leo Tolstoy,Classic Fiction,4.183,"Anna Karenina, Vol 1 of 2",,,,1877,624,,4.12,9625,,,https://www.goodreads.com/book/show/9712800-anna-karenina-vol-1-of-2
68,Leo Tolstoy,Classic Fiction,4.183,Anna Karenina,,,,1878,964,,4.1,920308,,,https://www.goodreads.com/book/show/15823480-anna-karenina
68,Leo Tolstoy,Classic Fiction,4.183,A Confession,,,,1884,108,,4.1,19355,,,https://www.goodreads.com/book/show/26244.A_Confession
68,Leo Tolstoy,Classic Fiction,4.183,Two Old Men,,,,1885,48,,4.25,1005,,,https://www.goodreads.com/book/show/1758230.Two_Old_Men
68,Leo Tolstoy,Classic Fiction,4.183,What Men Live by and Other Tales,,,,1885,56,,4.11,3031,,,https://www.goodreads.com/book/show/407154.What_Men_Live_by_and_Other_Tales
68,Leo Tolstoy,Classic Fiction,4.183,"Where Love Is, There God Is Also",,,,1885,48,,4.11,2033,,,https://www.goodreads.com/book/show/50282.Where_Love_Is_There_God_Is_Also
68,Leo Tolstoy,Classic Fiction,4.183,Great Short Works of Leo Tolstoy,,,,1886,720,,4.33,2694,,,https://www.goodreads.com/book/show/654.Great_Short_Works_of_Leo_Tolstoy
68,Leo Tolstoy,Classic Fiction,4.183,How Much Land Does a Man Need?,,,,1886,66,,4.11,17908,,,https://www.goodreads.com/book/show/21206786-how-much-land-does-a-man-need
68,Leo Tolstoy,Classic Fiction,4.183,How Much Land Does a Man Need? and Other Stories,,,,1886,228,,4.18,1142,,,https://www.goodreads.com/book/show/125384.How_Much_Land_Does_a_Man_Need_and_Other_Stories
68,Leo Tolstoy,Classic Fiction,4.183,The Death of Ivan Ilych,,,,1886,86,,4.14,215151,,,https://www.goodreads.com/book/show/18386.The_Death_of_Ivan_Ilych
68,Leo Tolstoy,Classic Fiction,4.183,The Death of Ivan Ilych and Other Stories,,,,1886,304,,4.12,16923,,,https://www.goodreads.com/book/show/655.The_Death_of_Ivan_Ilych_and_Other_Stories
68,Leo Tolstoy,Classic Fiction,4.183,The Death of Ivan Ilyich and Confession,,,,1886,224,,4.05,1212,,,https://www.goodreads.com/book/show/17575112-the-death-of-ivan-ilyich-and-confession
68,Leo Tolstoy,Classic Fiction,4.183,The Kingdom of God Is Within You,,,,1893,352,,4.12,4780,,,https://www.goodreads.com/book/show/658.The_Kingdom_of_God_Is_Within_You
68,Leo Tolstoy,Classic Fiction,4.183,Master And Man,,,,1895,57,,4,8735,,,https://www.goodreads.com/book/show/50270.Master_And_Man
68,Leo Tolstoy,Classic Fiction,4.183,Resurrection,,,,1899,562,,4.17,27924,,,https://www.goodreads.com/book/show/42641.Resurrection
68,Leo Tolstoy,Classic Fiction,4.183,War and Peace,,,,1925,1392,,4.17,361886,,,https://www.goodreads.com/book/show/656.War_and_Peace
68,Leo Tolstoy,Classic Fiction,4.183,Family Happiness and Other Stories,,,,1973,208,,4.05,1235,,,https://www.goodreads.com/book/show/264380.Family_Happiness_and_Other_Stories
68,Leo Tolstoy,Classic Fiction,4.183,A Confession and Other Religious Writings,,,,1987,238,,4.11,1249,,,https://www.goodreads.com/book/show/87577.A_Confession_and_Other_Religious_Writings
68,Leo Tolstoy,Classic Fiction,4.183,La muerte de Iván Ilich / Hadyi Murad,,,,1993,320,,4.07,1467,,,https://www.goodreads.com/book/show/10356941-la-muerte-de-iv-n-ilich-hadyi-murad
68,Leo Tolstoy,Classic Fiction,4.183,The Greatest Short Stories of Leo Tolstoy,,,,2009,384,,4.24,2344,,,https://www.goodreads.com/book/show/8762337-the-greatest-short-stories-of-leo-tolstoy
68,Leo Tolstoy,Classic Fiction,4.183,Война и мир. Том 1/4,,,,,473,,4.37,2318,,,https://www.goodreads.com/book/show/23902108-1-4
69,Samantha Shannon,Fantasy,4.19,"The Pale Dreamer (The Bone Season, #0.5)","The Bone Season,",0.5,4.197,2016,,Young Adult,3.84,10923,,,https://www.goodreads.com/book/show/213740279-the-pale-dreamer
69,Samantha Shannon,Fantasy,4.19,"The Bone Season (The Bone Season, #1)","The Bone Season,",1,4.197,2023,624,Young Adult,3.84,100309,,,https://www.goodreads.com/book/show/195391688-the-bone-season
69,Samantha Shannon,Fantasy,4.19,"The Bone Season #1-3: The Bone Season, The Mime Order, The Song Rising (The Bone Season, #1-3)","The Bone Season,",1,4.197,,1496,,4.4,182,,,https://www.goodreads.com/book/show/53267655-the-bone-season-1-3
69,Samantha Shannon,Fantasy,4.19,"The Mime Order (The Bone Season, #2)","The Bone Season,",2,4.197,2015,560,Young Adult,4.22,41759,,,https://www.goodreads.com/book/show/199701668-the-mime-order
69,Samantha Shannon,Fantasy,4.19,"The Song Rising (The Bone Season, #3)","The Bone Season,",3,4.197,2017,384,Young Adult,4.2,27149,,,https://www.goodreads.com/book/show/201559382-the-song-rising
69,Samantha Shannon,Fantasy,4.19,"The Dawn Chorus (The Bone Season, #3.5)","The Bone Season,",3.5,4.197,2020,78,,4.16,6826,,,https://www.goodreads.com/book/show/213740073-the-dawn-chorus
69,Samantha Shannon,Fantasy,4.19,"The Mask Falling (The Bone Season, #4)","The Bone Season,",4,4.197,2021,544,,4.45,17156,,,https://www.goodreads.com/book/show/201559379-the-mask-falling
69,Samantha Shannon,Fantasy,4.19,"The Dark Mirror (The Bone Season, #5)","The Bone Season,",5,4.197,2025,576,,4.54,7094,,,https://www.goodreads.com/book/show/24526778-the-dark-mirror
69,Samantha Shannon,Fantasy,4.19,"Untitled (The Bone Season, #6)","The Bone Season,",6,4.197,,,Young Adult,4.32,19,,,https://www.goodreads.com/book/show/24526790-untitled
69,Samantha Shannon,Fantasy,4.19,"Untitled (The Bone Season, #7)","The Bone Season,",7,4.197,,,Young Adult,4,17,,,https://www.goodreads.com/book/show/24526797-untitled
69,Samantha Shannon,Fantasy,4.19,"Dzień nastania nocy. Część 1 (Korzenie chaosu, #0A)","Korzenie chaosu,",0,4.15,2023,640,,4.09,2205,,,https://www.goodreads.com/book/show/122773444-dzie-nastania-nocy-cz-1
69,Samantha Shannon,Fantasy,4.19,"Dzień nastania nocy. Część 2 (Korzenie chaosu, #0B)","Korzenie chaosu,",0,4.15,2023,656,,4.25,1712,,,https://www.goodreads.com/book/show/122773455-dzie-nastania-nocy-cz-2
69,Samantha Shannon,Fantasy,4.19,"Zakon Drzewa Pomarańczy. Część 1 (Korzenie chaosu, #1A)","Korzenie chaosu,",1,4.15,2019,560,Young Adult,4.06,12734,,,https://www.goodreads.com/book/show/52785185-zakon-drzewa-pomara-czy-cz-1
69,Samantha Shannon,Fantasy,4.19,"Zakon Drzewa Pomarańczy. Część 2 (Korzenie chaosu, #1B)","Korzenie chaosu,",1,4.15,2019,560,Young Adult,4.2,9227,,,https://www.goodreads.com/book/show/50892698-zakon-drzewa-pomara-czy-cz-2
69,Samantha Shannon,Fantasy,4.19,"A Day of Fallen Night (The Roots of Chaos, #0.1)","The Roots of Chaos,",0.1,4.22,2023,868,,4.32,54185,,,https://www.goodreads.com/book/show/60766189-a-day-of-fallen-night
69,Samantha Shannon,Fantasy,4.19,"Among the Burning Flowers (The Roots of Chaos, #0.2)","The Roots of Chaos,",0.2,4.22,2025,288,,4.17,5717,,,https://www.goodreads.com/book/show/222376983-among-the-burning-flowers
69,Samantha Shannon,Fantasy,4.19,"The Priory of the Orange Tree (The Roots of Chaos, #1)","The Roots of Chaos,",1,4.22,2019,848,,4.17,271937,,,https://www.goodreads.com/book/show/40275288-the-priory-of-the-orange-tree
70,Margaret Atwood,Science-Fiction,4.138,Alias Grace,,,,2003,468,,4.04,155468,,,https://www.goodreads.com/book/show/72579.Alias_Grace
70,Margaret Atwood,Science-Fiction,4.138,"Burning Questions: Essays and Occasional Pieces, 2004 to 2021",,,,2003,496,,4.06,2850,,,https://www.goodreads.com/book/show/58210662-burning-questions
70,Margaret Atwood,Science-Fiction,4.138,"Oryx and Crake (MaddAddam, #1)","MaddAddam,",1,4.03,2003,389,,4,285168,,,https://www.goodreads.com/book/show/46756.Oryx_and_Crake
70,Margaret Atwood,Science-Fiction,4.138,"The Year of the Flood (MaddAddam, #2)","MaddAddam,",2,4.03,2003,431,,4.07,132192,,,https://www.goodreads.com/book/show/6080337-the-year-of-the-flood
70,Margaret Atwood,Science-Fiction,4.138,"MaddAddam (MaddAddam, #3)","MaddAddam,",3,4.03,2003,394,,4.02,82020,,,https://www.goodreads.com/book/show/17262203-maddaddam
70,Margaret Atwood,Science-Fiction,4.138,Morning in the Burned House: Poems,,,,2003,144,,4.12,3302,,,https://www.goodreads.com/book/show/28776.Morning_in_the_Burned_House
70,Margaret Atwood,Science-Fiction,4.138,Selected Poems 1: 1965-1975,,,,2003,240,,4.14,1846,,,https://www.goodreads.com/book/show/17648.Selected_Poems_1
70,Margaret Atwood,Science-Fiction,4.138,Selected Poems 2: 1976 - 1986,,,,2003,160,,4.2,1022,,,https://www.goodreads.com/book/show/17653.Selected_Poems_2
70,Margaret Atwood,Science-Fiction,4.138,The Handmaid's Tale,,,,2003,320,,4.15,2378121,,,https://www.goodreads.com/book/show/34454589-the-handmaid-s-tale
70,Margaret Atwood,Science-Fiction,4.138,"The Testaments (The Handmaid's Tale, #2)","The Handmaid's Tale,",2,4.2,2003,422,,4.2,415247,,,https://www.goodreads.com/book/show/42975172-the-testaments
70,Margaret Atwood,Science-Fiction,4.138,The MaddAddam Trilogy: Oryx and Crake / The Year of the Flood / MaddAddam,,,,2003,1497,,4.52,4497,,,https://www.goodreads.com/book/show/18594761-the-maddaddam-trilogy
71,N.K. Jemisin,Fantasy,4.186,"Shades in Shadow (Inheritance, #0.5, 1.5, 2.5)","Inheritance,",0.5,4.07,2015,64,,4.05,2578,,,https://www.goodreads.com/book/show/25552070-shades-in-shadow
71,N.K. Jemisin,Fantasy,4.186,"The Hundred Thousand Kingdoms (Inheritance, #1)","Inheritance,",1,4.07,2010,427,,3.89,81238,,,https://www.goodreads.com/book/show/6437061-the-hundred-thousand-kingdoms
71,N.K. Jemisin,Fantasy,4.186,"The Inheritance Trilogy (Inheritance, #1-3.5)","Inheritance,",1,4.07,2014,1462,,4.28,9368,,,https://www.goodreads.com/book/show/21481566-the-inheritance-trilogy
71,N.K. Jemisin,Fantasy,4.186,"The Broken Kingdoms (Inheritance, #2)","Inheritance,",2,4.07,2010,384,,4.14,38986,,,https://www.goodreads.com/book/show/7904453-the-broken-kingdoms
71,N.K. Jemisin,Fantasy,4.186,"The Kingdom of Gods (Inheritance, #3)","Inheritance,",3,4.07,2011,613,,3.99,29169,,,https://www.goodreads.com/book/show/7923006-the-kingdom-of-gods
71,N.K. Jemisin,Fantasy,4.186,"The Killing Moon (Dreamblood, #1)","Dreamblood,",1,4.125,2012,428,,3.96,23139,,,https://www.goodreads.com/book/show/11774272-the-killing-moon
71,N.K. Jemisin,Fantasy,4.186,"The Shadowed Sun (Dreamblood, #2)","Dreamblood,",2,4.125,2012,510,,4.29,11842,,,https://www.goodreads.com/book/show/11774295-the-shadowed-sun
71,N.K. Jemisin,Fantasy,4.186,"The Awakened Kingdom  (The Inheritance Trilogy, #3.5)","The Inheritance Trilogy,",3.5,4.01,2014,96,,4.01,6879,,,https://www.goodreads.com/book/show/23763447-the-awakened-kingdom
71,N.K. Jemisin,Fantasy,4.186,The Fifth Season (The Broken Earth #1),The Broken Earth,1,4.29,2015,468,,4.29,327100,,,https://www.goodreads.com/book/show/19161852-the-fifth-season
71,N.K. Jemisin,Fantasy,4.186,"The Broken Earth Trilogy (The Broken Earth, #1-3)","The Broken Earth,",1,4.393,2018,1424,,4.56,4117,,,https://www.goodreads.com/book/show/38496769-the-broken-earth-trilogy
71,N.K. Jemisin,Fantasy,4.186,"The Obelisk Gate (The Broken Earth, #2)","The Broken Earth,",2,4.393,2016,410,,4.29,192908,,,https://www.goodreads.com/book/show/26228034-the-obelisk-gate
71,N.K. Jemisin,Fantasy,4.186,"The Stone Sky (The Broken Earth, #3)","The Broken Earth,",3,4.393,2017,416,,4.33,164011,,,https://www.goodreads.com/book/show/31817749-the-stone-sky
71,N.K. Jemisin,Fantasy,4.186,The Dreamblood Duology,,,,2016,960,,4.42,2076,,,https://www.goodreads.com/book/show/29808317-the-dreamblood-duology
71,N.K. Jemisin,Fantasy,4.186,How Long 'til Black Future Month?,,,,2018,400,,4.27,17997,,,https://www.goodreads.com/book/show/40855636-how-long-til-black-future-month
71,N.K. Jemisin,Fantasy,4.186,Far Sector,,,,2019,305,,4.19,5244,,,https://www.goodreads.com/book/show/54197207-far-sector
71,N.K. Jemisin,Fantasy,4.186,"Emergency Skin (Forward Collection, #3)","Forward Collection,",3,4.02,2019,38,,4.02,33297,,,https://www.goodreads.com/book/show/49669410-emergency-skin
72,Bram Stoker,Horror,4.182,Dracula,,,,1879,488,,4.02,1450329,,,https://www.goodreads.com/book/show/17245.Dracula
72,Bram Stoker,Horror,4.182,Dracula,,,,1897,460,,4.2,1148,,,https://www.goodreads.com/book/show/123878454-dracula
72,Bram Stoker,Horror,4.182,Dracula 1,,,,1879,382,,4.2,1285,,,https://www.goodreads.com/book/show/6629567-dracula-1
72,Bram Stoker,Horror,4.182,Dracula and Other Horror Classics,,,,1879,757,,4.31,9104,,,https://www.goodreads.com/book/show/18278171-dracula-and-other-horror-classics
73,Tad Williams,Fantasy,4.18,"The Dragonbone Chair (Memory, Sorrow, and Thorn, #1)","Memory, Sorrow, and Thorn,",1,4.134,1988,672,,3.97,77107,,,https://www.goodreads.com/book/show/91981.The_Dragonbone_Chair
73,Tad Williams,Fantasy,4.18,"Stone of Farewell (Memory, Sorrow, and Thorn, #2)","Memory, Sorrow, and Thorn,",2,4.134,1990,608,Young Adult,4.1,52519,,,https://www.goodreads.com/book/show/28689.Stone_of_Farewell
73,Tad Williams,Fantasy,4.18,"To Green Angel Tower (Memory, Sorrow, and Thorn, #3)","Memory, Sorrow, and Thorn,",3,4.134,1993,1083,,4.21,56880,,,https://www.goodreads.com/book/show/28691.To_Green_Angel_Tower
73,Tad Williams,Fantasy,4.18,"To Green Angel Tower, Part 2 (Memory, Sorrow, and Thorn, #3; Part 2)","Memory, Sorrow, and Thorn,",3,4.134,1993,815,,4.23,24196,,,https://www.goodreads.com/book/show/28698.To_Green_Angel_Tower_Part_2
73,Tad Williams,Fantasy,4.18,"Siege: To Green Angel Tower, Part 1 (Memory, Sorrow, and Thorn, #3: Part 1)","Memory, Sorrow, and Thorn,",3,4.134,,816,,4.16,659,,,https://www.goodreads.com/book/show/1014321.Siege
73,Tad Williams,Fantasy,4.18,"The Heart of What Was Lost (The Last King of Osten Ard, #0.5)","The Last King of Osten Ard,",0.5,4.305,2017,224,,4.03,4716,,,https://www.goodreads.com/book/show/28585686-the-heart-of-what-was-lost
73,Tad Williams,Fantasy,4.18,"Brothers of the Wind (The Last King of Osten Ard, #0.75)","The Last King of Osten Ard,",0.75,4.305,2021,258,,4.15,1829,,,https://www.goodreads.com/book/show/57282621-brothers-of-the-wind
73,Tad Williams,Fantasy,4.18,"The Witchwood Crown (The Last King of Osten Ard, #1)","The Last King of Osten Ard,",1,4.305,1988,733,,4.17,5815,,,https://www.goodreads.com/book/show/31185918-the-witchwood-crown
73,Tad Williams,Fantasy,4.18,"Empire of Grass (The Last King of Osten Ard, #2)","The Last King of Osten Ard,",2,4.305,2021,1255,,4.39,3759,,,https://www.goodreads.com/book/show/21845219-empire-of-grass
73,Tad Williams,Fantasy,4.18,"Into the Narrowdark (The Last King of Osten Ard, #3)","The Last King of Osten Ard,",3,4.305,1989,580,,4.52,2676,,,https://www.goodreads.com/book/show/59350587-into-the-narrowdark
73,Tad Williams,Fantasy,4.18,"The Navigator's Children (The Last King of Osten Ard, #4)","The Last King of Osten Ard,",4,4.305,2024,1300,,4.57,1993,,,https://www.goodreads.com/book/show/21845220-the-navigator-s-children
73,Tad Williams,Fantasy,4.18,"City of Golden Shadow (Otherland, #1)","Otherland,",1,4.05,1996,780,,3.93,28673,,,https://www.goodreads.com/book/show/28695.City_of_Golden_Shadow
73,Tad Williams,Fantasy,4.18,"River of Blue Fire (Otherland, #2)","Otherland,",2,4.05,1998,675,,4.04,16869,,,https://www.goodreads.com/book/show/10084.River_of_Blue_Fire
73,Tad Williams,Fantasy,4.18,"Mountain of Black Glass (Otherland, #3)","Otherland,",3,4.05,1999,749,,4.08,16439,,,https://www.goodreads.com/book/show/10090.Mountain_of_Black_Glass
73,Tad Williams,Fantasy,4.18,"Sea of Silver Light (Otherland, #4)","Otherland,",4,4.05,2001,688,,4.15,14788,,,https://www.goodreads.com/book/show/10092.Sea_of_Silver_Light
74,John Scalzi,Science-Fiction,4.13,Everything but the Squeal,,,,1733,59,,4.09,1494,,,https://www.goodreads.com/book/show/32478014-everything-but-the-squeal
74,John Scalzi,Science-Fiction,4.13,"Fuzzy Nation (Fuzzy Sapiens, #7)","Fuzzy Sapiens,",7,4.15,2011,303,,4.15,32024,,,https://www.goodreads.com/book/show/9647532-fuzzy-nation
74,John Scalzi,Science-Fiction,4.13,"The B-Team (The Human Division, #1)","The Human Division,",1,4.114,2013,93,,4.1,7445,,,https://www.goodreads.com/book/show/16180352-the-b-team
74,John Scalzi,Science-Fiction,4.13,"Walk the Plank (The Human Division, #2)","The Human Division,",2,4.114,2013,32,,3.89,3907,,,https://www.goodreads.com/book/show/16180353-walk-the-plank
74,John Scalzi,Science-Fiction,4.13,"We Only Need the Heads (The Human Division, #3)","The Human Division,",3,4.114,2013,48,,4.11,3633,,,https://www.goodreads.com/book/show/16180355-we-only-need-the-heads
74,John Scalzi,Science-Fiction,4.13,"A Voice in the Wilderness (The Human Division, #4)","The Human Division,",4,4.114,2013,36,,4,3245,,,https://www.goodreads.com/book/show/16180356-a-voice-in-the-wilderness
74,John Scalzi,Science-Fiction,4.13,"Tales From the Clarke (The Human Division, #5)","The Human Division,",5,4.114,2013,43,,4.13,3242,,,https://www.goodreads.com/book/show/16180357-tales-from-the-clarke
74,John Scalzi,Science-Fiction,4.13,"The Back Channel (The Human Division, #6)","The Human Division,",6,4.114,2013,33,,4.14,3041,,,https://www.goodreads.com/book/show/16180358-the-back-channel
74,John Scalzi,Science-Fiction,4.13,"The Dog King (The Human Division, #7)","The Human Division,",7,4.114,2013,43,,4.15,3060,,,https://www.goodreads.com/book/show/16180354-the-dog-king
74,John Scalzi,Science-Fiction,4.13,"The Sound of Rebellion (The Human Division, #8)","The Human Division,",8,4.114,2013,29,,4.15,2895,,,https://www.goodreads.com/book/show/16180359-the-sound-of-rebellion
74,John Scalzi,Science-Fiction,4.13,"The Observers (The Human Division, #9)","The Human Division,",9,4.114,2013,48,,4.15,2843,,,https://www.goodreads.com/book/show/16180360-the-observers
74,John Scalzi,Science-Fiction,4.13,"This Must Be the Place (The Human Division, #10)","The Human Division,",10,4.114,2013,33,,4.04,2773,,,https://www.goodreads.com/book/show/16180361-this-must-be-the-place
74,John Scalzi,Science-Fiction,4.13,"A Problem of Proportion (The Human Division, #11)","The Human Division,",11,4.114,2013,46,,4.2,2905,,,https://www.goodreads.com/book/show/16180362-a-problem-of-proportion
74,John Scalzi,Science-Fiction,4.13,"The Gentle Art of Cracking Heads (The Human Division, #12)","The Human Division,",12,4.114,2013,29,,4.16,2727,,,https://www.goodreads.com/book/show/16180363-the-gentle-art-of-cracking-heads
74,John Scalzi,Science-Fiction,4.13,"Earth Below, Sky Above (The Human Division, #13)","The Human Division,",13,4.114,2013,77,,4.26,2962,,,https://www.goodreads.com/book/show/16180364-earth-below-sky-above
74,John Scalzi,Science-Fiction,4.13,"The Life of the Mind (The End of All Things, #1)","The End of All Things,",1,4.25,2015,82,,4.29,2040,,,https://www.goodreads.com/book/show/25349319-the-life-of-the-mind
74,John Scalzi,Science-Fiction,4.13,"This Hollow Union (The End of All Things, #2)","The End of All Things,",2,4.25,2015,163,,4.24,1571,,,https://www.goodreads.com/book/show/25349318-this-hollow-union
74,John Scalzi,Science-Fiction,4.13,"Can Long Endure (The End of All Things, #3)","The End of All Things,",3,4.25,2015,73,,4.16,1432,,,https://www.goodreads.com/book/show/25349323-can-long-endure
74,John Scalzi,Science-Fiction,4.13,"To Stand or Fall (The End of All Things, #4)","The End of All Things,",4,4.25,2015,91,,4.31,1571,,,https://www.goodreads.com/book/show/25361472-to-stand-or-fall
74,John Scalzi,Science-Fiction,4.13,"The Dispatcher (The Dispatcher, #1)","The Dispatcher,",1,4.007,2016,2,,3.98,37325,,,https://www.goodreads.com/book/show/26082188-the-dispatcher
74,John Scalzi,Science-Fiction,4.13,"Murder by Other Means (The Dispatcher, #2)","The Dispatcher,",2,4.007,2020,96,,4.03,13794,,,https://www.goodreads.com/book/show/55291869-murder-by-other-means
74,John Scalzi,Science-Fiction,4.13,"Travel by Bullet (The Dispatcher, #3)","The Dispatcher,",3,4.007,2022,4,,4.01,9532,,,https://www.goodreads.com/book/show/62214893-travel-by-bullet
74,John Scalzi,Science-Fiction,4.13,"The Collapsing Empire (The Interdependency, #1)","The Interdependency,",1,4.163,2017,336,,4.13,59224,,,https://www.goodreads.com/book/show/30078567-the-collapsing-empire
74,John Scalzi,Science-Fiction,4.13,"The Consuming Fire (The Interdependency, #2)","The Interdependency,",2,4.163,2018,304,,4.22,36788,,,https://www.goodreads.com/book/show/34942741-the-consuming-fire
74,John Scalzi,Science-Fiction,4.13,"The Last Emperox (The Interdependency, #3)","The Interdependency,",3,4.163,2017,320,,4.14,32237,,,https://www.goodreads.com/book/show/38322550-the-last-emperox
74,John Scalzi,Science-Fiction,4.13,Starter Villain,,,,2023,264,,4.12,91690,,,https://www.goodreads.com/book/show/61885029-starter-villain
74,John Scalzi,Science-Fiction,4.13,"Slow Time Between the Stars (The Far Reaches, #6)","The Far Reaches,",6,4.16,2023,28,,4.16,13276,,,https://www.goodreads.com/book/show/151908304-slow-time-between-the-stars
75,Susanna Clarke,Fantasy,4.178,"Neverwhere (London Below, #1)","London Below,",1,4.16,1996,392,,4.16,559226,,,https://www.goodreads.com/book/show/62212271-neverwhere
75,Susanna Clarke,Fantasy,4.178,Sandman: Kniha snů,,,,1996,322,,4.28,9037,,,https://www.goodreads.com/book/show/7331272-sandman
75,Susanna Clarke,Fantasy,4.178,"Black Heart, Ivory Bones",,,,2000,384,,4.05,2044,,,https://www.goodreads.com/book/show/81038.Black_Heart_Ivory_Bones
75,Susanna Clarke,Fantasy,4.178,Piranesi,,,,2020,272,,4.22,441732,,,https://www.goodreads.com/book/show/50202953-piranesi
76,Christopher Buehlman,Horror,4.182,Between Two Fires,,,,2012,432,,4.22,54975,,,https://www.goodreads.com/book/show/13543121-between-two-fires
76,Christopher Buehlman,Horror,4.182,The Lesser Dead,,,,2014,362,,4.07,8904,,,https://www.goodreads.com/book/show/20893407-the-lesser-dead
76,Christopher Buehlman,Horror,4.182,"The Daughters' War (Blacktongue, #0)","Blacktongue,",0,4.22,2024,416,,4.24,9725,,,https://www.goodreads.com/book/show/195790571-the-daughters-war
76,Christopher Buehlman,Horror,4.182,"The Blacktongue Thief (Blacktongue, #1)","Blacktongue,",1,4.22,2021,416,,4.2,41292,,,https://www.goodreads.com/book/show/55077697-the-blacktongue-thief
77,Leigh Bardugo,Fantasy,4.173,"Demon in the Wood (Grishaverse, #0)","Grishaverse,",0,4.01,2022,203,Young Adult,4.09,50511,,,https://www.goodreads.com/book/show/59785164-demon-in-the-wood
77,Leigh Bardugo,Fantasy,4.173,"The Demon in the Wood (Grishaverse, #0.1)","Grishaverse,",0.1,4.01,2014,30,Young Adult,3.91,35031,,,https://www.goodreads.com/book/show/24641800-the-demon-in-the-wood
77,Leigh Bardugo,Fantasy,4.173,"The Witch of Duva (Grishaverse, #0.5)","Grishaverse,",0.5,4.01,2012,48,Young Adult,4.06,19255,,,https://www.goodreads.com/book/show/13643163-the-witch-of-duva
77,Leigh Bardugo,Fantasy,4.173,"The Language of Thorns: Midnight Tales and Dangerous Magic (Grishaverse, #0.5, 2.5, 2.6)","Grishaverse,",0.5,4.01,2017,281,Young Adult,4.27,63339,,,https://www.goodreads.com/book/show/34076952-the-language-of-thorns
77,Leigh Bardugo,Fantasy,4.173,"The Too-Clever Fox (Grishaverse, #2.5)","Grishaverse,",2.5,4.01,2013,32,Young Adult,3.91,12219,,,https://www.goodreads.com/book/show/17790188-the-too-clever-fox
77,Leigh Bardugo,Fantasy,4.173,"Little Knife (Grishaverse, #2.6)","Grishaverse,",2.6,4.01,2014,32,Young Adult,3.82,7993,,,https://www.goodreads.com/book/show/20818790-little-knife
77,Leigh Bardugo,Fantasy,4.173,"Six of Crows (Six of Crows, #1)","Six of Crows,",1,4.56,2015,480,Young Adult,4.46,1132063,,,https://www.goodreads.com/book/show/23437156-six-of-crows
77,Leigh Bardugo,Fantasy,4.173,"The Six of Crows Duology Boxed Set (Six of Crows, #1-2)","Six of Crows,",1,4.56,2016,1040,Young Adult,4.65,7135,,,https://www.goodreads.com/book/show/30327173-the-six-of-crows-duology-boxed-set
77,Leigh Bardugo,Fantasy,4.173,"Crooked Kingdom (Six of Crows, #2)","Six of Crows,",2,4.56,2016,561,Young Adult,4.57,756849,,,https://www.goodreads.com/book/show/22299763-crooked-kingdom
77,Leigh Bardugo,Fantasy,4.173,Wonder Woman: Warbringer,,,,2017,369,Young Adult,4,37642,,,https://www.goodreads.com/book/show/29749085-wonder-woman
77,Leigh Bardugo,Fantasy,4.173,"Ninth House (Alex Stern, #1)","Alex Stern,",1,4.055,2019,461,,4,393400,,,https://www.goodreads.com/book/show/43263680-ninth-house
77,Leigh Bardugo,Fantasy,4.173,"Hell Bent (Alex Stern, #2)","Alex Stern,",2,4.055,2023,481,,4.11,175481,,,https://www.goodreads.com/book/show/60652997-hell-bent
77,Leigh Bardugo,Fantasy,4.173,"King of Scars (King of Scars, #1)","King of Scars,",1,4.245,2019,527,Young Adult,4.15,229745,,,https://www.goodreads.com/book/show/36307634-king-of-scars
77,Leigh Bardugo,Fantasy,4.173,"Rule of Wolves (King of Scars, #2)","King of Scars,",2,4.245,2021,592,Young Adult,4.34,174482,,,https://www.goodreads.com/book/show/36307674-rule-of-wolves
77,Leigh Bardugo,Fantasy,4.173,Shadow and Bone: Chapters 1-5,,,,,88,Young Adult,4.26,3671,,,https://www.goodreads.com/book/show/13643154-shadow-and-bone
78,Arthur C. Clarke,Science-Fiction,4.103,The Other Side Of The Sky,,,,1949,245,,4,2457,,,https://www.goodreads.com/book/show/358859.The_Other_Side_Of_The_Sky
78,Arthur C. Clarke,Science-Fiction,4.103,Childhood’s End,,,,1953,224,,4.12,172132,,,https://www.goodreads.com/book/show/414999.Childhood_s_End
78,Arthur C. Clarke,Science-Fiction,4.103,The Nine Billion Names of God,,,,1953,240,,4.05,8702,,,https://www.goodreads.com/book/show/149075.The_Nine_Billion_Names_of_God
78,Arthur C. Clarke,Science-Fiction,4.103,The Star,,,,1955,6,,4.08,2398,,,https://www.goodreads.com/book/show/13598725-the-star
78,Arthur C. Clarke,Science-Fiction,4.103,The City and the Stars,,,,1956,255,,4.07,36163,,,https://www.goodreads.com/book/show/250024.The_City_and_the_Stars
78,Arthur C. Clarke,Science-Fiction,4.103,The Collected Stories of Arthur C. Clarke,,,,1999,966,,4.3,6310,,,https://www.goodreads.com/book/show/35811.The_Collected_Stories_of_Arthur_C_Clarke
79,V.E. Schwab,Fantasy,4.16,"Warm Up  (Villains, #0.5)","Villains,",0.5,4.026,2013,15,,3.75,11070,,,https://www.goodreads.com/book/show/18248613-warm-up
79,V.E. Schwab,Fantasy,4.16,"Vicious (Villains, #1)","Villains,",1,4.026,2013,402,,4.19,314731,,,https://www.goodreads.com/book/show/40874032-vicious
79,V.E. Schwab,Fantasy,4.16,"Vicious / Vengeful (Villains, #1-2)","Villains,",1,4.026,2018,989,,4.36,254,,,https://www.goodreads.com/book/show/49138812-vicious-vengeful
79,V.E. Schwab,Fantasy,4.16,"ExtraOrdinary (Villains, #1.5)","Villains,",1.5,4.026,2021,112,,3.71,6058,,,https://www.goodreads.com/book/show/54739125-extraordinary
79,V.E. Schwab,Fantasy,4.16,"Vengeful (Villains, #2)","Villains,",2,4.026,2018,462,,4.12,126344,,,https://www.goodreads.com/book/show/26856502-vengeful
79,V.E. Schwab,Fantasy,4.16,"A Darker Shade of Magic (Shades of Magic, #1)","Shades of Magic,",1,4.26,2015,400,Young Adult,4.04,425031,,,https://www.goodreads.com/book/show/22055262-a-darker-shade-of-magic
79,V.E. Schwab,Fantasy,4.16,"The Shades of Magic Series (Shades of Magic, #1-3)","Shades of Magic,",1,4.26,2016,1534,,4.51,3316,,,https://www.goodreads.com/book/show/35378411-the-shades-of-magic-series
79,V.E. Schwab,Fantasy,4.16,"A Gathering of Shadows (Shades of Magic, #2)","Shades of Magic,",2,4.26,2016,512,Young Adult,4.19,231959,,,https://www.goodreads.com/book/show/20764879-a-gathering-of-shadows
79,V.E. Schwab,Fantasy,4.16,"A Conjuring of Light (Shades of Magic, #3)","Shades of Magic,",3,4.26,2017,624,Young Adult,4.3,191635,,,https://www.goodreads.com/book/show/29939230-a-conjuring-of-light
79,V.E. Schwab,Fantasy,4.16,The Invisible Life of Addie LaRue,,,,2020,448,,4.17,1457116,,,https://www.goodreads.com/book/show/50623864-the-invisible-life-of-addie-larue
79,V.E. Schwab,Fantasy,4.16,"The Fragile Threads of Power (Threads of Power, #1)","Threads of Power,",1,4.26,2023,648,,4.26,44936,,,https://www.goodreads.com/book/show/111673828-the-fragile-threads-of-power
79,V.E. Schwab,Fantasy,4.16,The Invisible Life of Addie LaRue - Sneak Peek,,,,,438,,4.32,2372,,,https://www.goodreads.com/book/show/54503950-the-invisible-life-of-addie-larue---sneak-peek
80,Mark Z. Danielewski,Horror,4.168,The Poetics of Space,,,,1957,268,,4.18,11063,,,https://www.goodreads.com/book/show/20893524-the-poetics-of-space
80,Mark Z. Danielewski,Horror,4.168,House of Leaves,,,,2000,710,,4.09,196764,,,https://www.goodreads.com/book/show/24800.House_of_Leaves
80,Mark Z. Danielewski,Horror,4.168,The Whalestoe Letters,,,,2000,83,,4.07,2836,,,https://www.goodreads.com/book/show/40153.The_Whalestoe_Letters
80,Mark Z. Danielewski,Horror,4.168,"One Rainy Day in May (The Familiar, #1)","The Familiar,",1,4.2,2028,880,,3.65,4192,,,https://www.goodreads.com/book/show/23012473-one-rainy-day-in-may
80,Mark Z. Danielewski,Horror,4.168,"Into the Forest (The Familiar, #2)","The Familiar,",2,4.2,2015,880,,4.18,1589,,,https://www.goodreads.com/book/show/25177152-into-the-forest
80,Mark Z. Danielewski,Horror,4.168,"Honeysuckle & Pain (The Familiar, #3)","The Familiar,",3,4.2,2016,880,,4.35,1078,,,https://www.goodreads.com/book/show/26891457-honeysuckle-pain
80,Mark Z. Danielewski,Horror,4.168,"Hades (The Familiar, #4)","The Familiar,",4,4.2,2017,880,,4.38,817,,,https://www.goodreads.com/book/show/30267890-hades
80,Mark Z. Danielewski,Horror,4.168,"Redwood (The Familiar, #5)","The Familiar,",5,4.2,2017,880,,4.44,628,,,https://www.goodreads.com/book/show/34137679-redwood
81,Mark  Lawrence,Fantasy,4.147,"Prince of Thorns (Broken Empire, #1)","Broken Empire,",1,4.03,2011,373,,3.83,122594,,,https://www.goodreads.com/book/show/9579634-prince-of-thorns
81,Mark  Lawrence,Fantasy,4.147,"Select Mode (Broken Empire, #1.5)","Broken Empire,",1.5,4.03,2014,10,,3.92,967,,,https://www.goodreads.com/book/show/20405936-select-mode
81,Mark  Lawrence,Fantasy,4.147,"King of Thorns (Broken Empire, #2)","Broken Empire,",2,4.03,2012,449,,4.18,70272,,,https://www.goodreads.com/book/show/12891107-king-of-thorns
81,Mark  Lawrence,Fantasy,4.147,"Sleeping Beauty (Broken Empire, #2.5)","Broken Empire,",2.5,4.03,2013,33,,4,1789,,,https://www.goodreads.com/book/show/18132196-sleeping-beauty
81,Mark  Lawrence,Fantasy,4.147,"Emperor of Thorns (Broken Empire, #3)","Broken Empire,",3,4.03,2013,434,,4.22,57260,,,https://www.goodreads.com/book/show/15985373-emperor-of-thorns
81,Mark  Lawrence,Fantasy,4.147,"The Book That Wouldn’t Burn (The Library Trilogy, #1)","The Library Trilogy,",1,4.034,2011,559,,3.97,39114,,,https://www.goodreads.com/book/show/61612864-the-book-that-wouldn-t-burn
81,Mark  Lawrence,Fantasy,4.147,"Overdue (The Library Trilogy, #1.5)","The Library Trilogy,",1.5,4.034,2023,46,,4.21,1394,,,https://www.goodreads.com/book/show/181669914-overdue
81,Mark  Lawrence,Fantasy,4.147,"Returns (The Library Trilogy, #1.6)","The Library Trilogy,",1.6,4.034,2024,53,,4.21,760,,,https://www.goodreads.com/book/show/207537277-returns
81,Mark  Lawrence,Fantasy,4.147,"The Book That Broke the World (The Library Trilogy, #2)","The Library Trilogy,",2,4.034,2024,384,,4.01,13796,,,https://www.goodreads.com/book/show/157031755-the-book-that-broke-the-world
81,Mark  Lawrence,Fantasy,4.147,"The Book That Held Her Heart (The Library Trilogy, #3)","The Library Trilogy,",3,4.034,2025,384,,3.77,6408,,,https://www.goodreads.com/book/show/216247528-the-book-that-held-her-heart
81,Mark  Lawrence,Fantasy,4.147,"The Broken Empire Trilogy: Prince of Thorns / King of Thorns / Emperor of Thorns (The Broken Empire, #1-3)","The Broken Empire,",1,4.39,2013,1092,,4.42,1845,,,https://www.goodreads.com/book/show/23814733-the-broken-empire-trilogy
81,Mark  Lawrence,Fantasy,4.147,"The Broken Empire Series (The Broken Empire, #1-2)","The Broken Empire,",1,4.39,2017,676,,4.48,466,,,https://www.goodreads.com/book/show/19248227-the-broken-empire-series
81,Mark  Lawrence,Fantasy,4.147,"Road Brothers (The Broken Empire, #3.5)","The Broken Empire,",3.5,4.39,2015,124,,4.27,1898,,,https://www.goodreads.com/book/show/28226072-road-brothers
81,Mark  Lawrence,Fantasy,4.147,During the Dance,,,,2014,9,,4.31,1700,,,https://www.goodreads.com/book/show/23163065-during-the-dance
81,Mark  Lawrence,Fantasy,4.147,"Prince of Fools (The Red Queen's War, #1)","The Red Queen's War,",1,4.26,2014,355,,4.05,35080,,,https://www.goodreads.com/book/show/18693743-prince-of-fools
81,Mark  Lawrence,Fantasy,4.147,"The Liar's Key (The Red Queen's War, #2)","The Red Queen's War,",2,4.26,2015,480,,4.23,21652,,,https://www.goodreads.com/book/show/22852698-the-liar-s-key
81,Mark  Lawrence,Fantasy,4.147,"The Wheel of Osheim (The Red Queen's War, #3)","The Red Queen's War,",3,4.26,2016,656,,4.32,17994,,,https://www.goodreads.com/book/show/27154427-the-wheel-of-osheim
81,Mark  Lawrence,Fantasy,4.147,"The New World (The Red Queen's War, #3.5)","The Red Queen's War,",3.5,4.26,,95,,4.44,532,,,https://www.goodreads.com/book/show/172554060-the-new-world
81,Mark  Lawrence,Fantasy,4.147,"Red Sister (Book of the Ancestor, #1)","Book of the Ancestor,",1,4.245,2017,467,Young Adult,4.16,62469,,,https://www.goodreads.com/book/show/25895524-red-sister
81,Mark  Lawrence,Fantasy,4.147,"Grey Sister (Book of the Ancestor, #2)","Book of the Ancestor,",2,4.245,2018,416,,4.35,37975,,,https://www.goodreads.com/book/show/35530652-grey-sister
81,Mark  Lawrence,Fantasy,4.147,"Bound (Book of the Ancestor, #2.5)","Book of the Ancestor,",2.5,4.245,2018,44,,4.16,4476,,,https://www.goodreads.com/book/show/42865580-bound
81,Mark  Lawrence,Fantasy,4.147,"Holy Sister (Book of the Ancestor, #3)","Book of the Ancestor,",3,4.245,2019,343,,4.31,31229,,,https://www.goodreads.com/book/show/38099642-holy-sister
81,Mark  Lawrence,Fantasy,4.147,Road Brothers,,,,2017,276,,4.26,1454,,,https://www.goodreads.com/book/show/36358837-road-brothers
81,Mark  Lawrence,Fantasy,4.147,"One Word Kill (Impossible Times, #1)","Impossible Times,",1,4.003,2019,201,Young Adult,3.75,21083,,,https://www.goodreads.com/book/show/39792427-one-word-kill
81,Mark  Lawrence,Fantasy,4.147,"Limited Wish (Impossible Times, #2)","Impossible Times,",2,4.003,2019,222,Young Adult,4.04,7968,,,https://www.goodreads.com/book/show/41771517-limited-wish
81,Mark  Lawrence,Fantasy,4.147,"Dispel Illusion (Impossible Times, #3)","Impossible Times,",3,4.003,2019,234,Young Adult,4.22,6316,,,https://www.goodreads.com/book/show/44806008-dispel-illusion
81,Mark  Lawrence,Fantasy,4.147,"The Girl and the Stars (Book of the Ice, #1)","Book of the Ice,",1,4.057,2020,384,Young Adult,3.81,12596,,,https://www.goodreads.com/book/show/51277288-the-girl-and-the-stars
81,Mark  Lawrence,Fantasy,4.147,"The Girl and the Mountain (Book of the Ice, #2)","Book of the Ice,",2,4.057,2021,448,Young Adult,4.13,6778,,,https://www.goodreads.com/book/show/50742872-the-girl-and-the-mountain
81,Mark  Lawrence,Fantasy,4.147,"The Girl and the Moon (Book of the Ice, #3)","Book of the Ice,",3,4.057,2022,416,,4.23,5353,,,https://www.goodreads.com/book/show/58931903-the-girl-and-the-moon
82,Blake Crouch,Science-Fiction,4.095,"Pines (Wayward Pines, #1)","Wayward Pines,",1,4.06,2012,307,,3.92,176541,,,https://www.goodreads.com/book/show/15096164-pines
82,Blake Crouch,Science-Fiction,4.095,"Wayward (Wayward Pines, #2)","Wayward Pines,",2,4.06,2013,298,,4.16,97279,,,https://www.goodreads.com/book/show/17920175-wayward
82,Blake Crouch,Science-Fiction,4.095,"The Last Town (Wayward Pines, #3)","Wayward Pines,",3,4.06,2014,294,,4.1,88559,,,https://www.goodreads.com/book/show/20423680-the-last-town
82,Blake Crouch,Science-Fiction,4.095,Dark Matter,,,,2016,342,,4.13,697114,,,https://www.goodreads.com/book/show/27833670-dark-matter
82,Blake Crouch,Science-Fiction,4.095,"Summer Frost (Forward Collection, #2)","Forward Collection,",2,4.09,2019,85,,4.09,28880,,,https://www.goodreads.com/book/show/49676965-summer-frost
82,Blake Crouch,Science-Fiction,4.095,Recursion,,,,2019,329,,4.17,305551,,,https://www.goodreads.com/book/show/42046112-recursion
83,Garth Nix,Fantasy,4.143,"Sabriel (Abhorsen, #1)","Abhorsen,",1,4.124,1995,491,Young Adult,4.16,217439,,,https://www.goodreads.com/book/show/518848.Sabriel
83,Garth Nix,Fantasy,4.143,"The Abhorsen Trilogy Box Set (Abhorsen, #1-3)","Abhorsen,",1,4.124,2003,850,Young Adult,4.55,8666,,,https://www.goodreads.com/book/show/47615.The_Abhorsen_Trilogy_Box_Set
83,Garth Nix,Fantasy,4.143,"Lirael (Abhorsen, #2)","Abhorsen,",2,4.124,2001,464,Young Adult,4.29,123501,,,https://www.goodreads.com/book/show/47624.Lirael
83,Garth Nix,Fantasy,4.143,"Abhorsen (Abhorsen, #3)","Abhorsen,",3,4.124,2003,358,Young Adult,4.25,127981,,,https://www.goodreads.com/book/show/334643.Abhorsen
83,Garth Nix,Fantasy,4.143,"Across the Wall: A Tale of the Abhorsen and Other Stories (Abhorsen, #3.5)","Abhorsen,",3.5,4.124,2005,415,Young Adult,3.81,16489,,,https://www.goodreads.com/book/show/47617.Across_the_Wall
83,Garth Nix,Fantasy,4.143,"The Creature in the Case (Abhorsen, #3.5)","Abhorsen,",3.5,4.124,2005,109,Young Adult,3.94,5061,,,https://www.goodreads.com/book/show/1042546.The_Creature_in_the_Case
83,Garth Nix,Fantasy,4.143,"Clariel (Abhorsen, #4)","Abhorsen,",4,4.124,2010,382,Young Adult,3.88,30208,,,https://www.goodreads.com/book/show/20662728-clariel
83,Garth Nix,Fantasy,4.143,"Goldenhand (Abhorsen, #5)","Abhorsen,",5,4.124,1995,368,Young Adult,4.11,19022,,,https://www.goodreads.com/book/show/29414640-goldenhand
83,Garth Nix,Fantasy,4.143,The Seventh Tower (The Seventh Tower #4-6),The Seventh Tower,4,4.22,2003,691,Children; Middle Grade; Young Adult,4.22,1494,,,https://www.goodreads.com/book/show/47646.The_Seventh_Tower
83,Garth Nix,Fantasy,4.143,"Blood Ties (Spirit Animals, #3)","Spirit Animals,",3,4.17,2014,192,Middle Grade; Young Adult,4.17,10328,,,https://www.goodreads.com/book/show/18114543-blood-ties
83,Garth Nix,Fantasy,4.143,"Terciel and Elinor (The Old Kingdom, #6)","The Old Kingdom,",6,4.19,2021,338,Young Adult,4.19,7917,,,https://www.goodreads.com/book/show/56382390-terciel-and-elinor
84,George Orwell,Classic Fiction,4.162,Down and Out in Paris and London,,,,1935,213,,4.09,99700,,,https://www.goodreads.com/book/show/393199.Down_and_Out_in_Paris_and_London
84,George Orwell,Classic Fiction,4.162,"George Orwell Omnibus: The Complete Novels: Animal Farm, Burmese Days, A Clergyman's Daughter, Coming up for Air, Keep the Aspidistra Flying, and Nineteen Eighty-Four",,,,1936,925,,4.41,1327,,,https://www.goodreads.com/book/show/862873.George_Orwell_Omnibus
84,George Orwell,Classic Fiction,4.162,Shooting an Elephant,,,,1936,368,,4.05,11868,,,https://www.goodreads.com/book/show/30557.Shooting_an_Elephant
84,George Orwell,Classic Fiction,4.162,Homage to Catalonia,,,,1938,232,,4.09,70071,,,https://www.goodreads.com/book/show/9646.Homage_to_Catalonia
84,George Orwell,Classic Fiction,4.162,All Art is Propaganda: Critical Essays,,,,1940,374,,4.22,1436,,,https://www.goodreads.com/book/show/3339527-all-art-is-propaganda
84,George Orwell,Classic Fiction,4.162,Animal Farm,,,,1945,141,,4.01,4460880,,,https://www.goodreads.com/book/show/170448.Animal_Farm
84,George Orwell,Classic Fiction,4.162,Fascism and Democracy,,,,1945,36,,4.22,1795,,,https://www.goodreads.com/book/show/49095673-fascism-and-democracy
84,George Orwell,Classic Fiction,4.162,Politics and the English Language,,,,1946,20,,4.29,8582,,,https://www.goodreads.com/book/show/6324725-politics-and-the-english-language
84,George Orwell,Classic Fiction,4.162,Why I Write,,,,1946,120,,4.01,14817,,,https://www.goodreads.com/book/show/9644.Why_I_Write
84,George Orwell,Classic Fiction,4.162,1984,,,,1948,368,,4.2,5355091,,,https://www.goodreads.com/book/show/61439040-1984
84,George Orwell,Classic Fiction,4.162,Animal Farm / 1984,,,,1949,400,,4.3,214035,,,https://www.goodreads.com/book/show/5472.Animal_Farm_1984
84,George Orwell,Classic Fiction,4.162,"Such, Such Were the Joys",,,,1950,230,,4.06,1029,,,https://www.goodreads.com/book/show/1122769.Such_Such_Were_the_Joys
84,George Orwell,Classic Fiction,4.162,Notes on Nationalism,,,,2012,52,,4.01,6740,,,https://www.goodreads.com/book/show/39339934-notes-on-nationalism
84,George Orwell,Classic Fiction,4.162,Orwell on Truth,,,,2017,224,,4.17,1391,,,https://www.goodreads.com/book/show/35610790-orwell-on-truth
84,George Orwell,Classic Fiction,4.162,A Collection of Essays,,,,4900,316,,4.3,8040,,,https://www.goodreads.com/book/show/9640.A_Collection_of_Essays
85,Glen Cook,Fantasy,4.13,"The Black Company (The Chronicles of the Black Company, #1)","The Chronicles of the Black Company,",1,4.126,1984,319,,3.93,54120,,,https://www.goodreads.com/book/show/140671.The_Black_Company
85,Glen Cook,Fantasy,4.13,"Chronicles of the Black Company (The Chronicles of the Black Company, #1-3)","The Chronicles of the Black Company,",1,4.126,1986,704,,4.24,26727,,,https://www.goodreads.com/book/show/400924.Chronicles_of_the_Black_Company
85,Glen Cook,Fantasy,4.13,"Port of Shadows (The Chronicles of the Black Company, #1.5)","The Chronicles of the Black Company,",1.5,4.126,26,397,,3.85,2278,,,https://www.goodreads.com/book/show/37534877-port-of-shadows
85,Glen Cook,Fantasy,4.13,"Shadows Linger (The Chronicles of the Black Company, #2)","The Chronicles of the Black Company,",2,4.126,1984,319,,4.18,21222,,,https://www.goodreads.com/book/show/400881.Shadows_Linger
85,Glen Cook,Fantasy,4.13,"The White Rose (The Chronicles of the Black Company, #3)","The Chronicles of the Black Company,",3,4.126,1985,317,,4.2,21249,,,https://www.goodreads.com/book/show/400906.The_White_Rose
85,Glen Cook,Fantasy,4.13,"The Silver Spike (The Chronicles of the Black Company, #3.5)","The Chronicles of the Black Company,",3.5,4.126,1989,313,,3.96,9368,,,https://www.goodreads.com/book/show/400914.The_Silver_Spike
85,Glen Cook,Fantasy,4.13,"The Books of the South (The Chronicles of the Black Company, #3.5-5)","The Chronicles of the Black Company,",3.5,4.126,2002,671,,4.28,12201,,,https://www.goodreads.com/book/show/2365730.The_Books_of_the_South
85,Glen Cook,Fantasy,4.13,"Shadow Games (The Chronicles of the Black Company, #4)","The Chronicles of the Black Company,",4,4.126,1989,311,,4.11,12968,,,https://www.goodreads.com/book/show/113540.Shadow_Games
85,Glen Cook,Fantasy,4.13,"Dreams of Steel (The Chronicles of the Black Company, #5)","The Chronicles of the Black Company,",5,4.126,1990,346,,4.11,11129,,,https://www.goodreads.com/book/show/400900.Dreams_of_Steel
85,Glen Cook,Fantasy,4.13,"Bleak Seasons (The Chronicles of the Black Company, #6)","The Chronicles of the Black Company,",6,4.126,1996,316,,3.93,9924,,,https://www.goodreads.com/book/show/400911.Bleak_Seasons
85,Glen Cook,Fantasy,4.13,"The Return of the Black Company (The Chronicles of the Black Company, #6-7)","The Chronicles of the Black Company,",6,4.126,1997,672,,4.29,6824,,,https://www.goodreads.com/book/show/6644111-the-return-of-the-black-company
85,Glen Cook,Fantasy,4.13,"She is the Darkness (The Chronicles of the Black Company, #7)","The Chronicles of the Black Company,",7,4.126,1997,470,,4.1,9127,,,https://www.goodreads.com/book/show/400897.She_is_the_Darkness
85,Glen Cook,Fantasy,4.13,"The Many Deaths of the Black Company (The Chronicles of the Black Company, #8-9)","The Chronicles of the Black Company,",8,4.126,1984,784,,4.35,7226,,,https://www.goodreads.com/book/show/6666394-the-many-deaths-of-the-black-company
85,Glen Cook,Fantasy,4.13,"Water Sleeps (The Chronicles of the Black Company, #8)","The Chronicles of the Black Company,",8,4.126,1999,470,,4.1,8173,,,https://www.goodreads.com/book/show/349470.Water_Sleeps
85,Glen Cook,Fantasy,4.13,"Soldiers Live (The Chronicles of the Black Company, #9)","The Chronicles of the Black Company,",9,4.126,2000,566,,4.26,8350,,,https://www.goodreads.com/book/show/400899.Soldiers_Live
85,Glen Cook,Fantasy,4.13,"Wicked Bronze Ambition (Garrett, P.I., #14)","Garrett, P.I.,",14,4.12,1987,485,,4.12,1364,,,https://www.goodreads.com/book/show/16115678-wicked-bronze-ambition
85,Glen Cook,Fantasy,4.13,"Old Tin Sorrows (Garrett Files, #4)","Garrett Files,",4,4.144,1989,256,,4.14,2973,,,https://www.goodreads.com/book/show/140673.Old_Tin_Sorrows
85,Glen Cook,Fantasy,4.13,"Dread Brass Shadows (Garrett Files, #5)","Garrett Files,",5,4.144,1990,304,,4.09,2855,,,https://www.goodreads.com/book/show/499122.Dread_Brass_Shadows
85,Glen Cook,Fantasy,4.13,"Red Iron Nights (Garrett Files, #6)","Garrett Files,",6,4.144,1991,304,,4.12,2510,,,https://www.goodreads.com/book/show/400909.Red_Iron_Nights
85,Glen Cook,Fantasy,4.13,"Deadly Quicksilver Lies (Garrett Files, #7)","Garrett Files,",7,4.144,1990,304,,4.05,2394,,,https://www.goodreads.com/book/show/101041.Deadly_Quicksilver_Lies
85,Glen Cook,Fantasy,4.13,"Garrett for Hire (Garrett Files, #7-9)","Garrett Files,",7,4.144,2004,880,,4.32,464,,,https://www.goodreads.com/book/show/15808453-garrett-for-hire
86,Michael Crichton,Science-Fiction,4.072,"Jurassic Park (Jurassic Park, #1)","Jurassic Park,",1,4.005,1990,466,,4.13,1049914,,,https://www.goodreads.com/book/show/40604658-jurassic-park
86,Michael Crichton,Science-Fiction,4.072,"The Lost World (Jurassic Park, #2)","Jurassic Park,",2,4.005,1995,448,,3.88,178195,,,https://www.goodreads.com/book/show/8650.The_Lost_World
86,Michael Crichton,Science-Fiction,4.072,Jurassic Park / Congo,,,,1993,656,,4.04,2366,,,https://www.goodreads.com/book/show/147646.Jurassic_Park_Congo
86,Michael Crichton,Science-Fiction,4.072,Three Complete Novels: The Andromeda Strain / The Terminal Man / The Great Train Robbery,,,,1993,688,,4.09,1131,,,https://www.goodreads.com/book/show/7662.Three_Complete_Novels
86,Michael Crichton,Science-Fiction,4.072,Congo / Sphere / Eaters of the Dead,,,,1994,711,,4.03,1074,,,https://www.goodreads.com/book/show/7664.Congo_Sphere_Eaters_of_the_Dead
86,Michael Crichton,Science-Fiction,4.072,Michael Crichton's Jurassic World: Jurassic Park / The Lost World,,,,1997,801,,4.26,11332,,,https://www.goodreads.com/book/show/16752.Michael_Crichton_s_Jurassic_World
87,Terry Brooks,Fantasy,4.104,"Bearers of the Black Staff (Legends of Shannara, #1)","Legends of Shannara,",1,4.06,1977,353,,4.06,11030,,,https://www.goodreads.com/book/show/7302794-bearers-of-the-black-staff
87,Terry Brooks,Fantasy,4.104,"The Measure of the Magic (Legends of Shannara, #2)","Legends of Shannara,",2,4.06,2011,383,,4.06,9136,,,https://www.goodreads.com/book/show/10199908-the-measure-of-the-magic
87,Terry Brooks,Fantasy,4.104,"The Black Elfstone (The Fall of Shannara, #1)","The Fall of Shannara,",1,4.187,2018,318,,4.16,5282,,,https://www.goodreads.com/book/show/32025241-the-black-elfstone
87,Terry Brooks,Fantasy,4.104,"The Skaar Invasion (The Fall of Shannara, #2)","The Fall of Shannara,",2,4.187,2018,474,,4.16,3823,,,https://www.goodreads.com/book/show/36196054-the-skaar-invasion
87,Terry Brooks,Fantasy,4.104,"The Last Druid (The Fall of Shannara, #4)","The Fall of Shannara,",4,4.187,1977,448,,4.24,3049,,,https://www.goodreads.com/book/show/51576107-the-last-druid
87,Terry Brooks,Fantasy,4.104,"In the Shadow of the Warlock Lord (The Sword of Shannara, #1)","The Sword of Shannara,",1,4.157,1977,240,,4.1,9079,,,https://www.goodreads.com/book/show/15580.In_the_Shadow_of_the_Warlock_Lord
87,Terry Brooks,Fantasy,4.104,"The Druids' Keep (The Sword of Shannara, #2)","The Sword of Shannara,",2,4.157,1977,240,,4.17,4033,,,https://www.goodreads.com/book/show/15577.The_Druids_Keep
87,Terry Brooks,Fantasy,4.104,"The Secret of the Sword (The Sword of Shannara, #3)","The Sword of Shannara,",3,4.157,1977,240,,4.2,2177,,,https://www.goodreads.com/book/show/15576.The_Secret_of_the_Sword
87,Terry Brooks,Fantasy,4.104,The Sword of the Shannara and The Elfstones of Shannara,,,,1977,50,,4.11,6604,,,https://www.goodreads.com/book/show/987951.The_Sword_of_the_Shannara_and_The_Elfstones_of_Shannara
87,Terry Brooks,Fantasy,4.104,"Magic Kingdom for Sale/Sold (Magic Kingdom of Landover, #1)","Magic Kingdom of Landover,",1,4.004,1986,324,,3.91,39227,,,https://www.goodreads.com/book/show/15547.Magic_Kingdom_for_Sale_Sold
87,Terry Brooks,Fantasy,4.104,"The Magic Kingdom of Landover, Volume 1 (Magic Kingdom of Landover, #1-3)","Magic Kingdom of Landover,",1,4.004,1992,710,,4.15,3262,,,https://www.goodreads.com/book/show/6130616-the-magic-kingdom-of-landover-volume-1
87,Terry Brooks,Fantasy,4.104,"Terry Brooks Landover CD Collection (Magic Kingdom of Landover, #1-5)","Magic Kingdom of Landover,",1,4.004,2009,31,,4.38,341,,,https://www.goodreads.com/book/show/4930103-terry-brooks-landover-cd-collection
87,Terry Brooks,Fantasy,4.104,"The Black Unicorn (Magic Kingdom of Landover, #2)","Magic Kingdom of Landover,",2,4.004,1980,307,,3.8,19184,,,https://www.goodreads.com/book/show/92845.The_Black_Unicorn
87,Terry Brooks,Fantasy,4.104,"Wizard at Large (Magic Kingdom of Landover, #3)","Magic Kingdom of Landover,",3,4.004,1988,303,,3.86,16952,,,https://www.goodreads.com/book/show/15561.Wizard_at_Large
87,Terry Brooks,Fantasy,4.104,"The Tangle Box (Magic Kingdom of Landover, #4)","Magic Kingdom of Landover,",4,4.004,1988,352,,3.88,13433,,,https://www.goodreads.com/book/show/34942.The_Tangle_Box
87,Terry Brooks,Fantasy,4.104,"The Magic Kingdom of Landover, Volume 2 (Magic Kingdom of Landover, #4-5)","Magic Kingdom of Landover,",4,4.004,2009,444,Young Adult,4.23,1516,,,https://www.goodreads.com/book/show/6237484-the-magic-kingdom-of-landover-volume-2
87,Terry Brooks,Fantasy,4.104,"Witches' Brew (Magic Kingdom of Landover, #5)","Magic Kingdom of Landover,",5,4.004,1995,304,,3.93,11140,,,https://www.goodreads.com/book/show/15564.Witches_Brew
87,Terry Brooks,Fantasy,4.104,"A Princess of Landover (Magic Kingdom of Landover, #6)","Magic Kingdom of Landover,",6,4.004,2009,328,Young Adult,3.9,6831,,,https://www.goodreads.com/book/show/6202861-a-princess-of-landover
87,Terry Brooks,Fantasy,4.104,"The Scions of Shannara (Heritage of Shannara, #1)","Heritage of Shannara,",1,4.162,1990,512,,4.01,34261,,,https://www.goodreads.com/book/show/34988.The_Scions_of_Shannara
87,Terry Brooks,Fantasy,4.104,"The Heritage of Shannara (Heritage of Shannara, #1-4)","Heritage of Shannara,",1,4.162,1993,1238,,4.3,4732,,,https://www.goodreads.com/book/show/15555.The_Heritage_of_Shannara
87,Terry Brooks,Fantasy,4.104,"The Druid of Shannara (Heritage of Shannara, #2)","Heritage of Shannara,",2,4.162,1991,471,,4.04,33903,,,https://www.goodreads.com/book/show/15568.The_Druid_of_Shannara
87,Terry Brooks,Fantasy,4.104,"Shannara V. Die Schatten / Die Elfenkönigin / Die Verfolgten  (Heritage of Shannara, #2)","Heritage of Shannara,",2,4.162,,,,4.52,54,,,https://www.goodreads.com/book/show/2934032-shannara-v-die-schatten-die-elfenk-nigin-die-verfolgten
87,Terry Brooks,Fantasy,4.104,"The Elf Queen of Shannara (Heritage of Shannara, #3)","Heritage of Shannara,",3,4.162,1992,416,,4.06,32775,,,https://www.goodreads.com/book/show/15566.The_Elf_Queen_of_Shannara
87,Terry Brooks,Fantasy,4.104,"The Talismans of Shannara (Heritage of Shannara, #4)","Heritage of Shannara,",4,4.162,1993,440,,4.04,40880,,,https://www.goodreads.com/book/show/34919.The_Talismans_of_Shannara
87,Terry Brooks,Fantasy,4.104,"Running with the Demon (Word & Void, #1)","Word &amp; Void,",1,4.06,2007,420,,3.99,29519,,,https://www.goodreads.com/book/show/187124.Running_with_the_Demon
87,Terry Brooks,Fantasy,4.104,"A Knight of the Word (Word & Void, #2)","Word &amp; Void,",2,4.06,1998,386,,4.07,16045,,,https://www.goodreads.com/book/show/420496.A_Knight_of_the_Word
87,Terry Brooks,Fantasy,4.104,"Angel Fire East (Word & Void, #3)","Word &amp; Void,",3,4.06,1999,440,,4.12,13816,,,https://www.goodreads.com/book/show/15558.Angel_Fire_East
87,Terry Brooks,Fantasy,4.104,"Ilse Witch (Voyage of the Jerle Shannara, #1)","Voyage of the Jerle Shannara,",1,4.09,2000,456,,3.99,19221,,,https://www.goodreads.com/book/show/15560.Ilse_Witch
87,Terry Brooks,Fantasy,4.104,"The Voyage of the Jerle Shannara Trilogy (Voyage of the Jerle Shannara, #1-3)","Voyage of the Jerle Shannara,",1,4.09,2003,1248,,4.3,4216,,,https://www.goodreads.com/book/show/15553.The_Voyage_of_the_Jerle_Shannara_Trilogy
87,Terry Brooks,Fantasy,4.104,"Antrax (Voyage of the Jerle Shannara, #2)","Voyage of the Jerle Shannara,",2,4.09,2002,405,,3.98,17315,,,https://www.goodreads.com/book/show/92846.Antrax
87,Terry Brooks,Fantasy,4.104,The World of Shannara,,,,2001,206,,4.13,1249,,,https://www.goodreads.com/book/show/544552.The_World_of_Shannara
87,Terry Brooks,Fantasy,4.104,"Jarka Ruus (High Druid of Shannara, #1)","High Druid of Shannara,",1,4.01,2003,416,,3.98,14844,,,https://www.goodreads.com/book/show/15557.Jarka_Ruus
87,Terry Brooks,Fantasy,4.104,"Tanequil (High Druid of Shannara, #2)","High Druid of Shannara,",2,4.01,2004,368,,4,13244,,,https://www.goodreads.com/book/show/15552.Tanequil
87,Terry Brooks,Fantasy,4.104,"Straken (High Druid of Shannara, #3)","High Druid of Shannara,",3,4.01,2005,384,,4.05,12840,,,https://www.goodreads.com/book/show/15550.Straken
87,Terry Brooks,Fantasy,4.104,Sometimes the Magic Works: Lessons from a Writing Life,,,,2003,208,,4.16,1675,,,https://www.goodreads.com/book/show/15569.Sometimes_the_Magic_Works
87,Terry Brooks,Fantasy,4.104,The High Druid of Shannara Trilogy,,,,2003,1152,,4.4,1843,,,https://www.goodreads.com/book/show/10572948-the-high-druid-of-shannara-trilogy
87,Terry Brooks,Fantasy,4.104,The Word and the Void Omnibus,,,,2003,872,Young Adult,4.31,1407,,,https://www.goodreads.com/book/show/34917.The_Word_and_the_Void_Omnibus
87,Terry Brooks,Fantasy,4.104,"Armageddon's Children (Genesis of Shannara, #1)","Genesis of Shannara,",1,4.14,2006,384,,4.12,17476,,,https://www.goodreads.com/book/show/15549.Armageddon_s_Children
87,Terry Brooks,Fantasy,4.104,"The Elves of Cintra (Genesis of Shannara, #2)","Genesis of Shannara,",2,4.14,2007,379,,4.13,15886,,,https://www.goodreads.com/book/show/62233.The_Elves_of_Cintra
87,Terry Brooks,Fantasy,4.104,"The Gypsy Morph (Genesis of Shannara, #3)","Genesis of Shannara,",3,4.14,2008,402,,4.17,14388,,,https://www.goodreads.com/book/show/2675261-the-gypsy-morph
87,Terry Brooks,Fantasy,4.104,Star Wars: The Prequel Trilogy,,,,2006,1008,,4.23,1840,,,https://www.goodreads.com/book/show/334829.Star_Wars
87,Terry Brooks,Fantasy,4.104,"Allanon's Quest (Paladins of Shannara, #1)","Paladins of Shannara,",1,4.073,2012,40,,4.09,3459,,,https://www.goodreads.com/book/show/15743635-allanon-s-quest
87,Terry Brooks,Fantasy,4.104,"The Weapons Master's Choice (Paladins of Shannara, #2)","Paladins of Shannara,",2,4.073,2013,39,,4.11,2609,,,https://www.goodreads.com/book/show/17162540-the-weapons-master-s-choice
87,Terry Brooks,Fantasy,4.104,"The Black Irix (Paladins of Shannara, #3)","Paladins of Shannara,",3,4.073,2013,40,,4.02,2236,,,https://www.goodreads.com/book/show/17695360-the-black-irix
87,Terry Brooks,Fantasy,4.104,"Wards of Faerie (The Dark Legacy of Shannara, #1)","The Dark Legacy of Shannara,",1,4.06,2012,366,,4.05,8601,,,https://www.goodreads.com/book/show/13265092-wards-of-faerie
87,Terry Brooks,Fantasy,4.104,"Bloodfire Quest (The Dark Legacy of Shannara, #2)","The Dark Legacy of Shannara,",2,4.06,2012,368,,4.05,6906,,,https://www.goodreads.com/book/show/15743703-bloodfire-quest
87,Terry Brooks,Fantasy,4.104,"Witch Wraith (The Dark Legacy of Shannara, #3)","The Dark Legacy of Shannara,",3,4.06,2013,432,,4.08,6414,,,https://www.goodreads.com/book/show/15743711-witch-wraith
87,Terry Brooks,Fantasy,4.104,The Stiehl Assassin (The Fall of Shannara #3),The Fall of Shannara,3,4.13,2019,337,,4.13,3114,,,https://www.goodreads.com/book/show/41948722-the-stiehl-assassin
87,Terry Brooks,Fantasy,4.104,"Galaphile (The First Druids of Shannara, #1)","The First Druids of Shannara,",1,4.15,2025,336,,4.15,1190,,,https://www.goodreads.com/book/show/205064662-galaphile
88,Charles Dickens,Classic Fiction,4.154,A Christmas Carol,,,,1843,184,,4.09,906484,,,https://www.goodreads.com/book/show/5326.A_Christmas_Carol
88,Charles Dickens,Classic Fiction,4.154,A Christmas Carol,,,,1843,99,,4.25,5988,,,https://www.goodreads.com/book/show/232573.A_Christmas_Carol
88,Charles Dickens,Classic Fiction,4.154,A Christmas Carol / The Chimes / The Cricket on the Hearth,,,,1843,304,,4.14,58887,,,https://www.goodreads.com/book/show/169848.A_Christmas_Carol_The_Chimes_The_Cricket_on_the_Hearth
88,Charles Dickens,Classic Fiction,4.154,A Christmas Carol and Other Christmas Writings,,,,1843,288,,4.14,39722,,,https://www.goodreads.com/book/show/5338.A_Christmas_Carol_and_Other_Christmas_Writings
88,Charles Dickens,Classic Fiction,4.154,David Copperfield,,,,1850,882,,4.04,256356,,,https://www.goodreads.com/book/show/58696.David_Copperfield
88,Charles Dickens,Classic Fiction,4.154,Bleak House,,,,1852,1017,,4.02,113375,,,https://www.goodreads.com/book/show/31242.Bleak_House
88,Charles Dickens,Classic Fiction,4.154,A Tale of Two Cities / Great Expectations,,,,1859,834,,4.02,17504,,,https://www.goodreads.com/book/show/9748274-a-tale-of-two-cities-great-expectations
88,Charles Dickens,Classic Fiction,4.154,"Five Novels: Oliver Twist, A Christmas Carol, David Copperfield, A Tale of Two Cities, Great Expectations",,,,1861,1483,,4.26,4248,,,https://www.goodreads.com/book/show/492899.Five_Novels
88,Charles Dickens,Classic Fiction,4.154,Four Complete Novels,,,,1861,848,,4.3,3558,,,https://www.goodreads.com/book/show/5336.Four_Complete_Novels
88,Charles Dickens,Classic Fiction,4.154,Our Mutual Friend,,,,1865,801,,4.09,31186,,,https://www.goodreads.com/book/show/31244.Our_Mutual_Friend
88,Charles Dickens,Classic Fiction,4.154,The Complete Works of Charles Dickens,,,,1868,21723,,4.44,1654,,,https://www.goodreads.com/book/show/11523199-the-complete-works-of-charles-dickens
88,Charles Dickens,Classic Fiction,4.154,Little Dorrit,,,,1883,860,,4,49664,,,https://www.goodreads.com/book/show/31250.Little_Dorrit
88,Charles Dickens,Classic Fiction,4.154,The Life of Our Lord: Written for His Children During the Years 1846 to 1849,,,,1934,128,Children,4.03,2922,,,https://www.goodreads.com/book/show/5342.The_Life_of_Our_Lord
88,Charles Dickens,Classic Fiction,4.154,"The Christmas Books, Volume 1: A Christmas Carol/The Chimes",,,,1943,266,,4.2,1892,,,https://www.goodreads.com/book/show/392283.The_Christmas_Books_Volume_1
88,Charles Dickens,Classic Fiction,4.154,Charles Dickens: The Complete Novels,,,,1986,2429,,4.29,1116,,,https://www.goodreads.com/book/show/36491353-charles-dickens
89,Philip Pullman,Fantasy,4.051,Dæmon Voices,,,,1995,480,,4.13,2624,,,https://www.goodreads.com/book/show/35478763-d-mon-voices
89,Philip Pullman,Fantasy,4.051,Once Upon a Time in the North (His Dark Materials #0.5),His Dark Materials,0.5,4.07,2008,104,Young Adult,3.85,18028,,,https://www.goodreads.com/book/show/2225238.Once_Upon_a_Time_in_the_North
89,Philip Pullman,Fantasy,4.051,His Dark Materials (His Dark Materials #1-3),His Dark Materials,1,4.07,2017,1088,Children; Young Adult,4.29,167622,,,https://www.goodreads.com/book/show/18116.His_Dark_Materials
89,Philip Pullman,Fantasy,4.051,Fairy Tales from the Brothers Grimm: A New English Version,,,,2012,405,Children,4.05,23091,,,https://www.goodreads.com/book/show/13554713-fairy-tales-from-the-brothers-grimm
89,Philip Pullman,Fantasy,4.051,"La Belle Sauvage (The Book of Dust, #1)","The Book of Dust,",1,4.013,2017,449,Children; Young Adult,4.15,109777,,,https://www.goodreads.com/book/show/34128219-la-belle-sauvage
89,Philip Pullman,Fantasy,4.051,"The Secret Commonwealth (The Book of Dust, #2)","The Book of Dust,",2,4.013,2019,784,Young Adult,4.04,60123,,,https://www.goodreads.com/book/show/19034943-the-secret-commonwealth
89,Philip Pullman,Fantasy,4.051,"The Rose Field (The Book of Dust, #3)","The Book of Dust,",3,4.013,2025,672,Young Adult,3.85,2038,,,https://www.goodreads.com/book/show/228587642-the-rose-field
90,Robert A. Heinlein,Science-Fiction,4.053,"The Past Through Tomorrow (Future History, #1-21)","Future History,",1,4.025,1940,830,,4.16,16771,,,https://www.goodreads.com/book/show/121581.The_Past_Through_Tomorrow
90,Robert A. Heinlein,Science-Fiction,4.053,"The Menace from Earth (Future History, #18)","Future History,",18,4.025,1941,288,,3.89,6413,,,https://www.goodreads.com/book/show/50837.The_Menace_from_Earth
90,Robert A. Heinlein,Science-Fiction,4.053,Methuselah's Children,,,,1941,276,,4.01,21151,,,https://www.goodreads.com/book/show/175319.Methuselah_s_Children
90,Robert A. Heinlein,Science-Fiction,4.053,The Green Hills of Earth / The Menace from Earth,,,,1951,464,,4.17,1731,,,https://www.goodreads.com/book/show/6949648-the-green-hills-of-earth-the-menace-from-earth
90,Robert A. Heinlein,Science-Fiction,4.053,Citizen of the Galaxy,,,,1957,282,Young Adult,4.01,17769,,,https://www.goodreads.com/book/show/16689.Citizen_of_the_Galaxy
90,Robert A. Heinlein,Science-Fiction,4.053,The Door Into Summer,,,,1957,304,,4.02,28452,,,https://www.goodreads.com/book/show/348.The_Door_Into_Summer
90,Robert A. Heinlein,Science-Fiction,4.053,Starship Troopers,,,,1959,264,,4.01,244461,,,https://www.goodreads.com/book/show/17214.Starship_Troopers
90,Robert A. Heinlein,Science-Fiction,4.053,All You Zombies,,,,1960,13,,4.07,7243,,,https://www.goodreads.com/book/show/13030110-all-you-zombies
90,Robert A. Heinlein,Science-Fiction,4.053,The Moon Is a Harsh Mistress,,,,1966,288,,4.15,138109,,,https://www.goodreads.com/book/show/16690.The_Moon_Is_a_Harsh_Mistress
90,Robert A. Heinlein,Science-Fiction,4.053,The Notebooks of Lazarus Long,,,,1978,56,,4.08,3776,,,https://www.goodreads.com/book/show/352.The_Notebooks_of_Lazarus_Long
90,Robert A. Heinlein,Science-Fiction,4.053,The Pursuit of the Pankera: A Parallel Novel About Parallel Universes,,,,1980,503,,4.01,1535,,,https://www.goodreads.com/book/show/49241808-the-pursuit-of-the-pankera
91,Michael Moorcock,Fantasy,4.038,"The Eternal Champion (Eternal Champion, #1)","Eternal Champion,",1,4.006,1962,484,,3.93,3044,,,https://www.goodreads.com/book/show/30097.The_Eternal_Champion
91,Michael Moorcock,Fantasy,4.038,"Von Bek (Eternal Champion, #2)","Eternal Champion,",2,4.006,1992,705,,3.91,1583,,,https://www.goodreads.com/book/show/757196.Von_Bek
91,Michael Moorcock,Fantasy,4.038,"Hawkmoon (Eternal Champion, #3)","Eternal Champion,",3,4.006,1992,502,,3.97,2150,,,https://www.goodreads.com/book/show/123690.Hawkmoon
91,Michael Moorcock,Fantasy,4.038,"Elric: Song of the Black Sword (Eternal Champion, #5)","Eternal Champion,",5,4.006,1995,504,,4.17,1414,,,https://www.goodreads.com/book/show/60145.Elric
91,Michael Moorcock,Fantasy,4.038,"Corum: The Coming of Chaos (Eternal Champion, #7)","Eternal Champion,",7,4.006,,400,,4.13,685,,,https://www.goodreads.com/book/show/984935.Corum
91,Michael Moorcock,Fantasy,4.038,"The Dancers at the End of Time (Eternal Champion, #10)","Eternal Champion,",10,4.006,1981,672,,4,4066,,,https://www.goodreads.com/book/show/60147.The_Dancers_at_the_End_of_Time
91,Michael Moorcock,Fantasy,4.038,"Elric: The Stealer of Souls (Eternal Champion, #11)","Eternal Champion,",11,4.006,1990,625,,4.04,785,,,https://www.goodreads.com/book/show/399378.Elric
91,Michael Moorcock,Fantasy,4.038,"Count Brass (Eternal Champion, #15)","Eternal Champion,",15,4.006,1973,339,,3.9,843,,,https://www.goodreads.com/book/show/399369.Count_Brass
91,Michael Moorcock,Fantasy,4.038,"Elric of Melniboné and Other Stories (Elric Chronological Order, #1)","Elric Chronological Order,",1,4.03,1978,384,,4.03,2029,,,https://www.goodreads.com/book/show/18142589-elric-of-melnibon-and-other-stories
91,Michael Moorcock,Fantasy,4.038,"The Elric Saga Part I (Elric Saga, #1-3)","Elric Saga,",1,4.14,1984,374,,4.1,4744,,,https://www.goodreads.com/book/show/60132.The_Elric_Saga_Part_I
91,Michael Moorcock,Fantasy,4.038,"The Elric Saga Part II (Elric Saga, #4-6)","Elric Saga,",4,4.14,1979,471,,4.18,2869,,,https://www.goodreads.com/book/show/102287.The_Elric_Saga_Part_II
91,Michael Moorcock,Fantasy,4.038,Elric,,,,2001,416,,4.1,3013,,,https://www.goodreads.com/book/show/60133.Elric
92,Christopher Moore,Humor,4.13,"Lamb: The Gospel According to Biff, Christ’s Childhood Pal",,,,2002,444,,4.22,180975,,,https://www.goodreads.com/book/show/28881.Lamb
92,Christopher Moore,Humor,4.13,Razzmatazz,,,,2022,390,,4.1,5037,,,https://www.goodreads.com/book/show/58842684-razzmatazz
92,Christopher Moore,Humor,4.13,Anima Rising,,,,2025,400,,4.07,3508,,,https://www.goodreads.com/book/show/217223362-anima-rising
