2026-08-11 20:55:29.391 -04:00 [INFO] ========================================================================
2026-08-11 20:55:29.397 -04:00 [INFO] Run started. Input='C:\Repositories\personal-scripts\Book Catalog\Config\authors.csv'; Output='C:\Repositories\personal-scripts\Book Catalog\Results\output.csv'; Order=3.
2026-08-11 20:55:29.399 -04:00 [INFO] Thresholds: rating >= 4; ratings count >= 1000. Page counts and scheduling are disabled.
2026-08-11 20:55:29.401 -04:00 [INFO] Metadata scan mode: author-list only; no individual book pages, page counts, or reading dates. Caching is disabled.
2026-08-11 20:55:29.403 -04:00 [INFO] Author-list pagination has no fixed page limit. After processing a page, its next page is skipped when any listed book has fewer than 1000 ratings, except for authors marked Include=Y.
2026-08-11 20:55:29.457 -04:00 [INFO] Excluded 'Pierce Brown' from input row 2 because Exclude=Y; no Goodreads lookup will be performed.
2026-08-11 20:55:29.493 -04:00 [INFO] Excluded 'Matt Dinniman' from input row 29 because Exclude=Y; no Goodreads lookup will be performed.
2026-08-11 20:55:29.503 -04:00 [INFO] Excluded 'Travis Baldree' from input row 46 because Exclude=Y; no Goodreads lookup will be performed.
2026-08-11 20:55:29.516 -04:00 [INFO] Force-including 'T H White' from input row 77 because Include=Y; ratings-based pagination and filtering will be bypassed.
2026-08-11 20:55:29.529 -04:00 [INFO] Force-including 'Harlan Ellison' from input row 110 because Include=Y; ratings-based pagination and filtering will be bypassed.
2026-08-11 20:55:29.532 -04:00 [INFO] Force-including 'Dmitry Glukhovsky' from input row 114 because Include=Y; ratings-based pagination and filtering will be bypassed.
2026-08-11 20:55:29.543 -04:00 [INFO] Skipped 3 input author row(s) marked Exclude=Y.
2026-08-11 20:55:29.546 -04:00 [INFO] Enabled force-inclusion for 3 input author row(s) marked Include=Y.
2026-08-11 20:55:29.549 -04:00 [INFO] Loaded 133 unique author configuration(s).
2026-08-11 20:55:29.564 -04:00 [DEBUG] GET author 15735471, page 1 (https://www.goodreads.com/author/list/15735471.M_L_Wang)
2026-08-11 20:55:29.830 -04:00 [DEBUG] Excluded [Contributor-only credit]: M.L. Wang - When Swords Fall Silent: An Assassination Anthology
2026-08-11 20:55:29.857 -04:00 [DEBUG] Excluded [Contributor-only credit]: M.L. Wang - Unavowed: New Tales by Masters of Fantasy
2026-08-11 20:55:29.864 -04:00 [DEBUG] Excluded [Missing publication year]: M.L. Wang - Veilige haven onder vuur
2026-08-11 20:55:29.881 -04:00 [INFO] Parsed author 15735471, page 1: 7 eligible row(s).
2026-08-11 20:55:29.894 -04:00 [INFO] Collected 7 canonical candidate work(s) for 'M.L. Wang'.
2026-08-11 20:55:30.569 -04:00 [DEBUG] GET author 5117, page 1 (https://www.goodreads.com/author/list/5117.Art_Spiegelman)
2026-08-11 20:55:30.754 -04:00 [DEBUG] Excluded [Contributor-only credit]: Art Spiegelman - Little Lit: Folklore and Fairy Tale Funnies
2026-08-11 20:55:30.761 -04:00 [DEBUG] Excluded [Missing publication year]: Art Spiegelman - Mаus II : А Survivor's Tale
2026-08-11 20:55:30.799 -04:00 [DEBUG] Excluded [Contributor-only credit]: Art Spiegelman - The TOON Treasury of Classic Children's Comics
2026-08-11 20:55:30.815 -04:00 [DEBUG] Excluded [Contributor-only credit]: Art Spiegelman - Raw Volume 2 Number 1: Open Wounds from the Cutting Edge of Commix
2026-08-11 20:55:30.826 -04:00 [DEBUG] Excluded [Contributor-only credit]: Art Spiegelman - Big Fat Little Lit
2026-08-11 20:55:30.831 -04:00 [DEBUG] Excluded [Contributor-only credit]: Art Spiegelman - Read Yourself Raw
2026-08-11 20:55:30.846 -04:00 [DEBUG] Excluded [Contributor-only credit]: Art Spiegelman - Raw Volume 2 Number 3: High Culture for Lowbrows
2026-08-11 20:55:30.849 -04:00 [DEBUG] Excluded [Missing publication year]: Art Spiegelman - Prisoner on the Hell Planet
2026-08-11 20:55:30.853 -04:00 [DEBUG] Excluded [Missing publication year]: Art Spiegelman - Maus: A Survivor's Tale
2026-08-11 20:55:30.861 -04:00 [DEBUG] Excluded [Contributor-only credit]: Art Spiegelman - 110 Stories: New York Writes after September 11
2026-08-11 20:55:30.869 -04:00 [DEBUG] Excluded [Missing publication year]: Art Spiegelman - The Past Hangs Over the Future
2026-08-11 20:55:30.875 -04:00 [DEBUG] Excluded [Missing publication year]: Art Spiegelman - Auto-Phobia
2026-08-11 20:55:30.880 -04:00 [DEBUG] Excluded [Missing publication year]: Art Spiegelman - Street Cop
2026-08-11 20:55:30.891 -04:00 [DEBUG] Excluded [Contributor-only credit]: Art Spiegelman - ARCADE The Comics Revue Spring 1975
2026-08-11 20:55:30.895 -04:00 [DEBUG] Excluded [Missing publication year]: Art Spiegelman - MAUS, A Survivor's Tale Mouse Holes, Chapter Five
2026-08-11 20:55:30.911 -04:00 [INFO] Parsed author 5117, page 1: 15 eligible row(s).
2026-08-11 20:55:30.912 -04:00 [INFO] Stopped pagination for author 5117 after page 1: lowest listed ratings count 6 is below threshold 1000.
2026-08-11 20:55:30.926 -04:00 [INFO] Collected 15 canonical candidate work(s) for 'Art Spiegelman'.
2026-08-11 20:55:31.586 -04:00 [DEBUG] GET author 4459639, page 1 (https://www.goodreads.com/author/list/4459639.J_Zachary_Pike)
2026-08-11 20:55:31.767 -04:00 [DEBUG] Excluded [Missing publication year]: J. Zachary Pike - Death and Taxes
2026-08-11 20:55:31.778 -04:00 [DEBUG] Excluded [Missing publication year]: J. Zachary Pike - Crypt Currency: a Lesson in Orconomics (The Dark Profit Saga #4)
2026-08-11 20:55:31.783 -04:00 [DEBUG] Excluded [Missing publication year]: J. Zachary Pike - Son of a Liche: Bonus Epilogue (The Dark Profit Saga #2.1)
2026-08-11 20:55:31.788 -04:00 [DEBUG] Excluded [Contributor-only credit]: J. Zachary Pike - Unavowed: New Tales by Masters of Fantasy
2026-08-11 20:55:31.793 -04:00 [DEBUG] Excluded [Contributor-only credit]: J. Zachary Pike - Live Free or Undead
2026-08-11 20:55:31.799 -04:00 [DEBUG] Excluded [Missing publication year]: J. Zachary Pike - The Ebook Machine: Using Automation to Publish and Maintain Your Ebooks
2026-08-11 20:55:31.811 -04:00 [INFO] Parsed author 4459639, page 1: 6 eligible row(s).
2026-08-11 20:55:31.815 -04:00 [INFO] Collected 6 canonical candidate work(s) for 'J. Zachary Pike'.
2026-08-11 20:55:32.584 -04:00 [DEBUG] GET author 3389, page 1 (https://www.goodreads.com/author/list/3389.Stephen_King)
2026-08-11 20:55:32.804 -04:00 [INFO] Parsed author 3389, page 1: 30 eligible row(s).
2026-08-11 20:55:33.591 -04:00 [DEBUG] GET author 3389, page 2 (https://www.goodreads.com/author/list/3389.Stephen_King?page=2)
2026-08-11 20:55:34.769 -04:00 [INFO] Parsed author 3389, page 2: 30 eligible row(s).
2026-08-11 20:55:34.772 -04:00 [DEBUG] GET author 3389, page 3 (https://www.goodreads.com/author/list/3389.Stephen_King?page=3)
2026-08-11 20:55:35.887 -04:00 [DEBUG] Excluded [Missing publication year]: Stephen King - 1922
2026-08-11 20:55:35.946 -04:00 [INFO] Parsed author 3389, page 3: 29 eligible row(s).
2026-08-11 20:55:35.962 -04:00 [DEBUG] GET author 3389, page 4 (https://www.goodreads.com/author/list/3389.Stephen_King?page=4)
2026-08-11 20:55:37.109 -04:00 [DEBUG] Excluded [Missing publication year]: Stephen King - The Life of Chuck
2026-08-11 20:55:37.113 -04:00 [DEBUG] Excluded [Omnibus, box set, or multi-work collection]: Stephen King - The Dark Tower Series: Books 1-7
2026-08-11 20:55:37.147 -04:00 [DEBUG] Excluded [Omnibus, box set, or multi-work collection]: Stephen King - The Dark Tower #1-3
2026-08-11 20:55:37.153 -04:00 [DEBUG] Excluded [Omnibus, box set, or multi-work collection]: Stephen King - Desperation / The Regulators: Box Set
2026-08-11 20:55:37.174 -04:00 [DEBUG] Excluded [Missing publication year]: Stephen King - The Shawshank Redemption: Different Seasons
2026-08-11 20:55:37.187 -04:00 [DEBUG] Excluded [Contributor-only credit]: Stephen King - Flight or Fright: 17 Turbulent Tales
2026-08-11 20:55:37.221 -04:00 [INFO] Parsed author 3389, page 4: 24 eligible row(s).
2026-08-11 20:55:37.224 -04:00 [DEBUG] GET author 3389, page 5 (https://www.goodreads.com/author/list/3389.Stephen_King?page=5)
2026-08-11 20:55:38.247 -04:00 [DEBUG] Excluded [Contributor-only credit]: Stephen King - Six Scary Stories
2026-08-11 20:55:38.263 -04:00 [DEBUG] Excluded [Contributor-only credit]: Stephen King - LT's Theory of Pets
2026-08-11 20:55:38.273 -04:00 [DEBUG] Excluded [Missing publication year]: Stephen King - Pet Sematary / Carrie / Nightshift
2026-08-11 20:55:38.280 -04:00 [DEBUG] Excluded [Missing publication year]: Stephen King - Silver Bullet
2026-08-11 20:55:38.284 -04:00 [DEBUG] Excluded [Missing publication year]: Stephen King - The Breathing Method
2026-08-11 20:55:38.290 -04:00 [DEBUG] Excluded [Contributor-only credit]: Stephen King - Nightmares in the Sky: Gargoyles and Grotesques
2026-08-11 20:55:38.331 -04:00 [DEBUG] Excluded [Missing publication year]: Stephen King - 11/22/63 上
2026-08-11 20:55:38.339 -04:00 [DEBUG] Excluded [Missing publication year]: Stephen King - Everything's Eventual: 5 Dark Tales
2026-08-11 20:55:38.367 -04:00 [DEBUG] Excluded [Missing publication year]: Stephen King - The Shining / 'Salem's Lot / Night Shift / Carrie
2026-08-11 20:55:38.375 -04:00 [DEBUG] Excluded [Contributor-only credit]: Stephen King - The Best American Short Stories 2007
2026-08-11 20:55:38.395 -04:00 [INFO] Parsed author 3389, page 5: 20 eligible row(s).
2026-08-11 20:55:38.400 -04:00 [DEBUG] GET author 3389, page 6 (https://www.goodreads.com/author/list/3389.Stephen_King?page=6)
2026-08-11 20:55:39.417 -04:00 [DEBUG] Excluded [Contributor-only credit]: Stephen King - Nightmares & Dreamscapes, Volume I
2026-08-11 20:55:39.423 -04:00 [DEBUG] Excluded [Missing publication year]: Stephen King - Mr. Harrigan's Phone
2026-08-11 20:55:39.435 -04:00 [DEBUG] Excluded [Missing publication year]: Stephen King - Gwendy's Button Box + "The Music Room"
2026-08-11 20:55:39.440 -04:00 [DEBUG] Excluded [Missing publication year]: Stephen King - The Bill Hodges Trilogy
2026-08-11 20:55:39.464 -04:00 [DEBUG] Excluded [Missing publication year]: Stephen King - Gramma
2026-08-11 20:55:39.473 -04:00 [DEBUG] Excluded [Missing publication year]: Stephen King - Low Men In Yellow Coats
2026-08-11 20:55:39.489 -04:00 [INFO] Parsed author 3389, page 6: 24 eligible row(s).
2026-08-11 20:55:39.491 -04:00 [INFO] Stopped pagination for author 3389 after page 6: lowest listed ratings count 931 is below threshold 1000.
2026-08-11 20:55:39.565 -04:00 [DEBUG] Excluded [Duplicate title]: Stephen King - The Dark Tower
2026-08-11 20:55:39.567 -04:00 [DEBUG] Duplicate title 'The Dark Tower' for 'Stephen King': kept book 5091 with 194638 ratings; discarded 1 lower-priority copy/copies.
2026-08-11 20:55:39.583 -04:00 [INFO] Collected 156 canonical candidate work(s) for 'Stephen King'.
2026-08-11 20:55:39.585 -04:00 [DEBUG] GET author 54493, page 1 (https://www.goodreads.com/author/list/54493.Kristin_Hannah)
2026-08-11 20:55:39.796 -04:00 [DEBUG] Excluded [Missing publication year]: Kristin Hannah - On Mystic Lake/Summer Island
2026-08-11 20:55:39.812 -04:00 [INFO] Parsed author 54493, page 1: 29 eligible row(s).
2026-08-11 20:55:39.814 -04:00 [INFO] Stopped pagination for author 54493 after page 1: lowest listed ratings count 565 is below threshold 1000.
2026-08-11 20:55:39.837 -04:00 [INFO] Collected 29 canonical candidate work(s) for 'Kristin Hannah'.
2026-08-11 20:55:40.593 -04:00 [DEBUG] GET author 5898355, page 1 (https://www.goodreads.com/author/list/5898355.John_Gwynne)
2026-08-11 20:55:40.759 -04:00 [DEBUG] Excluded [Omnibus, box set, or multi-work collection]: John Gwynne - John Gwynne Faithful and the Fallen Collection 4 Books Set
2026-08-11 20:55:40.764 -04:00 [DEBUG] Excluded [Omnibus, box set, or multi-work collection]: John Gwynne - The Bloodsworn Saga Boxed Set: The Shadow of the Gods, The Hunger of the Gods, The Fury of the Gods
2026-08-11 20:55:40.768 -04:00 [DEBUG] Excluded [Omnibus, box set, or multi-work collection]: John Gwynne - Of Blood and Bone Series 3 Books Collection Set
2026-08-11 20:55:40.772 -04:00 [DEBUG] Excluded [Missing publication year]: John Gwynne - The Wolves of War (The Wolfheart Chronicles, #1)
2026-08-11 20:55:40.776 -04:00 [DEBUG] Excluded [Missing publication year]: John Gwynne - The Sundering (The Faithful and the Fallen, #0.1)
2026-08-11 20:55:40.781 -04:00 [DEBUG] Excluded [Omnibus, box set, or multi-work collection]: John Gwynne - The Bloodsworn Trilogy Series 2 Books Set – The Shadow of the Gods and The Hunger of the Gods
2026-08-11 20:55:40.786 -04:00 [DEBUG] Excluded [Omnibus, box set, or multi-work collection]: John Gwynne - Faithful and the Fallen & The Bloodsworn Trilogy 6 Books Collection Set By John Gwynne
2026-08-11 20:55:40.790 -04:00 [DEBUG] Excluded [Missing publication year]: John Gwynne - Le temps de la terreur
2026-08-11 20:55:40.793 -04:00 [DEBUG] Excluded [Missing publication year]: John Gwynne - Heir Apparent
2026-08-11 20:55:40.796 -04:00 [DEBUG] Excluded [Missing publication year]: John Gwynne - Le Temps de la Terreur (De Sang et d'Os t. 1) (French Edition)
2026-08-11 20:55:40.799 -04:00 [DEBUG] Excluded [Missing publication year]: John Gwynne - HDS nº 01/03 La sombra de los dioses
2026-08-11 20:55:40.806 -04:00 [DEBUG] Excluded [Missing publication year]: John Gwynne - Le Livre des Terres Bannies - L'Intégrale (Fantasy)
2026-08-11 20:55:40.809 -04:00 [DEBUG] Excluded [Missing publication year]: John Gwynne - Malice: The Faithful and the Fallen 1
2026-08-11 20:55:40.812 -04:00 [DEBUG] Excluded [Missing publication year]: John Gwynne - Ruine: Collector
2026-08-11 20:55:40.815 -04:00 [DEBUG] Excluded [Missing publication year]: John Gwynne - L'ombre des dieux : La confrérie du sang - Tome 1: La confrérie du sang, Tome 1
2026-08-11 20:55:40.819 -04:00 [DEBUG] Excluded [Missing publication year]: John Gwynne - The Shadow of the Gods (Bloodsworn Saga #1) by John Gwynne
2026-08-11 20:55:40.825 -04:00 [DEBUG] Excluded [Missing publication year]: John Gwynne - Estuche Hermanos de sangre: Incluye La sombra de los dioses, El hambre de los dioses y La furia de los dioses
2026-08-11 20:55:40.830 -04:00 [DEBUG] Excluded [Missing publication year]: John Gwynne - Blutnacht: Die Blutgeschworenen, Band 3
2026-08-11 20:55:40.834 -04:00 [DEBUG] Excluded [Missing publication year]: John Gwynne - A Magical World: Experiments in Design at Sakonnet Garden
2026-08-11 20:55:40.845 -04:00 [INFO] Parsed author 5898355, page 1: 11 eligible row(s).
2026-08-11 20:55:40.846 -04:00 [INFO] Stopped pagination for author 5898355 after page 1: lowest listed ratings count 0 is below threshold 1000.
2026-08-11 20:55:40.855 -04:00 [INFO] Collected 11 canonical candidate work(s) for 'John Gwynne'.
2026-08-11 20:55:41.596 -04:00 [DEBUG] GET author 16917839, page 1 (https://www.goodreads.com/author/list/16917839.Christopher_Ruocchio)
2026-08-11 20:55:41.735 -04:00 [DEBUG] Excluded [Missing publication year]: Christopher Ruocchio - Queen Amid Ashes (The Sun Eater, #2.5)
2026-08-11 20:55:41.741 -04:00 [DEBUG] Excluded [Missing publication year]: Christopher Ruocchio - The Dregs of Empire (The Sun Eater, #5.5)
2026-08-11 20:55:41.745 -04:00 [DEBUG] Excluded [Missing publication year]: Christopher Ruocchio - Tales of the Sun Eater, Volume 1
2026-08-11 20:55:41.751 -04:00 [DEBUG] Excluded [Missing publication year]: Christopher Ruocchio - Tales of the Sun Eater, Volume 3
2026-08-11 20:55:41.760 -04:00 [DEBUG] Excluded [Missing publication year]: Christopher Ruocchio - Tales of the Sun Eater, Vol. 4
2026-08-11 20:55:41.763 -04:00 [DEBUG] Excluded [Missing publication year]: Christopher Ruocchio - The Fangs of Oannos (The Sun Eater, #5.6)
2026-08-11 20:55:41.766 -04:00 [DEBUG] Excluded [Missing publication year]: Christopher Ruocchio - The Lesser Devil and Other Stories
2026-08-11 20:55:41.773 -04:00 [DEBUG] Excluded [Missing publication year]: Christopher Ruocchio - Queen Amid Ashes and Other Stories
2026-08-11 20:55:41.776 -04:00 [DEBUG] Excluded [Contributor-only credit]: Christopher Ruocchio - Sword and Planet
2026-08-11 20:55:41.779 -04:00 [DEBUG] Excluded [Contributor-only credit]: Christopher Ruocchio - Worlds Long Lost
2026-08-11 20:55:41.786 -04:00 [DEBUG] Excluded [Missing publication year]: Christopher Ruocchio - The Dregs of Empire and Other Stories
2026-08-11 20:55:41.790 -04:00 [DEBUG] Excluded [Missing publication year]: Christopher Ruocchio - The Guns of Pharos (Sun Eater #1.6)
2026-08-11 20:55:41.793 -04:00 [DEBUG] Excluded [Omnibus, box set, or multi-work collection]: Christopher Ruocchio - Sun Eater Series 5 Books Set - Empire of Silence, Howling Dark, Demon in White, Kingdoms of Death, Ashes of Man
2026-08-11 20:55:41.797 -04:00 [DEBUG] Excluded [Missing publication year]: Christopher Ruocchio - Queen amid Ashes
2026-08-11 20:55:41.802 -04:00 [DEBUG] Excluded [Missing publication year]: Christopher Ruocchio - The Murdered Sun
2026-08-11 20:55:41.809 -04:00 [DEBUG] Excluded [Missing publication year]: Christopher Ruocchio - Songs of the Sun Eater: Tales From The Sun Eater Universe
2026-08-11 20:55:41.813 -04:00 [DEBUG] Excluded [Contributor-only credit]: Christopher Ruocchio - Marvel Comics N°04
2026-08-11 20:55:41.817 -04:00 [DEBUG] Excluded [Missing publication year]: Christopher Ruocchio - Raising Families the Jesus Way: Biblical Insights for Godly Parenting and Shaping Future Generations
2026-08-11 20:55:41.822 -04:00 [DEBUG] Excluded [Missing publication year]: Christopher Ruocchio - Howling Dark - L'ululato dell'oscurità: The Sun Eater, Vol. 2
2026-08-11 20:55:41.826 -04:00 [DEBUG] Excluded [Missing publication year]: Christopher Ruocchio - Songs of the Sun Eater
2026-08-11 20:55:41.830 -04:00 [DEBUG] Excluded [Audio or dramatized adaptation]: Christopher Ruocchio - Empire of Silence (1 of 2) [Dramatized Adaptation]: The Sun Eater 1
2026-08-11 20:55:41.842 -04:00 [INFO] Parsed author 16917839, page 1: 9 eligible row(s).
2026-08-11 20:55:41.843 -04:00 [INFO] Stopped pagination for author 16917839 after page 1: lowest listed ratings count 0 is below threshold 1000.
2026-08-11 20:55:41.848 -04:00 [INFO] Collected 9 canonical candidate work(s) for 'Christopher Ruocchio'.
2026-08-11 20:55:42.600 -04:00 [DEBUG] GET author 7125278, page 1 (https://www.goodreads.com/author/list/7125278.Will_Wight)
2026-08-11 20:55:42.793 -04:00 [DEBUG] Excluded [Omnibus, box set, or multi-work collection]: Will Wight - The Traveler's Gate Trilogy (Traveler's Gate, #1-3)
2026-08-11 20:55:42.807 -04:00 [DEBUG] Excluded [Omnibus, box set, or multi-work collection]: Will Wight - Cradle: Foundation (Cradle, #1-3)
2026-08-11 20:55:42.816 -04:00 [DEBUG] Excluded [Omnibus, box set, or multi-work collection]: Will Wight - Cradle: Path of Gold (Cradle, #4-6)
2026-08-11 20:55:42.829 -04:00 [DEBUG] Excluded [Omnibus, box set, or multi-work collection]: Will Wight - Cradle: Rise of Lords (Cradle, #7-9)
2026-08-11 20:55:42.845 -04:00 [INFO] Parsed author 7125278, page 1: 26 eligible row(s).
2026-08-11 20:55:43.612 -04:00 [DEBUG] GET author 7125278, page 2 (https://www.goodreads.com/author/list/7125278.Will_Wight?page=2)
2026-08-11 20:55:44.417 -04:00 [DEBUG] Excluded [Contributor-only credit]: Will Wight - Heroes Wanted: A Fantasy Anthology
2026-08-11 20:55:44.561 -04:00 [DEBUG] Excluded [Missing publication year]: Will Wight - Overworld
2026-08-11 20:55:44.613 -04:00 [INFO] Parsed author 7125278, page 2: 12 eligible row(s).
2026-08-11 20:55:44.700 -04:00 [INFO] Collected 38 canonical candidate work(s) for 'Will Wight'.
2026-08-11 20:55:44.716 -04:00 [DEBUG] GET author 3961, page 1 (https://www.goodreads.com/author/list/3961.Alan_Moore)
2026-08-11 20:55:45.002 -04:00 [DEBUG] Excluded [Missing publication year]: Alan Moore - Absolute Batman: The Killing Joke
2026-08-11 20:55:45.059 -04:00 [DEBUG] Excluded [Missing publication year]: Alan Moore - La Ligue Des Gentlemen Extraordinaires Volume 1
2026-08-11 20:55:45.163 -04:00 [INFO] Parsed author 3961, page 1: 28 eligible row(s).
2026-08-11 20:55:45.727 -04:00 [DEBUG] GET author 3961, page 2 (https://www.goodreads.com/author/list/3961.Alan_Moore?page=2)
2026-08-11 20:55:47.532 -04:00 [DEBUG] Excluded [Omnibus, box set, or multi-work collection]: Alan Moore - The League of Extraordinary Gentlemen Omnibus
2026-08-11 20:55:47.563 -04:00 [DEBUG] Excluded [Missing publication year]: Alan Moore - Absolute Watchmen
2026-08-11 20:55:47.621 -04:00 [INFO] Parsed author 3961, page 2: 28 eligible row(s).
2026-08-11 20:55:47.623 -04:00 [DEBUG] GET author 3961, page 3 (https://www.goodreads.com/author/list/3961.Alan_Moore?page=3)
2026-08-11 20:55:48.813 -04:00 [DEBUG] Excluded [Omnibus, box set, or multi-work collection]: Alan Moore - Providence (Providence #1-12)
2026-08-11 20:55:48.971 -04:00 [DEBUG] Excluded [Missing publication year]: Alan Moore - Supreme: The Return
2026-08-11 20:55:49.030 -04:00 [INFO] Parsed author 3961, page 3: 28 eligible row(s).
2026-08-11 20:55:49.032 -04:00 [INFO] Stopped pagination for author 3961 after page 3: lowest listed ratings count 607 is below threshold 1000.
2026-08-11 20:55:49.147 -04:00 [INFO] Collected 84 canonical candidate work(s) for 'Alan Moore'.
2026-08-11 20:55:49.156 -04:00 [DEBUG] GET author 8427407, page 1 (https://www.goodreads.com/author/list/8427407.James_Islington)
2026-08-11 20:55:49.327 -04:00 [DEBUG] Excluded [Omnibus, box set, or multi-work collection]: James Islington - The Licanius Trilogy (The Licanius Trilogy, #1-3)
2026-08-11 20:55:49.332 -04:00 [DEBUG] Excluded [Missing publication year]: James Islington - Scion
2026-08-11 20:55:49.338 -04:00 [DEBUG] Excluded [Contributor-only credit]: James Islington - Deep Magic - Winter 2018
2026-08-11 20:55:49.347 -04:00 [DEBUG] Excluded [Missing publication year]: James Islington - The Justice of One (Hierarchy, #3)
2026-08-11 20:55:49.355 -04:00 [DEBUG] Excluded [Omnibus, box set, or multi-work collection]: James Islington - Hierarchy Series by James Islington 2 Books Collection Set
2026-08-11 20:55:49.362 -04:00 [DEBUG] Excluded [Missing publication year]: James Islington - The Strength of the Few: Hiérarchie, T2
2026-08-11 20:55:49.371 -04:00 [DEBUG] Excluded [Missing publication year]: James Islington - Vástago
2026-08-11 20:55:49.388 -04:00 [INFO] Parsed author 8427407, page 1: 5 eligible row(s).
2026-08-11 20:55:49.395 -04:00 [INFO] Collected 5 canonical candidate work(s) for 'James Islington'.
2026-08-11 20:55:50.157 -04:00 [DEBUG] GET author 87305, page 1 (https://www.goodreads.com/author/list/87305.Martha_Wells)
2026-08-11 20:55:50.340 -04:00 [DEBUG] Excluded [Omnibus, box set, or multi-work collection]: Martha Wells - The Murderbot Diaries #1-4: : All Systems Red, Artificial Condition, Rogue Protocol, Exit Strategy
2026-08-11 20:55:50.351 -04:00 [INFO] Parsed author 87305, page 1: 29 eligible row(s).
2026-08-11 20:55:51.165 -04:00 [DEBUG] GET author 87305, page 2 (https://www.goodreads.com/author/list/87305.Martha_Wells?page=2)
2026-08-11 20:55:51.895 -04:00 [DEBUG] Excluded [Omnibus, box set, or multi-work collection]: Martha Wells - Murderbot Diaries Collection Complete Hardcover Series Set (The Murderbot Diaries #1-6)
2026-08-11 20:55:51.908 -04:00 [DEBUG] Excluded [Omnibus, box set, or multi-work collection]: Martha Wells - The Book of Ile-Rien: The Element of Fire & The Death of the Necromancer (Ile-Rien, #1-2)
2026-08-11 20:55:51.912 -04:00 [DEBUG] Excluded [Missing publication year]: Martha Wells - The Murderbot Diaries Vol. 3
2026-08-11 20:55:51.915 -04:00 [DEBUG] Excluded [Audio or dramatized adaptation]: Martha Wells - All Systems Red [Dramatized Adaptation] (The Murderbot Diaries, #1)
2026-08-11 20:55:51.921 -04:00 [DEBUG] Excluded [Audio or dramatized adaptation]: Martha Wells - Rogue Protocol [Dramatized Adaptation] (Murderbot Diaries #3)
2026-08-11 20:55:51.928 -04:00 [DEBUG] Excluded [Audio or dramatized adaptation]: Martha Wells - Artificial Condition [Dramatized Adaptation] (Murderbot Diaries #2)
2026-08-11 20:55:51.944 -04:00 [DEBUG] Excluded [Omnibus, box set, or multi-work collection]: Martha Wells - The Emilie Adventures (Emilie, #1-2)
2026-08-11 20:55:51.950 -04:00 [DEBUG] Excluded [Audio or dramatized adaptation]: Martha Wells - System Collapse [Dramatized Adaptation] (Murderbot Diaries #7)
2026-08-11 20:55:51.955 -04:00 [DEBUG] Excluded [Audio or dramatized adaptation]: Martha Wells - Exit Strategy [Dramatized Adaptation] (Murderbot Diaries #4)
2026-08-11 20:55:51.961 -04:00 [DEBUG] Excluded [Audio or dramatized adaptation]: Martha Wells - Network Effect [Dramatized Adaptation] (Murderbot Diaries #5)
2026-08-11 20:55:51.968 -04:00 [DEBUG] Excluded [Audio or dramatized adaptation]: Martha Wells - Fugitive Telemetry [Dramatized Adaptation] (Murderbot Diaries #6)
2026-08-11 20:55:51.973 -04:00 [DEBUG] Excluded [Missing publication year]: Martha Wells - Sneak Peek for Witch King
2026-08-11 20:55:51.985 -04:00 [DEBUG] Excluded [Missing publication year]: Martha Wells - Obsolescence
2026-08-11 20:55:51.991 -04:00 [DEBUG] Excluded [Omnibus, box set, or multi-work collection]: Martha Wells - The Murderbot Diaries Series 7 Books Set – All Systems Red, Artificial Condition, Rogue Protocol, Exit Strategy, Network Effect, Fugitive Telemetry, and System Collapse
2026-08-11 20:55:52.009 -04:00 [DEBUG] Excluded [Missing publication year]: Martha Wells - Wolf Night
2026-08-11 20:55:52.026 -04:00 [INFO] Parsed author 87305, page 2: 15 eligible row(s).
2026-08-11 20:55:52.027 -04:00 [INFO] Stopped pagination for author 87305 after page 2: lowest listed ratings count 6 is below threshold 1000.
2026-08-11 20:55:52.049 -04:00 [INFO] Collected 44 canonical candidate work(s) for 'Martha Wells'.
2026-08-11 20:55:52.183 -04:00 [DEBUG] GET author 7705004, page 1 (https://www.goodreads.com/author/list/7705004.Fonda_Lee)
2026-08-11 20:55:52.344 -04:00 [DEBUG] Excluded [Contributor-only credit]: Fonda Lee - Breath of the Dragon (Breathmarked, #1)
2026-08-11 20:55:52.357 -04:00 [DEBUG] Excluded [Contributor-only credit]: Fonda Lee - The Book of Witches
2026-08-11 20:55:52.361 -04:00 [DEBUG] Excluded [Missing publication year]: Fonda Lee - The Green Bone Saga
2026-08-11 20:55:52.365 -04:00 [DEBUG] Excluded [Contributor-only credit]: Fonda Lee - The Year's Best Science Fiction, Vol. 1: The Saga Anthology of Science Fiction 2020
2026-08-11 20:55:52.399 -04:00 [DEBUG] Excluded [Missing publication year]: Fonda Lee - Not Only Blood
2026-08-11 20:55:52.435 -04:00 [DEBUG] Excluded [Missing publication year]: Fonda Lee - Esquirlas de jade
2026-08-11 20:55:52.470 -04:00 [DEBUG] Excluded [Missing publication year]: Fonda Lee - Le Souffle du Dragon: Marqué par le Souffle, T1
2026-08-11 20:55:52.492 -04:00 [DEBUG] Excluded [Missing publication year]: Fonda Lee - Ciudad de Jade
2026-08-11 20:55:52.509 -04:00 [DEBUG] Excluded [Missing publication year]: Fonda Lee - Legado de jade
2026-08-11 20:55:52.514 -04:00 [DEBUG] Excluded [Missing publication year]: Fonda Lee - Guerra de jade
2026-08-11 20:55:52.520 -04:00 [DEBUG] Excluded [Missing publication year]: Fonda Lee - Esquirlas de jade
2026-08-11 20:55:52.526 -04:00 [DEBUG] Excluded [Missing publication year]: Fonda Lee - El tallador de jade de Yanlún
2026-08-11 20:55:52.556 -04:00 [DEBUG] Excluded [Missing publication year]: Fonda Lee - El tallador de jade de Yanlún
2026-08-11 20:55:52.570 -04:00 [DEBUG] Excluded [Missing publication year]: Fonda Lee - Mark of the Warrior
2026-08-11 20:55:52.576 -04:00 [DEBUG] Excluded [Omnibus, box set, or multi-work collection]: Fonda Lee - Estuche Los huesos verdes (Los huesos verdes, #1-3)
2026-08-11 20:55:52.581 -04:00 [DEBUG] Excluded [Missing publication year]: Fonda Lee - Jailbird
2026-08-11 20:55:52.603 -04:00 [INFO] Parsed author 7705004, page 1: 14 eligible row(s).
2026-08-11 20:55:52.606 -04:00 [INFO] Stopped pagination for author 7705004 after page 1: lowest listed ratings count 0 is below threshold 1000.
2026-08-11 20:55:52.622 -04:00 [INFO] Collected 14 canonical candidate work(s) for 'Fonda Lee'.
2026-08-11 20:55:53.185 -04:00 [DEBUG] GET author 11231718, page 1 (https://www.goodreads.com/author/list/11231718.Simon_St_lenhag)
2026-08-11 20:55:53.330 -04:00 [DEBUG] Excluded [Contributor-only credit]: Simon Stålenhag - Tales from the Loop: Roleplaying in the '80s That Never Was
2026-08-11 20:55:53.335 -04:00 [DEBUG] Excluded [Contributor-only credit]: Simon Stålenhag - Svärdets sång: Rov och ruiner i ett fördömt land
2026-08-11 20:55:53.340 -04:00 [DEBUG] Excluded [Contributor-only credit]: Simon Stålenhag - Urtidsbilder
2026-08-11 20:55:53.345 -04:00 [DEBUG] Excluded [Contributor-only credit]: Simon Stålenhag - Things From The Flood
2026-08-11 20:55:53.353 -04:00 [DEBUG] Excluded [Contributor-only credit]: Simon Stålenhag - Tales from the Loop: Our Friends the Machines & Other Mysteries
2026-08-11 20:55:53.360 -04:00 [DEBUG] Excluded [Contributor-only credit]: Simon Stålenhag - Tales from the Loop RPG Starter Set
2026-08-11 20:55:53.372 -04:00 [DEBUG] Excluded [Contributor-only credit]: Simon Stålenhag - Mutant Year Zero - Mechatron
2026-08-11 20:55:53.381 -04:00 [DEBUG] Excluded [Contributor-only credit]: Simon Stålenhag - Elysium
2026-08-11 20:55:53.396 -04:00 [DEBUG] Excluded [Missing publication year]: Simon Stålenhag - 迴環記憶三部曲：迴圈奇譚X洪水過後X電幻國度
2026-08-11 20:55:53.408 -04:00 [INFO] Parsed author 11231718, page 1: 6 eligible row(s).
2026-08-11 20:55:53.420 -04:00 [INFO] Collected 6 canonical candidate work(s) for 'Simon Stålenhag'.
2026-08-11 20:55:54.200 -04:00 [DEBUG] GET author 6540057, page 1 (https://www.goodreads.com/author/list/6540057.Andy_Weir)
2026-08-11 20:55:54.359 -04:00 [DEBUG] Excluded [Missing publication year]: Andy Weir - Project Hail Mary / Artemis/ The Martian
2026-08-11 20:55:54.421 -04:00 [DEBUG] Excluded [Missing publication year]: Andy Weir - プロジェクト・ヘイル・メアリー 上
2026-08-11 20:55:54.429 -04:00 [DEBUG] Excluded [Missing publication year]: Andy Weir - Rat
2026-08-11 20:55:54.437 -04:00 [DEBUG] Excluded [Missing publication year]: Andy Weir - 火星の人〔上〕[Kasei no hito]
2026-08-11 20:55:54.447 -04:00 [INFO] Parsed author 6540057, page 1: 26 eligible row(s).
2026-08-11 20:55:54.448 -04:00 [INFO] Stopped pagination for author 6540057 after page 1: lowest listed ratings count 12 is below threshold 1000.
2026-08-11 20:55:54.469 -04:00 [INFO] Collected 26 canonical candidate work(s) for 'Andy Weir'.
2026-08-11 20:55:55.207 -04:00 [DEBUG] GET author 1020792, page 1 (https://www.goodreads.com/author/list/1020792.Antoine_de_Saint_Exup_ry)
2026-08-11 20:55:55.339 -04:00 [DEBUG] Excluded [Contributor-only credit]: Antoine de Saint-Exupéry - J'apprends à compter avec le Petit Prince
2026-08-11 20:55:55.344 -04:00 [DEBUG] Excluded [Missing publication year]: Antoine de Saint-Exupéry - Il Piccolo Principe. Il calendario perpetuo
2026-08-11 20:55:55.365 -04:00 [DEBUG] Excluded [Missing publication year]: Antoine de Saint-Exupéry - Маленький принц: Сборник сказок
2026-08-11 20:55:55.369 -04:00 [DEBUG] Excluded [Missing publication year]: Antoine de Saint-Exupéry - Terre des Hommes: Édition illustrée
2026-08-11 20:55:55.375 -04:00 [DEBUG] Excluded [Missing publication year]: Antoine de Saint-Exupéry - Micul Prinț: Povestiri pentru copii/ Cărți pentru copii în limba română/Carte Pentru Copii/Povești pentru copii/Cărți în limba română / Carti pentru copii in romana
2026-08-11 20:55:55.382 -04:00 [DEBUG] Excluded [Missing publication year]: Antoine de Saint-Exupéry - Le Petit Prince voyage
2026-08-11 20:55:55.389 -04:00 [DEBUG] Excluded [Missing publication year]: Antoine de Saint-Exupéry - Mali princ : sa akvarelima autora
2026-08-11 20:55:55.394 -04:00 [DEBUG] Excluded [Missing publication year]: Antoine de Saint-Exupéry - The Little Prince
2026-08-11 20:55:55.410 -04:00 [DEBUG] Excluded [Missing publication year]: Antoine de Saint-Exupéry - Le Petit Prince: Avec les illustrations originales de Antoine de Saint-Exupéry
2026-08-11 20:55:55.422 -04:00 [INFO] Parsed author 1020792, page 1: 21 eligible row(s).
2026-08-11 20:55:55.424 -04:00 [INFO] Stopped pagination for author 1020792 after page 1: lowest listed ratings count 106 is below threshold 1000.
2026-08-11 20:55:55.440 -04:00 [INFO] Collected 21 canonical candidate work(s) for 'Antoine de Saint-Exupéry'.
2026-08-11 20:55:56.201 -04:00 [DEBUG] GET author 16820001, page 1 (https://www.goodreads.com/author/list/16820001.R_F_Kuang)
2026-08-11 20:55:56.337 -04:00 [DEBUG] Excluded [Contributor-only credit]: R.F. Kuang - From a Certain Point of View: The Empire Strikes Back (From a Certain Point of View, #2)
2026-08-11 20:55:56.341 -04:00 [DEBUG] Excluded [Omnibus, box set, or multi-work collection]: R.F. Kuang - The Poppy War, The Dragon Republic, The Burning God (The Poppy War, #1-3)
2026-08-11 20:55:56.345 -04:00 [DEBUG] Excluded [Contributor-only credit]: R.F. Kuang - The Book of Dragons
2026-08-11 20:55:56.350 -04:00 [DEBUG] Excluded [Contributor-only credit]: R.F. Kuang - The Best American Science Fiction and Fantasy 2023: Guest editor R. F. Kuang presents twenty stories confronting AI, borders, and reproductive rights through weird, wondrous fiction.
2026-08-11 20:55:56.355 -04:00 [DEBUG] Excluded [Missing publication year]: R.F. Kuang - Taipei Story
2026-08-11 20:55:56.364 -04:00 [DEBUG] Excluded [Contributor-only credit]: R.F. Kuang - The Time Traveler's Passport Collection
2026-08-11 20:55:56.368 -04:00 [DEBUG] Excluded [Contributor-only credit]: R.F. Kuang - A Summer Beyond Your Reach
2026-08-11 20:55:56.372 -04:00 [DEBUG] Excluded [Contributor-only credit]: R.F. Kuang - The List / Yellowface
2026-08-11 20:55:56.376 -04:00 [DEBUG] Excluded [Contributor-only credit]: R.F. Kuang - Uncanny Magazine, Issue 21, March/April 2018
2026-08-11 20:55:56.380 -04:00 [DEBUG] Excluded [Missing publication year]: R.F. Kuang - The Poppy War / The Dragon Republic / The Burning God / Babel
2026-08-11 20:55:56.387 -04:00 [DEBUG] Excluded [Contributor-only credit]: R.F. Kuang - New Voices in Chinese Science Fiction
2026-08-11 20:55:56.391 -04:00 [DEBUG] Excluded [Contributor-only credit]: R.F. Kuang - Grimdark Magazine, Issue 16, July 2018
2026-08-11 20:55:56.394 -04:00 [DEBUG] Excluded [Omnibus, box set, or multi-work collection]: R.F. Kuang - Babel, Yellowface By Rebecca F. Kuang 2 Books Collection Set
2026-08-11 20:55:56.398 -04:00 [DEBUG] Excluded [Omnibus, box set, or multi-work collection]: R.F. Kuang - R.F. Kuang 5 Books Collection Set: The Poppy War, The Dragon Republic, The Burning God, Babel & Yellowface
2026-08-11 20:55:56.403 -04:00 [DEBUG] Excluded [Missing publication year]: R.F. Kuang - The Poppy War Series by R.F. Kuang 2 Books Collector's Edition Set (The Poppy War (Book 1) & The Dragon Republic (Book 2) (Sprayed Edges))
2026-08-11 20:55:56.408 -04:00 [DEBUG] Excluded [Missing publication year]: R.F. Kuang - 바벨 1
2026-08-11 20:55:56.411 -04:00 [DEBUG] Excluded [Missing publication year]: R.F. Kuang - 바벨 2
2026-08-11 20:55:56.418 -04:00 [DEBUG] Excluded [Missing publication year]: R.F. Kuang - Опиумная война. Трилогия
2026-08-11 20:55:56.422 -04:00 [DEBUG] Excluded [Omnibus, box set, or multi-work collection]: R.F. Kuang - R.F. Kuang 3 Books Collection Set
2026-08-11 20:55:56.426 -04:00 [DEBUG] Excluded [Missing publication year]: R.F. Kuang - Республика дракон. Пылающий бог: комплект из 2-х книг
2026-08-11 20:55:56.431 -04:00 [DEBUG] Excluded [Missing publication year]: R.F. Kuang - Una historia de Taipéi
2026-08-11 20:55:56.442 -04:00 [INFO] Parsed author 16820001, page 1: 9 eligible row(s).
2026-08-11 20:55:56.449 -04:00 [INFO] Collected 9 canonical candidate work(s) for 'R.F. Kuang'.
2026-08-11 20:55:57.212 -04:00 [DEBUG] GET author 1445909, page 1 (https://www.goodreads.com/author/list/1445909.Adrian_Tchaikovsky)
2026-08-11 20:55:57.701 -04:00 [INFO] Parsed author 1445909, page 1: 30 eligible row(s).
2026-08-11 20:55:58.223 -04:00 [DEBUG] GET author 1445909, page 2 (https://www.goodreads.com/author/list/1445909.Adrian_Tchaikovsky?page=2)
2026-08-11 20:55:59.040 -04:00 [DEBUG] Excluded [Missing publication year]: Adrian Tchaikovsky - Starseer's Ruin
2026-08-11 20:55:59.046 -04:00 [DEBUG] Excluded [Missing publication year]: Adrian Tchaikovsky - The Long and Hungry Road (Warhammer 40,000)
2026-08-11 20:55:59.054 -04:00 [DEBUG] Excluded [Missing publication year]: Adrian Tchaikovsky - The Final Architecture Trilogy Set by Adrian Tchaikovsky
2026-08-11 20:55:59.072 -04:00 [INFO] Parsed author 1445909, page 2: 27 eligible row(s).
2026-08-11 20:55:59.076 -04:00 [INFO] Stopped pagination for author 1445909 after page 2: lowest listed ratings count 185 is below threshold 1000.
2026-08-11 20:55:59.113 -04:00 [INFO] Collected 57 canonical candidate work(s) for 'Adrian Tchaikovsky'.
2026-08-11 20:55:59.231 -04:00 [DEBUG] GET author 6876324, page 1 (https://www.goodreads.com/author/list/6876324.Tamsyn_Muir)
2026-08-11 20:55:59.735 -04:00 [DEBUG] Excluded [Contributor-only credit]: Tamsyn Muir - Into Shadow: Where the Truth Lies
2026-08-11 20:55:59.739 -04:00 [DEBUG] Excluded [Contributor-only credit]: Tamsyn Muir - Diablo: Tales from the Horadric Library
2026-08-11 20:55:59.749 -04:00 [DEBUG] Excluded [Contributor-only credit]: Tamsyn Muir - World of Warcraft: Folk & Fairy Tales of Azeroth
2026-08-11 20:55:59.755 -04:00 [DEBUG] Excluded [Contributor-only credit]: Tamsyn Muir - Some of the Best from Tor.com, 2020 edition
2026-08-11 20:55:59.761 -04:00 [DEBUG] Excluded [Contributor-only credit]: Tamsyn Muir - Tor.com Short Fiction: September-October 2020
2026-08-11 20:55:59.773 -04:00 [DEBUG] Excluded [Contributor-only credit]: Tamsyn Muir - Clarkesworld: Year Ten, Volume One
2026-08-11 20:55:59.778 -04:00 [DEBUG] Excluded [Contributor-only credit]: Tamsyn Muir - Tor.com Publishing 2019 Debut Sampler
2026-08-11 20:55:59.783 -04:00 [DEBUG] Excluded [Contributor-only credit]: Tamsyn Muir - Magic & Mayhem Sampler: Rule-breaking new fantasy from Tor and Tor.com Publishing
2026-08-11 20:55:59.788 -04:00 [DEBUG] Excluded [Contributor-only credit]: Tamsyn Muir - Nightmare Magazine 63: December 2017
2026-08-11 20:55:59.793 -04:00 [DEBUG] Excluded [Contributor-only credit]: Tamsyn Muir - Lightspeed Magazine, September 2017
2026-08-11 20:55:59.797 -04:00 [DEBUG] Excluded [Contributor-only credit]: Tamsyn Muir - The Long List Anthology Volume 2: More Stories From the Hugo Award Nomination List
2026-08-11 20:55:59.804 -04:00 [DEBUG] Excluded [Contributor-only credit]: Tamsyn Muir - Heiresses of Russ 2016: The Year's Best Lesbian Speculative Fiction
2026-08-11 20:55:59.807 -04:00 [DEBUG] Excluded [Contributor-only credit]: Tamsyn Muir - Dreams from the Witch House: Female Voices of Lovecraftian Horror
2026-08-11 20:55:59.811 -04:00 [DEBUG] Excluded [Contributor-only credit]: Tamsyn Muir - Clarkesworld Magazine, Issue 111, December 2015
2026-08-11 20:55:59.817 -04:00 [DEBUG] Excluded [Contributor-only credit]: Tamsyn Muir - The Magazine of Fantasy & Science Fiction, Issue 720, July/August, 2015
2026-08-11 20:55:59.822 -04:00 [DEBUG] Excluded [Missing publication year]: Tamsyn Muir - Alecto the Ninth (The Locked Tomb, #4)
2026-08-11 20:55:59.826 -04:00 [DEBUG] Excluded [Missing publication year]: Tamsyn Muir - Gideon the Ninth: Act One: Free Ebook Preview
2026-08-11 20:55:59.829 -04:00 [DEBUG] Excluded [Missing publication year]: Tamsyn Muir - Harrow the Ninth: Act One: Free Ebook Preview
2026-08-11 20:55:59.834 -04:00 [DEBUG] Excluded [Missing publication year]: Tamsyn Muir - Go Marching In
2026-08-11 20:55:59.839 -04:00 [DEBUG] Excluded [Missing publication year]: Tamsyn Muir - Nona the Ninth Sneak Peek
2026-08-11 20:55:59.844 -04:00 [DEBUG] Excluded [Omnibus, box set, or multi-work collection]: Tamsyn Muir - The Locked Tomb 3-book Collection Set by Tamsyn Muir (Gideon the Ninth, Harrow the Ninth, Nona the Ninth)
2026-08-11 20:55:59.855 -04:00 [INFO] Parsed author 6876324, page 1: 9 eligible row(s).
2026-08-11 20:55:59.856 -04:00 [INFO] Stopped pagination for author 6876324 after page 1: lowest listed ratings count 3 is below threshold 1000.
2026-08-11 20:55:59.860 -04:00 [INFO] Collected 9 canonical candidate work(s) for 'Tamsyn Muir'.
2026-08-11 20:56:00.247 -04:00 [DEBUG] GET author 176372, page 1 (https://www.goodreads.com/author/list/176372.Madeline_Miller)
2026-08-11 20:56:00.380 -04:00 [DEBUG] Excluded [Contributor-only credit]: Madeline Miller - La collina dei conigli
2026-08-11 20:56:00.388 -04:00 [DEBUG] Excluded [Missing publication year]: Madeline Miller - Circe / The Song of Achilles
2026-08-11 20:56:00.395 -04:00 [DEBUG] Excluded [Contributor-only credit]: Madeline Miller - The Writer's Library: The Authors You Love on the Books That Changed Their Lives
2026-08-11 20:56:00.400 -04:00 [DEBUG] Excluded [Missing publication year]: Madeline Miller - The Song of Achilles / Circe / Galatea
2026-08-11 20:56:00.405 -04:00 [DEBUG] Excluded [Contributor-only credit]: Madeline Miller - Conversazioni letterarie
2026-08-11 20:56:00.410 -04:00 [DEBUG] Excluded [Contributor-only credit]: Madeline Miller - The Brown Reader: 50 Writers Remember College Hill
2026-08-11 20:56:00.416 -04:00 [DEBUG] Excluded [Missing publication year]: Madeline Miller - Mestra
2026-08-11 20:56:00.421 -04:00 [DEBUG] Excluded [Missing publication year]: Madeline Miller - State of Wonder / The Song of Achilles / Painter of Silence
2026-08-11 20:56:00.425 -04:00 [DEBUG] Excluded [Missing publication year]: Madeline Miller - Untitled #2
2026-08-11 20:56:00.429 -04:00 [DEBUG] Excluded [Missing publication year]: Madeline Miller - Untitled
2026-08-11 20:56:00.434 -04:00 [DEBUG] Excluded [Missing publication year]: Madeline Miller - The Madeline Miller Collection
2026-08-11 20:56:00.456 -04:00 [DEBUG] Excluded [Missing publication year]: Madeline Miller - Galatée
2026-08-11 20:56:00.480 -04:00 [DEBUG] Excluded [Missing publication year]: Madeline Miller - Kirke
2026-08-11 20:56:00.494 -04:00 [DEBUG] Excluded [Missing publication year]: Madeline Miller - Mestra: Erzählung | Die neue feministische Erzählung von Madeline Miller – fantastisch illustriert und mit dem Originalmythos versehen
2026-08-11 20:56:00.522 -04:00 [DEBUG] Excluded [Missing publication year]: Madeline Miller - Achilleus' sang
2026-08-11 20:56:00.550 -04:00 [DEBUG] Excluded [Contributor-only credit]: Madeline Miller - Mestra: A Short Story
2026-08-11 20:56:00.567 -04:00 [DEBUG] Excluded [Contributor-only credit]: Madeline Miller - Mestra: A Short Story
2026-08-11 20:56:00.573 -04:00 [DEBUG] Excluded [Contributor-only credit]: Madeline Miller - Viajando con Jesús/Traveling with Jesus: Nuestro Viaje De Misión a El Salvador/Our Mission Trip to El Salvador
2026-08-11 20:56:00.587 -04:00 [INFO] Parsed author 176372, page 1: 4 eligible row(s).
2026-08-11 20:56:00.599 -04:00 [INFO] Collected 4 canonical candidate work(s) for 'Madeline Miller'.
2026-08-11 20:56:01.253 -04:00 [DEBUG] GET author 17087338, page 1 (https://www.goodreads.com/author/list/17087338.Evan_Winter)
2026-08-11 20:56:01.391 -04:00 [DEBUG] Excluded [Contributor-only credit]: Evan Winter - The Dao of Drizzt: Drizzt Do'Urden's collected journals on good, evil, honor, and family—forged in Menzoberranzan, introduced by Evan Winter
2026-08-11 20:56:01.398 -04:00 [DEBUG] Excluded [Missing publication year]: Evan Winter - The Lord of Demons (The Burning, #3)
2026-08-11 20:56:01.406 -04:00 [DEBUG] Excluded [Missing publication year]: Evan Winter - Untitled (The Burning, #4)
2026-08-11 20:56:01.412 -04:00 [DEBUG] Excluded [Missing publication year]: Evan Winter - La rage des dragons
2026-08-11 20:56:01.418 -04:00 [DEBUG] Excluded [Missing publication year]: Evan Winter - La rage des dragons: Le Brasier - livre premier
2026-08-11 20:56:01.427 -04:00 [INFO] Parsed author 17087338, page 1: 2 eligible row(s).
2026-08-11 20:56:01.432 -04:00 [INFO] Collected 2 canonical candidate work(s) for 'Evan Winter'.
2026-08-11 20:56:02.260 -04:00 [DEBUG] GET author 12130438, page 1 (https://www.goodreads.com/author/list/12130438.Dennis_E_Taylor)
2026-08-11 20:56:02.396 -04:00 [DEBUG] Excluded [Missing publication year]: Dennis E. Taylor - Flybot
2026-08-11 20:56:02.408 -04:00 [DEBUG] Excluded [Contributor-only credit]: Dennis E. Taylor - Explorations: Colony (Explorations, #4)
2026-08-11 20:56:02.412 -04:00 [DEBUG] Excluded [Missing publication year]: Dennis E. Taylor - Wir sind verschollen: Bobiverse, Band 5
2026-08-11 20:56:02.416 -04:00 [DEBUG] Excluded [Missing publication year]: Dennis E. Taylor - Пока мы не сбились с пути
2026-08-11 20:56:02.423 -04:00 [DEBUG] Excluded [Missing publication year]: Dennis E. Taylor - The Infinite Extent (Bobiverse, #6)
2026-08-11 20:56:02.433 -04:00 [INFO] Parsed author 12130438, page 1: 13 eligible row(s).
2026-08-11 20:56:02.440 -04:00 [INFO] Collected 13 canonical candidate work(s) for 'Dennis E. Taylor'.
2026-08-11 20:56:03.259 -04:00 [DEBUG] GET author 1370283, page 1 (https://www.goodreads.com/author/list/1370283.Brent_Weeks)
2026-08-11 20:56:03.421 -04:00 [DEBUG] Excluded [Omnibus, box set, or multi-work collection]: Brent Weeks - The Night Angel Trilogy (Night Angel, #1-3)
2026-08-11 20:56:03.440 -04:00 [DEBUG] Excluded [Audio or dramatized adaptation]: Brent Weeks - The Way of Shadows (2 of 2) [Dramatized Adaptation] (Night Angel #1)
2026-08-11 20:56:03.474 -04:00 [DEBUG] Excluded [Audio or dramatized adaptation]: Brent Weeks - The Way of Shadows (1 of 2) [Dramatized Adaptation] (Night Angel, #1)
2026-08-11 20:56:03.479 -04:00 [DEBUG] Excluded [Omnibus, box set, or multi-work collection]: Brent Weeks - Lightbringer Series Brent Weeks Collection Bundle
2026-08-11 20:56:03.490 -04:00 [DEBUG] Excluded [Audio or dramatized adaptation]: Brent Weeks - Shadow's Edge (1 of 2) [Dramatized Adaptation] (Night Angel #2)
2026-08-11 20:56:03.501 -04:00 [DEBUG] Excluded [Omnibus, box set, or multi-work collection]: Brent Weeks - Brent Weeks 5 Books Collection Set
2026-08-11 20:56:03.537 -04:00 [DEBUG] Excluded [Audio or dramatized adaptation]: Brent Weeks - Shadow's Edge (2 of 2) [Dramatized Adaptation] (Night Angel #2)
2026-08-11 20:56:03.550 -04:00 [DEBUG] Excluded [Audio or dramatized adaptation]: Brent Weeks - Beyond the Shadows (2 of 2) [Dramatized Adaptation] (Night Angel #3)
2026-08-11 20:56:03.563 -04:00 [DEBUG] Excluded [Missing publication year]: Brent Weeks - Sphären der Macht (Lichtbringer, #3)
2026-08-11 20:56:03.574 -04:00 [DEBUG] Excluded [Missing publication year]: Brent Weeks - Schattenblender (Lichtbringer, #4)
2026-08-11 20:56:03.593 -04:00 [DEBUG] Excluded [Missing publication year]: Brent Weeks - Night Angel: The Complete Trilogy
2026-08-11 20:56:03.601 -04:00 [DEBUG] Excluded [Audio or dramatized adaptation]: Brent Weeks - The Blinding Knife (3 of 3) [Dramatized Adaptation] (Lightbringer Saga #2)
2026-08-11 20:56:03.610 -04:00 [DEBUG] Excluded [Missing publication year]: Brent Weeks - The Blood Mirror: Book Four of the Lightbringer series
2026-08-11 20:56:03.626 -04:00 [INFO] Parsed author 1370283, page 1: 17 eligible row(s).
2026-08-11 20:56:03.628 -04:00 [INFO] Stopped pagination for author 1370283 after page 1: lowest listed ratings count 21 is below threshold 1000.
2026-08-11 20:56:03.647 -04:00 [INFO] Collected 17 canonical candidate work(s) for 'Brent Weeks'.
2026-08-11 20:56:04.264 -04:00 [DEBUG] GET author 4339, page 1 (https://www.goodreads.com/author/list/4339.David_Foster_Wallace)
2026-08-11 20:56:04.434 -04:00 [DEBUG] Excluded [Missing publication year]: David Foster Wallace - Good Old Neon
2026-08-11 20:56:04.442 -04:00 [DEBUG] Excluded [Contributor-only credit]: David Foster Wallace - The Best American Essays 2007: The Most Diverse Collection in the Series―Showcasing a Remarkable Range of Forms
2026-08-11 20:56:04.494 -04:00 [DEBUG] Excluded [Missing publication year]: David Foster Wallace - این هم مثالی دیگر: چهار جستار از حقایق زندگی روزمره
2026-08-11 20:56:04.513 -04:00 [DEBUG] Excluded [Missing publication year]: David Foster Wallace - Incarnations of Burned Children
2026-08-11 20:56:04.532 -04:00 [INFO] Parsed author 4339, page 1: 26 eligible row(s).
2026-08-11 20:56:04.541 -04:00 [INFO] Stopped pagination for author 4339 after page 1: lowest listed ratings count 313 is below threshold 1000.
2026-08-11 20:56:04.565 -04:00 [INFO] Collected 26 canonical candidate work(s) for 'David Foster Wallace'.
2026-08-11 20:56:05.276 -04:00 [DEBUG] GET author 108424, page 1 (https://www.goodreads.com/author/list/108424.Patrick_Rothfuss)
2026-08-11 20:56:05.421 -04:00 [DEBUG] Excluded [Missing publication year]: Patrick Rothfuss - Doors of Stone (The Kingkiller Chronicle, #3)
2026-08-11 20:56:05.429 -04:00 [DEBUG] Excluded [Omnibus, box set, or multi-work collection]: Patrick Rothfuss - Kingkiller Chronicle Patrick Rothfuss Collection 3 Books Set
2026-08-11 20:56:05.463 -04:00 [DEBUG] Excluded [Missing publication year]: Patrick Rothfuss - The Kingkiller Chronicles Volume I and II "Name of the Wind" and "Wise Man's Fear"
2026-08-11 20:56:05.473 -04:00 [DEBUG] Excluded [Missing publication year]: Patrick Rothfuss - The Tale of Laniel Young-Again
2026-08-11 20:56:05.486 -04:00 [DEBUG] Excluded [Missing publication year]: Patrick Rothfuss - So Long as You Can See the Moon
2026-08-11 20:56:05.497 -04:00 [DEBUG] Excluded [Missing publication year]: Patrick Rothfuss - Chronique du Tueur de Roi, T2 : La Peur du sage - Première partie
2026-08-11 20:56:05.502 -04:00 [DEBUG] Excluded [Missing publication year]: Patrick Rothfuss - Archie: Wrek-omendation
2026-08-11 20:56:05.513 -04:00 [INFO] Parsed author 108424, page 1: 23 eligible row(s).
2026-08-11 20:56:05.514 -04:00 [INFO] Stopped pagination for author 108424 after page 1: lowest listed ratings count 1 is below threshold 1000.
2026-08-11 20:56:05.528 -04:00 [INFO] Collected 23 canonical candidate work(s) for 'Patrick Rothfuss'.
2026-08-11 20:56:06.279 -04:00 [DEBUG] GET author 38550, page 1 (https://www.goodreads.com/author/list/38550.Brandon_Sanderson)
2026-08-11 20:56:06.491 -04:00 [DEBUG] Excluded [Omnibus, box set, or multi-work collection]: Brandon Sanderson - Mistborn Trilogy Boxed Set (Mistborn, #1-3)
2026-08-11 20:56:06.505 -04:00 [INFO] Parsed author 38550, page 1: 29 eligible row(s).
2026-08-11 20:56:07.292 -04:00 [DEBUG] GET author 38550, page 2 (https://www.goodreads.com/author/list/38550.Brandon_Sanderson?page=2)
2026-08-11 20:56:08.092 -04:00 [DEBUG] Excluded [Omnibus, box set, or multi-work collection]: Brandon Sanderson - Legion: The Many Lives of Stephen Leeds (Legion, #1-3)
2026-08-11 20:56:08.127 -04:00 [INFO] Parsed author 38550, page 2: 29 eligible row(s).
2026-08-11 20:56:08.309 -04:00 [DEBUG] GET author 38550, page 3 (https://www.goodreads.com/author/list/38550.Brandon_Sanderson?page=3)
2026-08-11 20:56:09.173 -04:00 [DEBUG] Excluded [Omnibus, box set, or multi-work collection]: Brandon Sanderson - Arena Blanca ómnibus (Arena Blanca #1-3)
2026-08-11 20:56:09.176 -04:00 [DEBUG] Excluded [Missing publication year]: Brandon Sanderson - Mistborn: The Wax and Wayne Series: The Alloy of Law, Shadows of Self, The Bands of Mourning (The Mistborn Saga)
2026-08-11 20:56:09.179 -04:00 [DEBUG] Excluded [Omnibus, box set, or multi-work collection]: Brandon Sanderson - The Stormlight Archive, Books 1-3: The Way of Kings, Words of Radiance, Oathbringer
2026-08-11 20:56:09.189 -04:00 [DEBUG] Excluded [Missing publication year]: Brandon Sanderson - Brandon Sanderson Sampler: The Way of Kings and Mistborn
2026-08-11 20:56:09.206 -04:00 [DEBUG] Excluded [Missing publication year]: Brandon Sanderson - White Sand
2026-08-11 20:56:09.210 -04:00 [DEBUG] Excluded [Omnibus, box set, or multi-work collection]: Brandon Sanderson - The Stormlight Archive, Books 1-4: The Way of Kings, Words of Radiance, Oathbringer, Rhythm of War
2026-08-11 20:56:09.215 -04:00 [DEBUG] Excluded [Audio or dramatized adaptation]: Brandon Sanderson - Elantris (1 of 3) [Dramatized Adaptation]
2026-08-11 20:56:09.221 -04:00 [DEBUG] Excluded [Missing publication year]: Brandon Sanderson - Mistborn: The Wax & Wayne Series: Alloy of Law, Shadows of Self, Bands of Mourning, The Lost Metal (The Mistborn Saga)
2026-08-11 20:56:09.226 -04:00 [DEBUG] Excluded [Audio or dramatized adaptation]: Brandon Sanderson - Elantris (3 of 3) [Dramatized Adaptation]
2026-08-11 20:56:09.237 -04:00 [INFO] Parsed author 38550, page 3: 21 eligible row(s).
2026-08-11 20:56:09.323 -04:00 [DEBUG] GET author 38550, page 4 (https://www.goodreads.com/author/list/38550.Brandon_Sanderson?page=4)
2026-08-11 20:56:10.370 -04:00 [DEBUG] Excluded [Audio or dramatized adaptation]: Brandon Sanderson - Elantris (2 of 3) [Dramatized Adaptation]
2026-08-11 20:56:10.395 -04:00 [DEBUG] Excluded [Missing publication year]: Brandon Sanderson - The Reckoners Series
2026-08-11 20:56:10.408 -04:00 [DEBUG] Excluded [Missing publication year]: Brandon Sanderson - Elsecaller / King Lopen the First of Alethkar (The Stormlight Archive, #2.1)
2026-08-11 20:56:10.416 -04:00 [DEBUG] Excluded [Audio or dramatized adaptation]: Brandon Sanderson - Warbreaker (1 of 3) [Dramatized Adaptation]
2026-08-11 20:56:10.444 -04:00 [DEBUG] Excluded [Audio or dramatized adaptation]: Brandon Sanderson - Warbreaker (3 of 3) [Dramatized Adaptation]
2026-08-11 20:56:10.454 -04:00 [DEBUG] Excluded [Missing publication year]: Brandon Sanderson - Stephen Leeds: Death and Faxes
2026-08-11 20:56:10.472 -04:00 [DEBUG] Excluded [Audio or dramatized adaptation]: Brandon Sanderson - Warbreaker (2 of 3) [Dramatized Adaptation]
2026-08-11 20:56:10.493 -04:00 [DEBUG] Excluded [Audio or dramatized adaptation]: Brandon Sanderson - The Final Empire (1 of 3) [Dramatized Adaptation] (Mistborn #1)
2026-08-11 20:56:10.572 -04:00 [DEBUG] Excluded [Omnibus, box set, or multi-work collection]: Brandon Sanderson - Stormlight Archive 4 Book Set: The Way of Kings, Words of Radiance, Edgedancer, Oathbringer
2026-08-11 20:56:10.671 -04:00 [DEBUG] Excluded [Missing publication year]: Brandon Sanderson - Wiatr i Prawda II (Archiwum Burzowego Światła, #5.2)
2026-08-11 20:56:10.738 -04:00 [DEBUG] Excluded [Audio or dramatized adaptation]: Brandon Sanderson - The Way of Kings (1 of 5) [Dramatized Adaptation] (The Stormlight Archive #1)
2026-08-11 20:56:10.784 -04:00 [DEBUG] Excluded [Omnibus, box set, or multi-work collection]: Brandon Sanderson - Alcatraz (Alcatraz, #1-4)
2026-08-11 20:56:10.839 -04:00 [DEBUG] Excluded [Audio or dramatized adaptation]: Brandon Sanderson - The Final Empire (3 of 3) [Dramatized Adaptation) (Mistborn #1)
2026-08-11 20:56:10.852 -04:00 [DEBUG] Excluded [Audio or dramatized adaptation]: Brandon Sanderson - The Final Empire (2 of 3) [Dramatized Adaptation] (Mistborn #1)
2026-08-11 20:56:10.891 -04:00 [DEBUG] Excluded [Missing publication year]: Brandon Sanderson - The Stormlight Archive - A Pocket Companion to The Way of Kings and Words of Radiance
2026-08-11 20:56:10.926 -04:00 [DEBUG] Excluded [Audio or dramatized adaptation]: Brandon Sanderson - The Hero of Ages (3 of 3) [Dramatized Adaptation] (Mistborn #3)
2026-08-11 20:56:10.930 -04:00 [DEBUG] Excluded [Audio or dramatized adaptation]: Brandon Sanderson - The Well of Ascension (1 of 3) [Dramatized Adaptation] (Mistborn #2)
2026-08-11 20:56:10.953 -04:00 [INFO] Parsed author 38550, page 4: 13 eligible row(s).
2026-08-11 20:56:10.955 -04:00 [INFO] Stopped pagination for author 38550 after page 4: lowest listed ratings count 513 is below threshold 1000.
2026-08-11 20:56:11.016 -04:00 [INFO] Collected 92 canonical candidate work(s) for 'Brandon Sanderson'.
2026-08-11 20:56:11.021 -04:00 [DEBUG] GET author 656983, page 1 (https://www.goodreads.com/author/list/656983.J_R_R_Tolkien)
2026-08-11 20:56:11.156 -04:00 [DEBUG] Excluded [Omnibus, box set, or multi-work collection]: J.R.R. Tolkien - The Lord of the Rings (The Lord of the Rings, #1-3)
2026-08-11 20:56:11.176 -04:00 [DEBUG] Excluded [Omnibus, box set, or multi-work collection]: J.R.R. Tolkien - J.R.R. Tolkien 4-Book Boxed Set: The Hobbit and The Lord of the Rings
2026-08-11 20:56:11.219 -04:00 [DEBUG] Excluded [Contributor-only credit]: J.R.R. Tolkien - Sir Gawain and the Green Knight, Pearl, and Sir Orfeo
2026-08-11 20:56:11.234 -04:00 [DEBUG] Excluded [Contributor-only credit]: J.R.R. Tolkien - Beowulf: A Translation and Commentary, together with Sellic Spell
2026-08-11 20:56:11.299 -04:00 [INFO] Parsed author 656983, page 1: 26 eligible row(s).
2026-08-11 20:56:12.048 -04:00 [DEBUG] GET author 656983, page 2 (https://www.goodreads.com/author/list/656983.J_R_R_Tolkien?page=2)
2026-08-11 20:56:13.043 -04:00 [DEBUG] Excluded [Missing publication year]: J.R.R. Tolkien - The Children of Hurin / The Silmarillion / Unfinished Tales
2026-08-11 20:56:13.059 -04:00 [INFO] Parsed author 656983, page 2: 29 eligible row(s).
2026-08-11 20:56:13.061 -04:00 [INFO] Stopped pagination for author 656983 after page 2: lowest listed ratings count 848 is below threshold 1000.
2026-08-11 20:56:13.094 -04:00 [INFO] Collected 55 canonical candidate work(s) for 'J.R.R. Tolkien'.
2026-08-11 20:56:13.096 -04:00 [DEBUG] GET author 6252, page 1 (https://www.goodreads.com/author/list/6252.Robert_Jordan)
2026-08-11 20:56:13.243 -04:00 [DEBUG] Excluded [Omnibus, box set, or multi-work collection]: Robert Jordan - From the Two Rivers: The Eye of the World, Part 1 (Wheel of time, #1-1)
2026-08-11 20:56:13.246 -04:00 [DEBUG] Excluded [Omnibus, box set, or multi-work collection]: Robert Jordan - The Wheel of Time: Boxed Set #1 (Wheel of Time, #1-3)
2026-08-11 20:56:13.253 -04:00 [DEBUG] Excluded [Omnibus, box set, or multi-work collection]: Robert Jordan - The Wheel of Time: Boxed Set (Wheel of Time, #1-8)
2026-08-11 20:56:13.260 -04:00 [DEBUG] Excluded [Missing publication year]: Robert Jordan - The Wheel of time series by Robert Jordan (1-11)
2026-08-11 20:56:13.276 -04:00 [DEBUG] Excluded [Omnibus, box set, or multi-work collection]: Robert Jordan - The Wheel of Time: Boxed Set #2 (Wheel of Time, #4-6)
2026-08-11 20:56:13.288 -04:00 [DEBUG] Excluded [Omnibus, box set, or multi-work collection]: Robert Jordan - The Wheel of Time: Boxed Set #3 (Wheel of Time, #7-9)
2026-08-11 20:56:13.311 -04:00 [INFO] Parsed author 6252, page 1: 24 eligible row(s).
2026-08-11 20:56:14.102 -04:00 [DEBUG] GET author 6252, page 2 (https://www.goodreads.com/author/list/6252.Robert_Jordan?page=2)
2026-08-11 20:56:14.956 -04:00 [DEBUG] Excluded [Omnibus, box set, or multi-work collection]: Robert Jordan - New Threads in the Pattern: The Great Hunt, Part 2 (Wheel of Time, #2-2)
2026-08-11 20:56:14.972 -04:00 [DEBUG] Excluded [Omnibus, box set, or multi-work collection]: Robert Jordan - The Conan Chronicles: Volume 1 (Conan, #1-3)
2026-08-11 20:56:15.007 -04:00 [DEBUG] Excluded [Omnibus, box set, or multi-work collection]: Robert Jordan - The Wheel of Time, Books 1-4: (The Eye of the World, The Great Hunt, The Dragon Reborn, The Shadow Rising, New Spring: The Novel)
2026-08-11 20:56:15.011 -04:00 [DEBUG] Excluded [Omnibus, box set, or multi-work collection]: Robert Jordan - The Wheel of Time, Boxed Set IV, Books 10-12: Crossroads of Twilight, Knife of Dreams, The Gathering Storm
2026-08-11 20:56:15.018 -04:00 [DEBUG] Excluded [Omnibus, box set, or multi-work collection]: Robert Jordan - The Wheel of Time, Books 5-9:
2026-08-11 20:56:15.045 -04:00 [DEBUG] Excluded [Missing publication year]: Robert Jordan - The Fires of Heaven: Book Five of 'the Wheel of Time'
2026-08-11 20:56:15.058 -04:00 [DEBUG] Excluded [Omnibus, box set, or multi-work collection]: Robert Jordan - Best of Robert Jordan (Wheel of Time, #4-7)
2026-08-11 20:56:15.071 -04:00 [INFO] Parsed author 6252, page 2: 23 eligible row(s).
2026-08-11 20:56:15.072 -04:00 [INFO] Stopped pagination for author 6252 after page 2: lowest listed ratings count 346 is below threshold 1000.
2026-08-11 20:56:15.095 -04:00 [INFO] Collected 47 canonical candidate work(s) for 'Robert Jordan'.
2026-08-11 20:56:15.124 -04:00 [DEBUG] GET author 4192148, page 1 (https://www.goodreads.com/author/list/4192148.James_S_A_Corey)
2026-08-11 20:56:15.343 -04:00 [DEBUG] Excluded [Omnibus, box set, or multi-work collection]: James S.A. Corey - The Expanse Boxed Set: Leviathan Wakes, Caliban's War and Abaddon's Gate
2026-08-11 20:56:15.383 -04:00 [INFO] Parsed author 4192148, page 1: 29 eligible row(s).
2026-08-11 20:56:15.385 -04:00 [INFO] Stopped pagination for author 4192148 after page 1: lowest listed ratings count 562 is below threshold 1000.
2026-08-11 20:56:15.400 -04:00 [INFO] Collected 29 canonical candidate work(s) for 'James S.A. Corey'.
2026-08-11 20:56:16.134 -04:00 [DEBUG] GET author 276660, page 1 (https://www.goodreads.com/author/list/276660.Joe_Abercrombie)
2026-08-11 20:56:16.305 -04:00 [DEBUG] Excluded [Omnibus, box set, or multi-work collection]: Joe Abercrombie - The Great Leveller (First Law World, #4-6)
2026-08-11 20:56:16.322 -04:00 [DEBUG] Excluded [Missing publication year]: Joe Abercrombie - The First Law: The Blade Itself Volume 1
2026-08-11 20:56:16.325 -04:00 [DEBUG] Excluded [Missing publication year]: Joe Abercrombie - Tough Times All Over
2026-08-11 20:56:16.336 -04:00 [DEBUG] Excluded [Omnibus, box set, or multi-work collection]: Joe Abercrombie - Joe Abercrombie The Age Of Madness 2 Books Collection Set
2026-08-11 20:56:16.340 -04:00 [DEBUG] Excluded [Omnibus, box set, or multi-work collection]: Joe Abercrombie - Joe Abercrombie The Age Of Madness 3 Books Collection Set
2026-08-11 20:56:16.344 -04:00 [DEBUG] Excluded [Missing publication year]: Joe Abercrombie - A Vingança Serve-se Fria (A Primeira Lei, #4 Parte 1 de 2)
2026-08-11 20:56:16.352 -04:00 [DEBUG] Excluded [Missing publication year]: Joe Abercrombie - A Vingança Serve-se Fria - Parte Dois (A Primeira Lei, #4 Parte 2 de 2)
2026-08-11 20:56:16.357 -04:00 [DEBUG] Excluded [Missing publication year]: Joe Abercrombie - The Blade Itself #2
2026-08-11 20:56:16.371 -04:00 [INFO] Parsed author 276660, page 1: 22 eligible row(s).
2026-08-11 20:56:16.373 -04:00 [INFO] Stopped pagination for author 276660 after page 1: lowest listed ratings count 81 is below threshold 1000.
2026-08-11 20:56:16.389 -04:00 [INFO] Collected 22 canonical candidate work(s) for 'Joe Abercrombie'.
2026-08-11 20:56:17.143 -04:00 [DEBUG] GET author 3137322, page 1 (https://www.goodreads.com/author/list/3137322.Fyodor_Dostoevsky)
2026-08-11 20:56:17.341 -04:00 [INFO] Parsed author 3137322, page 1: 30 eligible row(s).
2026-08-11 20:56:18.149 -04:00 [DEBUG] GET author 3137322, page 2 (https://www.goodreads.com/author/list/3137322.Fyodor_Dostoevsky?page=2)
2026-08-11 20:56:19.562 -04:00 [DEBUG] Excluded [Missing publication year]: Fyodor Dostoevsky - Os Irmãos Karamázov II
2026-08-11 20:56:19.573 -04:00 [DEBUG] Excluded [Missing publication year]: Fyodor Dostoevsky - الإخوة كارامازوف #4
2026-08-11 20:56:19.633 -04:00 [DEBUG] Excluded [Missing publication year]: Fyodor Dostoevsky - Notes from Underground, The Double and Other Stories
2026-08-11 20:56:19.639 -04:00 [DEBUG] Excluded [Missing publication year]: Fyodor Dostoevsky - El Jugador / Noches Blancas
2026-08-11 20:56:19.657 -04:00 [INFO] Parsed author 3137322, page 2: 26 eligible row(s).
2026-08-11 20:56:19.659 -04:00 [DEBUG] GET author 3137322, page 3 (https://www.goodreads.com/author/list/3137322.Fyodor_Dostoevsky?page=3)
2026-08-11 20:56:21.001 -04:00 [DEBUG] Excluded [Missing publication year]: Fyodor Dostoevsky - Poor Folk and Other Stories
2026-08-11 20:56:21.010 -04:00 [DEBUG] Excluded [Missing publication year]: Fyodor Dostoevsky - Le notti bianche / Povera gente
2026-08-11 20:56:21.032 -04:00 [DEBUG] Excluded [Missing publication year]: Fyodor Dostoevsky - Memorias del subsuelo
2026-08-11 20:56:21.040 -04:00 [DEBUG] Excluded [Missing publication year]: Fyodor Dostoevsky - The Gambler and A Nasty Business
2026-08-11 20:56:21.057 -04:00 [DEBUG] Excluded [Missing publication year]: Fyodor Dostoevsky - رویای آدم مضحک
2026-08-11 20:56:21.064 -04:00 [DEBUG] Excluded [Missing publication year]: Fyodor Dostoevsky - Униженные и оскорблённые
2026-08-11 20:56:21.088 -04:00 [DEBUG] Excluded [Missing publication year]: Fyodor Dostoevsky - الفقر / المثل / قلب ضعيف (أعمال دوستويفسكي الأدبية، #1)
2026-08-11 20:56:21.095 -04:00 [DEBUG] Excluded [Missing publication year]: Fyodor Dostoevsky - المقامر / الزوج الأبدي (دوستويفسكي الأعمال الأدبية الكاملة، #7)
2026-08-11 20:56:21.100 -04:00 [DEBUG] Excluded [Missing publication year]: Fyodor Dostoevsky - A Nasty Story
2026-08-11 20:56:21.109 -04:00 [DEBUG] Excluded [Missing publication year]: Fyodor Dostoevsky - قلب ضعیف و بوبوک
2026-08-11 20:56:21.124 -04:00 [DEBUG] Excluded [Missing publication year]: Fyodor Dostoevsky - El sueño de un hombre ridículo / La sumisa, Bobok / El ladrón honrado.
2026-08-11 20:56:21.127 -04:00 [DEBUG] Excluded [Missing publication year]: Fyodor Dostoevsky - الرسائل
2026-08-11 20:56:21.142 -04:00 [INFO] Parsed author 3137322, page 3: 18 eligible row(s).
2026-08-11 20:56:21.143 -04:00 [INFO] Stopped pagination for author 3137322 after page 3: lowest listed ratings count 428 is below threshold 1000.
2026-08-11 20:56:21.190 -04:00 [INFO] Collected 74 canonical candidate work(s) for 'Fyodor Dostoevsky'.
2026-08-11 20:56:21.195 -04:00 [DEBUG] GET author 2917917, page 1 (https://www.goodreads.com/author/list/2917917.N_K_Jemisin)
2026-08-11 20:56:21.335 -04:00 [DEBUG] Excluded [Omnibus, box set, or multi-work collection]: N.K. Jemisin - The Inheritance Trilogy (Inheritance, #1-3.5)
2026-08-11 20:56:21.343 -04:00 [DEBUG] Excluded [Omnibus, box set, or multi-work collection]: N.K. Jemisin - The Broken Earth Trilogy (The Broken Earth, #1-3)
2026-08-11 20:56:21.360 -04:00 [DEBUG] Excluded [Contributor-only credit]: N.K. Jemisin - The Best American Science Fiction and Fantasy 2018
2026-08-11 20:56:21.399 -04:00 [INFO] Parsed author 2917917, page 1: 27 eligible row(s).
2026-08-11 20:56:21.404 -04:00 [INFO] Stopped pagination for author 2917917 after page 1: lowest listed ratings count 167 is below threshold 1000.
2026-08-11 20:56:21.419 -04:00 [INFO] Collected 27 canonical candidate work(s) for 'N.K. Jemisin'.
2026-08-11 20:56:22.198 -04:00 [DEBUG] GET author 1630, page 1 (https://www.goodreads.com/author/list/1630.Ray_Bradbury)
2026-08-11 20:56:22.485 -04:00 [INFO] Parsed author 1630, page 1: 30 eligible row(s).
2026-08-11 20:56:23.225 -04:00 [DEBUG] GET author 1630, page 2 (https://www.goodreads.com/author/list/1630.Ray_Bradbury?page=2)
2026-08-11 20:56:24.153 -04:00 [DEBUG] Excluded [Missing publication year]: Ray Bradbury - Вино из одуванчиков / Лето, прощай / Канун всех святых
2026-08-11 20:56:24.167 -04:00 [DEBUG] Excluded [Missing publication year]: Ray Bradbury - The April Witch
2026-08-11 20:56:24.210 -04:00 [DEBUG] Excluded [Missing publication year]: Ray Bradbury - Farenheit 451 / What Is a Dictatorship?: Paired Set
2026-08-11 20:56:24.225 -04:00 [INFO] Parsed author 1630, page 2: 27 eligible row(s).
2026-08-11 20:56:24.227 -04:00 [INFO] Stopped pagination for author 1630 after page 2: lowest listed ratings count 558 is below threshold 1000.
2026-08-11 20:56:24.264 -04:00 [INFO] Collected 57 canonical candidate work(s) for 'Ray Bradbury'.
2026-08-11 20:56:24.266 -04:00 [DEBUG] GET author 346732, page 1 (https://www.goodreads.com/author/list/346732.George_R_R_Martin)
2026-08-11 20:56:24.400 -04:00 [DEBUG] Excluded [Omnibus, box set, or multi-work collection]: George R.R. Martin - A Knight of the Seven Kingdoms (The Tales of Dunk and Egg, #1-3)
2026-08-11 20:56:24.414 -04:00 [DEBUG] Excluded [Omnibus, box set, or multi-work collection]: George R.R. Martin - A Song of Ice and Fire (A Song of Ice and Fire, #1-5)
2026-08-11 20:56:24.418 -04:00 [DEBUG] Excluded [Omnibus, box set, or multi-work collection]: George R.R. Martin - A Song of Ice and Fire (A Song of Ice and Fire, #1-4)
2026-08-11 20:56:24.441 -04:00 [DEBUG] Excluded [Omnibus, box set, or multi-work collection]: George R.R. Martin - A Game of Thrones / A Clash of Kings (A Song of Ice and Fire, #1-2)
2026-08-11 20:56:24.447 -04:00 [DEBUG] Excluded [Contributor-only credit]: George R.R. Martin - Rogues
2026-08-11 20:56:24.458 -04:00 [DEBUG] Excluded [Missing publication year]: George R.R. Martin - The Winds of Winter (A Song of Ice and Fire, #6)
2026-08-11 20:56:24.474 -04:00 [DEBUG] Excluded [Contributor-only credit]: George R.R. Martin - Wild Cards (Wild Cards, #1)
2026-08-11 20:56:24.480 -04:00 [DEBUG] Excluded [Contributor-only credit]: George R.R. Martin - Dangerous Women
2026-08-11 20:56:24.495 -04:00 [INFO] Parsed author 346732, page 1: 22 eligible row(s).
2026-08-11 20:56:25.278 -04:00 [DEBUG] GET author 346732, page 2 (https://www.goodreads.com/author/list/346732.George_R_R_Martin?page=2)
2026-08-11 20:56:26.242 -04:00 [DEBUG] Excluded [Contributor-only credit]: George R.R. Martin - Down These Strange Streets
2026-08-11 20:56:26.253 -04:00 [DEBUG] Excluded [Contributor-only credit]: George R.R. Martin - Songs of Love and Death: All-Original Tales of Star-Crossed Love
2026-08-11 20:56:26.258 -04:00 [DEBUG] Excluded [Contributor-only credit]: George R.R. Martin - Warriors
2026-08-11 20:56:26.262 -04:00 [DEBUG] Excluded [Contributor-only credit]: George R.R. Martin - Jokers Wild (Wild Cards, #3)
2026-08-11 20:56:26.281 -04:00 [DEBUG] Excluded [Missing publication year]: George R.R. Martin - A Dream of Spring (A Song of Ice and Fire, #7)
2026-08-11 20:56:26.290 -04:00 [DEBUG] Excluded [Contributor-only credit]: George R.R. Martin - Aces Abroad (Wild Cards, #4)
2026-08-11 20:56:26.298 -04:00 [DEBUG] Excluded [Missing publication year]: George R.R. Martin - بازی تاج و تخت - جلد سوم از کتاب اول از سری نغمه آتش و یخ / A Game of Thrones (A Song of Ice and Fire, #1, Part #3)
2026-08-11 20:56:26.307 -04:00 [DEBUG] Excluded [Contributor-only credit]: George R.R. Martin - Songs of the Dying Earth: Stories in Honour of Jack Vance
2026-08-11 20:56:26.314 -04:00 [DEBUG] Excluded [Contributor-only credit]: George R.R. Martin - Down and Dirty (Wild Cards, #5)
2026-08-11 20:56:26.330 -04:00 [DEBUG] Excluded [Contributor-only credit]: George R.R. Martin - Ace in the Hole (Wild Cards, #6)
2026-08-11 20:56:26.334 -04:00 [DEBUG] Excluded [Missing publication year]: George R.R. Martin - Kralların Çarpışması: Kısım I
2026-08-11 20:56:26.349 -04:00 [INFO] Parsed author 346732, page 2: 19 eligible row(s).
2026-08-11 20:56:26.353 -04:00 [DEBUG] GET author 346732, page 3 (https://www.goodreads.com/author/list/346732.George_R_R_Martin?page=3)
2026-08-11 20:56:27.415 -04:00 [DEBUG] Excluded [Contributor-only credit]: George R.R. Martin - Dead Man's Hand (Wild Cards, #7)
2026-08-11 20:56:27.420 -04:00 [DEBUG] Excluded [Missing publication year]: George R.R. Martin - La danza dei draghi (Le cronache del ghiaccio e del fuoco, #12)
2026-08-11 20:56:27.427 -04:00 [DEBUG] Excluded [Missing publication year]: George R.R. Martin - Juego de tronos (Canción de hielo y fuego 1)
2026-08-11 20:56:27.438 -04:00 [DEBUG] Excluded [Missing publication year]: George R.R. Martin - Kralların Çarpışması: Kısım II (Buz ve Ateşin Şarkısı, #2)
2026-08-11 20:56:27.442 -04:00 [DEBUG] Excluded [Contributor-only credit]: George R.R. Martin - Inside Straight (Wild Cards, #18)
2026-08-11 20:56:27.446 -04:00 [DEBUG] Excluded [Missing publication year]: George R.R. Martin - Kılıçların Fırtınası: Kısım I (Buz ve Ateşin Şarkısı, #3)
2026-08-11 20:56:27.455 -04:00 [DEBUG] Excluded [Missing publication year]: George R.R. Martin - Sangue e Fogo: A História dos Reis Targaryen, Volume 1, Parte 1
2026-08-11 20:56:27.461 -04:00 [DEBUG] Excluded [Missing publication year]: George R.R. Martin - Kılıçların Fırtınası: Kısım II (Buz ve Ateşin Şarkısı, #3)
2026-08-11 20:56:27.465 -04:00 [DEBUG] Excluded [Contributor-only credit]: George R.R. Martin - Busted Flush (Wild Cards, #19)
2026-08-11 20:56:27.469 -04:00 [DEBUG] Excluded [Contributor-only credit]: George R.R. Martin - One-Eyed Jacks (Wild Cards, #8)
2026-08-11 20:56:27.478 -04:00 [DEBUG] Excluded [Contributor-only credit]: George R.R. Martin - Jokertown Shuffle (Wild Cards, #9)
2026-08-11 20:56:27.482 -04:00 [DEBUG] Excluded [Missing publication year]: George R.R. Martin - Kargaların Ziyafeti: Kısım I (Buz ve Ateşin Şarkısı, #4)
2026-08-11 20:56:27.487 -04:00 [DEBUG] Excluded [Missing publication year]: George R.R. Martin - Ejderhaların Dansı: Kısım I (Buz ve Ateşin Şarkısı, #5)
2026-08-11 20:56:27.491 -04:00 [DEBUG] Excluded [Contributor-only credit]: George R.R. Martin - Fort Freak (Wild Cards, #21)
2026-08-11 20:56:27.494 -04:00 [DEBUG] Excluded [Missing publication year]: George R.R. Martin - Kargaların Ziyafeti: Kısım II (Das Lied von Eis und Feuer, #8)
2026-08-11 20:56:27.508 -04:00 [DEBUG] Excluded [Contributor-only credit]: George R.R. Martin - Old Mars
2026-08-11 20:56:27.512 -04:00 [DEBUG] Excluded [Missing publication year]: George R.R. Martin - Ejderhaların Dansı: Kısım II (Buz ve Ateşin Şarkısı, #5)
2026-08-11 20:56:27.518 -04:00 [DEBUG] Excluded [Contributor-only credit]: George R.R. Martin - Dealer's Choice (Wild Cards, #11)
2026-08-11 20:56:27.536 -04:00 [INFO] Parsed author 346732, page 3: 12 eligible row(s).
2026-08-11 20:56:27.538 -04:00 [INFO] Stopped pagination for author 346732 after page 3: lowest listed ratings count 707 is below threshold 1000.
2026-08-11 20:56:27.557 -04:00 [DEBUG] Excluded [Duplicate title]: George R.R. Martin - Sandkings
2026-08-11 20:56:27.558 -04:00 [DEBUG] Duplicate title 'Sandkings' for 'George R.R. Martin': kept book 769902 with 6524 ratings; discarded 1 lower-priority copy/copies.
2026-08-11 20:56:27.570 -04:00 [INFO] Collected 52 canonical candidate work(s) for 'George R.R. Martin'.
2026-08-11 20:56:27.573 -04:00 [DEBUG] GET author 15388346, page 1 (https://www.goodreads.com/author/list/15388346.Nicholas_Eames)
2026-08-11 20:56:27.688 -04:00 [DEBUG] Excluded [Contributor-only credit]: Nicholas Eames - Mushroom Blues (The Hofmann Report, #1)
2026-08-11 20:56:27.692 -04:00 [DEBUG] Excluded [Contributor-only credit]: Nicholas Eames - Art of War
2026-08-11 20:56:27.695 -04:00 [DEBUG] Excluded [Contributor-only credit]: Nicholas Eames - Barbaric Vol. 3: Hell to Pay
2026-08-11 20:56:27.699 -04:00 [DEBUG] Excluded [Omnibus, box set, or multi-work collection]: Nicholas Eames - The Band Nicholas Eames Collection 2 Books Set
2026-08-11 20:56:27.702 -04:00 [DEBUG] Excluded [Missing publication year]: Nicholas Eames - Outlaw Empire
2026-08-11 20:56:27.726 -04:00 [DEBUG] Excluded [Contributor-only credit]: Nicholas Eames - Grimdark Magazine, Issue 13, October 2017
2026-08-11 20:56:27.730 -04:00 [DEBUG] Excluded [Contributor-only credit]: Nicholas Eames - Grimdark Magazine, Issue 25, January 2021
2026-08-11 20:56:27.734 -04:00 [DEBUG] Excluded [Missing publication year]: Nicholas Eames - Wyld, T1 : La Mort ou la gloire
2026-08-11 20:56:27.738 -04:00 [DEBUG] Excluded [Contributor-only credit]: Nicholas Eames - Nicholas Eames: Audible Sessions: FREE Exclusive Interview
2026-08-11 20:56:27.744 -04:00 [INFO] Parsed author 15388346, page 1: 3 eligible row(s).
2026-08-11 20:56:27.748 -04:00 [INFO] Collected 3 canonical candidate work(s) for 'Nicholas Eames'.
2026-08-11 20:56:28.577 -04:00 [DEBUG] GET author 706255, page 1 (https://www.goodreads.com/author/list/706255.Stieg_Larsson)
2026-08-11 20:56:28.701 -04:00 [DEBUG] Excluded [Omnibus, box set, or multi-work collection]: Stieg Larsson - The Millennium Trilogy (Millennium Trilogy, #1-3)
2026-08-11 20:56:28.706 -04:00 [DEBUG] Excluded [Omnibus, box set, or multi-work collection]: Stieg Larsson - La ragazza che giocava con il fuoco 1 (Millennium, #2-1)
2026-08-11 20:56:28.710 -04:00 [DEBUG] Excluded [Omnibus, box set, or multi-work collection]: Stieg Larsson - Stieg Larsson Millennium Trilogy Collection 4 Books Set
2026-08-11 20:56:28.728 -04:00 [DEBUG] Excluded [Missing publication year]: Stieg Larsson - 밀레니엄 1 하: 여자를 증오한 남자들
2026-08-11 20:56:28.733 -04:00 [DEBUG] Excluded [Missing publication year]: Stieg Larsson - Bărbați care urăsc femeile, partea 2 (Millennium #1, partea a II-a)
2026-08-11 20:56:28.738 -04:00 [DEBUG] Excluded [Missing publication year]: Stieg Larsson - Bărbați care urăsc femeile, partea 1 (Millennium #1 partea I)
2026-08-11 20:56:28.742 -04:00 [DEBUG] Excluded [Missing publication year]: Stieg Larsson - La Reina en el Palacio de las Corrientes de Aire = The Girl Who Kicked the Hornet's Nest[SPA-REINA EN EL PALACIO DE LAS][Spanish Edition][Paperback]
2026-08-11 20:56:28.749 -04:00 [DEBUG] Excluded [Omnibus, box set, or multi-work collection]: Stieg Larsson - Millennium series 6 Books Complete Collection Box Set by Stieg Larsson & David Lagercrantz (Books 1 - 6)
2026-08-11 20:56:28.753 -04:00 [DEBUG] Excluded [Missing publication year]: Stieg Larsson - Le ultime lettere
2026-08-11 20:56:28.757 -04:00 [DEBUG] Excluded [Missing publication year]: Stieg Larsson - The Girl Who Played with Fire (Millennium #2)
2026-08-11 20:56:28.760 -04:00 [DEBUG] Excluded [Missing publication year]: Stieg Larsson - Uomini che odiano le donne-La ragazza che giocava con il fuoco-La regina dei castelli di carta
2026-08-11 20:56:28.765 -04:00 [DEBUG] Excluded [Missing publication year]: Stieg Larsson - LA CHICA QUE SOÃ‘ABA CON UNA CERILLA Y UN BIDON DE GASOLINA
2026-08-11 20:56:28.771 -04:00 [DEBUG] Excluded [Missing publication year]: Stieg Larsson - La chica que soñaba con una cerilla y un bidón de gasolina
2026-08-11 20:56:28.778 -04:00 [DEBUG] Excluded [Omnibus, box set, or multi-work collection]: Stieg Larsson - Stieg Larsson's Millennium 4 Book Set. Lisabeth Salander The Girl with the Dragon Tattoo, The Girl Who Played with Fire, The GIrl in the Hornet's Nest, The Girl in the Spider's Web
2026-08-11 20:56:28.784 -04:00 [DEBUG] Excluded [Missing publication year]: Stieg Larsson - The Biography of Stieg Larsson: The Untold Story
2026-08-11 20:56:28.791 -04:00 [DEBUG] Excluded [Missing publication year]: Stieg Larsson - The Girl With the Dragon Tattoo Series ~ 6 Books by Stieg Larsson/D. Lagercrantz [Hardcover] Stieg Larsson
2026-08-11 20:56:28.795 -04:00 [DEBUG] Excluded [Missing publication year]: Stieg Larsson - Stieg Larssons Menn som hater kvinner bok 2 tegneserieroman for voksne
2026-08-11 20:56:28.803 -04:00 [DEBUG] Excluded [Missing publication year]: Stieg Larsson - Millennium Series
2026-08-11 20:56:28.807 -04:00 [DEBUG] Excluded [Missing publication year]: Stieg Larsson - The Girl with the Dragon Tattoo/the Girl Who Played with Fire: 2 Volumes (Volumes I & II)
2026-08-11 20:56:28.810 -04:00 [DEBUG] Excluded [Omnibus, box set, or multi-work collection]: Stieg Larsson - Collection Set: 1) The Girl with the Dragon Tattoo 2) The Girl Who Played with Fire 3) The Girl Who Kicked the Hornet's Nest 4) The Girl in the Spider's Web
2026-08-11 20:56:28.819 -04:00 [INFO] Parsed author 706255, page 1: 10 eligible row(s).
2026-08-11 20:56:28.821 -04:00 [INFO] Stopped pagination for author 706255 after page 1: lowest listed ratings count 4 is below threshold 1000.
2026-08-11 20:56:28.832 -04:00 [INFO] Collected 10 canonical candidate work(s) for 'Stieg Larsson'.
2026-08-11 20:56:29.586 -04:00 [DEBUG] GET author 1221698, page 1 (https://www.goodreads.com/author/list/1221698.Neil_Gaiman)
2026-08-11 20:56:29.790 -04:00 [INFO] Parsed author 1221698, page 1: 30 eligible row(s).
2026-08-11 20:56:30.597 -04:00 [DEBUG] GET author 1221698, page 2 (https://www.goodreads.com/author/list/1221698.Neil_Gaiman?page=2)
2026-08-11 20:56:31.635 -04:00 [DEBUG] Excluded [Omnibus, box set, or multi-work collection]: Neil Gaiman - Death (Death of the Endless, #1-2)
2026-08-11 20:56:31.638 -04:00 [DEBUG] Excluded [Contributor-only credit]: Neil Gaiman - Unnatural Creatures
2026-08-11 20:56:31.647 -04:00 [DEBUG] Excluded [Contributor-only credit]: Neil Gaiman - The Sandman: Book of Dreams
2026-08-11 20:56:31.675 -04:00 [INFO] Parsed author 1221698, page 2: 27 eligible row(s).
2026-08-11 20:56:31.677 -04:00 [DEBUG] GET author 1221698, page 3 (https://www.goodreads.com/author/list/1221698.Neil_Gaiman?page=3)
2026-08-11 20:56:32.698 -04:00 [DEBUG] Excluded [Contributor-only credit]: Neil Gaiman - Stories: All-New Tales
2026-08-11 20:56:32.735 -04:00 [DEBUG] Excluded [Omnibus, box set, or multi-work collection]: Neil Gaiman - The Sandman Omnibus Vol. 1
2026-08-11 20:56:32.747 -04:00 [DEBUG] Excluded [Omnibus, box set, or multi-work collection]: Neil Gaiman - The Last Temptation (The Last Temptation, #1-3)
2026-08-11 20:56:32.772 -04:00 [INFO] Parsed author 1221698, page 3: 27 eligible row(s).
2026-08-11 20:56:32.774 -04:00 [DEBUG] GET author 1221698, page 4 (https://www.goodreads.com/author/list/1221698.Neil_Gaiman?page=4)
2026-08-11 20:56:33.932 -04:00 [DEBUG] Excluded [Omnibus, box set, or multi-work collection]: Neil Gaiman - The Sandman Omnibus Vol. 2
2026-08-11 20:56:33.936 -04:00 [DEBUG] Excluded [Omnibus, box set, or multi-work collection]: Neil Gaiman - The Graveyard Book (The Graveyard Book, #1-2)
2026-08-11 20:56:33.971 -04:00 [DEBUG] Excluded [Missing publication year]: Neil Gaiman - The Sandman #3: ... Dream a Little Dream of Me
2026-08-11 20:56:33.974 -04:00 [DEBUG] Excluded [Contributor-only credit]: Neil Gaiman - Sandman Midnight Theatre
2026-08-11 20:56:34.022 -04:00 [INFO] Parsed author 1221698, page 4: 26 eligible row(s).
2026-08-11 20:56:34.025 -04:00 [DEBUG] GET author 1221698, page 5 (https://www.goodreads.com/author/list/1221698.Neil_Gaiman?page=5)
2026-08-11 20:56:35.253 -04:00 [DEBUG] Excluded [Omnibus, box set, or multi-work collection]: Neil Gaiman - Neil Gaiman/Chris Riddell 3-Book Box Set: Coraline; The Graveyard Book; Fortunately, the Milk
2026-08-11 20:56:35.266 -04:00 [DEBUG] Excluded [Missing publication year]: Neil Gaiman - The Sandman #7: Sound and Fury
2026-08-11 20:56:35.287 -04:00 [DEBUG] Excluded [Missing publication year]: Neil Gaiman - American Gods: Shadows #1
2026-08-11 20:56:35.309 -04:00 [DEBUG] Excluded [Contributor-only credit]: Neil Gaiman - The Best American Comics 2010
2026-08-11 20:56:35.324 -04:00 [DEBUG] Excluded [Missing publication year]: Neil Gaiman - The Sandman #13: Men of Good Fortune (The Doll's House Part 4)
2026-08-11 20:56:35.337 -04:00 [INFO] Parsed author 1221698, page 5: 25 eligible row(s).
2026-08-11 20:56:35.338 -04:00 [INFO] Stopped pagination for author 1221698 after page 5: lowest listed ratings count 688 is below threshold 1000.
2026-08-11 20:56:35.370 -04:00 [DEBUG] Excluded [Duplicate title]: Neil Gaiman - A Study in Emerald
2026-08-11 20:56:35.372 -04:00 [DEBUG] Duplicate title 'A Study in Emerald' for 'Neil Gaiman': kept book 6599565 with 9349 ratings; discarded 1 lower-priority copy/copies.
2026-08-11 20:56:35.385 -04:00 [DEBUG] Excluded [Duplicate title]: Neil Gaiman - How to Talk to Girls at Parties
2026-08-11 20:56:35.386 -04:00 [DEBUG] Duplicate title 'How to Talk to Girls at Parties' for 'Neil Gaiman': kept book 28186151 with 8270 ratings; discarded 1 lower-priority copy/copies.
2026-08-11 20:56:35.398 -04:00 [DEBUG] Excluded [Duplicate title]: Neil Gaiman - Snow, Glass, Apples
2026-08-11 20:56:35.400 -04:00 [DEBUG] Duplicate title 'Snow, Glass, Apples' for 'Neil Gaiman': kept book 45303582 with 15368 ratings; discarded 1 lower-priority copy/copies.
2026-08-11 20:56:35.423 -04:00 [DEBUG] Excluded [Duplicate title]: Neil Gaiman - Troll Bridge
2026-08-11 20:56:35.424 -04:00 [DEBUG] Duplicate title 'Troll Bridge' for 'Neil Gaiman': kept book 28251028 with 1177 ratings; discarded 1 lower-priority copy/copies.
2026-08-11 20:56:35.428 -04:00 [INFO] Collected 131 canonical candidate work(s) for 'Neil Gaiman'.
2026-08-11 20:56:35.430 -04:00 [DEBUG] GET author 545, page 1 (https://www.goodreads.com/author/list/545.Neal_Stephenson)
2026-08-11 20:56:35.606 -04:00 [DEBUG] Excluded [Missing publication year]: Neal Stephenson - The System of the World (The Baroque Cycle 8-book, #8)
2026-08-11 20:56:35.624 -04:00 [INFO] Parsed author 545, page 1: 29 eligible row(s).
2026-08-11 20:56:36.446 -04:00 [DEBUG] GET author 545, page 2 (https://www.goodreads.com/author/list/545.Neal_Stephenson?page=2)
2026-08-11 20:56:37.444 -04:00 [DEBUG] Excluded [Missing publication year]: Neal Stephenson - The Baroque Cycle: The Complete New York Times Bestselling Trilogy of Historical Intrigue and Adventure
2026-08-11 20:56:37.470 -04:00 [DEBUG] Excluded [Missing publication year]: Neal Stephenson - Anathem, vol. 2: Il nuovo cielo
2026-08-11 20:56:37.482 -04:00 [DEBUG] Excluded [Missing publication year]: Neal Stephenson - Падение, или Додж в Аду. Книга первая (Падение, #1)
2026-08-11 20:56:37.492 -04:00 [DEBUG] Excluded [Missing publication year]: Neal Stephenson - Падение, или Додж в Аду. Книга вторая (Падение, #2)
2026-08-11 20:56:37.515 -04:00 [DEBUG] Excluded [Missing publication year]: Neal Stephenson - D: Heavy Water (Bomb Light #2)
2026-08-11 20:56:37.523 -04:00 [DEBUG] Excluded [Missing publication year]: Neal Stephenson - Gioco mortale. Guerra assoluta
2026-08-11 20:56:37.529 -04:00 [DEBUG] Excluded [Missing publication year]: Neal Stephenson - Cimarronin: Fall of the Cross #2 (The Foreworld Saga: Cimarronin)
2026-08-11 20:56:37.533 -04:00 [DEBUG] Excluded [Missing publication year]: Neal Stephenson - Cimarronin: Fall of the Cross #3 (The Foreworld Saga: Cimarronin)
2026-08-11 20:56:37.538 -04:00 [DEBUG] Excluded [Missing publication year]: Neal Stephenson - Смешенье: Книга 2 (Барочный цикл)
2026-08-11 20:56:37.542 -04:00 [DEBUG] Excluded [Missing publication year]: Neal Stephenson - クリプトノミコン〈4〉データヘブン
2026-08-11 20:56:37.550 -04:00 [DEBUG] Excluded [Missing publication year]: Neal Stephenson - La confusión, Libro 3
2026-08-11 20:56:37.555 -04:00 [DEBUG] Excluded [Missing publication year]: Neal Stephenson - Gyémántkor II.
2026-08-11 20:56:37.565 -04:00 [INFO] Parsed author 545, page 2: 18 eligible row(s).
2026-08-11 20:56:37.568 -04:00 [INFO] Stopped pagination for author 545 after page 2: lowest listed ratings count 1 is below threshold 1000.
2026-08-11 20:56:37.584 -04:00 [DEBUG] Excluded [Duplicate title]: Neal Stephenson - Quicksilver
2026-08-11 20:56:37.586 -04:00 [DEBUG] Duplicate title 'Quicksilver' for 'Neal Stephenson': kept book 823 with 43938 ratings; discarded 1 lower-priority copy/copies.
2026-08-11 20:56:37.593 -04:00 [INFO] Collected 46 canonical candidate work(s) for 'Neal Stephenson'.
2026-08-11 20:56:37.596 -04:00 [DEBUG] GET author 73149, page 1 (https://www.goodreads.com/author/list/73149.Scott_Lynch)
2026-08-11 20:56:37.709 -04:00 [DEBUG] Excluded [Missing publication year]: Scott Lynch - The Thorn of Emberlain (Gentleman Bastard, #4)
2026-08-11 20:56:37.713 -04:00 [DEBUG] Excluded [Omnibus, box set, or multi-work collection]: Scott Lynch - The Gentleman Bastard #1-3 (Gentleman Bastard #1-3)
2026-08-11 20:56:37.717 -04:00 [DEBUG] Excluded [Omnibus, box set, or multi-work collection]: Scott Lynch - The Lies of Locke Lamora / Red Seas Under Red Skies (Gentleman Bastard #1-2)
2026-08-11 20:56:37.735 -04:00 [DEBUG] Excluded [Missing publication year]: Scott Lynch - Locke Lamora and the Bottled Serpent (Gentlemen Bastards #0.5)
2026-08-11 20:56:37.739 -04:00 [DEBUG] Excluded [Missing publication year]: Scott Lynch - The Ministry of Necessity (Gentleman Bastard, #5)
2026-08-11 20:56:37.744 -04:00 [DEBUG] Excluded [Missing publication year]: Scott Lynch - Kaiju Agonistes
2026-08-11 20:56:37.753 -04:00 [DEBUG] Excluded [Missing publication year]: Scott Lynch - The Mage and the Master Spy (Gentleman Bastard, #6)
2026-08-11 20:56:37.757 -04:00 [DEBUG] Excluded [Missing publication year]: Scott Lynch - Inherit the Night (Gentleman Bastard, #7)
2026-08-11 20:56:37.761 -04:00 [DEBUG] Excluded [Missing publication year]: Scott Lynch - The Smoke of Gold is Glory
2026-08-11 20:56:37.766 -04:00 [DEBUG] Excluded [Missing publication year]: Scott Lynch - Uncanny Magazine Issue 62: January/February 2025
2026-08-11 20:56:37.772 -04:00 [DEBUG] Excluded [Missing publication year]: Scott Lynch - Kaiju Agonistes: Author's Enhanced Edition
2026-08-11 20:56:37.777 -04:00 [DEBUG] Excluded [Missing publication year]: Scott Lynch - Les Salauds Gentilshommes, T3 : La République des voleurs
2026-08-11 20:56:37.781 -04:00 [DEBUG] Excluded [Missing publication year]: Scott Lynch - The Choir of Knives
2026-08-11 20:56:37.786 -04:00 [DEBUG] Excluded [Missing publication year]: Scott Lynch - More Than Fools Fill Graves
2026-08-11 20:56:37.790 -04:00 [DEBUG] Excluded [Missing publication year]: Scott Lynch - 록 라모라의 우아한 계략(하) (Gentleman Bastard, #1 Part 2)
2026-08-11 20:56:37.794 -04:00 [DEBUG] Excluded [Missing publication year]: Scott Lynch - 록 라모라의 우아한 계략(상) (Gentleman Bastard, #1 Part 1)
2026-08-11 20:56:37.803 -04:00 [DEBUG] Excluded [Missing publication year]: Scott Lynch - The Mad Baron's Mechanical Attic
2026-08-11 20:56:37.806 -04:00 [DEBUG] Excluded [Missing publication year]: Scott Lynch - 록 라모라의 위험한 도박(하) (Gentleman Bastard, #2 Part 2)
2026-08-11 20:56:37.811 -04:00 [DEBUG] Excluded [Missing publication year]: Scott Lynch - 록 라모라의 위험한 도박(상) (Gentleman Bastard, #2 Part 1)
2026-08-11 20:56:37.815 -04:00 [DEBUG] Excluded [Missing publication year]: Scott Lynch - Cave of Mystery: The Bear that Wasn't
2026-08-11 20:56:37.820 -04:00 [DEBUG] Excluded [Missing publication year]: Scott Lynch - Республика воров (Gentleman Bastard, #3)
2026-08-11 20:56:37.824 -04:00 [DEBUG] Excluded [Missing publication year]: Scott Lynch - MENTIRAS DE LOCKE LAMORA / ALIANZA
2026-08-11 20:56:37.837 -04:00 [INFO] Parsed author 73149, page 1: 8 eligible row(s).
2026-08-11 20:56:37.839 -04:00 [INFO] Stopped pagination for author 73149 after page 1: lowest listed ratings count 0 is below threshold 1000.
2026-08-11 20:56:37.843 -04:00 [INFO] Collected 8 canonical candidate work(s) for 'Scott Lynch'.
2026-08-11 20:56:38.601 -04:00 [DEBUG] GET author 3447, page 1 (https://www.goodreads.com/author/list/3447.Ken_Follett)
2026-08-11 20:56:38.780 -04:00 [INFO] Parsed author 3447, page 1: 30 eligible row(s).
2026-08-11 20:56:39.602 -04:00 [DEBUG] GET author 3447, page 2 (https://www.goodreads.com/author/list/3447.Ken_Follett?page=2)
2026-08-11 20:56:40.570 -04:00 [DEBUG] Excluded [Missing publication year]: Ken Follett - The Key to Rebecca; The Hammer of Eden
2026-08-11 20:56:40.576 -04:00 [DEBUG] Excluded [Omnibus, box set, or multi-work collection]: Ken Follett - The Pillars of the Earth / World Without End / A Column of Fire (Kingsbridge #1-3)
2026-08-11 20:56:40.583 -04:00 [DEBUG] Excluded [Missing publication year]: Ken Follett - Los pilares de la tierra III (Parte 3 de 3)
2026-08-11 20:56:40.593 -04:00 [DEBUG] Excluded [Missing publication year]: Ken Follett - Bad Faith
2026-08-11 20:56:40.604 -04:00 [DEBUG] Excluded [Missing publication year]: Ken Follett - Eye of the Needle / Lie Down with Lions
2026-08-11 20:56:40.612 -04:00 [DEBUG] Excluded [Missing publication year]: Ken Follett - Night Over Water / Dangerous Fortune
2026-08-11 20:56:40.620 -04:00 [DEBUG] Excluded [Missing publication year]: Ken Follett - Stupovi zemlje: Knjiga prva
2026-08-11 20:56:40.632 -04:00 [DEBUG] Excluded [Missing publication year]: Ken Follett - A titánok bukása (Évszázad-trilógia #1)
2026-08-11 20:56:40.637 -04:00 [DEBUG] Excluded [Missing publication year]: Ken Follett - Trilogía Los pilares de la Tierra
2026-08-11 20:56:40.643 -04:00 [DEBUG] Excluded [Missing publication year]: Ken Follett - Die Pfeiler Der Macht / Die Nadel
2026-08-11 20:56:40.653 -04:00 [DEBUG] Excluded [Missing publication year]: Ken Follett - Крахът на титаните. Книга І. Част І. (Трилогия "XX-век", #1)
2026-08-11 20:56:40.659 -04:00 [DEBUG] Excluded [Omnibus, box set, or multi-work collection]: Ken Follett - Kingsbridge Novels Collection 4 Books Set By Ken Follett
2026-08-11 20:56:40.665 -04:00 [DEBUG] Excluded [Missing publication year]: Ken Follett - Pad divova - drugi svezak
2026-08-11 20:56:40.684 -04:00 [INFO] Parsed author 3447, page 2: 17 eligible row(s).
2026-08-11 20:56:40.686 -04:00 [INFO] Stopped pagination for author 3447 after page 2: lowest listed ratings count 85 is below threshold 1000.
2026-08-11 20:56:40.708 -04:00 [INFO] Collected 47 canonical candidate work(s) for 'Ken Follett'.
2026-08-11 20:56:40.710 -04:00 [DEBUG] GET author 29535, page 1 (https://www.goodreads.com/author/list/29535.Octavia_E_Butler)
2026-08-11 20:56:40.835 -04:00 [DEBUG] Excluded [Omnibus, box set, or multi-work collection]: Octavia E. Butler - Lilith's Brood (Xenogenesis, #1-3)
2026-08-11 20:56:40.847 -04:00 [DEBUG] Excluded [Omnibus, box set, or multi-work collection]: Octavia E. Butler - Seed to Harvest (Patternist, #1-4)
2026-08-11 20:56:40.860 -04:00 [DEBUG] Excluded [Missing publication year]: Octavia E. Butler - Speech Sounds
2026-08-11 20:56:40.868 -04:00 [DEBUG] Excluded [Missing publication year]: Octavia E. Butler - Parable of the Sower / Parable of the Talents / Kindred
2026-08-11 20:56:40.875 -04:00 [DEBUG] Excluded [Missing publication year]: Octavia E. Butler - Parable of the Talents: A Graphic Novel Adaptation
2026-08-11 20:56:40.885 -04:00 [DEBUG] Excluded [Missing publication year]: Octavia E. Butler - Octavia E. Butler: The Last Interview: and Other Conversations (The Last Interview Series)
2026-08-11 20:56:40.889 -04:00 [DEBUG] Excluded [Omnibus, box set, or multi-work collection]: Octavia E. Butler - Octavia E. Butler 3 Books Collection Set
2026-08-11 20:56:40.892 -04:00 [DEBUG] Excluded [Omnibus, box set, or multi-work collection]: Octavia E. Butler - Lilith's Brood & Parable Series Collection 5 Books Set By Octavia Butler
2026-08-11 20:56:40.899 -04:00 [DEBUG] Excluded [Missing publication year]: Octavia E. Butler - Book of the Living
2026-08-11 20:56:40.904 -04:00 [DEBUG] Excluded [Missing publication year]: Octavia E. Butler - Octavia Butler Collection of Five Novels. Fledgling, Kindred, Parable of the Sower, The Dawn Series
2026-08-11 20:56:40.914 -04:00 [INFO] Parsed author 29535, page 1: 20 eligible row(s).
2026-08-11 20:56:40.917 -04:00 [INFO] Stopped pagination for author 29535 after page 1: lowest listed ratings count 3 is below threshold 1000.
2026-08-11 20:56:40.931 -04:00 [INFO] Collected 20 canonical candidate work(s) for 'Octavia E. Butler'.
2026-08-11 20:56:41.719 -04:00 [DEBUG] GET author 25307, page 1 (https://www.goodreads.com/author/list/25307.Robin_Hobb)
2026-08-11 20:56:41.932 -04:00 [DEBUG] Excluded [Omnibus, box set, or multi-work collection]: Robin Hobb - The Farseer Trilogy (Farseer Trilogy, #1-3)
2026-08-11 20:56:41.943 -04:00 [DEBUG] Excluded [Omnibus, box set, or multi-work collection]: Robin Hobb - Assassin's Apprentice / Royal Assassin (Farseer Trilogy, #1-2)
2026-08-11 20:56:41.969 -04:00 [DEBUG] Excluded [Omnibus, box set, or multi-work collection]: Robin Hobb - The Soldier Son Trilogy Bundle (The Soldier Son, #1-3)
2026-08-11 20:56:41.983 -04:00 [INFO] Parsed author 25307, page 1: 27 eligible row(s).
2026-08-11 20:56:42.721 -04:00 [DEBUG] GET author 25307, page 2 (https://www.goodreads.com/author/list/25307.Robin_Hobb?page=2)
2026-08-11 20:56:43.453 -04:00 [DEBUG] Excluded [Missing publication year]: Robin Hobb - La Nef du crépuscule (L'Assassin royal #3)
2026-08-11 20:56:43.502 -04:00 [DEBUG] Excluded [Omnibus, box set, or multi-work collection]: Robin Hobb - Royal Assassin / Assassin's Quest (The Farseer #2-3)
2026-08-11 20:56:43.519 -04:00 [DEBUG] Excluded [Missing publication year]: Robin Hobb - A Corte dos Traidores (A Saga do Assassino #3)
2026-08-11 20:56:43.524 -04:00 [DEBUG] Excluded [Missing publication year]: Robin Hobb - En quête de vengeance (L'assassin royal, #16; Le Fou et l'Assassin, #3)
2026-08-11 20:56:43.534 -04:00 [DEBUG] Excluded [Missing publication year]: Robin Hobb - Le Retour de l'Assassin (L'assassin royal, #17; Le fou et l'assassin ,#4)
2026-08-11 20:56:43.556 -04:00 [INFO] Parsed author 25307, page 2: 25 eligible row(s).
2026-08-11 20:56:43.557 -04:00 [INFO] Stopped pagination for author 25307 after page 2: lowest listed ratings count 610 is below threshold 1000.
2026-08-11 20:56:43.584 -04:00 [INFO] Collected 52 canonical candidate work(s) for 'Robin Hobb'.
2026-08-11 20:56:43.728 -04:00 [DEBUG] GET author 4785, page 1 (https://www.goodreads.com/author/list/4785.Alexandre_Dumas)
2026-08-11 20:56:44.027 -04:00 [DEBUG] Excluded [Missing publication year]: Alexandre Dumas - The Corsican Brothers
2026-08-11 20:56:44.047 -04:00 [INFO] Parsed author 4785, page 1: 29 eligible row(s).
2026-08-11 20:56:44.746 -04:00 [DEBUG] GET author 4785, page 2 (https://www.goodreads.com/author/list/4785.Alexandre_Dumas?page=2)
2026-08-11 20:56:46.105 -04:00 [DEBUG] Excluded [Missing publication year]: Alexandre Dumas - El conde de Montecristo / Los tres mosqueteros
2026-08-11 20:56:46.112 -04:00 [DEBUG] Excluded [Missing publication year]: Alexandre Dumas - غرش طوفان
2026-08-11 20:56:46.143 -04:00 [DEBUG] Excluded [Missing publication year]: Alexandre Dumas - Vingt ans après, 1 (#1/2)
2026-08-11 20:56:46.151 -04:00 [DEBUG] Excluded [Missing publication year]: Alexandre Dumas - The Three Musketeers
2026-08-11 20:56:46.160 -04:00 [DEBUG] Excluded [Missing publication year]: Alexandre Dumas - Le Comte de Monte-Cristo - Tome I (#1/6)
2026-08-11 20:56:46.179 -04:00 [INFO] Parsed author 4785, page 2: 25 eligible row(s).
2026-08-11 20:56:46.181 -04:00 [INFO] Stopped pagination for author 4785 after page 2: lowest listed ratings count 322 is below threshold 1000.
2026-08-11 20:56:46.198 -04:00 [DEBUG] Excluded [Duplicate title]: Alexandre Dumas - Joseph Balsamo
2026-08-11 20:56:46.200 -04:00 [DEBUG] Duplicate title 'Joseph Balsamo' for 'Alexandre Dumas': kept book 68150 with 956 ratings; discarded 1 lower-priority copy/copies.
2026-08-11 20:56:46.206 -04:00 [DEBUG] Excluded [Duplicate title]: Alexandre Dumas - Louise de La Vallière
2026-08-11 20:56:46.208 -04:00 [DEBUG] Duplicate title 'Louise de La Vallière' for 'Alexandre Dumas': kept book 937643 with 4738 ratings; discarded 1 lower-priority copy/copies.
2026-08-11 20:56:46.213 -04:00 [DEBUG] Excluded [Duplicate title]: Alexandre Dumas - The Man in the Iron Mask
2026-08-11 20:56:46.215 -04:00 [DEBUG] Duplicate title 'The Man in the Iron Mask' for 'Alexandre Dumas': kept book 54499 with 66759 ratings; discarded 1 lower-priority copy/copies.
2026-08-11 20:56:46.220 -04:00 [DEBUG] Excluded [Duplicate title]: Alexandre Dumas - The Vicomte De Bragelonne
2026-08-11 20:56:46.222 -04:00 [DEBUG] Duplicate title 'The Vicomte de Bragelonne' for 'Alexandre Dumas': kept book 369042 with 8874 ratings; discarded 1 lower-priority copy/copies.
2026-08-11 20:56:46.228 -04:00 [INFO] Collected 50 canonical candidate work(s) for 'Alexandre Dumas'.
2026-08-11 20:56:46.231 -04:00 [DEBUG] GET author 4764, page 1 (https://www.goodreads.com/author/list/4764.Philip_K_Dick)
2026-08-11 20:56:46.409 -04:00 [INFO] Parsed author 4764, page 1: 30 eligible row(s).
2026-08-11 20:56:47.244 -04:00 [DEBUG] GET author 4764, page 2 (https://www.goodreads.com/author/list/4764.Philip_K_Dick?page=2)
2026-08-11 20:56:48.215 -04:00 [INFO] Parsed author 4764, page 2: 30 eligible row(s).
2026-08-11 20:56:48.240 -04:00 [DEBUG] GET author 4764, page 3 (https://www.goodreads.com/author/list/4764.Philip_K_Dick?page=3)
2026-08-11 20:56:49.298 -04:00 [DEBUG] Excluded [Omnibus, box set, or multi-work collection]: Philip K. Dick - Do Androids Dream of Electric Sheep? Omnibus
2026-08-11 20:56:49.305 -04:00 [DEBUG] Excluded [Omnibus, box set, or multi-work collection]: Philip K. Dick - The Philip K. Dick Collection: A Library of America Boxed Set
2026-08-11 20:56:49.323 -04:00 [DEBUG] Excluded [Missing publication year]: Philip K. Dick - Rapporto di minoranza e altri racconti
2026-08-11 20:56:49.336 -04:00 [DEBUG] Excluded [Missing publication year]: Philip K. Dick - Do Androids Dream of Electric Sheep #19
2026-08-11 20:56:49.350 -04:00 [INFO] Parsed author 4764, page 3: 26 eligible row(s).
2026-08-11 20:56:49.351 -04:00 [INFO] Stopped pagination for author 4764 after page 3: lowest listed ratings count 402 is below threshold 1000.
2026-08-11 20:56:49.399 -04:00 [INFO] Collected 86 canonical candidate work(s) for 'Philip K. Dick'.
2026-08-11 20:56:49.401 -04:00 [DEBUG] GET author 2917920, page 1 (https://www.goodreads.com/author/list/2917920.Ken_Liu)
2026-08-11 20:56:49.531 -04:00 [DEBUG] Excluded [Contributor-only credit]: Ken Liu - Invisible Planets: Contemporary Chinese Science Fiction in Translation
2026-08-11 20:56:49.545 -04:00 [DEBUG] Excluded [Contributor-only credit]: Ken Liu - Broken Stars: Contemporary Chinese Science Fiction in Translation
2026-08-11 20:56:49.556 -04:00 [DEBUG] Excluded [Contributor-only credit]: Ken Liu - Laozi's Dao De Jing: A New Interpretation for a Transformative Time
2026-08-11 20:56:49.577 -04:00 [DEBUG] Excluded [Missing publication year]: Ken Liu - ในระลอกกาล และเรื่องสั้นอื่นๆ
2026-08-11 20:56:49.594 -04:00 [DEBUG] Excluded [Missing publication year]: Ken Liu - Le onde (Future Fiction Vol. 64)
2026-08-11 20:56:49.602 -04:00 [DEBUG] Excluded [Omnibus, box set, or multi-work collection]: Ken Liu - The Dandelion Dynasty Boxset
2026-08-11 20:56:49.614 -04:00 [INFO] Parsed author 2917920, page 1: 24 eligible row(s).
2026-08-11 20:56:49.616 -04:00 [INFO] Stopped pagination for author 2917920 after page 1: lowest listed ratings count 47 is below threshold 1000.
2026-08-11 20:56:49.631 -04:00 [INFO] Collected 24 canonical candidate work(s) for 'Ken Liu'.
2026-08-11 20:56:50.419 -04:00 [DEBUG] GET author 6417, page 1 (https://www.goodreads.com/author/list/6417.James_Clavell)
2026-08-11 20:56:50.566 -04:00 [DEBUG] Excluded [Missing publication year]: James Clavell - James Clavell Library: Gai-Jin, Tai-Pan, Noble House, & Shogun
2026-08-11 20:56:50.581 -04:00 [DEBUG] Excluded [Missing publication year]: James Clavell - Thrump-O-Moto
2026-08-11 20:56:50.587 -04:00 [DEBUG] Excluded [Missing publication year]: James Clavell - Тай-Пан (том 1 и 2)
2026-08-11 20:56:50.594 -04:00 [DEBUG] Excluded [Missing publication year]: James Clavell - Gai-Jin, Tom #2
2026-08-11 20:56:50.599 -04:00 [DEBUG] Excluded [Missing publication year]: James Clavell - Гай-джин, том 2
2026-08-11 20:56:50.603 -04:00 [DEBUG] Excluded [Missing publication year]: James Clavell - Shogun: A Novel of Japan
2026-08-11 20:56:50.607 -04:00 [DEBUG] Excluded [Missing publication year]: James Clavell - Тай-пан, том първи
2026-08-11 20:56:50.617 -04:00 [INFO] Parsed author 6417, page 1: 23 eligible row(s).
2026-08-11 20:56:50.619 -04:00 [INFO] Stopped pagination for author 6417 after page 1: lowest listed ratings count 47 is below threshold 1000.
2026-08-11 20:56:50.633 -04:00 [INFO] Collected 23 canonical candidate work(s) for 'James Clavell'.
2026-08-11 20:56:51.427 -04:00 [DEBUG] GET author 10746, page 1 (https://www.goodreads.com/author/list/10746.Jim_Butcher)
2026-08-11 20:56:51.618 -04:00 [INFO] Parsed author 10746, page 1: 30 eligible row(s).
2026-08-11 20:56:52.428 -04:00 [DEBUG] GET author 10746, page 2 (https://www.goodreads.com/author/list/10746.Jim_Butcher?page=2)
2026-08-11 20:56:53.276 -04:00 [DEBUG] Excluded [Contributor-only credit]: Jim Butcher - Shadowed Souls
2026-08-11 20:56:53.280 -04:00 [DEBUG] Excluded [Contributor-only credit]: Jim Butcher - Heroic Hearts
2026-08-11 20:56:53.284 -04:00 [DEBUG] Excluded [Omnibus, box set, or multi-work collection]: Jim Butcher - The Dresden Files Books 1-6
2026-08-11 20:56:53.291 -04:00 [DEBUG] Excluded [Omnibus, box set, or multi-work collection]: Jim Butcher - The Dresden Files Books 7-12
2026-08-11 20:56:53.305 -04:00 [DEBUG] Excluded [Omnibus, box set, or multi-work collection]: Jim Butcher - Wizard for Hire (The Dresden Files Omnibus, #1)
2026-08-11 20:56:53.311 -04:00 [DEBUG] Excluded [Omnibus, box set, or multi-work collection]: Jim Butcher - Wizard by Trade (The Dresden Files Omnibus, #2)
2026-08-11 20:56:53.318 -04:00 [DEBUG] Excluded [Omnibus, box set, or multi-work collection]: Jim Butcher - Wizard Under Fire (The Dresden Files Omnibus, #4)
2026-08-11 20:56:53.323 -04:00 [DEBUG] Excluded [Omnibus, box set, or multi-work collection]: Jim Butcher - Wizard at Large (The Dresden Files Omnibus, #3)
2026-08-11 20:56:53.328 -04:00 [DEBUG] Excluded [Omnibus, box set, or multi-work collection]: Jim Butcher - The Dresden Files Boxset, Books 4-6
2026-08-11 20:56:53.353 -04:00 [DEBUG] Excluded [Contributor-only credit]: Jim Butcher - Paranormal Payback
2026-08-11 20:56:53.356 -04:00 [DEBUG] Excluded [Omnibus, box set, or multi-work collection]: Jim Butcher - Dresden Files Boxset: Storm Front / Fool Moon / Grave Peril
2026-08-11 20:56:53.364 -04:00 [DEBUG] Excluded [Omnibus, box set, or multi-work collection]: Jim Butcher - The Dresden Files Collection 13-15 (The Dresden Files Box-Set Book 3)
2026-08-11 20:56:53.374 -04:00 [INFO] Parsed author 10746, page 2: 18 eligible row(s).
2026-08-11 20:56:53.376 -04:00 [INFO] Stopped pagination for author 10746 after page 2: lowest listed ratings count 414 is below threshold 1000.
2026-08-11 20:56:53.400 -04:00 [INFO] Collected 48 canonical candidate work(s) for 'Jim Butcher'.
2026-08-11 20:56:53.427 -04:00 [DEBUG] GET author 16667, page 1 (https://www.goodreads.com/author/list/16667.Isaac_Asimov)
2026-08-11 20:56:53.565 -04:00 [DEBUG] Excluded [Omnibus, box set, or multi-work collection]: Isaac Asimov - The Foundation Trilogy (Foundation, #1-3)
2026-08-11 20:56:53.638 -04:00 [INFO] Parsed author 16667, page 1: 29 eligible row(s).
2026-08-11 20:56:54.429 -04:00 [DEBUG] GET author 16667, page 2 (https://www.goodreads.com/author/list/16667.Isaac_Asimov?page=2)
2026-08-11 20:56:55.528 -04:00 [DEBUG] Excluded [Omnibus, box set, or multi-work collection]: Isaac Asimov - The Robot Novels: The Caves of Steel / The Naked Sun / The Robots of Dawn (Robot, #1-3)
2026-08-11 20:56:55.590 -04:00 [INFO] Parsed author 16667, page 2: 29 eligible row(s).
2026-08-11 20:56:55.592 -04:00 [DEBUG] GET author 16667, page 3 (https://www.goodreads.com/author/list/16667.Isaac_Asimov?page=3)
2026-08-11 20:56:56.664 -04:00 [DEBUG] Excluded [Omnibus, box set, or multi-work collection]: Isaac Asimov - Foundation 3-Book Bundle: Foundation, Foundation and Empire, Second Foundation
2026-08-11 20:56:56.668 -04:00 [DEBUG] Excluded [Omnibus, box set, or multi-work collection]: Isaac Asimov - The Empire Novels (Galactic Empire, #1-3)
2026-08-11 20:56:56.672 -04:00 [DEBUG] Excluded [Contributor-only credit]: Isaac Asimov - The Hugo Winners 1955-1961
2026-08-11 20:56:56.677 -04:00 [DEBUG] Excluded [Contributor-only credit]: Isaac Asimov - 100 Great Science Fiction Short Short Stories
2026-08-11 20:56:56.690 -04:00 [DEBUG] Excluded [Omnibus, box set, or multi-work collection]: Isaac Asimov - The Robot Novels: The Caves of Steel / The Naked Sun (Robot, #1-2)
2026-08-11 20:56:56.711 -04:00 [DEBUG] Excluded [Contributor-only credit]: Isaac Asimov - 50 Short Science Fiction Tales
2026-08-11 20:56:56.764 -04:00 [INFO] Parsed author 16667, page 3: 24 eligible row(s).
2026-08-11 20:56:56.766 -04:00 [INFO] Stopped pagination for author 16667 after page 3: lowest listed ratings count 636 is below threshold 1000.
2026-08-11 20:56:56.791 -04:00 [DEBUG] Excluded [Duplicate title]: Isaac Asimov - Nightfall
2026-08-11 20:56:56.794 -04:00 [DEBUG] Duplicate title 'Nightfall' for 'Isaac Asimov': kept book 99245 with 38514 ratings; discarded 1 lower-priority copy/copies.
2026-08-11 20:56:56.808 -04:00 [INFO] Collected 81 canonical candidate work(s) for 'Isaac Asimov'.
2026-08-11 20:56:56.811 -04:00 [DEBUG] GET author 5830526, page 1 (https://www.goodreads.com/author/list/5830526.Samantha_Shannon)
2026-08-11 20:56:56.946 -04:00 [DEBUG] Excluded [Omnibus, box set, or multi-work collection]: Samantha Shannon - The Bone Season #1-3: The Bone Season, The Mime Order, The Song Rising (The Bone Season, #1-3)
2026-08-11 20:56:56.950 -04:00 [DEBUG] Excluded [Omnibus, box set, or multi-work collection]: Samantha Shannon - The Roots of Chaos Series 2 Books Collection Set By Samantha Shannon
2026-08-11 20:56:56.954 -04:00 [DEBUG] Excluded [Missing publication year]: Samantha Shannon - The Bone Season: Sneak Preview
2026-08-11 20:56:56.959 -04:00 [DEBUG] Excluded [Missing publication year]: Samantha Shannon - Bledý snílek / Píseň úsvitu (Kostičas, #0.5, 3.5)
2026-08-11 20:56:56.963 -04:00 [DEBUG] Excluded [Missing publication year]: Samantha Shannon - The Bone Season: The Bone Season / The Mime Order / The Song Rising / The Mask Falling
2026-08-11 20:56:56.968 -04:00 [DEBUG] Excluded [Missing publication year]: Samantha Shannon - The Moth Reborn (The Bone Season, #6)
2026-08-11 20:56:56.975 -04:00 [DEBUG] Excluded [Missing publication year]: Samantha Shannon - The Bone Season and The Mime Order
2026-08-11 20:56:56.981 -04:00 [DEBUG] Excluded [Missing publication year]: Samantha Shannon - Untitled (The Bone Season, #7)
2026-08-11 20:56:56.987 -04:00 [DEBUG] Excluded [Omnibus, box set, or multi-work collection]: Samantha Shannon - The Bone Season Series 5-Book Collection Set by Samantha Shannon – Includes The Bone Season, The Mime Order, The Song Rising (Author’s Preferred Text), The Mask Falling, and The Dark Mirror – Epic Fantasy Adventure Bestseller
2026-08-11 20:56:56.991 -04:00 [DEBUG] Excluded [Missing publication year]: Samantha Shannon - Amrita
2026-08-11 20:56:56.995 -04:00 [DEBUG] Excluded [Omnibus, box set, or multi-work collection]: Samantha Shannon - The Roots of Chaos Series 3 Book Collection Set: Priory of the Orange Tree, A Day of Fallen Night & Among the Burning Flowers | By Samantha Shannon
2026-08-11 20:56:57.000 -04:00 [DEBUG] Excluded [Omnibus, box set, or multi-work collection]: Samantha Shannon - Roots of Chaos 3 Books Collection: Priory of the Orange Tree, Day of Fallen Night, Among the Burning Flowers by Samantha Shannon
2026-08-11 20:56:57.004 -04:00 [DEBUG] Excluded [Missing publication year]: Samantha Shannon - Roots of Chaos Collection (3 Hardcover Books) - Priory of the Orange Tree, Day of Fallen Night, Among the Burning Flowers
2026-08-11 20:56:57.008 -04:00 [DEBUG] Excluded [Omnibus, box set, or multi-work collection]: Samantha Shannon - The Bone Season Series 5 Books Collection Set By Samantha Shannon
2026-08-11 20:56:57.022 -04:00 [INFO] Parsed author 5830526, page 1: 16 eligible row(s).
2026-08-11 20:56:57.023 -04:00 [INFO] Stopped pagination for author 5830526 after page 1: lowest listed ratings count 0 is below threshold 1000.
2026-08-11 20:56:57.031 -04:00 [INFO] Collected 16 canonical candidate work(s) for 'Samantha Shannon'.
2026-08-11 20:56:57.819 -04:00 [DEBUG] GET author 2448, page 1 (https://www.goodreads.com/author/list/2448.Arthur_Conan_Doyle)
2026-08-11 20:56:57.963 -04:00 [DEBUG] Excluded [Missing publication year]: Arthur Conan Doyle - Een studie in rood (Sherlock Holmes Compleet #1)
2026-08-11 20:56:57.985 -04:00 [DEBUG] Excluded [Missing publication year]: Arthur Conan Doyle - A Study in Scarlet and The Sign of Four
2026-08-11 20:56:58.017 -04:00 [INFO] Parsed author 2448, page 1: 28 eligible row(s).
2026-08-11 20:56:58.843 -04:00 [DEBUG] GET author 2448, page 2 (https://www.goodreads.com/author/list/2448.Arthur_Conan_Doyle?page=2)
2026-08-11 20:57:00.826 -04:00 [DEBUG] Excluded [Missing publication year]: Arthur Conan Doyle - Sherlock Holmes
2026-08-11 20:57:00.936 -04:00 [INFO] Parsed author 2448, page 2: 29 eligible row(s).
2026-08-11 20:57:00.938 -04:00 [DEBUG] GET author 2448, page 3 (https://www.goodreads.com/author/list/2448.Arthur_Conan_Doyle?page=3)
2026-08-11 20:57:02.868 -04:00 [DEBUG] Excluded [Omnibus, box set, or multi-work collection]: Arthur Conan Doyle - Sherlock Holmes: The Complete Illustrated Short Stories (#3-4, 6 ,8-9)
2026-08-11 20:57:02.879 -04:00 [DEBUG] Excluded [Missing publication year]: Arthur Conan Doyle - Sherlock Holmes: The Complete Collection
2026-08-11 20:57:02.902 -04:00 [DEBUG] Excluded [Missing publication year]: Arthur Conan Doyle - The Complete Stories of Sherlock Holmes, Volume 1
2026-08-11 20:57:02.923 -04:00 [DEBUG] Excluded [Missing publication year]: Arthur Conan Doyle - The Hound of the Baskervilles, with "the Adventure of the Speckled Band"
2026-08-11 20:57:02.957 -04:00 [DEBUG] Excluded [Missing publication year]: Arthur Conan Doyle - Sherlock Holmes: Akıl Oyunlarının Gölgesinde (Sherlock Holmes, #3)
2026-08-11 20:57:02.971 -04:00 [INFO] Parsed author 2448, page 3: 25 eligible row(s).
2026-08-11 20:57:02.973 -04:00 [DEBUG] GET author 2448, page 4 (https://www.goodreads.com/author/list/2448.Arthur_Conan_Doyle?page=4)
2026-08-11 20:57:04.935 -04:00 [DEBUG] Excluded [Missing publication year]: Arthur Conan Doyle - Sherlock Holmes: Suç Detayda Saklıdır (Sherlock Holmes, #4)
2026-08-11 20:57:04.954 -04:00 [DEBUG] Excluded [Missing publication year]: Arthur Conan Doyle - Sherlock Holmes: Volume 1
2026-08-11 20:57:04.965 -04:00 [DEBUG] Excluded [Missing publication year]: Arthur Conan Doyle - The Sherlock Holmes Collection
2026-08-11 20:57:04.972 -04:00 [DEBUG] Excluded [Missing publication year]: Arthur Conan Doyle - The Adventures of Sherlock Holmes, Vol. I
2026-08-11 20:57:04.985 -04:00 [DEBUG] Excluded [Missing publication year]: Arthur Conan Doyle - The Adventures of Sherlock Holmes and Other Stories
2026-08-11 20:57:05.004 -04:00 [INFO] Parsed author 2448, page 4: 25 eligible row(s).
2026-08-11 20:57:05.005 -04:00 [INFO] Stopped pagination for author 2448 after page 4: lowest listed ratings count 689 is below threshold 1000.
2026-08-11 20:57:05.031 -04:00 [DEBUG] Excluded [Duplicate title]: Arthur Conan Doyle - His Last Bow
2026-08-11 20:57:05.033 -04:00 [DEBUG] Duplicate title 'His Last Bow' for 'Arthur Conan Doyle': kept book 754713 with 48392 ratings; discarded 1 lower-priority copy/copies.
2026-08-11 20:57:05.050 -04:00 [DEBUG] Excluded [Duplicate title]: Arthur Conan Doyle - The Adventures of Sherlock Holmes
2026-08-11 20:57:05.051 -04:00 [DEBUG] Duplicate title 'The Adventures of Sherlock Holmes' for 'Arthur Conan Doyle': kept book 3590 with 333010 ratings; discarded 1 lower-priority copy/copies.
2026-08-11 20:57:05.067 -04:00 [INFO] Collected 105 canonical candidate work(s) for 'Arthur Conan Doyle'.
2026-08-11 20:57:05.069 -04:00 [DEBUG] GET author 8842, page 1 (https://www.goodreads.com/author/list/8842.Susanna_Clarke)
2026-08-11 20:57:05.243 -04:00 [DEBUG] Excluded [Contributor-only credit]: Susanna Clarke - Neverwhere (London Below, #1)
2026-08-11 20:57:05.278 -04:00 [DEBUG] Excluded [Contributor-only credit]: Susanna Clarke - Sandman: Kniha snů
2026-08-11 20:57:05.285 -04:00 [DEBUG] Excluded [Contributor-only credit]: Susanna Clarke - Black Heart, Ivory Bones
2026-08-11 20:57:05.292 -04:00 [DEBUG] Excluded [Contributor-only credit]: Susanna Clarke - Black Swan, White Raven
2026-08-11 20:57:05.311 -04:00 [DEBUG] Excluded [Contributor-only credit]: Susanna Clarke - Galahad and the Grail (Merlin's Isle, #1)
2026-08-11 20:57:05.318 -04:00 [DEBUG] Excluded [Contributor-only credit]: Susanna Clarke - The Way of the Wizard
2026-08-11 20:57:05.324 -04:00 [DEBUG] Excluded [Contributor-only credit]: Susanna Clarke - Drawing Down the Moon: The Art of Charles Vess
2026-08-11 20:57:05.334 -04:00 [DEBUG] Excluded [Contributor-only credit]: Susanna Clarke - Tails of Wonder and Imagination
2026-08-11 20:57:05.356 -04:00 [DEBUG] Excluded [Contributor-only credit]: Susanna Clarke - The Year's Best Fantasy and Horror: Thirteenth Annual Collection
2026-08-11 20:57:05.360 -04:00 [DEBUG] Excluded [Contributor-only credit]: Susanna Clarke - The Year's Best Fantasy and Horror: Tenth Annual Collection
2026-08-11 20:57:05.365 -04:00 [DEBUG] Excluded [Contributor-only credit]: Susanna Clarke - The Year's Best Fantasy and Horror: Twelfth Annual Collection
2026-08-11 20:57:05.382 -04:00 [DEBUG] Excluded [Contributor-only credit]: Susanna Clarke - Stardust: Lluvia de estrellas
2026-08-11 20:57:05.389 -04:00 [DEBUG] Excluded [Contributor-only credit]: Susanna Clarke - The Year's Best Fantasy and Horror: 15th Annual Collection
2026-08-11 20:57:05.394 -04:00 [DEBUG] Excluded [Contributor-only credit]: Susanna Clarke - The Year's Best Fantasy and Horror: 14th Annual
2026-08-11 20:57:05.415 -04:00 [DEBUG] Excluded [Missing publication year]: Susanna Clarke - The Bishop of Durham Attempts to Surrender the City
2026-08-11 20:57:05.419 -04:00 [DEBUG] Excluded [Contributor-only credit]: Susanna Clarke - Starlight 3
2026-08-11 20:57:05.429 -04:00 [DEBUG] Excluded [Contributor-only credit]: Susanna Clarke - Chatting Science Fiction: Selected Interviews from Hour of the Wolf
2026-08-11 20:57:05.433 -04:00 [DEBUG] Excluded [Omnibus, box set, or multi-work collection]: Susanna Clarke - Piranesi, Jonathan Strange and Mr. Norrell 2 Books Collection Set By Susanna Clarke
2026-08-11 20:57:05.439 -04:00 [DEBUG] Excluded [Missing publication year]: Susanna Clarke - The Cistern
2026-08-11 20:57:05.444 -04:00 [DEBUG] Excluded [Omnibus, box set, or multi-work collection]: Susanna Clarke - Piranesi By Susanna Clarke & The Bumper Book of Would You Rather By Joe Kerr 2 Books Collection Set
2026-08-11 20:57:05.450 -04:00 [DEBUG] Excluded [Omnibus, box set, or multi-work collection]: Susanna Clarke - Susanna Clarke 3 Books Collection Set (Piranesi, Jonathan Strange and Mr Norrell, The Ladies of Grace Adieu and Other Stories)
2026-08-11 20:57:05.461 -04:00 [INFO] Parsed author 8842, page 1: 9 eligible row(s).
2026-08-11 20:57:05.463 -04:00 [INFO] Stopped pagination for author 8842 after page 1: lowest listed ratings count 0 is below threshold 1000.
2026-08-11 20:57:05.474 -04:00 [INFO] Collected 9 canonical candidate work(s) for 'Susanna Clarke'.
2026-08-11 20:57:06.076 -04:00 [DEBUG] GET author 442240, page 1 (https://www.goodreads.com/author/list/442240.Blake_Crouch)
2026-08-11 20:57:06.287 -04:00 [DEBUG] Excluded [Contributor-only credit]: Blake Crouch - Forward: Stories of Tomorrow
2026-08-11 20:57:06.389 -04:00 [INFO] Parsed author 442240, page 1: 29 eligible row(s).
2026-08-11 20:57:06.403 -04:00 [INFO] Stopped pagination for author 442240 after page 1: lowest listed ratings count 433 is below threshold 1000.
2026-08-11 20:57:06.438 -04:00 [INFO] Collected 29 canonical candidate work(s) for 'Blake Crouch'.
2026-08-11 20:57:07.075 -04:00 [DEBUG] GET author 60177, page 1 (https://www.goodreads.com/author/list/60177.Guy_Gavriel_Kay)
2026-08-11 20:57:07.248 -04:00 [DEBUG] Excluded [Omnibus, box set, or multi-work collection]: Guy Gavriel Kay - The Sarantine Mosaic (The Sarantine Mosaic, #1-2)
2026-08-11 20:57:07.266 -04:00 [DEBUG] Excluded [Missing publication year]: Guy Gavriel Kay - Οι λέοντες του Αλ Ρασάν, Tόμος 1
2026-08-11 20:57:07.270 -04:00 [DEBUG] Excluded [Missing publication year]: Guy Gavriel Kay - Οι λέοντες του Αλ Ρασάν, Tόμος 2
2026-08-11 20:57:07.274 -04:00 [DEBUG] Excluded [Missing publication year]: Guy Gavriel Kay - Ένα τραγούδι για την Αρμπόν, Τόμος 1
2026-08-11 20:57:07.284 -04:00 [DEBUG] Excluded [Missing publication year]: Guy Gavriel Kay - Ένα τραγούδι για την Αρμπόν, Τόμος 2
2026-08-11 20:57:07.303 -04:00 [INFO] Parsed author 60177, page 1: 25 eligible row(s).
2026-08-11 20:57:07.305 -04:00 [INFO] Stopped pagination for author 60177 after page 1: lowest listed ratings count 6 is below threshold 1000.
2026-08-11 20:57:07.322 -04:00 [INFO] Collected 25 canonical candidate work(s) for 'Guy Gavriel Kay'.
2026-08-11 20:57:08.076 -04:00 [DEBUG] GET author 123715, page 1 (https://www.goodreads.com/author/list/123715.Agatha_Christie)
2026-08-11 20:57:08.787 -04:00 [INFO] Parsed author 123715, page 1: 30 eligible row(s).
2026-08-11 20:57:09.094 -04:00 [DEBUG] GET author 123715, page 2 (https://www.goodreads.com/author/list/123715.Agatha_Christie?page=2)
2026-08-11 20:57:10.430 -04:00 [INFO] Parsed author 123715, page 2: 30 eligible row(s).
2026-08-11 20:57:10.432 -04:00 [DEBUG] GET author 123715, page 3 (https://www.goodreads.com/author/list/123715.Agatha_Christie?page=3)
2026-08-11 20:57:11.954 -04:00 [INFO] Parsed author 123715, page 3: 30 eligible row(s).
2026-08-11 20:57:11.956 -04:00 [DEBUG] GET author 123715, page 4 (https://www.goodreads.com/author/list/123715.Agatha_Christie?page=4)
2026-08-11 20:57:13.378 -04:00 [DEBUG] Excluded [Missing publication year]: Agatha Christie - The Mysterious Affair at Styles and The Secret Adversary (Complete Mystery Novel Collection of Agatha Christie Vol. 1)
2026-08-11 20:57:13.406 -04:00 [INFO] Parsed author 123715, page 4: 29 eligible row(s).
2026-08-11 20:57:13.409 -04:00 [DEBUG] GET author 123715, page 5 (https://www.goodreads.com/author/list/123715.Agatha_Christie?page=5)
2026-08-11 20:57:14.963 -04:00 [DEBUG] Excluded [Missing publication year]: Agatha Christie - The Early Cases of Hercule Poirot
2026-08-11 20:57:14.984 -04:00 [DEBUG] Excluded [Missing publication year]: Agatha Christie - And Then There Were None: A Mystery Play in Three Acts
2026-08-11 20:57:15.032 -04:00 [DEBUG] Excluded [Missing publication year]: Agatha Christie - Death on the Nile (Hercule Poirot, #18)
2026-08-11 20:57:15.047 -04:00 [INFO] Parsed author 123715, page 5: 27 eligible row(s).
2026-08-11 20:57:15.050 -04:00 [DEBUG] GET author 123715, page 6 (https://www.goodreads.com/author/list/123715.Agatha_Christie?page=6)
2026-08-11 20:57:16.517 -04:00 [DEBUG] Excluded [Missing publication year]: Agatha Christie - The Body in the Library
2026-08-11 20:57:16.544 -04:00 [DEBUG] Excluded [Missing publication year]: Agatha Christie - The Agatha Christie Collection
2026-08-11 20:57:16.556 -04:00 [DEBUG] Excluded [Missing publication year]: Agatha Christie - Dead Man's Folly (Collins - Level 3)
2026-08-11 20:57:16.597 -04:00 [INFO] Parsed author 123715, page 6: 27 eligible row(s).
2026-08-11 20:57:16.599 -04:00 [INFO] Stopped pagination for author 123715 after page 6: lowest listed ratings count 908 is below threshold 1000.
2026-08-11 20:57:16.670 -04:00 [INFO] Collected 173 canonical candidate work(s) for 'Agatha Christie'.
2026-08-11 20:57:16.673 -04:00 [DEBUG] GET author 38569, page 1 (https://www.goodreads.com/author/list/38569.Andrzej_Sapkowski)
2026-08-11 20:57:16.829 -04:00 [DEBUG] Excluded [Omnibus, box set, or multi-work collection]: Andrzej Sapkowski - Wiedźmin (Saga o Wiedźminie, #0.5-0.6, #1-5)
2026-08-11 20:57:16.833 -04:00 [DEBUG] Excluded [Omnibus, box set, or multi-work collection]: Andrzej Sapkowski - Witcher Series 6 Books Set Collection (The Witcher #1-6)
2026-08-11 20:57:16.846 -04:00 [DEBUG] Excluded [Omnibus, box set, or multi-work collection]: Andrzej Sapkowski - The Witcher Boxed Set (The Witcher, #1-3)
2026-08-11 20:57:16.865 -04:00 [DEBUG] Excluded [Missing publication year]: Andrzej Sapkowski - Introducing The Witcher: The Last Wish, Sword of Destiny and Blood of Elves
2026-08-11 20:57:16.874 -04:00 [DEBUG] Excluded [Missing publication year]: Andrzej Sapkowski - The Saga of the Witcher: Blood of Elves, Time of Contempt, Baptism of Fire, The Tower of the Swallow and The Lady of the Lake
2026-08-11 20:57:16.882 -04:00 [DEBUG] Excluded [Missing publication year]: Andrzej Sapkowski - Poslední přání (Zaklínač I. Poslední přání ,#6/6)
2026-08-11 20:57:16.897 -04:00 [INFO] Parsed author 38569, page 1: 24 eligible row(s).
2026-08-11 20:57:16.899 -04:00 [INFO] Stopped pagination for author 38569 after page 1: lowest listed ratings count 592 is below threshold 1000.
2026-08-11 20:57:16.915 -04:00 [INFO] Collected 24 canonical candidate work(s) for 'Andrzej Sapkowski'.
2026-08-11 20:57:17.684 -04:00 [DEBUG] GET author 7779, page 1 (https://www.goodreads.com/author/list/7779.Arthur_C_Clarke)
2026-08-11 20:57:17.880 -04:00 [INFO] Parsed author 7779, page 1: 30 eligible row(s).
2026-08-11 20:57:18.691 -04:00 [DEBUG] GET author 7779, page 2 (https://www.goodreads.com/author/list/7779.Arthur_C_Clarke?page=2)
2026-08-11 20:57:19.728 -04:00 [DEBUG] Excluded [Omnibus, box set, or multi-work collection]: Arthur C. Clarke - Rama: The Omnibus
2026-08-11 20:57:19.731 -04:00 [DEBUG] Excluded [Missing publication year]: Arthur C. Clarke - A Meeting with Medusa (The Collected Stories of Arthur C. Clarke, #4)
2026-08-11 20:57:19.742 -04:00 [DEBUG] Excluded [Missing publication year]: Arthur C. Clarke - Una odisea espacial. La saga completa
2026-08-11 20:57:19.800 -04:00 [INFO] Parsed author 7779, page 2: 27 eligible row(s).
2026-08-11 20:57:19.802 -04:00 [INFO] Stopped pagination for author 7779 after page 2: lowest listed ratings count 374 is below threshold 1000.
2026-08-11 20:57:19.834 -04:00 [INFO] Collected 57 canonical candidate work(s) for 'Arthur C. Clarke'.
2026-08-11 20:57:19.836 -04:00 [DEBUG] GET author 4721536, page 1 (https://www.goodreads.com/author/list/4721536.Mark_Lawrence)
2026-08-11 20:57:20.024 -04:00 [DEBUG] Excluded [Omnibus, box set, or multi-work collection]: Mark Lawrence - The Broken Empire Trilogy: Prince of Thorns / King of Thorns / Emperor of Thorns (The Broken Empire, #1-3)
2026-08-11 20:57:20.045 -04:00 [DEBUG] Excluded [Missing publication year]: Mark Lawrence - The New World (The Red Queen's War, #3.5)
2026-08-11 20:57:20.048 -04:00 [DEBUG] Excluded [Missing publication year]: Mark Lawrence - Missing Pages (The Library Trilogy, #1.4-1.5-1.6)
2026-08-11 20:57:20.064 -04:00 [INFO] Parsed author 4721536, page 1: 27 eligible row(s).
2026-08-11 20:57:20.066 -04:00 [INFO] Stopped pagination for author 4721536 after page 1: lowest listed ratings count 567 is below threshold 1000.
2026-08-11 20:57:20.077 -04:00 [DEBUG] Excluded [Duplicate title]: Mark Lawrence - Road Brothers
2026-08-11 20:57:20.080 -04:00 [DEBUG] Duplicate title 'Road Brothers' for 'Mark Lawrence': kept book 28226072 with 1941 ratings; discarded 1 lower-priority copy/copies.
2026-08-11 20:57:20.084 -04:00 [INFO] Collected 26 canonical candidate work(s) for 'Mark Lawrence'.
2026-08-11 20:57:20.850 -04:00 [DEBUG] GET author 3565, page 1 (https://www.goodreads.com/author/list/3565.Oscar_Wilde)
2026-08-11 20:57:21.000 -04:00 [DEBUG] Excluded [Missing publication year]: Oscar Wilde - El fantasma de Canterville
2026-08-11 20:57:21.003 -04:00 [DEBUG] Excluded [Missing publication year]: Oscar Wilde - The Importance of Being Earnest and Four Other Plays
2026-08-11 20:57:21.026 -04:00 [DEBUG] Excluded [Missing publication year]: Oscar Wilde - The Picture of Dorian Gray and Other Works
2026-08-11 20:57:21.040 -04:00 [DEBUG] Excluded [Missing publication year]: Oscar Wilde - De Profundis and Other Writings
2026-08-11 20:57:21.052 -04:00 [INFO] Parsed author 3565, page 1: 26 eligible row(s).
2026-08-11 20:57:21.857 -04:00 [DEBUG] GET author 3565, page 2 (https://www.goodreads.com/author/list/3565.Oscar_Wilde?page=2)
2026-08-11 20:57:23.400 -04:00 [DEBUG] Excluded [Missing publication year]: Oscar Wilde - De Profundis and Other Prison Writings
2026-08-11 20:57:23.405 -04:00 [DEBUG] Excluded [Missing publication year]: Oscar Wilde - El fantasma de Canterville
2026-08-11 20:57:23.415 -04:00 [DEBUG] Excluded [Missing publication year]: Oscar Wilde - The Model Millionaire
2026-08-11 20:57:23.421 -04:00 [DEBUG] Excluded [Missing publication year]: Oscar Wilde - La importancia de llamarse Ernesto / El abanico de Lady Windermere
2026-08-11 20:57:23.431 -04:00 [DEBUG] Excluded [Missing publication year]: Oscar Wilde - The Star-Child
2026-08-11 20:57:23.437 -04:00 [DEBUG] Excluded [Missing publication year]: Oscar Wilde - The Fairy Tales of Oscar Wilde
2026-08-11 20:57:23.456 -04:00 [INFO] Parsed author 3565, page 2: 24 eligible row(s).
2026-08-11 20:57:23.460 -04:00 [INFO] Stopped pagination for author 3565 after page 2: lowest listed ratings count 734 is below threshold 1000.
2026-08-11 20:57:23.488 -04:00 [INFO] Collected 50 canonical candidate work(s) for 'Oscar Wilde'.
2026-08-11 20:57:23.491 -04:00 [DEBUG] GET author 31232, page 1 (https://www.goodreads.com/author/list/31232.Steven_Erikson)
2026-08-11 20:57:23.622 -04:00 [DEBUG] Excluded [Omnibus, box set, or multi-work collection]: Steven Erikson - Bauchelain and Korbal Broach (The Tales of Bauchelain and Korbal Broach, #1-3)
2026-08-11 20:57:23.628 -04:00 [DEBUG] Excluded [Omnibus, box set, or multi-work collection]: Steven Erikson - The Complete Malazan Book of the Fallen (Malazan Book of the Fallen #1-10)
2026-08-11 20:57:23.659 -04:00 [DEBUG] Excluded [Omnibus, box set, or multi-work collection]: Steven Erikson - The Malazan Book of the Fallen Collection 1 (Books 1-2)
2026-08-11 20:57:23.662 -04:00 [DEBUG] Excluded [Omnibus, box set, or multi-work collection]: Steven Erikson - The Second Collected Tales of Bauchelain & Korbal Broach (The Tales of Bauchelain and Korbal Broach, #4-6)
2026-08-11 20:57:23.668 -04:00 [DEBUG] Excluded [Missing publication year]: Steven Erikson - Der Tag des Sehers (Das Spiel der Götter, #5)
2026-08-11 20:57:23.676 -04:00 [DEBUG] Excluded [Missing publication year]: Steven Erikson - Wspomnienie Lodu. Tom 1. Cień Przeszłości (Malazańska Księga Poległych, #3.1)
2026-08-11 20:57:23.683 -04:00 [DEBUG] Excluded [Missing publication year]: Steven Erikson - Der Krieg der Schwestern (Das Spiel der Götter, #6)
2026-08-11 20:57:23.696 -04:00 [INFO] Parsed author 31232, page 1: 23 eligible row(s).
2026-08-11 20:57:23.699 -04:00 [INFO] Stopped pagination for author 31232 after page 1: lowest listed ratings count 318 is below threshold 1000.
2026-08-11 20:57:23.714 -04:00 [INFO] Collected 23 canonical candidate work(s) for 'Steven Erikson'.
2026-08-11 20:57:24.500 -04:00 [DEBUG] GET author 3472, page 1 (https://www.goodreads.com/author/list/3472.Margaret_Atwood)
2026-08-11 20:57:24.669 -04:00 [DEBUG] Excluded [Contributor-only credit]: Margaret Atwood - Fourteen Days
2026-08-11 20:57:24.706 -04:00 [INFO] Parsed author 3472, page 1: 29 eligible row(s).
2026-08-11 20:57:25.515 -04:00 [DEBUG] GET author 3472, page 2 (https://www.goodreads.com/author/list/3472.Margaret_Atwood?page=2)
2026-08-11 20:57:26.432 -04:00 [DEBUG] Excluded [Missing publication year]: Margaret Atwood - The Heart Goes Last (Positron, #4)
2026-08-11 20:57:26.492 -04:00 [DEBUG] Excluded [Missing publication year]: Margaret Atwood - Freedom
2026-08-11 20:57:26.517 -04:00 [DEBUG] Excluded [Missing publication year]: Margaret Atwood - The Penelopiad: The Play
2026-08-11 20:57:26.524 -04:00 [DEBUG] Excluded [Missing publication year]: Margaret Atwood - The Handmaid's Tale / The Testaments
2026-08-11 20:57:26.530 -04:00 [DEBUG] Excluded [Missing publication year]: Margaret Atwood - Eating Fire : Selected Poetry, 1965-95
2026-08-11 20:57:26.536 -04:00 [DEBUG] Excluded [Missing publication year]: Margaret Atwood - Up in the Tree
2026-08-11 20:57:26.551 -04:00 [INFO] Parsed author 3472, page 2: 24 eligible row(s).
2026-08-11 20:57:26.553 -04:00 [INFO] Stopped pagination for author 3472 after page 2: lowest listed ratings count 566 is below threshold 1000.
2026-08-11 20:57:26.578 -04:00 [INFO] Collected 53 canonical candidate work(s) for 'Margaret Atwood'.
2026-08-11 20:57:26.580 -04:00 [DEBUG] GET author 128382, page 1 (https://www.goodreads.com/author/list/128382.Leo_Tolstoy)
2026-08-11 20:57:26.748 -04:00 [DEBUG] Excluded [Missing publication year]: Leo Tolstoy - Война и мир. Том 1/4
2026-08-11 20:57:26.762 -04:00 [INFO] Parsed author 128382, page 1: 29 eligible row(s).
2026-08-11 20:57:27.582 -04:00 [DEBUG] GET author 128382, page 2 (https://www.goodreads.com/author/list/128382.Leo_Tolstoy?page=2)
2026-08-11 20:57:29.425 -04:00 [DEBUG] Excluded [Missing publication year]: Leo Tolstoy - Война и мир. Том 2/4
2026-08-11 20:57:29.461 -04:00 [DEBUG] Excluded [Missing publication year]: Leo Tolstoy - The Gospel in Brief
2026-08-11 20:57:29.498 -04:00 [INFO] Parsed author 128382, page 2: 28 eligible row(s).
2026-08-11 20:57:29.500 -04:00 [INFO] Stopped pagination for author 128382 after page 2: lowest listed ratings count 884 is below threshold 1000.
2026-08-11 20:57:29.535 -04:00 [INFO] Collected 57 canonical candidate work(s) for 'Leo Tolstoy'.
2026-08-11 20:57:29.537 -04:00 [DEBUG] GET author 7168230, page 1 (https://www.goodreads.com/author/list/7168230.V_E_Schwab)
2026-08-11 20:57:29.675 -04:00 [DEBUG] Excluded [Omnibus, box set, or multi-work collection]: V.E. Schwab - The Shades of Magic Series (Shades of Magic, #1-3)
2026-08-11 20:57:29.683 -04:00 [DEBUG] Excluded [Missing publication year]: V.E. Schwab - The Invisible Life of Addie LaRue - Sneak Peek
2026-08-11 20:57:29.706 -04:00 [DEBUG] Excluded [Missing publication year]: V.E. Schwab - Victorious (Villains, #3)
2026-08-11 20:57:29.712 -04:00 [DEBUG] Excluded [Missing publication year]: V.E. Schwab - A Darker Shade of Magic - SAMPLE
2026-08-11 20:57:29.716 -04:00 [DEBUG] Excluded [Missing publication year]: V.E. Schwab - V.E. Schwab's ExtraOrdinary #3
2026-08-11 20:57:29.722 -04:00 [DEBUG] Excluded [Missing publication year]: V.E. Schwab - V. E. Schwab's ExtraOrdinary #4
2026-08-11 20:57:29.727 -04:00 [DEBUG] Excluded [Missing publication year]: V.E. Schwab - Sneak Peek for Bury Our Bones in the Midnight Soil
2026-08-11 20:57:29.732 -04:00 [DEBUG] Excluded [Missing publication year]: V.E. Schwab - Darker Shade of Magic / A Gathering of Shadows / Vicious
2026-08-11 20:57:29.746 -04:00 [INFO] Parsed author 7168230, page 1: 22 eligible row(s).
2026-08-11 20:57:29.748 -04:00 [INFO] Stopped pagination for author 7168230 after page 1: lowest listed ratings count 320 is below threshold 1000.
2026-08-11 20:57:29.765 -04:00 [INFO] Collected 22 canonical candidate work(s) for 'V.E. Schwab'.
2026-08-11 20:57:30.541 -04:00 [DEBUG] GET author 205, page 1 (https://www.goodreads.com/author/list/205.Robert_A_Heinlein)
2026-08-11 20:57:30.689 -04:00 [DEBUG] Excluded [Omnibus, box set, or multi-work collection]: Robert A. Heinlein - The Past Through Tomorrow (Future History, #1-21)
2026-08-11 20:57:30.742 -04:00 [INFO] Parsed author 205, page 1: 29 eligible row(s).
2026-08-11 20:57:31.541 -04:00 [DEBUG] GET author 205, page 2 (https://www.goodreads.com/author/list/205.Robert_A_Heinlein?page=2)
2026-08-11 20:57:32.415 -04:00 [DEBUG] Excluded [Contributor-only credit]: Robert A. Heinlein - Tomorrow, the Stars
2026-08-11 20:57:32.435 -04:00 [DEBUG] Excluded [Missing publication year]: Robert A. Heinlein - Life Line: collection of stories
2026-08-11 20:57:32.491 -04:00 [INFO] Parsed author 205, page 2: 28 eligible row(s).
2026-08-11 20:57:32.500 -04:00 [INFO] Stopped pagination for author 205 after page 2: lowest listed ratings count 871 is below threshold 1000.
2026-08-11 20:57:32.584 -04:00 [INFO] Collected 57 canonical candidate work(s) for 'Robert A. Heinlein'.
2026-08-11 20:57:32.586 -04:00 [DEBUG] GET author 13833684, page 1 (https://www.goodreads.com/author/list/13833684.Zamil_Akhtar)
2026-08-11 20:57:32.691 -04:00 [DEBUG] Excluded [Missing publication year]: Zamil Akhtar - Elder Epoch (Gunmetal Gods, #3)
2026-08-11 20:57:32.694 -04:00 [DEBUG] Excluded [Missing publication year]: Zamil Akhtar - Death Rider (Gunmetal Gods, #0.5)
2026-08-11 20:57:32.704 -04:00 [DEBUG] Excluded [Missing publication year]: Zamil Akhtar - Death Hymns of Homara
2026-08-11 20:57:32.709 -04:00 [DEBUG] Excluded [Contributor-only credit]: Zamil Akhtar - The Anatomy of Fear
2026-08-11 20:57:32.714 -04:00 [DEBUG] Excluded [Contributor-only credit]: Zamil Akhtar - Love Rots in the Dark: Two haunting tales of young love
2026-08-11 20:57:32.723 -04:00 [DEBUG] Excluded [Missing publication year]: Zamil Akhtar - Arabian Nightmares
2026-08-11 20:57:32.727 -04:00 [DEBUG] Excluded [Missing publication year]: Zamil Akhtar - Death Hymns of Homara: A Gunmetal Gods Standalone
2026-08-11 20:57:32.736 -04:00 [INFO] Parsed author 13833684, page 1: 6 eligible row(s).
2026-08-11 20:57:32.741 -04:00 [INFO] Collected 6 canonical candidate work(s) for 'Zamil Akhtar'.
2026-08-11 20:57:33.600 -04:00 [DEBUG] GET author 3706, page 1 (https://www.goodreads.com/author/list/3706.George_Orwell)
2026-08-11 20:57:33.729 -04:00 [DEBUG] Excluded [Missing publication year]: George Orwell - Animal Farm / 1984
2026-08-11 20:57:33.758 -04:00 [DEBUG] Excluded [Missing publication year]: George Orwell - Notes on Nationalism
2026-08-11 20:57:33.769 -04:00 [DEBUG] Excluded [Missing publication year]: George Orwell - Fascism and Democracy
2026-08-11 20:57:33.779 -04:00 [DEBUG] Excluded [Missing publication year]: George Orwell - Animal Farm and Related Readings
2026-08-11 20:57:33.792 -04:00 [DEBUG] Excluded [Omnibus, box set, or multi-work collection]: George Orwell - George Orwell Omnibus: The Complete Novels: Animal Farm, Burmese Days, A Clergyman's Daughter, Coming up for Air, Keep the Aspidistra Flying, and Nineteen Eighty-Four
2026-08-11 20:57:33.799 -04:00 [DEBUG] Excluded [Missing publication year]: George Orwell - 1984 (Nineteen Eighty-Four), Animal Farm, and over 40 Other Works by George Orwell
2026-08-11 20:57:33.824 -04:00 [INFO] Parsed author 3706, page 1: 24 eligible row(s).
2026-08-11 20:57:33.826 -04:00 [INFO] Stopped pagination for author 3706 after page 1: lowest listed ratings count 862 is below threshold 1000.
2026-08-11 20:57:33.838 -04:00 [INFO] Collected 24 canonical candidate work(s) for 'George Orwell'.
2026-08-11 20:57:34.610 -04:00 [DEBUG] GET author 1654, page 1 (https://www.goodreads.com/author/list/1654.Terry_Pratchett)
2026-08-11 20:57:34.792 -04:00 [INFO] Parsed author 1654, page 1: 30 eligible row(s).
2026-08-11 20:57:35.621 -04:00 [DEBUG] GET author 1654, page 2 (https://www.goodreads.com/author/list/1654.Terry_Pratchett?page=2)
2026-08-11 20:57:36.650 -04:00 [INFO] Parsed author 1654, page 2: 30 eligible row(s).
2026-08-11 20:57:36.653 -04:00 [DEBUG] GET author 1654, page 3 (https://www.goodreads.com/author/list/1654.Terry_Pratchett?page=3)
2026-08-11 20:57:37.717 -04:00 [DEBUG] Excluded [Omnibus, box set, or multi-work collection]: Terry Pratchett - The Wee Free Men: The Beginning (Discworld, #30 & #32) (Tiffany Aching #1-2)
2026-08-11 20:57:37.768 -04:00 [INFO] Parsed author 1654, page 3: 29 eligible row(s).
2026-08-11 20:57:37.770 -04:00 [DEBUG] GET author 1654, page 4 (https://www.goodreads.com/author/list/1654.Terry_Pratchett?page=4)
2026-08-11 20:57:38.765 -04:00 [DEBUG] Excluded [Omnibus, box set, or multi-work collection]: Terry Pratchett - Tiffany Aching 4-Book Collection: A Hat Full of Sky / The Wee Free Men / Wintersmith / I Shall Wear Midnight
2026-08-11 20:57:38.769 -04:00 [DEBUG] Excluded [Missing publication year]: Terry Pratchett - Terry Pratchett Collection: Nation / A Hat Full Of Sky / Wintersmith / The Wee Free Men
2026-08-11 20:57:38.775 -04:00 [DEBUG] Excluded [Omnibus, box set, or multi-work collection]: Terry Pratchett - Tiffany Aching Complete 5-Book Collection: The Wee Free Men, A Hat Full of Sky, Wintersmith, I Shall Wear Midnight, The Shepherd's Crown – Epic Witch Fantasy Books from the Discworld Series
2026-08-11 20:57:38.781 -04:00 [DEBUG] Excluded [Missing publication year]: Terry Pratchett - Seriously Funny: The Endlessly Quotable Terry Pratchett
2026-08-11 20:57:38.791 -04:00 [DEBUG] Excluded [Missing publication year]: Terry Pratchett - The Unseen University Cut-Out Book
2026-08-11 20:57:38.802 -04:00 [DEBUG] Excluded [Missing publication year]: Terry Pratchett - Good Omens The Graphic Novel
2026-08-11 20:57:38.816 -04:00 [INFO] Parsed author 1654, page 4: 24 eligible row(s).
2026-08-11 20:57:38.817 -04:00 [INFO] Stopped pagination for author 1654 after page 4: lowest listed ratings count 387 is below threshold 1000.
2026-08-11 20:57:38.842 -04:00 [DEBUG] Excluded [Duplicate title]: Terry Pratchett - Good Omens
2026-08-11 20:57:38.844 -04:00 [DEBUG] Duplicate title 'Good Omens' for 'Terry Pratchett': kept book 12070 with 843234 ratings; discarded 1 lower-priority copy/copies.
2026-08-11 20:57:38.870 -04:00 [INFO] Collected 112 canonical candidate work(s) for 'Terry Pratchett'.
2026-08-11 20:57:38.872 -04:00 [DEBUG] GET author 2687, page 1 (https://www.goodreads.com/author/list/2687.Dan_Simmons)
2026-08-11 20:57:39.013 -04:00 [DEBUG] Excluded [Omnibus, box set, or multi-work collection]: Dan Simmons - The Hyperion Omnibus (Hyperion Cantos, #1-2)
2026-08-11 20:57:39.032 -04:00 [DEBUG] Excluded [Omnibus, box set, or multi-work collection]: Dan Simmons - The Endymion Omnibus (Hyperion Cantos, #3-4)
2026-08-11 20:57:39.111 -04:00 [INFO] Parsed author 2687, page 1: 28 eligible row(s).
2026-08-11 20:57:39.886 -04:00 [DEBUG] GET author 2687, page 2 (https://www.goodreads.com/author/list/2687.Dan_Simmons?page=2)
2026-08-11 20:57:40.878 -04:00 [DEBUG] Excluded [Missing publication year]: Dan Simmons - Hypérion 1
2026-08-11 20:57:40.884 -04:00 [DEBUG] Excluded [Missing publication year]: Dan Simmons - L'Échiquier du mal : Tome 1
2026-08-11 20:57:40.892 -04:00 [DEBUG] Excluded [Missing publication year]: Dan Simmons - L'Échiquier du mal : Tome 2
2026-08-11 20:57:40.900 -04:00 [DEBUG] Excluded [Missing publication year]: Dan Simmons - Ilión I. El asedio
2026-08-11 20:57:40.906 -04:00 [DEBUG] Excluded [Missing publication year]: Dan Simmons - La Chute d'Hypérion 1
2026-08-11 20:57:40.917 -04:00 [DEBUG] Excluded [Missing publication year]: Dan Simmons - La Chute d'Hypérion 2
2026-08-11 20:57:40.922 -04:00 [DEBUG] Excluded [Missing publication year]: Dan Simmons - Olympos: La Guerra degli Immortali (Ilium, #2A)
2026-08-11 20:57:40.929 -04:00 [DEBUG] Excluded [Missing publication year]: Dan Simmons - Olympos: L'Attacco dei Voynix (Ilium, #2B)
2026-08-11 20:57:40.945 -04:00 [DEBUG] Excluded [Missing publication year]: Dan Simmons - Elm Haven
2026-08-11 20:57:40.955 -04:00 [DEBUG] Excluded [Missing publication year]: Dan Simmons - Strvinarska uteha, Središnjica (Strvinarska uteha, #2)
2026-08-11 20:57:40.960 -04:00 [DEBUG] Excluded [Missing publication year]: Dan Simmons - Strvinarska uteha, Završnica (Strvinarska uteha, #3)
2026-08-11 20:57:40.967 -04:00 [DEBUG] Excluded [Missing publication year]: Dan Simmons - Hyperion Cantos Book Series
2026-08-11 20:57:40.971 -04:00 [DEBUG] Excluded [Missing publication year]: Dan Simmons - L'Échiquier du mal - Tome 4/4
2026-08-11 20:57:40.978 -04:00 [DEBUG] Excluded [Missing publication year]: Dan Simmons - L'Échiquier du mal - Tome 3/4
2026-08-11 20:57:40.991 -04:00 [INFO] Parsed author 2687, page 2: 16 eligible row(s).
2026-08-11 20:57:40.993 -04:00 [INFO] Stopped pagination for author 2687 after page 2: lowest listed ratings count 33 is below threshold 1000.
2026-08-11 20:57:41.018 -04:00 [INFO] Collected 44 canonical candidate work(s) for 'Dan Simmons'.
2026-08-11 20:57:41.020 -04:00 [DEBUG] GET author 15862877, page 1 (https://www.goodreads.com/author/list/15862877.Rebecca_Roanhorse)
2026-08-11 20:57:41.150 -04:00 [DEBUG] Excluded [Contributor-only credit]: Rebecca Roanhorse - The Best American Science Fiction and Fantasy 2022
2026-08-11 20:57:41.168 -04:00 [DEBUG] Excluded [Missing publication year]: Rebecca Roanhorse - Untitled (The Sixth World, #3)
2026-08-11 20:57:41.183 -04:00 [DEBUG] Excluded [Missing publication year]: Rebecca Roanhorse - The Takeback Tango
2026-08-11 20:57:41.186 -04:00 [DEBUG] Excluded [Missing publication year]: Rebecca Roanhorse - Untitled (The Sixth World, #4)
2026-08-11 20:57:41.196 -04:00 [DEBUG] Excluded [Missing publication year]: Rebecca Roanhorse - Star Wars the Clone Wars. Historias de luz y oscuridad
2026-08-11 20:57:41.200 -04:00 [DEBUG] Excluded [Missing publication year]: Rebecca Roanhorse - Fevered Star (Between Earth and Sky Book 2)
2026-08-11 20:57:41.204 -04:00 [DEBUG] Excluded [Missing publication year]: Rebecca Roanhorse - Crypt of Shadows #1 (2022) Main cover by Leinil Francis Yu with Rated Comics acrylic backer
2026-08-11 20:57:41.213 -04:00 [DEBUG] Excluded [Missing publication year]: Rebecca Roanhorse - Edge of the Abyss (Star Wars: Reign of the Empire #2)
2026-08-11 20:57:41.220 -04:00 [DEBUG] Excluded [Missing publication year]: Rebecca Roanhorse - Star Wars: Edge of the Abyss
2026-08-11 20:57:41.225 -04:00 [DEBUG] Excluded [Missing publication year]: Rebecca Roanhorse - New Suns: Original Speculative Fiction by People of Color
2026-08-11 20:57:41.236 -04:00 [INFO] Parsed author 15862877, page 1: 20 eligible row(s).
2026-08-11 20:57:41.239 -04:00 [INFO] Stopped pagination for author 15862877 after page 1: lowest listed ratings count 0 is below threshold 1000.
2026-08-11 20:57:41.251 -04:00 [INFO] Collected 20 canonical candidate work(s) for 'Rebecca Roanhorse'.
2026-08-11 20:57:42.048 -04:00 [DEBUG] GET author 13974, page 1 (https://www.goodreads.com/author/list/13974.Mark_Z_Danielewski)
2026-08-11 20:57:42.151 -04:00 [DEBUG] Excluded [Contributor-only credit]: Mark Z. Danielewski - The Poetics of Space
2026-08-11 20:57:42.193 -04:00 [DEBUG] Excluded [Contributor-only credit]: Mark Z. Danielewski - We Dropped a Bomb on You: The Best of Slake I-IV
2026-08-11 20:57:42.197 -04:00 [DEBUG] Excluded [Contributor-only credit]: Mark Z. Danielewski - Conceptualisms: The Anthology of Prose, Poetry, Visual, Found, E- & Hybrid Writing as Contemporary Art
2026-08-11 20:57:42.201 -04:00 [DEBUG] Excluded [Missing publication year]: Mark Z. Danielewski - Mark Z. Danielewski's the Whalestoe Letters by Mark Z. Danielewski, Pelafina H. Lievre (2001) Paperback
2026-08-11 20:57:42.205 -04:00 [DEBUG] Excluded [Missing publication year]: Mark Z. Danielewski - Das Haus
2026-08-11 20:57:42.221 -04:00 [INFO] Parsed author 13974, page 1: 15 eligible row(s).
2026-08-11 20:57:42.229 -04:00 [INFO] Collected 15 canonical candidate work(s) for 'Mark Z. Danielewski'.
2026-08-11 20:57:43.056 -04:00 [DEBUG] GET author 6587, page 1 (https://www.goodreads.com/author/list/6587.Tad_Williams)
2026-08-11 20:57:43.285 -04:00 [DEBUG] Excluded [Missing publication year]: Tad Williams - Siege: To Green Angel Tower, Part 1 (Memory, Sorrow, and Thorn, #3: Part 1)
2026-08-11 20:57:43.312 -04:00 [INFO] Parsed author 6587, page 1: 29 eligible row(s).
2026-08-11 20:57:43.313 -04:00 [INFO] Stopped pagination for author 6587 after page 1: lowest listed ratings count 332 is below threshold 1000.
2026-08-11 20:57:43.330 -04:00 [INFO] Collected 29 canonical candidate work(s) for 'Tad Williams'.
2026-08-11 20:57:44.051 -04:00 [DEBUG] GET author 4, page 1 (https://www.goodreads.com/author/list/4.Douglas_Adams)
2026-08-11 20:57:44.151 -04:00 [DEBUG] Excluded [Omnibus, box set, or multi-work collection]: Douglas Adams - The Ultimate Hitchhiker’s Guide to the Galaxy (Hitchhiker's Guide to the Galaxy, #1-5)
2026-08-11 20:57:44.190 -04:00 [DEBUG] Excluded [Omnibus, box set, or multi-work collection]: Douglas Adams - The Dirk Gently Omnibus (Dirk Gently, #1-2)
2026-08-11 20:57:44.222 -04:00 [DEBUG] Excluded [Missing publication year]: Douglas Adams - Автостопом по галактике: Опять в путь
2026-08-11 20:57:44.230 -04:00 [DEBUG] Excluded [Missing publication year]: Douglas Adams - The Hitchhiker's Guide to the Galaxy, The Complete Radio Series
2026-08-11 20:57:44.245 -04:00 [INFO] Parsed author 4, page 1: 26 eligible row(s).
2026-08-11 20:57:44.247 -04:00 [INFO] Stopped pagination for author 4 after page 1: lowest listed ratings count 139 is below threshold 1000.
2026-08-11 20:57:44.288 -04:00 [INFO] Collected 26 canonical candidate work(s) for 'Douglas Adams'.
2026-08-11 20:57:45.054 -04:00 [DEBUG] GET author 8588, page 1 (https://www.goodreads.com/author/list/8588.Raymond_E_Feist)
2026-08-11 20:57:45.164 -04:00 [DEBUG] Excluded [Omnibus, box set, or multi-work collection]: Raymond E. Feist - Magician (The Riftwar Saga, #1-2)
2026-08-11 20:57:45.210 -04:00 [DEBUG] Excluded [Omnibus, box set, or multi-work collection]: Raymond E. Feist - The Riftwar Saga (The Riftwar Saga, #1-4)
2026-08-11 20:57:45.250 -04:00 [INFO] Parsed author 8588, page 1: 28 eligible row(s).
2026-08-11 20:57:46.056 -04:00 [DEBUG] GET author 8588, page 2 (https://www.goodreads.com/author/list/8588.Raymond_E_Feist?page=2)
2026-08-11 20:57:46.925 -04:00 [DEBUG] Excluded [Omnibus, box set, or multi-work collection]: Raymond E. Feist - The Complete Empire Trilogy: Daughter of the Empire, Mistress of the Empire, Servant of the Empire (The Empire Trilogy, #1-3)
2026-08-11 20:57:46.939 -04:00 [DEBUG] Excluded [Omnibus, box set, or multi-work collection]: Raymond E. Feist - The Serpentwar Saga: The Complete 4-Book Collection
2026-08-11 20:57:46.944 -04:00 [DEBUG] Excluded [Omnibus, box set, or multi-work collection]: Raymond E. Feist - Talon of the Silver Hawk / King of Foxes / Exile's Return (Conclave of Shadows, #1-3)
2026-08-11 20:57:46.951 -04:00 [DEBUG] Excluded [Omnibus, box set, or multi-work collection]: Raymond E. Feist - The Complete Krondor's Sons 2-Book Collection: Prince of the Blood, The King's Buccaneer (Krondor's Sons, #1-2)
2026-08-11 20:57:46.955 -04:00 [DEBUG] Excluded [Omnibus, box set, or multi-work collection]: Raymond E. Feist - Flight of the Nighthawks / Into a Dark Realm / Wrath of a Mad God (The Darkwar Saga, #1-3)
2026-08-11 20:57:46.963 -04:00 [DEBUG] Excluded [Omnibus, box set, or multi-work collection]: Raymond E. Feist - The Chaoswar Saga: A Kingdom Besieged / A Crown Imperilled / Magician's End (The Chaoswar Saga, #1-3)
2026-08-11 20:57:46.966 -04:00 [DEBUG] Excluded [Omnibus, box set, or multi-work collection]: Raymond E. Feist - The Riftwar Legacy: The Complete 4-Book Collection
2026-08-11 20:57:46.971 -04:00 [DEBUG] Excluded [Omnibus, box set, or multi-work collection]: Raymond E. Feist - Rides a Dread Legion / At the Gates of Darkness (The Demonwar Saga, #1-2)
2026-08-11 20:57:46.980 -04:00 [DEBUG] Excluded [Omnibus, box set, or multi-work collection]: Raymond E. Feist - Honoured Enemy / Murder in Lamut / Jimmy the Hand (Legends of the Riftwar, #1-3)
2026-08-11 20:57:46.985 -04:00 [DEBUG] Excluded [Omnibus, box set, or multi-work collection]: Raymond E. Feist - The Riftwar Legacy Box Set (The Riftwar Legacy, #1-3)
2026-08-11 20:57:46.990 -04:00 [DEBUG] Excluded [Omnibus, box set, or multi-work collection]: Raymond E. Feist - Rage of a Demon King/Shadow of a Dark Queen/Rise of a Merchant Prince (The Serpentwar Saga, #1-3)
2026-08-11 20:57:46.997 -04:00 [DEBUG] Excluded [Missing publication year]: Raymond E. Feist - A Serva do Império (Saga do Império, #2 - parte 1/2)
2026-08-11 20:57:47.019 -04:00 [INFO] Parsed author 8588, page 2: 18 eligible row(s).
2026-08-11 20:57:47.020 -04:00 [INFO] Stopped pagination for author 8588 after page 2: lowest listed ratings count 160 is below threshold 1000.
2026-08-11 20:57:47.043 -04:00 [INFO] Collected 46 canonical candidate work(s) for 'Raymond E. Feist'.
2026-08-11 20:57:47.053 -04:00 [DEBUG] GET author 6988, page 1 (https://www.goodreads.com/author/list/6988.Bram_Stoker)
2026-08-11 20:57:47.165 -04:00 [DEBUG] Excluded [Missing publication year]: Bram Stoker - Dracula and Other Horror Classics
2026-08-11 20:57:47.176 -04:00 [DEBUG] Excluded [Missing publication year]: Bram Stoker - Dracula
2026-08-11 20:57:47.187 -04:00 [DEBUG] Excluded [Missing publication year]: Bram Stoker - Classics of Horror: Dracula & Frankenstein
2026-08-11 20:57:47.192 -04:00 [DEBUG] Excluded [Missing publication year]: Bram Stoker - The Burial of the Rats
2026-08-11 20:57:47.204 -04:00 [DEBUG] Excluded [Missing publication year]: Bram Stoker - Manga Classics: Dracula
2026-08-11 20:57:47.210 -04:00 [DEBUG] Excluded [Missing publication year]: Bram Stoker - Dracula & Dracula's Guest
2026-08-11 20:57:47.214 -04:00 [DEBUG] Excluded [Missing publication year]: Bram Stoker - Dracula's Guest and Other Stories
2026-08-11 20:57:47.223 -04:00 [DEBUG] Excluded [Missing publication year]: Bram Stoker - L'ospite di Dracula e altri racconti
2026-08-11 20:57:47.232 -04:00 [DEBUG] Excluded [Missing publication year]: Bram Stoker - Cuentos de Bram Stoker
2026-08-11 20:57:47.255 -04:00 [DEBUG] Excluded [Missing publication year]: Bram Stoker - Drakula
2026-08-11 20:57:47.268 -04:00 [INFO] Parsed author 6988, page 1: 20 eligible row(s).
2026-08-11 20:57:47.270 -04:00 [INFO] Stopped pagination for author 6988 after page 1: lowest listed ratings count 163 is below threshold 1000.
2026-08-11 20:57:47.301 -04:00 [INFO] Collected 20 canonical candidate work(s) for 'Bram Stoker'.
2026-08-11 20:57:48.055 -04:00 [DEBUG] GET author 426944, page 1 (https://www.goodreads.com/author/list/426944.T_H_White)
2026-08-11 20:57:48.159 -04:00 [DEBUG] Excluded [Omnibus, box set, or multi-work collection]: T.H. White - The Once and Future King (The Once and Future King, #1–5)
2026-08-11 20:57:48.184 -04:00 [DEBUG] Excluded [Contributor-only credit]: T.H. White - The Book of Beasts: Being a Translation from a Latin Bestiary of the 12th Century
2026-08-11 20:57:48.190 -04:00 [DEBUG] Excluded [Omnibus, box set, or multi-work collection]: T.H. White - The Witch in the Wood/The Ill-Made Knight (The Once & Future King, #2–3)
2026-08-11 20:57:48.197 -04:00 [DEBUG] Excluded [Omnibus, box set, or multi-work collection]: T.H. White - The Candle in the Wind/The Book of Merlyn (The Once & Future King, #4–5)
2026-08-11 20:57:48.239 -04:00 [DEBUG] Excluded [Missing publication year]: T.H. White - The White/Garnett Letters
2026-08-11 20:57:48.243 -04:00 [DEBUG] Excluded [Missing publication year]: T.H. White - Gone to Ground: Or, the Sporting Decameron
2026-08-11 20:57:48.253 -04:00 [INFO] Parsed author 426944, page 1: 24 eligible row(s).
2026-08-11 20:57:48.255 -04:00 [INFO] Continuing pagination for force-included author 426944 despite a listed ratings count below 1000.
2026-08-11 20:57:49.072 -04:00 [DEBUG] GET author 426944, page 2 (https://www.goodreads.com/author/list/426944.T_H_White?page=2)
2026-08-11 20:57:50.160 -04:00 [DEBUG] Excluded [Missing publication year]: T.H. White - Loved Helen and Other Poems
2026-08-11 20:57:50.166 -04:00 [DEBUG] Excluded [Missing publication year]: T.H. White - Dead Mr. Nixon
2026-08-11 20:57:50.171 -04:00 [DEBUG] Excluded [Missing publication year]: T.H. White - The Once and Future King: The Classic Collection (4 Books). Illustrated: The Sword in the Stone, The Queen of Air and Darkness, The Ill-Made Knight, The Candle in the Wind
2026-08-11 20:57:50.176 -04:00 [DEBUG] Excluded [Missing publication year]: T.H. White - The British at Home
2026-08-11 20:57:50.182 -04:00 [DEBUG] Excluded [Missing publication year]: T.H. White - The Colour Out of Space
2026-08-11 20:57:50.189 -04:00 [DEBUG] Excluded [Missing publication year]: T.H. White - 3-book Fantasy Collection: The Sword in the Stone; The Phantom Tollbooth; Charmed Life
2026-08-11 20:57:50.199 -04:00 [DEBUG] Excluded [Missing publication year]: T.H. White - Tomatoes: Their Varieties, Diseases and Culture
2026-08-11 20:57:50.205 -04:00 [DEBUG] Excluded [Missing publication year]: T.H. White - Into the Great Wonderful
2026-08-11 20:57:50.210 -04:00 [DEBUG] Excluded [Missing publication year]: T.H. White - Camelot ; El libro de Merlín
2026-08-11 20:57:50.214 -04:00 [DEBUG] Excluded [Missing publication year]: T.H. White - The Master
2026-08-11 20:57:50.218 -04:00 [DEBUG] Excluded [Missing publication year]: T.H. White - The Unquiet Mind
2026-08-11 20:57:50.225 -04:00 [DEBUG] Excluded [Missing publication year]: T.H. White - Das Schwert im Stein: Der König auf Camelot 1
2026-08-11 20:57:50.228 -04:00 [DEBUG] Excluded [Missing publication year]: T.H. White - A PILGRIM'S RELIQUARY
2026-08-11 20:57:50.232 -04:00 [DEBUG] Excluded [Missing publication year]: T.H. White - The scandalmonger
2026-08-11 20:57:50.236 -04:00 [DEBUG] Excluded [Missing publication year]: T.H. White - El azor (Ático de los Libros nº 36) (Spanish Edition)
2026-08-11 20:57:50.240 -04:00 [DEBUG] Excluded [Missing publication year]: T.H. White - Mountain Road
2026-08-11 20:57:50.247 -04:00 [DEBUG] Excluded [Missing publication year]: T.H. White - The Sword and the Stone, the Witch and the Wood, 2 vols
2026-08-11 20:57:50.253 -04:00 [DEBUG] Excluded [Missing publication year]: T.H. White - Contes étranges et histoires fantastiques (Langues et langages 17)
2026-08-11 20:57:50.258 -04:00 [DEBUG] Excluded [Missing publication year]: T.H. White - Burke's Steerage; Or, The Amateur Gentleman's Introduction to Noble Sports and Pastimes
2026-08-11 20:57:50.263 -04:00 [DEBUG] Excluded [Missing publication year]: T.H. White - Walt Disney's The Sword in the Stone (A Little Golden Book #D106)
2026-08-11 20:57:50.267 -04:00 [DEBUG] Excluded [Missing publication year]: T.H. White - Spark Notes Once and Future King (Spark Notes) by T. H White (2004-10-14)
2026-08-11 20:57:50.272 -04:00 [DEBUG] Excluded [Missing publication year]: T.H. White - America at Last: The American Journal of T.H.White
2026-08-11 20:57:50.276 -04:00 [DEBUG] Excluded [Missing publication year]: T.H. White - Men, women and Herveys
2026-08-11 20:57:50.282 -04:00 [DEBUG] Excluded [Missing publication year]: T.H. White - Merlyn and me
2026-08-11 20:57:50.288 -04:00 [DEBUG] Excluded [Missing publication year]: T.H. White - La Route de Kun-Ming
2026-08-11 20:57:50.292 -04:00 [DEBUG] Excluded [Missing publication year]: T.H. White - Le Feu sous la cendre
2026-08-11 20:57:50.301 -04:00 [INFO] Parsed author 426944, page 2: 4 eligible row(s).
2026-08-11 20:57:50.304 -04:00 [DEBUG] GET author 426944, page 3 (https://www.goodreads.com/author/list/426944.T_H_White?page=3)
2026-08-11 20:57:51.524 -04:00 [DEBUG] Excluded [Contributor-only credit]: T.H. White - The Oxford Book of English Ghost Stories
2026-08-11 20:57:51.528 -04:00 [DEBUG] Excluded [Contributor-only credit]: T.H. White - Alfred Hitchcock Presents: Stories That Scared Even Me
2026-08-11 20:57:51.534 -04:00 [DEBUG] Excluded [Contributor-only credit]: T.H. White - The Oxford Book of Modern Fairy Tales (Oxford Books of Prose)
2026-08-11 20:57:51.538 -04:00 [DEBUG] Excluded [Contributor-only credit]: T.H. White - Shudder Again: 22 Tales of Sex and Horror
2026-08-11 20:57:51.544 -04:00 [DEBUG] Excluded [Contributor-only credit]: T.H. White - Unicorns!
2026-08-11 20:57:51.548 -04:00 [DEBUG] Excluded [Contributor-only credit]: T.H. White - Modern Classics of Fantasy
2026-08-11 20:57:51.552 -04:00 [DEBUG] Excluded [Contributor-only credit]: T.H. White - Horror Stories
2026-08-11 20:57:51.557 -04:00 [DEBUG] Excluded [Contributor-only credit]: T.H. White - The Penguin Book of the British Short Story, Volume 2: From P.G. Wodehouse to Zadie Smith
2026-08-11 20:57:51.566 -04:00 [DEBUG] Excluded [Contributor-only credit]: T.H. White - Science Fiction Stories
2026-08-11 20:57:51.570 -04:00 [DEBUG] Excluded [Contributor-only credit]: T.H. White - Scream Along With Me: Alfred Hitchcock Presents
2026-08-11 20:57:51.579 -04:00 [DEBUG] Excluded [Contributor-only credit]: T.H. White - 65 Great Tales of Horror
2026-08-11 20:57:51.583 -04:00 [DEBUG] Excluded [Contributor-only credit]: T.H. White - Bestiary!
2026-08-11 20:57:51.588 -04:00 [DEBUG] Excluded [Contributor-only credit]: T.H. White - The Viking Treasury of Children's Stories
2026-08-11 20:57:51.593 -04:00 [DEBUG] Excluded [Contributor-only credit]: T.H. White - The Year's Best Fantasy Stories 5
2026-08-11 20:57:51.598 -04:00 [DEBUG] Excluded [Contributor-only credit]: T.H. White - CliffsNotes on White's the Once and Future King
2026-08-11 20:57:51.606 -04:00 [DEBUG] Excluded [Contributor-only credit]: T.H. White - Ghostly, Grim and Gruesome
2026-08-11 20:57:51.612 -04:00 [DEBUG] Excluded [Contributor-only credit]: T.H. White - Das HobbitBuch
2026-08-11 20:57:51.616 -04:00 [DEBUG] Excluded [Contributor-only credit]: T.H. White - Creepy Creatures
2026-08-11 20:57:51.620 -04:00 [DEBUG] Excluded [Contributor-only credit]: T.H. White - The Big Book of Pets
2026-08-11 20:57:51.625 -04:00 [DEBUG] Excluded [Missing publication year]: T.H. White - Contes étranges et histoires fantastiques (Langues et langages 17)
2026-08-11 20:57:51.632 -04:00 [DEBUG] Excluded [Missing publication year]: T.H. White - Le Feu sous la cendre
2026-08-11 20:57:51.637 -04:00 [DEBUG] Excluded [Missing publication year]: T.H. White - La Route de Kun-Ming
2026-08-11 20:57:51.641 -04:00 [DEBUG] Excluded [Missing publication year]: T.H. White - Merlin l'Enchanteur
2026-08-11 20:57:51.645 -04:00 [DEBUG] Excluded [Missing publication year]: T.H. White - Der König auf Camelot 1/2.
2026-08-11 20:57:51.649 -04:00 [DEBUG] Excluded [Missing publication year]: T.H. White - Merlyn and me
2026-08-11 20:57:51.653 -04:00 [DEBUG] Excluded [Missing publication year]: T.H. White - Men, women and Herveys
2026-08-11 20:57:51.662 -04:00 [DEBUG] Excluded [Missing publication year]: T.H. White - America at Last: The American Journal of T.H.White
2026-08-11 20:57:51.666 -04:00 [DEBUG] Excluded [Missing publication year]: T.H. White - Spark Notes Once and Future King (Spark Notes) by T. H White (2004-10-14)
2026-08-11 20:57:51.669 -04:00 [DEBUG] Excluded [Missing publication year]: T.H. White - Walt Disney's The Sword in the Stone (A Little Golden Book #D106)
2026-08-11 20:57:51.673 -04:00 [DEBUG] Excluded [Missing publication year]: T.H. White - Burke's Steerage; Or, The Amateur Gentleman's Introduction to Noble Sports and Pastimes
2026-08-11 20:57:51.682 -04:00 [INFO] Parsed author 426944, page 3: 0 eligible row(s).
2026-08-11 20:57:51.684 -04:00 [DEBUG] GET author 426944, page 4 (https://www.goodreads.com/author/list/426944.T_H_White?page=4)
2026-08-11 20:57:52.532 -04:00 [DEBUG] Excluded [Contributor-only credit]: T.H. White - Historias de fantasmas de la literatura inglesa II
2026-08-11 20:57:52.540 -04:00 [DEBUG] Excluded [Contributor-only credit]: T.H. White - The Evening Standard Second Book of Strange Stories
2026-08-11 20:57:52.545 -04:00 [DEBUG] Excluded [Missing publication year]: T.H. White - Essential Modern Classics Fantasy Collection: Elidor, The Phantom Tollbooth, The Sword in the Stone
2026-08-11 20:57:52.548 -04:00 [DEBUG] Excluded [Contributor-only credit]: T.H. White - Wise Animals
2026-08-11 20:57:52.552 -04:00 [DEBUG] Excluded [Contributor-only credit]: T.H. White - Ghost stories
2026-08-11 20:57:52.558 -04:00 [DEBUG] Excluded [Contributor-only credit]: T.H. White - Nasty Endings 1
2026-08-11 20:57:52.565 -04:00 [DEBUG] Excluded [Contributor-only credit]: T.H. White - The Book of Merlyn: the Unpublished Conclusion to the Once and Future King
2026-08-11 20:57:52.574 -04:00 [DEBUG] Excluded [Omnibus, box set, or multi-work collection]: T.H. White - Collins Modern Classics Boxed Set
2026-08-11 20:57:52.578 -04:00 [DEBUG] Excluded [Contributor-only credit]: T.H. White - Walt Disney's The Sword in The Stone (Little Golden Book)
2026-08-11 20:57:52.582 -04:00 [DEBUG] Excluded [Missing publication year]: T.H. White - Love Is a Man's Affair
2026-08-11 20:57:52.586 -04:00 [DEBUG] Excluded [Contributor-only credit]: T.H. White - The Book of Beasts
2026-08-11 20:57:52.590 -04:00 [DEBUG] Excluded [Contributor-only credit]: T.H. White - The Age of Scandal (Hardcover)..Sceond Printing
2026-08-11 20:57:52.595 -04:00 [DEBUG] Excluded [Contributor-only credit]: T.H. White - The Book of Beasts : Being a Translation from a Latin Bestiary of the 12th Century(Paperback) - 2010 Edition
2026-08-11 20:57:52.601 -04:00 [DEBUG] Excluded [Contributor-only credit]: T.H. White - Modern Fantasy: The 100 Best Novels, Vol. 1. Illustrated: Gormenghast, The Lion, the Witch and the Wardrobe, Conan the Conqueror, The Haunting of Hill House, The Once and Future King, and Others
2026-08-11 20:57:52.608 -04:00 [INFO] Parsed author 426944, page 4: 0 eligible row(s).
2026-08-11 20:57:52.623 -04:00 [INFO] Collected 28 canonical candidate work(s) for 'T.H. White'.
2026-08-11 20:57:52.689 -04:00 [DEBUG] GET author 3487, page 1 (https://www.goodreads.com/author/list/3487.Aldous_Huxley)
2026-08-11 20:57:52.817 -04:00 [DEBUG] Excluded [Missing publication year]: Aldous Huxley - The Genius and the Goddess: a Novel
2026-08-11 20:57:52.872 -04:00 [INFO] Parsed author 3487, page 1: 29 eligible row(s).
2026-08-11 20:57:52.874 -04:00 [INFO] Stopped pagination for author 3487 after page 1: lowest listed ratings count 266 is below threshold 1000.
2026-08-11 20:57:52.897 -04:00 [INFO] Collected 29 canonical candidate work(s) for 'Aldous Huxley'.
2026-08-11 20:57:53.697 -04:00 [DEBUG] GET author 4575289, page 1 (https://www.goodreads.com/author/list/4575289.Leigh_Bardugo)
2026-08-11 20:57:53.851 -04:00 [DEBUG] Excluded [Omnibus, box set, or multi-work collection]: Leigh Bardugo - The Grisha Trilogy (The Shadow and Bone Trilogy, #1-3)
2026-08-11 20:57:53.858 -04:00 [DEBUG] Excluded [Omnibus, box set, or multi-work collection]: Leigh Bardugo - The Six of Crows Duology Boxed Set (Six of Crows, #1-2)
2026-08-11 20:57:53.868 -04:00 [DEBUG] Excluded [Omnibus, box set, or multi-work collection]: Leigh Bardugo - Shadow and Bone & Siege and Storm (The Shadow and Bone Trilogy, #1-2)
2026-08-11 20:57:53.877 -04:00 [DEBUG] Excluded [Missing publication year]: Leigh Bardugo - Shadow and Bone: Chapters 1-5
2026-08-11 20:57:53.883 -04:00 [DEBUG] Excluded [Missing publication year]: Leigh Bardugo - Siege and Storm: Chapters 1-5
2026-08-11 20:57:53.888 -04:00 [DEBUG] Excluded [Missing publication year]: Leigh Bardugo - Ruin and Rising: Chapter 1
2026-08-11 20:57:53.894 -04:00 [DEBUG] Excluded [Omnibus, box set, or multi-work collection]: Leigh Bardugo - Rule of Wolves & King of Scars Collection 2 Books Set
2026-08-11 20:57:53.898 -04:00 [DEBUG] Excluded [Omnibus, box set, or multi-work collection]: Leigh Bardugo - Leigh Bardugo Collection 7 Books Set
2026-08-11 20:57:53.913 -04:00 [INFO] Parsed author 4575289, page 1: 22 eligible row(s).
2026-08-11 20:57:53.914 -04:00 [INFO] Stopped pagination for author 4575289 after page 1: lowest listed ratings count 521 is below threshold 1000.
2026-08-11 20:57:53.927 -04:00 [INFO] Collected 22 canonical candidate work(s) for 'Leigh Bardugo'.
2026-08-11 20:57:54.721 -04:00 [DEBUG] GET author 239579, page 1 (https://www.goodreads.com/author/list/239579.Charles_Dickens)
2026-08-11 20:57:55.145 -04:00 [DEBUG] Excluded [Missing publication year]: Charles Dickens - The Christmas Books, Volume 1: A Christmas Carol/The Chimes
2026-08-11 20:57:55.158 -04:00 [INFO] Parsed author 239579, page 1: 29 eligible row(s).
2026-08-11 20:57:55.738 -04:00 [DEBUG] GET author 239579, page 2 (https://www.goodreads.com/author/list/239579.Charles_Dickens?page=2)
2026-08-11 20:57:57.987 -04:00 [DEBUG] Excluded [Missing publication year]: Charles Dickens - Little Christmas Carol
2026-08-11 20:57:57.992 -04:00 [DEBUG] Excluded [Missing publication year]: Charles Dickens - Hunted Down
2026-08-11 20:57:58.001 -04:00 [DEBUG] Excluded [Missing publication year]: Charles Dickens - Night Walks
2026-08-11 20:57:58.022 -04:00 [DEBUG] Excluded [Missing publication year]: Charles Dickens - Works of Charles Dickens
2026-08-11 20:57:58.030 -04:00 [DEBUG] Excluded [Missing publication year]: Charles Dickens - A Christmas Carol and Other Stories
2026-08-11 20:57:58.050 -04:00 [DEBUG] Excluded [Missing publication year]: Charles Dickens - Marile speranţe, #1
2026-08-11 20:57:58.058 -04:00 [DEBUG] Excluded [Missing publication year]: Charles Dickens - Sam Mendes Presents: Oliver Twist
2026-08-11 20:57:58.072 -04:00 [INFO] Parsed author 239579, page 2: 23 eligible row(s).
2026-08-11 20:57:58.073 -04:00 [INFO] Stopped pagination for author 239579 after page 2: lowest listed ratings count 519 is below threshold 1000.
2026-08-11 20:57:58.087 -04:00 [DEBUG] Excluded [Duplicate title]: Charles Dickens - A Christmas Carol
2026-08-11 20:57:58.088 -04:00 [DEBUG] Duplicate title 'A Christmas Carol' for 'Charles Dickens': kept book 5326 with 960119 ratings; discarded 1 lower-priority copy/copies.
2026-08-11 20:57:58.107 -04:00 [INFO] Collected 51 canonical candidate work(s) for 'Charles Dickens'.
2026-08-11 20:57:58.111 -04:00 [DEBUG] GET author 874602, page 1 (https://www.goodreads.com/author/list/874602.Ursula_K_Le_Guin)
2026-08-11 20:57:58.237 -04:00 [DEBUG] Excluded [Omnibus, box set, or multi-work collection]: Ursula K. Le Guin - The Earthsea Trilogy (Earthsea Cycle, #1-3)
2026-08-11 20:57:58.243 -04:00 [DEBUG] Excluded [Omnibus, box set, or multi-work collection]: Ursula K. Le Guin - The Earthsea Quartet (Earthsea Cycle, #1-4)
2026-08-11 20:57:58.268 -04:00 [DEBUG] Excluded [Omnibus, box set, or multi-work collection]: Ursula K. Le Guin - The Books of Earthsea (Earthsea Cycle, #1-6)
2026-08-11 20:57:58.278 -04:00 [DEBUG] Excluded [Omnibus, box set, or multi-work collection]: Ursula K. Le Guin - Worlds of Exile and Illusion: Rocannon’s World, Planet of Exile, City of Illusions (Hainish Cycle, #1-3)
2026-08-11 20:57:58.294 -04:00 [INFO] Parsed author 874602, page 1: 26 eligible row(s).
2026-08-11 20:57:59.112 -04:00 [DEBUG] GET author 874602, page 2 (https://www.goodreads.com/author/list/874602.Ursula_K_Le_Guin?page=2)
2026-08-11 20:57:59.979 -04:00 [DEBUG] Excluded [Omnibus, box set, or multi-work collection]: Ursula K. Le Guin - Historias de Terramar I: Un mago en Terramar / Las Tumbas de Atuan (Historias de Terramar, #1-2)
2026-08-11 20:57:59.996 -04:00 [INFO] Parsed author 874602, page 2: 29 eligible row(s).
2026-08-11 20:58:00.116 -04:00 [DEBUG] GET author 874602, page 3 (https://www.goodreads.com/author/list/874602.Ursula_K_Le_Guin?page=3)
2026-08-11 20:58:01.076 -04:00 [DEBUG] Excluded [Missing publication year]: Ursula K. Le Guin - Lao Tzu: Tao Te Ching
2026-08-11 20:58:01.083 -04:00 [DEBUG] Excluded [Omnibus, box set, or multi-work collection]: Ursula K. Le Guin - Tales From Earthsea & The Other Wind (Earthsea Cycle, #5-6)
2026-08-11 20:58:01.091 -04:00 [DEBUG] Excluded [Missing publication year]: Ursula K. Le Guin - Rocannon's World / Planet of Exile / City of Illusions / The Left Hand of Darkness
2026-08-11 20:58:01.097 -04:00 [DEBUG] Excluded [Missing publication year]: Ursula K. Le Guin - Ursula K. Le Guin's Book of Cats
2026-08-11 20:58:01.159 -04:00 [INFO] Parsed author 874602, page 3: 26 eligible row(s).
2026-08-11 20:58:01.161 -04:00 [INFO] Stopped pagination for author 874602 after page 3: lowest listed ratings count 308 is below threshold 1000.
2026-08-11 20:58:01.204 -04:00 [INFO] Collected 81 canonical candidate work(s) for 'Ursula K. Le Guin'.
2026-08-11 20:58:01.207 -04:00 [DEBUG] GET author 5194, page 1 (https://www.goodreads.com/author/list/5194.Michael_Crichton)
2026-08-11 20:58:01.399 -04:00 [INFO] Parsed author 5194, page 1: 30 eligible row(s).
2026-08-11 20:58:01.400 -04:00 [INFO] Stopped pagination for author 5194 after page 1: lowest listed ratings count 0 is below threshold 1000.
2026-08-11 20:58:01.418 -04:00 [INFO] Collected 30 canonical candidate work(s) for 'Michael Crichton'.
2026-08-11 20:58:02.220 -04:00 [DEBUG] GET author 13026, page 1 (https://www.goodreads.com/author/list/13026.Glen_Cook)
2026-08-11 20:58:02.337 -04:00 [DEBUG] Excluded [Omnibus, box set, or multi-work collection]: Glen Cook - Chronicles of the Black Company (The Chronicles of the Black Company, #1-3)
2026-08-11 20:58:02.363 -04:00 [DEBUG] Excluded [Omnibus, box set, or multi-work collection]: Glen Cook - The Many Deaths of the Black Company (The Chronicles of the Black Company, #8-9)
2026-08-11 20:58:02.367 -04:00 [DEBUG] Excluded [Omnibus, box set, or multi-work collection]: Glen Cook - The Return of the Black Company (The Chronicles of the Black Company, #6-7)
2026-08-11 20:58:02.413 -04:00 [DEBUG] Excluded [Omnibus, box set, or multi-work collection]: Glen Cook - A Cruel Wind (Dread Empire, #1-3)
2026-08-11 20:58:02.424 -04:00 [INFO] Parsed author 13026, page 1: 26 eligible row(s).
2026-08-11 20:58:03.221 -04:00 [DEBUG] GET author 13026, page 2 (https://www.goodreads.com/author/list/13026.Glen_Cook?page=2)
2026-08-11 20:58:04.174 -04:00 [DEBUG] Excluded [Omnibus, box set, or multi-work collection]: Glen Cook - A Fortress in Shadow (Dread Empire, #4-5)
2026-08-11 20:58:04.179 -04:00 [DEBUG] Excluded [Omnibus, box set, or multi-work collection]: Glen Cook - The Garrett Files (Garrett P.I., #1-3)
2026-08-11 20:58:04.205 -04:00 [DEBUG] Excluded [Omnibus, box set, or multi-work collection]: Glen Cook - Garrett, P.I. (Old Tin Sorrows/ Dread Brass Shadows/ Red Iron Nights, #4-6)
2026-08-11 20:58:04.215 -04:00 [DEBUG] Excluded [Omnibus, box set, or multi-work collection]: Glen Cook - Darkwar (Darkwar #1-3)
2026-08-11 20:58:04.220 -04:00 [DEBUG] Excluded [Omnibus, box set, or multi-work collection]: Glen Cook - Garrett for Hire (Garrett Files, #7-9)
2026-08-11 20:58:04.240 -04:00 [DEBUG] Excluded [Omnibus, box set, or multi-work collection]: Glen Cook - Annals of the Black Company (Chronicles of The Black Company #1-9)
2026-08-11 20:58:04.252 -04:00 [INFO] Parsed author 13026, page 2: 24 eligible row(s).
2026-08-11 20:58:04.255 -04:00 [INFO] Stopped pagination for author 13026 after page 2: lowest listed ratings count 243 is below threshold 1000.
2026-08-11 20:58:04.278 -04:00 [INFO] Collected 50 canonical candidate work(s) for 'Glen Cook'.
2026-08-11 20:58:04.280 -04:00 [DEBUG] GET author 10029, page 1 (https://www.goodreads.com/author/list/10029.Colson_Whitehead)
2026-08-11 20:58:04.419 -04:00 [DEBUG] Excluded [Contributor-only credit]: Colson Whitehead - Beastie Boys Book
2026-08-11 20:58:04.458 -04:00 [DEBUG] Excluded [Contributor-only credit]: Colson Whitehead - Agony
2026-08-11 20:58:04.467 -04:00 [DEBUG] Excluded [Contributor-only credit]: Colson Whitehead - Get Your War On
2026-08-11 20:58:04.475 -04:00 [DEBUG] Excluded [Contributor-only credit]: Colson Whitehead - The Mysterious Bookshop Presents the Best Mystery Stories of the Year 2022
2026-08-11 20:58:04.480 -04:00 [DEBUG] Excluded [Contributor-only credit]: Colson Whitehead - New York stories
2026-08-11 20:58:04.493 -04:00 [DEBUG] Excluded [Missing publication year]: Colson Whitehead - The Underground Railroad / The Nickel Boys
2026-08-11 20:58:04.503 -04:00 [DEBUG] Excluded [Missing publication year]: Colson Whitehead - The Nickel Boys / The Underground Railroad / The Colossus of New York
2026-08-11 20:58:04.522 -04:00 [DEBUG] Excluded [Missing publication year]: Colson Whitehead - The Nickel Boys / The Underground Railroad / The Intuitionist / The Colossus of New York / Apex Hides the Hurt
2026-08-11 20:58:04.529 -04:00 [DEBUG] Excluded [Missing publication year]: Colson Whitehead - Cool Machine
2026-08-11 20:58:04.534 -04:00 [DEBUG] Excluded [Missing publication year]: Colson Whitehead - The Nickel Boys / The Underground Railroad / Apex Hides The Hurt
2026-08-11 20:58:04.554 -04:00 [DEBUG] Excluded [Omnibus, box set, or multi-work collection]: Colson Whitehead - Colson Whitehead Bestselling 4 Books Set - The Nickel Boys, The Underground Railroad, Harlem Shuffle, Crook Manifesto
2026-08-11 20:58:04.560 -04:00 [DEBUG] Excluded [Missing publication year]: Colson Whitehead - Electric Literature Aloud! 10 Short Stories from America's Best Writers
2026-08-11 20:58:04.564 -04:00 [DEBUG] Excluded [Omnibus, box set, or multi-work collection]: Colson Whitehead - Colson Whitehead Collection 3 Books Set
2026-08-11 20:58:04.568 -04:00 [DEBUG] Excluded [Omnibus, box set, or multi-work collection]: Colson Whitehead - Ray Carney Series 2 Books Collection Set By Colson Whitehead
2026-08-11 20:58:04.576 -04:00 [DEBUG] Excluded [Missing publication year]: Colson Whitehead - La Règle du crime
2026-08-11 20:58:04.582 -04:00 [DEBUG] Excluded [Missing publication year]: Colson Whitehead - Nas Ruas De Sag Harbor - Um Romance De Formação Sobre Raça, Classe E Masculinidade Do Vencedor
2026-08-11 20:58:04.586 -04:00 [DEBUG] Excluded [Omnibus, box set, or multi-work collection]: Colson Whitehead - The Harlem Trilogy 3 Books Collection Set By Colson Whitehead
2026-08-11 20:58:04.595 -04:00 [INFO] Parsed author 10029, page 1: 13 eligible row(s).
2026-08-11 20:58:04.597 -04:00 [INFO] Stopped pagination for author 10029 after page 1: lowest listed ratings count 0 is below threshold 1000.
2026-08-11 20:58:04.606 -04:00 [INFO] Collected 13 canonical candidate work(s) for 'Colson Whitehead'.
2026-08-11 20:58:05.295 -04:00 [DEBUG] GET author 8347, page 1 (https://www.goodreads.com/author/list/8347.Garth_Nix)
2026-08-11 20:58:05.446 -04:00 [DEBUG] Excluded [Omnibus, box set, or multi-work collection]: Garth Nix - The Abhorsen Trilogy Box Set (Abhorsen, #1-3)
2026-08-11 20:58:05.495 -04:00 [INFO] Parsed author 8347, page 1: 29 eligible row(s).
2026-08-11 20:58:06.312 -04:00 [DEBUG] GET author 8347, page 2 (https://www.goodreads.com/author/list/8347.Garth_Nix?page=2)
2026-08-11 20:58:07.241 -04:00 [DEBUG] Excluded [Omnibus, box set, or multi-work collection]: Garth Nix - The Seventh Tower (The Seventh Tower, #1-3)
2026-08-11 20:58:07.249 -04:00 [DEBUG] Excluded [Omnibus, box set, or multi-work collection]: Garth Nix - The Seventh Tower (The Seventh Tower #4-6)
2026-08-11 20:58:07.262 -04:00 [DEBUG] Excluded [Omnibus, box set, or multi-work collection]: Garth Nix - The Abhorsen Chronicles (The Abhorsen Trilogy, #1-3.5)
2026-08-11 20:58:07.276 -04:00 [DEBUG] Excluded [Omnibus, box set, or multi-work collection]: Garth Nix - The Seventh Tower Collection (The Seventh Tower, #1-6)
2026-08-11 20:58:07.280 -04:00 [DEBUG] Excluded [Omnibus, box set, or multi-work collection]: Garth Nix - Mister Monday, Grim Tuesday, Drowned Wednesday, and Sir Thursday (The Keys to the Kingdom, #1-4)
2026-08-11 20:58:07.316 -04:00 [DEBUG] Excluded [Omnibus, box set, or multi-work collection]: Garth Nix - Garth Nix 4 Books Collection Set (Abhorsen 1-3)
2026-08-11 20:58:07.325 -04:00 [DEBUG] Excluded [Omnibus, box set, or multi-work collection]: Garth Nix - The Old Kingdom Series Books 1 - 5 Collection Box Set by Garth Nix
2026-08-11 20:58:07.339 -04:00 [INFO] Parsed author 8347, page 2: 23 eligible row(s).
2026-08-11 20:58:07.341 -04:00 [INFO] Stopped pagination for author 8347 after page 2: lowest listed ratings count 108 is below threshold 1000.
2026-08-11 20:58:07.366 -04:00 [INFO] Collected 52 canonical candidate work(s) for 'Garth Nix'.
2026-08-11 20:58:07.368 -04:00 [DEBUG] GET author 9629, page 1 (https://www.goodreads.com/author/list/9629.Terry_Brooks)
2026-08-11 20:58:07.496 -04:00 [DEBUG] Excluded [Omnibus, box set, or multi-work collection]: Terry Brooks - The Sword of Shannara Trilogy (Shannara, #1-3)
2026-08-11 20:58:07.559 -04:00 [INFO] Parsed author 9629, page 1: 29 eligible row(s).
2026-08-11 20:58:08.370 -04:00 [DEBUG] GET author 9629, page 2 (https://www.goodreads.com/author/list/9629.Terry_Brooks?page=2)
2026-08-11 20:58:09.160 -04:00 [DEBUG] Excluded [Omnibus, box set, or multi-work collection]: Terry Brooks - The Heritage of Shannara (Heritage of Shannara, #1-4)
2026-08-11 20:58:09.166 -04:00 [DEBUG] Excluded [Omnibus, box set, or multi-work collection]: Terry Brooks - The Voyage of the Jerle Shannara Trilogy (Voyage of the Jerle Shannara, #1-3)
2026-08-11 20:58:09.181 -04:00 [DEBUG] Excluded [Omnibus, box set, or multi-work collection]: Terry Brooks - The Magic Kingdom of Landover, Volume 1 (Magic Kingdom of Landover, #1-3)
2026-08-11 20:58:09.232 -04:00 [DEBUG] Excluded [Omnibus, box set, or multi-work collection]: Terry Brooks - The Magic Kingdom of Landover, Volume 2 (Magic Kingdom of Landover, #4-5)
2026-08-11 20:58:09.246 -04:00 [INFO] Parsed author 9629, page 2: 26 eligible row(s).
2026-08-11 20:58:09.380 -04:00 [DEBUG] GET author 9629, page 3 (https://www.goodreads.com/author/list/9629.Terry_Brooks?page=3)
2026-08-11 20:58:10.201 -04:00 [DEBUG] Excluded [Omnibus, box set, or multi-work collection]: Terry Brooks - The Word and the Void Omnibus
2026-08-11 20:58:10.216 -04:00 [DEBUG] Excluded [Missing publication year]: Terry Brooks - Sister of Starlit Seas (Viridian Deep #3)
2026-08-11 20:58:10.228 -04:00 [DEBUG] Excluded [Omnibus, box set, or multi-work collection]: Terry Brooks - The Dark Legacy of Shannara Trilogy (The Dark Legacy of Shannara #1-3)
2026-08-11 20:58:10.232 -04:00 [DEBUG] Excluded [Omnibus, box set, or multi-work collection]: Terry Brooks - Terry Brooks Landover CD Collection (Magic Kingdom of Landover, #1-5)
2026-08-11 20:58:10.245 -04:00 [DEBUG] Excluded [Omnibus, box set, or multi-work collection]: Terry Brooks - Genesis of Shannara Series (Genesis of Shannara #1-3)
2026-08-11 20:58:10.249 -04:00 [DEBUG] Excluded [Missing publication year]: Terry Brooks - Shannara V. Die Schatten / Die Elfenkönigin / Die Verfolgten (Heritage of Shannara, #2)
2026-08-11 20:58:10.254 -04:00 [DEBUG] Excluded [Missing publication year]: Terry Brooks - the Elfstones of Shanara
2026-08-11 20:58:10.259 -04:00 [DEBUG] Excluded [Contributor-only credit]: Terry Brooks - Myths & Magic: The Complete Fantasy Reference.
2026-08-11 20:58:10.264 -04:00 [DEBUG] Excluded [Missing publication year]: Terry Brooks - Мечът на Шанара. Част 1
2026-08-11 20:58:10.270 -04:00 [DEBUG] Excluded [Omnibus, box set, or multi-work collection]: Terry Brooks - The Defenders of Shannara Series (The Defenders of Shannara #1-3)
2026-08-11 20:58:10.280 -04:00 [DEBUG] Excluded [Omnibus, box set, or multi-work collection]: Terry Brooks - The Fall of Shannara Collection Set: The Black Elfstone, The Skaar Invasion, The Sorcerer's Daughter
2026-08-11 20:58:10.286 -04:00 [DEBUG] Excluded [Missing publication year]: Terry Brooks - Der Erbe von Shannara (The Original Shannara Trilogy, #1, part 3 of 3)
2026-08-11 20:58:10.296 -04:00 [DEBUG] Excluded [Omnibus, box set, or multi-work collection]: Terry Brooks - Landover Series, Books 1-2: Magic Kingdom for Sale - Sold!; The Black Unicorn
2026-08-11 20:58:10.303 -04:00 [DEBUG] Excluded [Missing publication year]: Terry Brooks - Aftermath
2026-08-11 20:58:10.310 -04:00 [DEBUG] Excluded [Missing publication year]: Terry Brooks - Shock by Cook, Robin published by Thorndike Press Hardcover
2026-08-11 20:58:10.317 -04:00 [DEBUG] Excluded [Missing publication year]: Terry Brooks - The Sword of Shanarra and Elfstones of Shanarra
2026-08-11 20:58:10.331 -04:00 [INFO] Parsed author 9629, page 3: 14 eligible row(s).
2026-08-11 20:58:10.334 -04:00 [INFO] Stopped pagination for author 9629 after page 3: lowest listed ratings count 27 is below threshold 1000.
2026-08-11 20:58:10.381 -04:00 [INFO] Collected 69 canonical candidate work(s) for 'Terry Brooks'.
2026-08-11 20:58:10.383 -04:00 [DEBUG] GET author 2916869, page 1 (https://www.goodreads.com/author/list/2916869.Robert_Jackson_Bennett)
2026-08-11 20:58:10.524 -04:00 [DEBUG] Excluded [Contributor-only credit]: Robert Jackson Bennett - Dark Duets: All-new Tales of Horror and Dark Fantasy
2026-08-11 20:58:10.535 -04:00 [DEBUG] Excluded [Contributor-only credit]: Robert Jackson Bennett - Subterranean Magazine Summer 2012
2026-08-11 20:58:10.539 -04:00 [DEBUG] Excluded [Contributor-only credit]: Robert Jackson Bennett - Clarkesworld Magazine, Issue 64, January 2012
2026-08-11 20:58:10.543 -04:00 [DEBUG] Excluded [Contributor-only credit]: Robert Jackson Bennett - Lightspeed Magazine, March 2014
2026-08-11 20:58:10.547 -04:00 [DEBUG] Excluded [Contributor-only credit]: Robert Jackson Bennett - Broken Time Blues: Fantastic Tales in the Roaring ‘20s
2026-08-11 20:58:10.550 -04:00 [DEBUG] Excluded [Omnibus, box set, or multi-work collection]: Robert Jackson Bennett - Founders Trilogy Series 2 Books Collection Set
2026-08-11 20:58:10.557 -04:00 [DEBUG] Excluded [Missing publication year]: Robert Jackson Bennett - The Founders Trilogy
2026-08-11 20:58:10.561 -04:00 [DEBUG] Excluded [Omnibus, box set, or multi-work collection]: Robert Jackson Bennett - Robert Jackson Bennett 2 Books Collection Set
2026-08-11 20:58:10.565 -04:00 [DEBUG] Excluded [Missing publication year]: Robert Jackson Bennett - Magic & Mystery
2026-08-11 20:58:10.569 -04:00 [DEBUG] Excluded [Contributor-only credit]: Robert Jackson Bennett - Thy Kingdom Come
2026-08-11 20:58:10.573 -04:00 [DEBUG] Excluded [Omnibus, box set, or multi-work collection]: Robert Jackson Bennett - Shadow of the Leviathan Series 2 Books Set by Robert Jackson Bennett – The Tainted Cup & A Drop of Corruption
2026-08-11 20:58:10.576 -04:00 [DEBUG] Excluded [Omnibus, box set, or multi-work collection]: Robert Jackson Bennett - Series 2-Book Hardcover Collection Set by Robert Jackson Bennett
2026-08-11 20:58:10.587 -04:00 [INFO] Parsed author 2916869, page 1: 18 eligible row(s).
2026-08-11 20:58:10.589 -04:00 [INFO] Stopped pagination for author 2916869 after page 1: lowest listed ratings count 0 is below threshold 1000.
2026-08-11 20:58:10.599 -04:00 [INFO] Collected 18 canonical candidate work(s) for 'Robert Jackson Bennett'.
2026-08-11 20:58:11.386 -04:00 [DEBUG] GET author 6524620, page 1 (https://www.goodreads.com/author/list/6524620.Brian_McClellan)
2026-08-11 20:58:11.550 -04:00 [DEBUG] Excluded [Missing publication year]: Brian McClellan - Montego (Glass Immortals #0.5)
2026-08-11 20:58:11.555 -04:00 [DEBUG] Excluded [Missing publication year]: Brian McClellan - The Powder Mage Trilogy: Promise of Blood, The Crimson Campaign, The Autumn Republic
2026-08-11 20:58:11.561 -04:00 [DEBUG] Excluded [Missing publication year]: Brian McClellan - The Powder Mage Novella Collection #1: Stories from the Powder Mage Universe
2026-08-11 20:58:11.565 -04:00 [DEBUG] Excluded [Missing publication year]: Brian McClellan - Swords, Cider, and Other Distractions (Glass Immortals #0.6)
2026-08-11 20:58:11.574 -04:00 [DEBUG] Excluded [Missing publication year]: Brian McClellan - Mr. Styke (Gods of Blood and Powder, #3.5)
2026-08-11 20:58:11.579 -04:00 [DEBUG] Excluded [Missing publication year]: Brian McClellan - Sługa Korony (Prochowy mag, #0.1-#0.8, #1.5)
2026-08-11 20:58:11.583 -04:00 [DEBUG] Excluded [Missing publication year]: Brian McClellan - In the Shadow of Lightning Sneak Peek
2026-08-11 20:58:11.587 -04:00 [DEBUG] Excluded [Omnibus, box set, or multi-work collection]: Brian McClellan - Gods of Blood and Powder (1-3) Collection 3 Books Set By Brian McClellan (Sins of Empire, Wrath of Empire, Blood of Empire)
2026-08-11 20:58:11.603 -04:00 [INFO] Parsed author 6524620, page 1: 22 eligible row(s).
2026-08-11 20:58:11.605 -04:00 [INFO] Stopped pagination for author 6524620 after page 1: lowest listed ratings count 21 is below threshold 1000.
2026-08-11 20:58:11.617 -04:00 [INFO] Collected 22 canonical candidate work(s) for 'Brian McClellan'.
2026-08-11 20:58:12.386 -04:00 [DEBUG] GET author 16218, page 1 (https://www.goodreads.com/author/list/16218.Christopher_Moore)
2026-08-11 20:58:12.555 -04:00 [DEBUG] Excluded [Missing publication year]: Christopher Moore - Coyote Moon
2026-08-11 20:58:12.559 -04:00 [DEBUG] Excluded [Omnibus, box set, or multi-work collection]: Christopher Moore - Christopher Moore- 2 Book Set: "A Dirty Job", "Fool".
2026-08-11 20:58:12.562 -04:00 [DEBUG] Excluded [Missing publication year]: Christopher Moore - The Bipartisan Circus: How Clowns from Both Sides Keep Robbing the Concession Stand
2026-08-11 20:58:12.566 -04:00 [DEBUG] Excluded [Missing publication year]: Christopher Moore - A Dirty Job
2026-08-11 20:58:12.570 -04:00 [DEBUG] Excluded [Missing publication year]: Christopher Moore - Christopher Moore - Fool, The Serpent of Venice and More Mixed Hardcover and Paperback
2026-08-11 20:58:12.578 -04:00 [DEBUG] Excluded [Missing publication year]: Christopher Moore - 3 pbs: Practical Demonkeeping - The Lust Lizard of Melancholy Cove - Bloodsucking Fiends A Love Story
2026-08-11 20:58:12.589 -04:00 [INFO] Parsed author 16218, page 1: 24 eligible row(s).
2026-08-11 20:58:12.591 -04:00 [INFO] Stopped pagination for author 16218 after page 1: lowest listed ratings count 3 is below threshold 1000.
2026-08-11 20:58:12.604 -04:00 [INFO] Collected 24 canonical candidate work(s) for 'Christopher Moore'.
2026-08-11 20:58:13.386 -04:00 [DEBUG] GET author 4763, page 1 (https://www.goodreads.com/author/list/4763.John_Scalzi)
2026-08-11 20:58:13.619 -04:00 [INFO] Parsed author 4763, page 1: 30 eligible row(s).
2026-08-11 20:58:14.387 -04:00 [DEBUG] GET author 4763, page 2 (https://www.goodreads.com/author/list/4763.John_Scalzi?page=2)
2026-08-11 20:58:15.213 -04:00 [DEBUG] Excluded [Contributor-only credit]: John Scalzi - METAtropolis: The Dawn of Uncivilization
2026-08-11 20:58:15.263 -04:00 [DEBUG] Excluded [Omnibus, box set, or multi-work collection]: John Scalzi - Old Man's War Boxed Set #1 (Old Man's War, #1-3)
2026-08-11 20:58:15.279 -04:00 [INFO] Parsed author 4763, page 2: 28 eligible row(s).
2026-08-11 20:58:15.280 -04:00 [INFO] Stopped pagination for author 4763 after page 2: lowest listed ratings count 953 is below threshold 1000.
2026-08-11 20:58:15.311 -04:00 [INFO] Collected 58 canonical candidate work(s) for 'John Scalzi'.
2026-08-11 20:58:15.384 -04:00 [DEBUG] GET author 5073330, page 1 (https://www.goodreads.com/author/list/5073330.T_J_Klune)
2026-08-11 20:58:15.580 -04:00 [INFO] Parsed author 5073330, page 1: 30 eligible row(s).
2026-08-11 20:58:16.386 -04:00 [DEBUG] GET author 5073330, page 2 (https://www.goodreads.com/author/list/5073330.T_J_Klune?page=2)
2026-08-11 20:58:17.162 -04:00 [DEBUG] Excluded [Omnibus, box set, or multi-work collection]: T.J. Klune - Zombie Boyz (Zombie Boyz, #1-3)
2026-08-11 20:58:17.166 -04:00 [DEBUG] Excluded [Missing publication year]: T.J. Klune - In the Lives of Puppets / Under the Whispering Door / House in the Cerulean Sea
2026-08-11 20:58:17.171 -04:00 [DEBUG] Excluded [Missing publication year]: T.J. Klune - The Stars Look Like Home
2026-08-11 20:58:17.200 -04:00 [DEBUG] Excluded [Omnibus, box set, or multi-work collection]: T.J. Klune - Green Creek 2 Book Set: Wolfsong & Ravensong
2026-08-11 20:58:17.211 -04:00 [DEBUG] Excluded [Missing publication year]: T.J. Klune - Pack La casa en el mar más azul + En algún lugar del mar más azul: La casa en el mar más azul + En algún lugar del mar más azul
2026-08-11 20:58:17.216 -04:00 [DEBUG] Excluded [Missing publication year]: T.J. Klune - Tales from Verania Book 6
2026-08-11 20:58:17.225 -04:00 [DEBUG] Excluded [Missing publication year]: T.J. Klune - The Complete Extraordinaries Series: The Extraordinaries, Flash Fire, Heat Wave
2026-08-11 20:58:17.236 -04:00 [DEBUG] Excluded [Omnibus, box set, or multi-work collection]: T.J. Klune - TJ Klune Bestseller 4-Book Paperback Collection Set: The House in the Cerulean Sea, Under the Whispering Door, The Bones Beneath My Skin, Somewhere Beyond the Sea – Heartwarming Fantasy + Fiction & Magical Realism
2026-08-11 20:58:17.247 -04:00 [INFO] Parsed author 5073330, page 2: 22 eligible row(s).
2026-08-11 20:58:17.248 -04:00 [INFO] Stopped pagination for author 5073330 after page 2: lowest listed ratings count 4 is below threshold 1000.
2026-08-11 20:58:17.275 -04:00 [INFO] Collected 52 canonical candidate work(s) for 'T.J. Klune'.
2026-08-11 20:58:17.386 -04:00 [DEBUG] GET author 589, page 1 (https://www.goodreads.com/author/list/589.Orson_Scott_Card)
2026-08-11 20:58:17.571 -04:00 [INFO] Parsed author 589, page 1: 30 eligible row(s).
2026-08-11 20:58:18.395 -04:00 [DEBUG] GET author 589, page 2 (https://www.goodreads.com/author/list/589.Orson_Scott_Card?page=2)
2026-08-11 20:58:19.183 -04:00 [DEBUG] Excluded [Omnibus, box set, or multi-work collection]: Orson Scott Card - The Worthing Saga (Worthing, #1-3)
2026-08-11 20:58:19.222 -04:00 [DEBUG] Excluded [Omnibus, box set, or multi-work collection]: Orson Scott Card - The Ender Quartet Box Set (The Ender Quintet, #1-4)
2026-08-11 20:58:19.260 -04:00 [INFO] Parsed author 589, page 2: 28 eligible row(s).
2026-08-11 20:58:19.396 -04:00 [DEBUG] GET author 589, page 3 (https://www.goodreads.com/author/list/589.Orson_Scott_Card?page=3)
2026-08-11 20:58:20.201 -04:00 [DEBUG] Excluded [Contributor-only credit]: Orson Scott Card - Masterpieces: The Best Science Fiction of the Twentieth Century
2026-08-11 20:58:20.213 -04:00 [DEBUG] Excluded [Omnibus, box set, or multi-work collection]: Orson Scott Card - Beyond Ender's Game: Speaker for the Dead, Xenocide, Children of the Mind (Ender's Saga, #2-4)
2026-08-11 20:58:20.225 -04:00 [DEBUG] Excluded [Omnibus, box set, or multi-work collection]: Orson Scott Card - Ender's War (The Ender Quintet, #1-2)
2026-08-11 20:58:20.237 -04:00 [DEBUG] Excluded [Omnibus, box set, or multi-work collection]: Orson Scott Card - The Ender's Shadow Series Box Set (Shadow #1-4)
2026-08-11 20:58:20.260 -04:00 [DEBUG] Excluded [Contributor-only credit]: Orson Scott Card - Ender's World: Fresh Perspectives on the SF Classic Ender's Game
2026-08-11 20:58:20.265 -04:00 [DEBUG] Excluded [Omnibus, box set, or multi-work collection]: Orson Scott Card - Alvin Wandering (Tales of Alvin Maker, #4-5)
2026-08-11 20:58:20.281 -04:00 [DEBUG] Excluded [Omnibus, box set, or multi-work collection]: Orson Scott Card - Hatrack River (Tales of Alvin Maker, #1-3)
2026-08-11 20:58:20.294 -04:00 [INFO] Parsed author 589, page 3: 23 eligible row(s).
2026-08-11 20:58:20.296 -04:00 [INFO] Stopped pagination for author 589 after page 3: lowest listed ratings count 532 is below threshold 1000.
2026-08-11 20:58:20.333 -04:00 [INFO] Collected 81 canonical candidate work(s) for 'Orson Scott Card'.
2026-08-11 20:58:20.403 -04:00 [DEBUG] GET author 1069006, page 1 (https://www.goodreads.com/author/list/1069006.C_S_Lewis)
2026-08-11 20:58:20.512 -04:00 [DEBUG] Excluded [Omnibus, box set, or multi-work collection]: C.S. Lewis - The Chronicles of Narnia (The Chronicles of Narnia, #1-7)
2026-08-11 20:58:20.567 -04:00 [DEBUG] Excluded [Contributor-only credit]: C.S. Lewis - The Last Battle (Radio Theatre's Chronicles of Narnia, #7)
2026-08-11 20:58:20.584 -04:00 [DEBUG] Excluded [Omnibus, box set, or multi-work collection]: C.S. Lewis - The Magician's Nephew / The Lion, The Witch and the Wardrobe / The Horse and His Boy (The Chronicles of Narnia Set #1-3)
2026-08-11 20:58:20.599 -04:00 [INFO] Parsed author 1069006, page 1: 27 eligible row(s).
2026-08-11 20:58:21.394 -04:00 [DEBUG] GET author 1069006, page 2 (https://www.goodreads.com/author/list/1069006.C_S_Lewis?page=2)
2026-08-11 20:58:22.433 -04:00 [DEBUG] Excluded [Missing publication year]: C.S. Lewis - The Case for Christianity
2026-08-11 20:58:22.459 -04:00 [DEBUG] Excluded [Omnibus, box set, or multi-work collection]: C.S. Lewis - The Chronicles of Narnia Complete 7-Book Collection: All 7 Books Plus Bonus Book: Boxen
2026-08-11 20:58:22.521 -04:00 [DEBUG] Excluded [Missing publication year]: C.S. Lewis - How to Pray: Reflections and Essays
2026-08-11 20:58:22.529 -04:00 [DEBUG] Excluded [Missing publication year]: C.S. Lewis - The Abolition of Man & The Great Divorce
2026-08-11 20:58:22.566 -04:00 [DEBUG] Excluded [Missing publication year]: C.S. Lewis - Preparing for Easter: Fifty Devotional Readings from C. S. Lewis
2026-08-11 20:58:22.599 -04:00 [DEBUG] Excluded [Missing publication year]: C.S. Lewis - On Writing (and Writers): A Miscellany of Advice and Opinions
2026-08-11 20:58:22.604 -04:00 [DEBUG] Excluded [Missing publication year]: C.S. Lewis - Prince Caspian / The Voyage of the Dawn Treader / The Silver Chair (The Chronicles of Narnia Book 2, 3, 4)
2026-08-11 20:58:22.627 -04:00 [INFO] Parsed author 1069006, page 2: 23 eligible row(s).
2026-08-11 20:58:22.629 -04:00 [INFO] Stopped pagination for author 1069006 after page 2: lowest listed ratings count 808 is below threshold 1000.
2026-08-11 20:58:22.659 -04:00 [INFO] Collected 50 canonical candidate work(s) for 'C.S. Lewis'.
2026-08-11 20:58:22.661 -04:00 [DEBUG] GET author 3618, page 1 (https://www.goodreads.com/author/list/3618.Philip_Pullman)
2026-08-11 20:58:22.807 -04:00 [DEBUG] Excluded [Omnibus, box set, or multi-work collection]: Philip Pullman - His Dark Materials (His Dark Materials #1-3)
2026-08-11 20:58:22.822 -04:00 [DEBUG] Excluded [Contributor-only credit]: Philip Pullman - Fairy Tales from the Brothers Grimm: A New English Version
2026-08-11 20:58:22.848 -04:00 [DEBUG] Excluded [Missing publication year]: Philip Pullman - Clockwork
2026-08-11 20:58:22.876 -04:00 [DEBUG] Excluded [Contributor-only credit]: Philip Pullman - Aladdin and the Enchanted Lamp
2026-08-11 20:58:22.881 -04:00 [DEBUG] Excluded [Missing publication year]: Philip Pullman - Northern Lights: Bolvangar (His Dark Materials, #1)
2026-08-11 20:58:22.895 -04:00 [INFO] Parsed author 3618, page 1: 25 eligible row(s).
2026-08-11 20:58:22.897 -04:00 [INFO] Stopped pagination for author 3618 after page 1: lowest listed ratings count 643 is below threshold 1000.
2026-08-11 20:58:22.909 -04:00 [INFO] Collected 25 canonical candidate work(s) for 'Philip Pullman'.
2026-08-11 20:58:23.669 -04:00 [DEBUG] GET author 16939, page 1 (https://www.goodreads.com/author/list/16939.Michael_Moorcock)
2026-08-11 20:58:24.714 -04:00 [DEBUG] Excluded [Omnibus, box set, or multi-work collection]: Michael Moorcock - The Elric Saga Part I (Elric Saga, #1-3)
2026-08-11 20:58:24.736 -04:00 [DEBUG] Excluded [Omnibus, box set, or multi-work collection]: Michael Moorcock - The Swords Trilogy (Corum, #1-3)
2026-08-11 20:58:24.744 -04:00 [DEBUG] Excluded [Omnibus, box set, or multi-work collection]: Michael Moorcock - The Elric Saga Part II (Elric Saga, #4-6)
2026-08-11 20:58:24.791 -04:00 [INFO] Parsed author 16939, page 1: 27 eligible row(s).
2026-08-11 20:58:24.794 -04:00 [DEBUG] GET author 16939, page 2 (https://www.goodreads.com/author/list/16939.Michael_Moorcock?page=2)
2026-08-11 20:58:25.633 -04:00 [DEBUG] Excluded [Omnibus, box set, or multi-work collection]: Michael Moorcock - The Chronicles of Corum (Corum, #4-6)
2026-08-11 20:58:25.661 -04:00 [DEBUG] Excluded [Omnibus, box set, or multi-work collection]: Michael Moorcock - The Cornelius Chronicles (The Chronicles of Jerry Cornelius, #1-4)
2026-08-11 20:58:25.703 -04:00 [DEBUG] Excluded [Missing publication year]: Michael Moorcock - Corum: The Coming of Chaos (Eternal Champion, #7)
2026-08-11 20:58:25.719 -04:00 [INFO] Parsed author 16939, page 2: 27 eligible row(s).
2026-08-11 20:58:25.722 -04:00 [INFO] Stopped pagination for author 16939 after page 2: lowest listed ratings count 690 is below threshold 1000.
2026-08-11 20:58:25.733 -04:00 [DEBUG] Excluded [Duplicate title]: Michael Moorcock - Count Brass
2026-08-11 20:58:25.736 -04:00 [DEBUG] Duplicate title 'Count Brass' for 'Michael Moorcock': kept book 1644998 with 1705 ratings; discarded 1 lower-priority copy/copies.
2026-08-11 20:58:25.739 -04:00 [DEBUG] Excluded [Duplicate title]: Michael Moorcock - Elric of Melniboné
2026-08-11 20:58:25.741 -04:00 [DEBUG] Excluded [Duplicate title]: Michael Moorcock - Elric of Melniboné
2026-08-11 20:58:25.743 -04:00 [DEBUG] Duplicate title 'Elric of Melniboné' for 'Michael Moorcock': kept book 30036 with 32149 ratings; discarded 2 lower-priority copy/copies.
2026-08-11 20:58:25.745 -04:00 [DEBUG] Excluded [Duplicate title]: Michael Moorcock - Elric: The Stealer of Souls
2026-08-11 20:58:25.747 -04:00 [DEBUG] Duplicate title 'Elric: The Stealer of Souls' for 'Michael Moorcock': kept book 1890387 with 2661 ratings; discarded 1 lower-priority copy/copies.
2026-08-11 20:58:25.752 -04:00 [DEBUG] Excluded [Duplicate title]: Michael Moorcock - The Eternal Champion
2026-08-11 20:58:25.754 -04:00 [DEBUG] Duplicate title 'The Eternal Champion' for 'Michael Moorcock': kept book 30097 with 3087 ratings; discarded 1 lower-priority copy/copies.
2026-08-11 20:58:25.761 -04:00 [INFO] Collected 49 canonical candidate work(s) for 'Michael Moorcock'.
2026-08-11 20:58:25.797 -04:00 [DEBUG] GET author 4712375, page 1 (https://www.goodreads.com/author/list/4712375.Christopher_Buehlman)
2026-08-11 20:58:25.914 -04:00 [DEBUG] Excluded [Contributor-only credit]: Christopher Buehlman - Howls from the Dark Ages
2026-08-11 20:58:25.919 -04:00 [DEBUG] Excluded [Contributor-only credit]: Christopher Buehlman - Lost Highways: Dark Fictions From the Road
2026-08-11 20:58:25.922 -04:00 [DEBUG] Excluded [Contributor-only credit]: Christopher Buehlman - Grimdark Magazine, Issue 40, September 2024
2026-08-11 20:58:25.926 -04:00 [DEBUG] Excluded [Missing publication year]: Christopher Buehlman - The Blacktongue Thief: Sneak Peek
2026-08-11 20:58:25.933 -04:00 [DEBUG] Excluded [Missing publication year]: Christopher Buehlman - The Thrice-Bound Fool (Blacktongue #2)
2026-08-11 20:58:25.937 -04:00 [DEBUG] Excluded [Contributor-only credit]: Christopher Buehlman - Howls from the Scene of the Crime: A Crime Horror Anthology
2026-08-11 20:58:25.942 -04:00 [DEBUG] Excluded [Contributor-only credit]: Christopher Buehlman - Lightspeed Magazine, Issue 132, May 2021
2026-08-11 20:58:25.945 -04:00 [DEBUG] Excluded [Omnibus, box set, or multi-work collection]: Christopher Buehlman - The Blacktongue Thief Series 2 Books Set - The Blacktongue Thief (Paperback Edition), The Daughters' War
2026-08-11 20:58:25.950 -04:00 [DEBUG] Excluded [Contributor-only credit]: Christopher Buehlman - Suspense Magazine #26: September 2011
2026-08-11 20:58:25.959 -04:00 [DEBUG] Excluded [Contributor-only credit]: Christopher Buehlman - Suspense Magazine December 2013
2026-08-11 20:58:25.964 -04:00 [DEBUG] Excluded [Missing publication year]: Christopher Buehlman - Zwischen zwei Feuern
2026-08-11 20:58:25.973 -04:00 [INFO] Parsed author 4712375, page 1: 7 eligible row(s).
2026-08-11 20:58:25.978 -04:00 [INFO] Collected 7 canonical candidate work(s) for 'Christopher Buehlman'.
2026-08-11 20:58:26.800 -04:00 [DEBUG] GET author 7367300, page 1 (https://www.goodreads.com/author/list/7367300.T_Kingfisher)
2026-08-11 20:58:27.014 -04:00 [DEBUG] Excluded [Missing publication year]: T. Kingfisher - Daggerbound (Swordheart, #2)
2026-08-11 20:58:27.024 -04:00 [INFO] Parsed author 7367300, page 1: 29 eligible row(s).
2026-08-11 20:58:27.029 -04:00 [INFO] Stopped pagination for author 7367300 after page 1: lowest listed ratings count 934 is below threshold 1000.
2026-08-11 20:58:27.043 -04:00 [INFO] Collected 29 canonical candidate work(s) for 'T. Kingfisher'.
2026-08-11 20:58:27.803 -04:00 [DEBUG] GET author 23069, page 1 (https://www.goodreads.com/author/list/23069.Gene_Wolfe)
2026-08-11 20:58:27.956 -04:00 [DEBUG] Excluded [Omnibus, box set, or multi-work collection]: Gene Wolfe - Litany of the Long Sun (The Book of the Long Sun #1-2)
2026-08-11 20:58:27.968 -04:00 [DEBUG] Excluded [Omnibus, box set, or multi-work collection]: Gene Wolfe - Epiphany of the Long Sun (The Book of the Long Sun #3-4)
2026-08-11 20:58:28.006 -04:00 [DEBUG] Excluded [Missing publication year]: Gene Wolfe - The Wizard Knight
2026-08-11 20:58:28.018 -04:00 [INFO] Parsed author 23069, page 1: 27 eligible row(s).
2026-08-11 20:58:28.020 -04:00 [INFO] Stopped pagination for author 23069 after page 1: lowest listed ratings count 968 is below threshold 1000.
2026-08-11 20:58:28.042 -04:00 [INFO] Collected 27 canonical candidate work(s) for 'Gene Wolfe'.
2026-08-11 20:58:28.814 -04:00 [DEBUG] GET author 26, page 1 (https://www.goodreads.com/author/list/26.Anne_McCaffrey)
2026-08-11 20:58:28.946 -04:00 [DEBUG] Excluded [Omnibus, box set, or multi-work collection]: Anne McCaffrey - The Dragonriders of Pern: Books 1-3
2026-08-11 20:58:28.986 -04:00 [DEBUG] Excluded [Omnibus, box set, or multi-work collection]: Anne McCaffrey - Dragonflight / Dragonquest (Pern: Dragon Riders of Pern, #1-2)
2026-08-11 20:58:29.016 -04:00 [INFO] Parsed author 26, page 1: 28 eligible row(s).
2026-08-11 20:58:29.815 -04:00 [DEBUG] GET author 26, page 2 (https://www.goodreads.com/author/list/26.Anne_McCaffrey?page=2)
2026-08-11 20:58:30.658 -04:00 [DEBUG] Excluded [Omnibus, box set, or multi-work collection]: Anne McCaffrey - The Harper Hall of Pern (Pern: Harper Hall, #1-3)
2026-08-11 20:58:30.729 -04:00 [INFO] Parsed author 26, page 2: 29 eligible row(s).
2026-08-11 20:58:30.818 -04:00 [DEBUG] GET author 26, page 3 (https://www.goodreads.com/author/list/26.Anne_McCaffrey?page=3)
2026-08-11 20:58:31.681 -04:00 [DEBUG] Excluded [Omnibus, box set, or multi-work collection]: Anne McCaffrey - Dragonsong / Dragonsinger (Pern: Harper Hall, #1-2)
2026-08-11 20:58:31.694 -04:00 [DEBUG] Excluded [Omnibus, box set, or multi-work collection]: Anne McCaffrey - Brain Ships (Brainship, #2-3)
2026-08-11 20:58:31.713 -04:00 [DEBUG] Excluded [Omnibus, box set, or multi-work collection]: Anne McCaffrey - The Crystal Singer Omnibus
2026-08-11 20:58:31.739 -04:00 [DEBUG] Excluded [Omnibus, box set, or multi-work collection]: Anne McCaffrey - Moreta's Ride: Moreta, Dragonlady of Pern / Nerilka's Story (Pern: Dragonriders of Pern, #4-5)
2026-08-11 20:58:31.746 -04:00 [DEBUG] Excluded [Omnibus, box set, or multi-work collection]: Anne McCaffrey - The Ship Who Saved the Worlds (Brainship, #5-6)
2026-08-11 20:58:31.756 -04:00 [INFO] Parsed author 26, page 3: 25 eligible row(s).
2026-08-11 20:58:31.829 -04:00 [DEBUG] GET author 26, page 4 (https://www.goodreads.com/author/list/26.Anne_McCaffrey?page=4)
2026-08-11 20:58:32.696 -04:00 [DEBUG] Excluded [Omnibus, box set, or multi-work collection]: Anne McCaffrey - The Planet Pirates (Planet Pirates, #1-3)
2026-08-11 20:58:32.711 -04:00 [DEBUG] Excluded [Omnibus, box set, or multi-work collection]: Anne McCaffrey - The Dragon Riders of Pern (4 book box set)
2026-08-11 20:58:32.723 -04:00 [DEBUG] Excluded [Contributor-only credit]: Anne McCaffrey - Alchemy and Academe
2026-08-11 20:58:32.731 -04:00 [DEBUG] Excluded [Missing publication year]: Anne McCaffrey - Doona
2026-08-11 20:58:32.737 -04:00 [DEBUG] Excluded [Missing publication year]: Anne McCaffrey - The Second Weyr
2026-08-11 20:58:32.748 -04:00 [DEBUG] Excluded [Omnibus, box set, or multi-work collection]: Anne McCaffrey - The Petaybee Trilogy (Petaybee, #1-3)
2026-08-11 20:58:32.768 -04:00 [DEBUG] Excluded [Missing publication year]: Anne McCaffrey - Anne McCaffrey Gift Pack: Crystal Singer & Killashandra
2026-08-11 20:58:32.808 -04:00 [DEBUG] Excluded [Contributor-only credit]: Anne McCaffrey - Serve it Forth: Cooking With Anne McCaffrey
2026-08-11 20:58:32.843 -04:00 [DEBUG] Excluded [Contributor-only credit]: Anne McCaffrey - Space Opera
2026-08-11 20:58:32.862 -04:00 [DEBUG] Excluded [Missing publication year]: Anne McCaffrey - A Time When
2026-08-11 20:58:32.886 -04:00 [DEBUG] Excluded [Missing publication year]: Anne McCaffrey - The Survey P.E.R.N.
2026-08-11 20:58:32.902 -04:00 [INFO] Parsed author 26, page 4: 19 eligible row(s).
2026-08-11 20:58:32.904 -04:00 [INFO] Stopped pagination for author 26 after page 4: lowest listed ratings count 162 is below threshold 1000.
2026-08-11 20:58:32.953 -04:00 [INFO] Collected 101 canonical candidate work(s) for 'Anne McCaffrey'.
2026-08-11 20:58:32.958 -04:00 [DEBUG] GET author 9494, page 1 (https://www.goodreads.com/author/list/9494.H_P_Lovecraft)
2026-08-11 20:58:33.112 -04:00 [DEBUG] Excluded [Missing publication year]: H.P. Lovecraft - Dagon and Other Macabre Tales
2026-08-11 20:58:33.145 -04:00 [INFO] Parsed author 9494, page 1: 29 eligible row(s).
2026-08-11 20:58:33.960 -04:00 [DEBUG] GET author 9494, page 2 (https://www.goodreads.com/author/list/9494.H_P_Lovecraft?page=2)
2026-08-11 20:58:35.048 -04:00 [DEBUG] Excluded [Omnibus, box set, or multi-work collection]: H.P. Lovecraft - The Haunter of the Dark: The H.P. Lovecraft Omnibus, #3
2026-08-11 20:58:35.148 -04:00 [INFO] Parsed author 9494, page 2: 29 eligible row(s).
2026-08-11 20:58:35.150 -04:00 [DEBUG] GET author 9494, page 3 (https://www.goodreads.com/author/list/9494.H_P_Lovecraft?page=3)
2026-08-11 20:58:36.338 -04:00 [DEBUG] Excluded [Omnibus, box set, or multi-work collection]: H.P. Lovecraft - At the Mountains of Madness and Other Novels of Terror (The H.P. Lovecraft Omnibus, #1)
2026-08-11 20:58:36.344 -04:00 [DEBUG] Excluded [Missing publication year]: H.P. Lovecraft - Cthulhu
2026-08-11 20:58:36.370 -04:00 [DEBUG] Excluded [Missing publication year]: H.P. Lovecraft - La llamada de Cthulhu / El ser en el umbral
2026-08-11 20:58:36.380 -04:00 [DEBUG] Excluded [Missing publication year]: H.P. Lovecraft - Necronomicon: The Best Weird Tales of H. P. Lovecraft
2026-08-11 20:58:36.413 -04:00 [DEBUG] Excluded [Missing publication year]: H.P. Lovecraft - Hrobka (Spisy, #1)
2026-08-11 20:58:36.425 -04:00 [INFO] Parsed author 9494, page 3: 25 eligible row(s).
2026-08-11 20:58:36.427 -04:00 [DEBUG] GET author 9494, page 4 (https://www.goodreads.com/author/list/9494.H_P_Lovecraft?page=4)
2026-08-11 20:58:37.604 -04:00 [DEBUG] Excluded [Missing publication year]: H.P. Lovecraft - Necronomicon: The Best Weird Tales of H.P. Lovecraft
2026-08-11 20:58:37.614 -04:00 [DEBUG] Excluded [Missing publication year]: H.P. Lovecraft - At the Mountains of Madness, vol.1
2026-08-11 20:58:37.658 -04:00 [DEBUG] Excluded [Missing publication year]: H.P. Lovecraft - Tales of Horror
2026-08-11 20:58:37.667 -04:00 [DEBUG] Excluded [Missing publication year]: H.P. Lovecraft - At the Mountains of Madness, vol.2
2026-08-11 20:58:37.688 -04:00 [INFO] Parsed author 9494, page 4: 26 eligible row(s).
2026-08-11 20:58:37.691 -04:00 [INFO] Stopped pagination for author 9494 after page 4: lowest listed ratings count 521 is below threshold 1000.
2026-08-11 20:58:37.744 -04:00 [INFO] Collected 109 canonical candidate work(s) for 'H.P. Lovecraft'.
2026-08-11 20:58:37.746 -04:00 [DEBUG] GET author 21101646, page 1 (https://www.goodreads.com/author/list/21101646.Ryan_Cahill)
2026-08-11 20:58:37.853 -04:00 [DEBUG] Excluded [Missing publication year]: Ryan Cahill - The Blood that Burns the Winter Snow (The Bound and The Broken, #0.6)
2026-08-11 20:58:37.857 -04:00 [DEBUG] Excluded [Contributor-only credit]: Ryan Cahill - The Advent of Winter
2026-08-11 20:58:37.860 -04:00 [DEBUG] Excluded [Missing publication year]: Ryan Cahill - The Truth (The Bound and The Broken, #4.5)
2026-08-11 20:58:37.864 -04:00 [DEBUG] Excluded [Missing publication year]: Ryan Cahill - Of Gods and Ashes (The Bound and The Broken, #5)
2026-08-11 20:58:37.872 -04:00 [DEBUG] Excluded [Contributor-only credit]: Ryan Cahill - Unavowed: New Tales by Masters of Fantasy
2026-08-11 20:58:37.879 -04:00 [INFO] Parsed author 21101646, page 1: 7 eligible row(s).
2026-08-11 20:58:37.884 -04:00 [INFO] Collected 7 canonical candidate work(s) for 'Ryan Cahill'.
2026-08-11 20:58:38.764 -04:00 [DEBUG] GET author 1159886, page 1 (https://www.goodreads.com/author/list/1159886.Arkady_Strugatsky)
2026-08-11 20:58:39.212 -04:00 [INFO] Parsed author 1159886, page 1: 30 eligible row(s).
2026-08-11 20:58:39.213 -04:00 [INFO] Stopped pagination for author 1159886 after page 1: lowest listed ratings count 387 is below threshold 1000.
2026-08-11 20:58:39.233 -04:00 [INFO] Collected 30 canonical candidate work(s) for 'Arkady Strugatsky'.
2026-08-11 20:58:39.762 -04:00 [DEBUG] GET author 4735144, page 1 (https://www.goodreads.com/author/list/4735144.Jay_Kristoff)
2026-08-11 20:58:39.904 -04:00 [DEBUG] Excluded [Omnibus, box set, or multi-work collection]: Jay Kristoff - Nevernight / Godsgrave / Darkdawn (The Nevernight Chronicle, #1-3)
2026-08-11 20:58:39.922 -04:00 [DEBUG] Excluded [Missing publication year]: Jay Kristoff - Dark Knights of Steel: Allwinter (2024) #1
2026-08-11 20:58:39.926 -04:00 [DEBUG] Excluded [Missing publication year]: Jay Kristoff - Dark Knights of Steel: Allwinter (2024) #2
2026-08-11 20:58:39.929 -04:00 [DEBUG] Excluded [Missing publication year]: Jay Kristoff - Dark Knights of Steel: Allwinter (2024) #3
2026-08-11 20:58:39.936 -04:00 [DEBUG] Excluded [Missing publication year]: Jay Kristoff - Dark Knights of Steel: Allwinter (2024) #4
2026-08-11 20:58:39.943 -04:00 [DEBUG] Excluded [Missing publication year]: Jay Kristoff - Dark Knights of Steel: Allwinter (2024) #5
2026-08-11 20:58:39.947 -04:00 [DEBUG] Excluded [Missing publication year]: Jay Kristoff - Dark Knights of Steel: Allwinter (2024) #6
2026-08-11 20:58:39.955 -04:00 [DEBUG] Excluded [Missing publication year]: Jay Kristoff - Il viaggio di Gabriel
2026-08-11 20:58:39.959 -04:00 [DEBUG] Excluded [Omnibus, box set, or multi-work collection]: Jay Kristoff - Empire of the Vampire Series 3 Books Collection Set By Jay Kristoff
2026-08-11 20:58:39.963 -04:00 [DEBUG] Excluded [Omnibus, box set, or multi-work collection]: Jay Kristoff - Empire of the Vampire Series 2 Books Collection Set By Jay Kristoff
2026-08-11 20:58:39.966 -04:00 [DEBUG] Excluded [Missing publication year]: Jay Kristoff - Humanité 3.0
2026-08-11 20:58:39.972 -04:00 [DEBUG] Excluded [Missing publication year]: Jay Kristoff - Cavaleiros das Trevas de Aço: Segredos do Inverno
2026-08-11 20:58:39.976 -04:00 [DEBUG] Excluded [Missing publication year]: Jay Kristoff - L'empire de l'aube (L'empire du vampire, #3)
2026-08-11 20:58:39.982 -04:00 [DEBUG] Excluded [Missing publication year]: Jay Kristoff - Empire of the Vampire Collection (2 Hardcover Books) - Book One, Empire of the Damned
2026-08-11 20:58:39.993 -04:00 [INFO] Parsed author 4735144, page 1: 16 eligible row(s).
2026-08-11 20:58:39.994 -04:00 [INFO] Stopped pagination for author 4735144 after page 1: lowest listed ratings count 0 is below threshold 1000.
2026-08-11 20:58:40.001 -04:00 [INFO] Collected 16 canonical candidate work(s) for 'Jay Kristoff'.
2026-08-11 20:58:40.783 -04:00 [DEBUG] GET author 4273, page 1 (https://www.goodreads.com/author/list/4273.Roald_Dahl)
2026-08-11 20:58:41.075 -04:00 [INFO] Parsed author 4273, page 1: 30 eligible row(s).
2026-08-11 20:58:41.792 -04:00 [DEBUG] GET author 4273, page 2 (https://www.goodreads.com/author/list/4273.Roald_Dahl?page=2)
2026-08-11 20:58:42.725 -04:00 [DEBUG] Excluded [Contributor-only credit]: Roald Dahl - Roald Dahl's Book of Ghost Stories
2026-08-11 20:58:42.733 -04:00 [DEBUG] Excluded [Omnibus, box set, or multi-work collection]: Roald Dahl - Boy and Going Solo (Roald Dahl's Autobiography, #1-2)
2026-08-11 20:58:42.745 -04:00 [DEBUG] Excluded [Omnibus, box set, or multi-work collection]: Roald Dahl - The Roald Dahl Omnibus: Perfect Bedtime Stories for Sleepless Nights
2026-08-11 20:58:42.813 -04:00 [INFO] Parsed author 4273, page 2: 27 eligible row(s).
2026-08-11 20:58:42.814 -04:00 [INFO] Stopped pagination for author 4273 after page 2: lowest listed ratings count 920 is below threshold 1000.
2026-08-11 20:58:42.841 -04:00 [DEBUG] Excluded [Duplicate title]: Roald Dahl - Tales of the Unexpected
2026-08-11 20:58:42.842 -04:00 [DEBUG] Duplicate title 'Tales of the Unexpected' for 'Roald Dahl': kept book 394689 with 11269 ratings; discarded 1 lower-priority copy/copies.
2026-08-11 20:58:42.852 -04:00 [INFO] Collected 56 canonical candidate work(s) for 'Roald Dahl'.
2026-08-11 20:58:42.855 -04:00 [DEBUG] GET author 1405152, page 1 (https://www.goodreads.com/author/list/1405152.Peter_V_Brett)
2026-08-11 20:58:43.020 -04:00 [DEBUG] Excluded [Omnibus, box set, or multi-work collection]: Peter V. Brett - The Painted Man / The Desert Spear (The Demon Cycle, #1-2)
2026-08-11 20:58:43.029 -04:00 [DEBUG] Excluded [Omnibus, box set, or multi-work collection]: Peter V. Brett - The Demon Cycle: Books 1-3
2026-08-11 20:58:43.042 -04:00 [DEBUG] Excluded [Omnibus, box set, or multi-work collection]: Peter V. Brett - The Demon Cycle: Books 1-4
2026-08-11 20:58:43.055 -04:00 [INFO] Parsed author 1405152, page 1: 27 eligible row(s).
2026-08-11 20:58:43.056 -04:00 [INFO] Stopped pagination for author 1405152 after page 1: lowest listed ratings count 252 is below threshold 1000.
2026-08-11 20:58:43.069 -04:00 [INFO] Collected 27 canonical candidate work(s) for 'Peter V. Brett'.
2026-08-11 20:58:43.874 -04:00 [DEBUG] GET author 130698, page 1 (https://www.goodreads.com/author/list/130698.Ted_Chiang)
2026-08-11 20:58:43.985 -04:00 [DEBUG] Excluded [Missing publication year]: Ted Chiang - Understand
2026-08-11 20:58:43.991 -04:00 [DEBUG] Excluded [Contributor-only credit]: Ted Chiang - Steampunk
2026-08-11 20:58:43.995 -04:00 [DEBUG] Excluded [Missing publication year]: Ted Chiang - Story Of Your Life
2026-08-11 20:58:44.001 -04:00 [DEBUG] Excluded [Missing publication year]: Ted Chiang - Exhalation
2026-08-11 20:58:44.007 -04:00 [DEBUG] Excluded [Contributor-only credit]: Ted Chiang - The Best of the Best: 20 Years of the Best Short Science Fiction Novels
2026-08-11 20:58:44.012 -04:00 [DEBUG] Excluded [Missing publication year]: Ted Chiang - Liking What You See: A Documentary
2026-08-11 20:58:44.018 -04:00 [DEBUG] Excluded [Missing publication year]: Ted Chiang - The Truth of Fact, The Truth of Feeling
2026-08-11 20:58:44.025 -04:00 [DEBUG] Excluded [Missing publication year]: Ted Chiang - What's Expected of Us
2026-08-11 20:58:44.039 -04:00 [DEBUG] Excluded [Missing publication year]: Ted Chiang - История твоей жизни
2026-08-11 20:58:44.043 -04:00 [DEBUG] Excluded [Missing publication year]: Ted Chiang - נשיפה
2026-08-11 20:58:44.052 -04:00 [DEBUG] Excluded [Missing publication year]: Ted Chiang - Купец и волшебные врата
2026-08-11 20:58:44.061 -04:00 [DEBUG] Excluded [Missing publication year]: Ted Chiang - 软件体的生命周期：特德·姜科幻小说集
2026-08-11 20:58:44.065 -04:00 [DEBUG] Excluded [Missing publication year]: Ted Chiang - Geteilt durch null
2026-08-11 20:58:44.069 -04:00 [DEBUG] Excluded [Missing publication year]: Ted Chiang - The New York Times - April 28, 2019 - Better Versions of You
2026-08-11 20:58:44.073 -04:00 [DEBUG] Excluded [Missing publication year]: Ted Chiang - THE MAGAZINE OF FANTASY AND SCIENCE FICTION SEPTEMBER 2007
2026-08-11 20:58:44.077 -04:00 [DEBUG] Excluded [Missing publication year]: Ted Chiang - Is this a cat? (...is this a cat?) (2002)
2026-08-11 20:58:44.081 -04:00 [DEBUG] Excluded [Omnibus, box set, or multi-work collection]: Ted Chiang - Ted Chiang 2 Books Collection Set
2026-08-11 20:58:44.089 -04:00 [DEBUG] Excluded [Missing publication year]: Ted Chiang - Historia twojego życia
2026-08-11 20:58:44.099 -04:00 [INFO] Parsed author 130698, page 1: 12 eligible row(s).
2026-08-11 20:58:44.101 -04:00 [INFO] Stopped pagination for author 130698 after page 1: lowest listed ratings count 0 is below threshold 1000.
2026-08-11 20:58:44.111 -04:00 [INFO] Collected 12 canonical candidate work(s) for 'Ted Chiang'.
2026-08-11 20:58:44.873 -04:00 [DEBUG] GET author 6949698, page 1 (https://www.goodreads.com/author/list/6949698.Katherine_Addison)
2026-08-11 20:58:44.994 -04:00 [DEBUG] Excluded [Contributor-only credit]: Katherine Addison - Mélusine
2026-08-11 20:58:44.997 -04:00 [DEBUG] Excluded [Contributor-only credit]: Katherine Addison - The Virtu
2026-08-11 20:58:45.001 -04:00 [DEBUG] Excluded [Contributor-only credit]: Katherine Addison - The Mirador
2026-08-11 20:58:45.005 -04:00 [DEBUG] Excluded [Contributor-only credit]: Katherine Addison - Corambis: The Doctrine of Labyrinths, Book 4
2026-08-11 20:58:45.010 -04:00 [DEBUG] Excluded [Contributor-only credit]: Katherine Addison - The Cobbler's Boy
2026-08-11 20:58:45.026 -04:00 [DEBUG] Excluded [Missing publication year]: Katherine Addison - The Witness for the Dead Sneak Peek
2026-08-11 20:58:45.029 -04:00 [DEBUG] Excluded [Omnibus, box set, or multi-work collection]: Katherine Addison - The Witness for the Dead and The Grief of Stones (The Cemeteries of Amalo, #1-2)
2026-08-11 20:58:45.033 -04:00 [DEBUG] Excluded [Contributor-only credit]: Katherine Addison - Lightspeed Magazine, Issue 133, June 2021
2026-08-11 20:58:45.039 -04:00 [DEBUG] Excluded [Missing publication year]: Katherine Addison - エルフ皇帝の後継者〈上〉(The Goblin Emperor, #1.1)
2026-08-11 20:58:45.042 -04:00 [DEBUG] Excluded [Missing publication year]: Katherine Addison - The Goblin Emperor (The Chronicles of Osreth Book 1)
2026-08-11 20:58:45.046 -04:00 [DEBUG] Excluded [Missing publication year]: Katherine Addison - エルフ皇帝の後継者〈下〉(The Goblin Emperor, #1.2)
2026-08-11 20:58:45.058 -04:00 [DEBUG] Excluded [Missing publication year]: Katherine Addison - O Imperador Goblin
2026-08-11 20:58:45.062 -04:00 [DEBUG] Excluded [Missing publication year]: Katherine Addison - The Tomb of Dragons: The Cemeteries of Amalo Book 3 (The Chronicles of Osreth 4)
2026-08-11 20:58:45.066 -04:00 [DEBUG] Excluded [Missing publication year]: Katherine Addison - The Witness for the Dead: The Cemeteries of Amalo Book 1 (The Chronicles of Osreth 2)
2026-08-11 20:58:45.071 -04:00 [DEBUG] Excluded [Missing publication year]: Katherine Addison - The Grief of Stones: The Cemeteries of Amalo Book 2 (The Chronicles of Osreth 3)
2026-08-11 20:58:45.092 -04:00 [INFO] Parsed author 6949698, page 1: 8 eligible row(s).
2026-08-11 20:58:45.143 -04:00 [INFO] Collected 8 canonical candidate work(s) for 'Katherine Addison'.
2026-08-11 20:58:45.882 -04:00 [DEBUG] GET author 6572605, page 1 (https://www.goodreads.com/author/list/6572605.Taylor_Jenkins_Reid)
2026-08-11 20:58:46.026 -04:00 [DEBUG] Excluded [Missing publication year]: Taylor Jenkins Reid - 3 Book Taylor Jenkins Reid Collection: Maybe in Another Life / One True Loves / The Seven Husbands of Evelyn Hugo
2026-08-11 20:58:46.033 -04:00 [DEBUG] Excluded [Omnibus, box set, or multi-work collection]: Taylor Jenkins Reid - 4 Book Taylor Jenkins Reid Boxed Set (After I Do / Forever Interrupted / Maybe in Another Life / One True Loves)
2026-08-11 20:58:46.037 -04:00 [DEBUG] Excluded [Missing publication year]: Taylor Jenkins Reid - 4 Book Taylor Jenkins Reid Collection: After I Do / Daisy Jones & The Six / Maybe in Another Life / One True Loves
2026-08-11 20:58:46.041 -04:00 [DEBUG] Excluded [Missing publication year]: Taylor Jenkins Reid - 4 Book Taylor Jenkins Reid Collection: Malibu Rising / Maybe in Another Life / One True Loves / The Seven Husbands of Evelyn Hugo
2026-08-11 20:58:46.045 -04:00 [DEBUG] Excluded [Contributor-only credit]: Taylor Jenkins Reid - The Atria Summer 2013 Beach-Read Bag: A Free Collection of Excerpts from Some of Our Favorite Writers
2026-08-11 20:58:46.050 -04:00 [DEBUG] Excluded [Missing publication year]: Taylor Jenkins Reid - 4 Book Taylor Jenkins Reid Collection: After I Do / Daisy Jones & The Six / Forever Interrupted / One True Loves
2026-08-11 20:58:46.055 -04:00 [DEBUG] Excluded [Omnibus, box set, or multi-work collection]: Taylor Jenkins Reid - Taylor Jenkins Reid 2 Books Collection Set
2026-08-11 20:58:46.063 -04:00 [DEBUG] Excluded [Missing publication year]: Taylor Jenkins Reid - 3 Book Taylor Jenkins Reid Collection: Carrie Soto Is Back, Daisy Jones and The Six, Forever Interrupted
2026-08-11 20:58:46.068 -04:00 [DEBUG] Excluded [Contributor-only credit]: Taylor Jenkins Reid - Reader's Digest: Night School / The Bookshop on the Corner / Among the Wicked / One True Loves
2026-08-11 20:58:46.073 -04:00 [DEBUG] Excluded [Missing publication year]: Taylor Jenkins Reid - The Last Days of Vic & Coco
2026-08-11 20:58:46.077 -04:00 [DEBUG] Excluded [Missing publication year]: Taylor Jenkins Reid - The Seven Husbands of Evelyn Hugo by Taylor Jenkins Reid & The Next Thing by Mira Hollis 2 Books Colletion Set
2026-08-11 20:58:46.081 -04:00 [DEBUG] Excluded [Omnibus, box set, or multi-work collection]: Taylor Jenkins Reid - Taylor Jenkins Reid 3 Books Collection Set
2026-08-11 20:58:46.084 -04:00 [DEBUG] Excluded [Omnibus, box set, or multi-work collection]: Taylor Jenkins Reid - Taylor Jenkins Reid Novel 4 Books Collection Set
2026-08-11 20:58:46.093 -04:00 [DEBUG] Excluded [Missing publication year]: Taylor Jenkins Reid - 2 in 1: Daisy Jones & The Six // Die sieben Männer der Evelyn Hugo
2026-08-11 20:58:46.098 -04:00 [DEBUG] Excluded [Missing publication year]: Taylor Jenkins Reid - Last Days of Vic & Coco: A Novel
2026-08-11 20:58:46.103 -04:00 [DEBUG] Excluded [Missing publication year]: Taylor Jenkins Reid - Carrie Soto est de retour
2026-08-11 20:58:46.108 -04:00 [DEBUG] Excluded [Missing publication year]: Taylor Jenkins Reid - Deutsche Ausgabe von „The Last Days of Vic and Coco": Roman - Der neue Roman der Autorin des SPIEGEL-Bestsellers »Die sieben Männer der Evelyn Hugo« - Taylor Jenkins Reid ist zurück!
2026-08-11 20:58:46.111 -04:00 [DEBUG] Excluded [Contributor-only credit]: Taylor Jenkins Reid - Listen In: A Conversation with Taylor Jenkins Reid: An Exclusive Interview
2026-08-11 20:58:46.125 -04:00 [INFO] Parsed author 6572605, page 1: 10 eligible row(s).
2026-08-11 20:58:46.131 -04:00 [INFO] Collected 10 canonical candidate work(s) for 'Taylor Jenkins Reid'.
2026-08-11 20:58:46.883 -04:00 [DEBUG] GET author 3399559, page 1 (https://www.goodreads.com/author/list/3399559.David_Dalglish)
2026-08-11 20:58:47.066 -04:00 [DEBUG] Excluded [Omnibus, box set, or multi-work collection]: David Dalglish - The Half-Orcs (The Half-Orcs, #1-3)
2026-08-11 20:58:47.088 -04:00 [DEBUG] Excluded [Omnibus, box set, or multi-work collection]: David Dalglish - The Shadowdance Trilogy (Shadowdance, #1-3)
2026-08-11 20:58:47.104 -04:00 [INFO] Parsed author 3399559, page 1: 28 eligible row(s).
2026-08-11 20:58:47.106 -04:00 [INFO] Stopped pagination for author 3399559 after page 1: lowest listed ratings count 567 is below threshold 1000.
2026-08-11 20:58:47.120 -04:00 [INFO] Collected 28 canonical candidate work(s) for 'David Dalglish'.
2026-08-11 20:58:47.882 -04:00 [DEBUG] GET author 7415, page 1 (https://www.goodreads.com/author/list/7415.Harlan_Ellison)
2026-08-11 20:58:48.003 -04:00 [DEBUG] Excluded [Missing publication year]: Harlan Ellison - "His First Day at War" - HARLAN ELLISON short story
2026-08-11 20:58:48.006 -04:00 [DEBUG] Excluded [Missing publication year]: Harlan Ellison - "Pennies Off a Dead Man's Eyes" - short story
2026-08-11 20:58:48.010 -04:00 [DEBUG] Excluded [Missing publication year]: Harlan Ellison - "The Man Who Was Heavily Into Revenge" - short story
2026-08-11 20:58:48.013 -04:00 [DEBUG] Excluded [Missing publication year]: Harlan Ellison - *Signed* Rumble; a Teen-Age Gang Leader's Brutal Story [Author's First Book]
2026-08-11 20:58:48.022 -04:00 [DEBUG] Excluded [Missing publication year]: Harlan Ellison - [ { SHATTERDAY [ SHATTERDAY ] BY ELLISON, HARLAN ( AUTHOR )MAR-01-2001 PAPERBACK } ] by Ellison, Harlan (AUTHOR) Aug-06-2009 [ Paperback ]
2026-08-11 20:58:48.029 -04:00 [DEBUG] Excluded [Missing publication year]: Harlan Ellison - [(Brain Movies Volume Five: The Original Teleplays of Harlan Ellison)] [Author: Harlan Ellison] published on (November, 2013)
2026-08-11 20:58:48.034 -04:00 [DEBUG] Excluded [Missing publication year]: Harlan Ellison - [(Over the Edge)] [By (author) Harlan Ellison] published on (June, 2014)
2026-08-11 20:58:48.041 -04:00 [DEBUG] Excluded [Missing publication year]: Harlan Ellison - [(The Other Glass Teat)] [Author: Harlan Ellison] published on (June, 2014)
2026-08-11 20:58:48.045 -04:00 [DEBUG] Excluded [Missing publication year]: Harlan Ellison - [Web of the City (Hard Case Crime)] [By: Ellison, Harlan] [April, 2013]
2026-08-11 20:58:48.050 -04:00 [DEBUG] Excluded [Missing publication year]: Harlan Ellison - A Lot Of Saucers
2026-08-11 20:58:48.055 -04:00 [DEBUG] Excluded [Missing publication year]: Harlan Ellison - Adrift Just Off The Islets Of Langerhans: Latitude 38˚ 54'N, Longitude 77˚ 00' 13"W
2026-08-11 20:58:48.061 -04:00 [DEBUG] Excluded [Missing publication year]: Harlan Ellison - Adventure Comics * Creator Of The Silver Fog * Vol 47 #479 MAR 1981
2026-08-11 20:58:48.067 -04:00 [DEBUG] Excluded [Contributor-only credit]: Harlan Ellison - Again, Dangerous Visions
2026-08-11 20:58:48.072 -04:00 [DEBUG] Excluded [Missing publication year]: Harlan Ellison - Again, dangerous visions (A Signet book)
2026-08-11 20:58:48.078 -04:00 [DEBUG] Excluded [Contributor-only credit]: Harlan Ellison - Again, Dangerous Visions: Book 1
2026-08-11 20:58:48.088 -04:00 [DEBUG] Excluded [Missing publication year]: Harlan Ellison - Ainsi sera t'il
2026-08-11 20:58:48.092 -04:00 [DEBUG] Excluded [Missing publication year]: Harlan Ellison - Ainsi sera-t-il , trad. de l'américain par Gisèle Bernier.
2026-08-11 20:58:48.096 -04:00 [DEBUG] Excluded [Missing publication year]: Harlan Ellison - Al Williamson Adventures
2026-08-11 20:58:48.100 -04:00 [DEBUG] Excluded [Missing publication year]: Harlan Ellison - Algol: The Magazine about Science Fiction, Spring 1978 (Vol. 15. No. 2 [Whole Number 31])
2026-08-11 20:58:48.114 -04:00 [DEBUG] Excluded [Missing publication year]: Harlan Ellison - Alone Against Tomorrow:Stories Of Alienation In Speculative Fiction
2026-08-11 20:58:48.121 -04:00 [DEBUG] Excluded [Missing publication year]: Harlan Ellison - Amazing Stories Magazine, v 43, n 3
2026-08-11 20:58:48.126 -04:00 [DEBUG] Excluded [Missing publication year]: Harlan Ellison - Analog 7410 'sleeping Dogs'
2026-08-11 20:58:48.129 -04:00 [DEBUG] Excluded [Contributor-only credit]: Harlan Ellison - Andromeda 1
2026-08-11 20:58:48.142 -04:00 [INFO] Parsed author 7415, page 1: 7 eligible row(s).
2026-08-11 20:58:48.144 -04:00 [INFO] Continuing pagination for force-included author 7415 despite a listed ratings count below 1000.
2026-08-11 20:58:48.883 -04:00 [DEBUG] GET author 7415, page 2 (https://www.goodreads.com/author/list/7415.Harlan_Ellison?page=2)
2026-08-11 20:58:49.667 -04:00 [DEBUG] Excluded [Missing publication year]: Harlan Ellison - A Boy and His Dog & "Repent, Harlequin!" said the Ticktockman
2026-08-11 20:58:49.696 -04:00 [DEBUG] Excluded [Missing publication year]: Harlan Ellison - Vic and Blood
2026-08-11 20:58:49.736 -04:00 [DEBUG] Excluded [Contributor-only credit]: Harlan Ellison - Dangerous Visions 3
2026-08-11 20:58:49.751 -04:00 [DEBUG] Excluded [Contributor-only credit]: Harlan Ellison - Medea: Harlan's World
2026-08-11 20:58:49.774 -04:00 [INFO] Parsed author 7415, page 2: 26 eligible row(s).
2026-08-11 20:58:49.882 -04:00 [DEBUG] GET author 7415, page 3 (https://www.goodreads.com/author/list/7415.Harlan_Ellison?page=3)
2026-08-11 20:58:51.020 -04:00 [DEBUG] Excluded [Contributor-only credit]: Harlan Ellison - The Deathbird & Other Stories
2026-08-11 20:58:51.025 -04:00 [DEBUG] Excluded [Missing publication year]: Harlan Ellison - Blood's a Rover
2026-08-11 20:58:51.058 -04:00 [DEBUG] Excluded [Missing publication year]: Harlan Ellison - Harlan Ellison's Run for the Stars
2026-08-11 20:58:51.071 -04:00 [DEBUG] Excluded [Missing publication year]: Harlan Ellison - Chatting With Anubis
2026-08-11 20:58:51.078 -04:00 [DEBUG] Excluded [Missing publication year]: Harlan Ellison - Eyes of Dust
2026-08-11 20:58:51.088 -04:00 [DEBUG] Excluded [Missing publication year]: Harlan Ellison - Lonelyache
2026-08-11 20:58:51.095 -04:00 [DEBUG] Excluded [Missing publication year]: Harlan Ellison - To, co najlepsze. Tom 1
2026-08-11 20:58:51.109 -04:00 [DEBUG] Excluded [Missing publication year]: Harlan Ellison - Glow worm
2026-08-11 20:58:51.125 -04:00 [INFO] Parsed author 7415, page 3: 22 eligible row(s).
2026-08-11 20:58:51.126 -04:00 [DEBUG] GET author 7415, page 4 (https://www.goodreads.com/author/list/7415.Harlan_Ellison?page=4)
2026-08-11 20:58:52.406 -04:00 [DEBUG] Excluded [Contributor-only credit]: Harlan Ellison - A Lovecraft Retrospective: Artists Inspired by H.P. Lovecraft
2026-08-11 20:58:52.414 -04:00 [DEBUG] Excluded [Missing publication year]: Harlan Ellison - Visioni. I racconti
2026-08-11 20:58:52.419 -04:00 [DEBUG] Excluded [Missing publication year]: Harlan Ellison - World of the Myth
2026-08-11 20:58:52.428 -04:00 [DEBUG] Excluded [Missing publication year]: Harlan Ellison - Delusion for a Dragon Slayer
2026-08-11 20:58:52.436 -04:00 [DEBUG] Excluded [Missing publication year]: Harlan Ellison - Detective Comics (1937-2011) #598
2026-08-11 20:58:52.458 -04:00 [DEBUG] Excluded [Missing publication year]: Harlan Ellison - How Interesting: A Tiny Man
2026-08-11 20:58:52.461 -04:00 [DEBUG] Excluded [Contributor-only credit]: Harlan Ellison - Avengers (1963-1996) #101
2026-08-11 20:58:52.475 -04:00 [DEBUG] Excluded [Missing publication year]: Harlan Ellison - Harlan Ellison's Dream Corridor Issue #1
2026-08-11 20:58:52.481 -04:00 [DEBUG] Excluded [Missing publication year]: Harlan Ellison - On The Downhill Side
2026-08-11 20:58:52.495 -04:00 [DEBUG] Excluded [Missing publication year]: Harlan Ellison - Incredible Hulk (1962-1999) #140
2026-08-11 20:58:52.502 -04:00 [DEBUG] Excluded [Missing publication year]: Harlan Ellison - На пути к забвению
2026-08-11 20:58:52.507 -04:00 [DEBUG] Excluded [Missing publication year]: Harlan Ellison - The Last Person to Marry a Duck Lived 300 Years Ago: Pointed Essays
2026-08-11 20:58:52.510 -04:00 [DEBUG] Excluded [Missing publication year]: Harlan Ellison - Cosmic Striptease
2026-08-11 20:58:52.520 -04:00 [INFO] Parsed author 7415, page 4: 17 eligible row(s).
2026-08-11 20:58:52.522 -04:00 [DEBUG] GET author 7415, page 5 (https://www.goodreads.com/author/list/7415.Harlan_Ellison?page=5)
2026-08-11 20:58:53.642 -04:00 [DEBUG] Excluded [Missing publication year]: Harlan Ellison - I’m looking for Kadak
2026-08-11 20:58:53.646 -04:00 [DEBUG] Excluded [Missing publication year]: Harlan Ellison - У меня нет рта, а я хочу кричать
2026-08-11 20:58:53.651 -04:00 [DEBUG] Excluded [Contributor-only credit]: Harlan Ellison - Again, Dangerous Visions: Book 1
2026-08-11 20:58:53.657 -04:00 [DEBUG] Excluded [Missing publication year]: Harlan Ellison - The Function of Dream Sleep
2026-08-11 20:58:53.674 -04:00 [DEBUG] Excluded [Contributor-only credit]: Harlan Ellison - The Outer Limits, Volume 1
2026-08-11 20:58:53.683 -04:00 [DEBUG] Excluded [Missing publication year]: Harlan Ellison - Hows the night life on cissalda
2026-08-11 20:58:53.704 -04:00 [DEBUG] Excluded [Missing publication year]: Harlan Ellison - Paingod
2026-08-11 20:58:53.710 -04:00 [DEBUG] Excluded [Missing publication year]: Harlan Ellison - Daredevil (1964-1998) #208
2026-08-11 20:58:53.714 -04:00 [DEBUG] Excluded [Missing publication year]: Harlan Ellison - The Human Operators
2026-08-11 20:58:53.722 -04:00 [DEBUG] Excluded [Contributor-only credit]: Harlan Ellison - Andromeda 1
2026-08-11 20:58:53.729 -04:00 [DEBUG] Excluded [Missing publication year]: Harlan Ellison - Adrift Just Off The Islets Of Langerhans: Latitude 38˚ 54'N, Longitude 77˚ 00' 13"W
2026-08-11 20:58:53.737 -04:00 [DEBUG] Excluded [Missing publication year]: Harlan Ellison - Doomsman/Telepower
2026-08-11 20:58:53.747 -04:00 [INFO] Parsed author 7415, page 5: 18 eligible row(s).
2026-08-11 20:58:53.750 -04:00 [DEBUG] GET author 7415, page 6 (https://www.goodreads.com/author/list/7415.Harlan_Ellison?page=6)
2026-08-11 20:58:54.813 -04:00 [DEBUG] Excluded [Missing publication year]: Harlan Ellison - Glow Worm And Four More Stories
2026-08-11 20:58:54.833 -04:00 [DEBUG] Excluded [Missing publication year]: Harlan Ellison - Dangerous Visions: v. 1
2026-08-11 20:58:54.838 -04:00 [DEBUG] Excluded [Missing publication year]: Harlan Ellison - From a to z in the chocolate alphabet
2026-08-11 20:58:54.843 -04:00 [DEBUG] Excluded [Missing publication year]: Harlan Ellison - Why Do You Call Me Ishmael When You Know My Name Is Bernie?
2026-08-11 20:58:54.846 -04:00 [DEBUG] Excluded [Missing publication year]: Harlan Ellison - The Crackpots
2026-08-11 20:58:54.862 -04:00 [DEBUG] Excluded [Missing publication year]: Harlan Ellison - Контракты души
2026-08-11 20:58:54.869 -04:00 [DEBUG] Excluded [Missing publication year]: Harlan Ellison - Shatterday & Other Stories (Voice from the Edge #5)
2026-08-11 20:58:54.874 -04:00 [DEBUG] Excluded [Missing publication year]: Harlan Ellison - Life Hutch-First Publication in If Vol. 6 No. 3
2026-08-11 20:58:54.880 -04:00 [DEBUG] Excluded [Missing publication year]: Harlan Ellison - Brain Movies: The Original Teleplays of Harlan Ellison Volume 7
2026-08-11 20:58:54.890 -04:00 [DEBUG] Excluded [Missing publication year]: Harlan Ellison - The Ephemeral Ellison
2026-08-11 20:58:54.896 -04:00 [DEBUG] Excluded [Missing publication year]: Harlan Ellison - Harlan Ellison's Dream Corridor Issue #2
2026-08-11 20:58:54.902 -04:00 [DEBUG] Excluded [Missing publication year]: Harlan Ellison - DC Comics Presents: Justice League of America (2004) #1
2026-08-11 20:58:54.916 -04:00 [DEBUG] Excluded [Missing publication year]: Harlan Ellison - Dimensions of Harlan Ellison
2026-08-11 20:58:54.921 -04:00 [DEBUG] Excluded [Missing publication year]: Harlan Ellison - Slippage
2026-08-11 20:58:54.926 -04:00 [DEBUG] Excluded [Missing publication year]: Harlan Ellison - The Illustrated Harlan Ellison
2026-08-11 20:58:54.929 -04:00 [DEBUG] Excluded [Missing publication year]: Harlan Ellison - Brain Movies, Volume 8
2026-08-11 20:58:54.937 -04:00 [DEBUG] Excluded [Missing publication year]: Harlan Ellison - Harlan Ellison's Dream Corridor Issue #3
2026-08-11 20:58:54.946 -04:00 [INFO] Parsed author 7415, page 6: 13 eligible row(s).
2026-08-11 20:58:54.949 -04:00 [DEBUG] GET author 7415, page 7 (https://www.goodreads.com/author/list/7415.Harlan_Ellison?page=7)
2026-08-11 20:58:56.030 -04:00 [DEBUG] Excluded [Missing publication year]: Harlan Ellison - Harlan Ellison's Dream Corridor Issue #3
2026-08-11 20:58:56.034 -04:00 [DEBUG] Excluded [Missing publication year]: Harlan Ellison - Эликсиры Эллисона. От любви и страха
2026-08-11 20:58:56.043 -04:00 [DEBUG] Excluded [Missing publication year]: Harlan Ellison - FOE: Friends Of Ellison
2026-08-11 20:58:56.047 -04:00 [DEBUG] Excluded [Missing publication year]: Harlan Ellison - Biblioteca Marvel: Los Vengadores, tomo 14
2026-08-11 20:58:56.059 -04:00 [DEBUG] Excluded [Missing publication year]: Harlan Ellison - The Ellison Treatment
2026-08-11 20:58:56.073 -04:00 [DEBUG] Excluded [Missing publication year]: Harlan Ellison - The Compleat Glass Teat
2026-08-11 20:58:56.077 -04:00 [DEBUG] Excluded [Contributor-only credit]: Harlan Ellison - Vic & Blood, #2
2026-08-11 20:58:56.080 -04:00 [DEBUG] Excluded [Missing publication year]: Harlan Ellison - The City on the Edge of Forever (Harlan Ellison Collecton) by Harlan Ellison (2014-06-03)
2026-08-11 20:58:56.086 -04:00 [DEBUG] Excluded [Missing publication year]: Harlan Ellison - From the Land of Fear - Moth On The Moon; Snake in the Mind; The Sky is Burning; My Brother Paulie; The Time of the Eye; Life Hutch; Battle Without Banners; Back to the Drawing Boards; A Friend to Man; We Mourn for Anyone; Voice in the Garden & Soldier
2026-08-11 20:58:56.093 -04:00 [DEBUG] Excluded [Missing publication year]: Harlan Ellison - Coffin Nails
2026-08-11 20:58:56.097 -04:00 [DEBUG] Excluded [Missing publication year]: Harlan Ellison - Broken glass
2026-08-11 20:58:56.101 -04:00 [DEBUG] Excluded [Missing publication year]: Harlan Ellison - Possibly Impossible
2026-08-11 20:58:56.105 -04:00 [DEBUG] Excluded [Missing publication year]: Harlan Ellison - On The Slab
2026-08-11 20:58:56.109 -04:00 [DEBUG] Excluded [Missing publication year]: Harlan Ellison - One Life, Furnished in Early Poverty
2026-08-11 20:58:56.114 -04:00 [DEBUG] Excluded [Missing publication year]: Harlan Ellison - Blind Lightning :Fantastic Universe
2026-08-11 20:58:56.122 -04:00 [DEBUG] Excluded [Missing publication year]: Harlan Ellison - Scartaris, June 28th
2026-08-11 20:58:56.128 -04:00 [DEBUG] Excluded [Missing publication year]: Harlan Ellison - De helden van de highway
2026-08-11 20:58:56.132 -04:00 [DEBUG] Excluded [Missing publication year]: Harlan Ellison - Brain Movies Presents: Blood's a Rover
2026-08-11 20:58:56.137 -04:00 [DEBUG] Excluded [Missing publication year]: Harlan Ellison - El Merodeador en la Ciudad al Borde del Mundo
2026-08-11 20:58:56.141 -04:00 [DEBUG] Excluded [Missing publication year]: Harlan Ellison - Ask Uncle Harlan
2026-08-11 20:58:56.148 -04:00 [DEBUG] Excluded [Missing publication year]: Harlan Ellison - Footsteps
2026-08-11 20:58:56.155 -04:00 [DEBUG] Excluded [Missing publication year]: Harlan Ellison - Shatterday and Other Works
2026-08-11 20:58:56.166 -04:00 [INFO] Parsed author 7415, page 7: 8 eligible row(s).
2026-08-11 20:58:56.168 -04:00 [DEBUG] GET author 7415, page 8 (https://www.goodreads.com/author/list/7415.Harlan_Ellison?page=8)
2026-08-11 20:58:57.269 -04:00 [DEBUG] Excluded [Missing publication year]: Harlan Ellison - Stalking The Nightmare
2026-08-11 20:58:57.273 -04:00 [DEBUG] Excluded [Missing publication year]: Harlan Ellison - Эликсиры Эллисона. От глупости и смерти
2026-08-11 20:58:57.279 -04:00 [DEBUG] Excluded [Missing publication year]: Harlan Ellison - Hulk: Holocausto dentro de un átomo
2026-08-11 20:58:57.283 -04:00 [DEBUG] Excluded [Missing publication year]: Harlan Ellison - Pebbles from the Mountain
2026-08-11 20:58:57.287 -04:00 [DEBUG] Excluded [Missing publication year]: Harlan Ellison - Working Without A Net: Memoir in Stories
2026-08-11 20:58:57.294 -04:00 [DEBUG] Excluded [Missing publication year]: Harlan Ellison - Hitler peignait des roses
2026-08-11 20:58:57.297 -04:00 [DEBUG] Excluded [Missing publication year]: Harlan Ellison - the hour that stretches
2026-08-11 20:58:57.310 -04:00 [DEBUG] Excluded [Missing publication year]: Harlan Ellison - "The Man Who Was Heavily Into Revenge" - short story
2026-08-11 20:58:57.315 -04:00 [DEBUG] Excluded [Missing publication year]: Harlan Ellison - Wanted in Surgery
2026-08-11 20:58:57.321 -04:00 [DEBUG] Excluded [Missing publication year]: Harlan Ellison - Analog 7410 'sleeping Dogs'
2026-08-11 20:58:57.324 -04:00 [DEBUG] Excluded [Missing publication year]: Harlan Ellison - Daredevil #209 - August 1984
2026-08-11 20:58:57.332 -04:00 [DEBUG] Excluded [Missing publication year]: Harlan Ellison - The Annals of Aardvark
2026-08-11 20:58:57.336 -04:00 [DEBUG] Excluded [Missing publication year]: Harlan Ellison - Glow Worm
2026-08-11 20:58:57.342 -04:00 [DEBUG] Excluded [Missing publication year]: Harlan Ellison - Daredevil (1964-1998) #209
2026-08-11 20:58:57.346 -04:00 [DEBUG] Excluded [Missing publication year]: Harlan Ellison - Stalking the Nightmare and Other Works
2026-08-11 20:58:57.353 -04:00 [DEBUG] Excluded [Missing publication year]: Harlan Ellison - Edgeworks .1 Over The Edge. Vol 1. The Collected Stories.
2026-08-11 20:58:57.358 -04:00 [DEBUG] Excluded [Missing publication year]: Harlan Ellison - Epic Illustrated Magazine, No. 11
2026-08-11 20:58:57.365 -04:00 [DEBUG] Excluded [Missing publication year]: Harlan Ellison - Soldier From Tomorrow :Fantastic Univers
2026-08-11 20:58:57.369 -04:00 [DEBUG] Excluded [Missing publication year]: Harlan Ellison - The Place with No Name
2026-08-11 20:58:57.373 -04:00 [DEBUG] Excluded [Missing publication year]: Harlan Ellison - GENTLEMAN JUNKIE: Final Shtick; May We Also Speak; Daniel White for the Greater Good; Lady Bug, Lady Bug; Free with this Box; There's One on Every Campus; At the Mountains of Blindness; This is Jackie Spinning; No Game for Children
2026-08-11 20:58:57.377 -04:00 [DEBUG] Excluded [Missing publication year]: Harlan Ellison - Harlan Ellison's Chocolate Alphabet
2026-08-11 20:58:57.383 -04:00 [DEBUG] Excluded [Missing publication year]: Harlan Ellison - Nueva Dimension 29
2026-08-11 20:58:57.391 -04:00 [DEBUG] Excluded [Missing publication year]: Harlan Ellison - Lonely Women Are The Vessels Of Time
2026-08-11 20:58:57.395 -04:00 [DEBUG] Excluded [Missing publication year]: Harlan Ellison - Миры Харлана Эллисона. Том 6. Эйдолоны
2026-08-11 20:58:57.405 -04:00 [INFO] Parsed author 7415, page 8: 6 eligible row(s).
2026-08-11 20:58:57.407 -04:00 [DEBUG] GET author 7415, page 9 (https://www.goodreads.com/author/list/7415.Harlan_Ellison?page=9)
2026-08-11 20:58:58.460 -04:00 [DEBUG] Excluded [Missing publication year]: Harlan Ellison - Stalking the Nightmare and Other Works
2026-08-11 20:58:58.465 -04:00 [DEBUG] Excluded [Missing publication year]: Harlan Ellison - Memos from Purgatory and Other Works
2026-08-11 20:58:58.470 -04:00 [DEBUG] Excluded [Missing publication year]: Harlan Ellison - Миры Харлана Эллисона. Том 6. Эйдолоны
2026-08-11 20:58:58.476 -04:00 [DEBUG] Excluded [Missing publication year]: Harlan Ellison - Paingod and Other Delusions
2026-08-11 20:58:58.482 -04:00 [DEBUG] Excluded [Missing publication year]: Harlan Ellison - The Haunt of Horror, Vol. 1, No. 2 (August, 1973)
2026-08-11 20:58:58.486 -04:00 [DEBUG] Excluded [Missing publication year]: Harlan Ellison - The Juvies
2026-08-11 20:58:58.491 -04:00 [DEBUG] Excluded [Missing publication year]: Harlan Ellison - The Deadly Streets and Other Works
2026-08-11 20:58:58.495 -04:00 [DEBUG] Excluded [Missing publication year]: Harlan Ellison - PAINGOD: Repent Harlequin said the Ticktockman; Crackpots; Sleeping Dogs; Bright Eyes; The Discarded; Wanted in Surgery; Deeper than the Darkness
2026-08-11 20:58:58.509 -04:00 [DEBUG] Excluded [Missing publication year]: Harlan Ellison - Rock God in Creepy #32, April 1970
2026-08-11 20:58:58.531 -04:00 [DEBUG] Excluded [Missing publication year]: Harlan Ellison - Cemetery Dance #53
2026-08-11 20:58:58.551 -04:00 [DEBUG] Excluded [Missing publication year]: Harlan Ellison - [(Over the Edge)] [By (author) Harlan Ellison] published on (June, 2014)
2026-08-11 20:58:58.574 -04:00 [DEBUG] Excluded [Missing publication year]: Harlan Ellison - Again, dangerous visions (A Signet book)
2026-08-11 20:58:58.585 -04:00 [DEBUG] Excluded [Missing publication year]: Harlan Ellison - Dangerous Visions 35 original stories
2026-08-11 20:58:58.594 -04:00 [DEBUG] Excluded [Missing publication year]: Harlan Ellison - Earthman, Go Home!
2026-08-11 20:58:58.614 -04:00 [DEBUG] Excluded [Missing publication year]: Harlan Ellison - Harlan Ellison DANGEROUS VISIONS 1967 Doubleday & Co., NY Early Book Club Ed.
2026-08-11 20:58:58.624 -04:00 [DEBUG] Excluded [Missing publication year]: Harlan Ellison - Daniel White for the Greater Good
2026-08-11 20:58:58.630 -04:00 [DEBUG] Excluded [Contributor-only credit]: Harlan Ellison - Dangerous Visions #2
2026-08-11 20:58:58.634 -04:00 [DEBUG] Excluded [Missing publication year]: Harlan Ellison - Dangerous Visions 3 (Paperback) (1905-06-11) [Paperback]
2026-08-11 20:58:58.638 -04:00 [DEBUG] Excluded [Missing publication year]: Harlan Ellison - Over the Edge: stories from somewhere else
2026-08-11 20:58:58.641 -04:00 [DEBUG] Excluded [Missing publication year]: Harlan Ellison - Driving in the Spikes
2026-08-11 20:58:58.645 -04:00 [DEBUG] Excluded [Missing publication year]: Harlan Ellison - Ellison Under Glass
2026-08-11 20:58:58.662 -04:00 [DEBUG] Excluded [Missing publication year]: Harlan Ellison - I premi Hugo 1974-1975 - Urania Classici 233
2026-08-11 20:58:58.669 -04:00 [DEBUG] Excluded [Missing publication year]: Harlan Ellison - That Kid's Gonna Wind Up In Jail
2026-08-11 20:58:58.673 -04:00 [DEBUG] Excluded [Missing publication year]: Harlan Ellison - 死の鳥 = The Deathbird and Other Stories
2026-08-11 20:58:58.676 -04:00 [DEBUG] Excluded [Missing publication year]: Harlan Ellison - Die Stadt am Rande der Welt
2026-08-11 20:58:58.681 -04:00 [DEBUG] Excluded [Missing publication year]: Harlan Ellison - Zähl ich den Glockenschlag, der Stunden misst: Erzählung
2026-08-11 20:58:58.686 -04:00 [DEBUG] Excluded [Missing publication year]: Harlan Ellison - The Night of Thanks, But No Thanks! in Detective Comics 567, October 1986
2026-08-11 20:58:58.693 -04:00 [DEBUG] Excluded [Missing publication year]: Harlan Ellison - Harlan Ellisons Phoenix Without Ashes #3
2026-08-11 20:58:58.697 -04:00 [DEBUG] Excluded [Missing publication year]: Harlan Ellison - Phoenix Without Ashes #2
2026-08-11 20:58:58.706 -04:00 [INFO] Parsed author 7415, page 9: 1 eligible row(s).
2026-08-11 20:58:58.708 -04:00 [DEBUG] GET author 7415, page 10 (https://www.goodreads.com/author/list/7415.Harlan_Ellison?page=10)
2026-08-11 20:58:59.655 -04:00 [DEBUG] Excluded [Missing publication year]: Harlan Ellison - Science Fiction Adventures 1956 12 'Hadj' Vol 1. No 6
2026-08-11 20:58:59.659 -04:00 [DEBUG] Excluded [Missing publication year]: Harlan Ellison - Harlan Ellison's Dream Corridor [ Volumes 1 & 2]
2026-08-11 20:58:59.663 -04:00 [DEBUG] Excluded [Missing publication year]: Harlan Ellison - Phoenix Without Ashes #2
2026-08-11 20:58:59.672 -04:00 [DEBUG] Excluded [Missing publication year]: Harlan Ellison - Harlan Ellisons Phoenix Without Ashes #3
2026-08-11 20:58:59.676 -04:00 [DEBUG] Excluded [Missing publication year]: Harlan Ellison - Harlan Ellison's Phoenix Without Ashes #1
2026-08-11 20:58:59.680 -04:00 [DEBUG] Excluded [Missing publication year]: Harlan Ellison - The Night of Thanks, But No Thanks! in Detective Comics 567, October 1986
2026-08-11 20:58:59.687 -04:00 [DEBUG] Excluded [Missing publication year]: Harlan Ellison - Love Aint Nothing But Sex Misspelled and Other Works
2026-08-11 20:58:59.691 -04:00 [DEBUG] Excluded [Missing publication year]: Harlan Ellison - Radical Romantic Volume 5 No. 5 The Cheese Stands Alone
2026-08-11 20:58:59.696 -04:00 [DEBUG] Excluded [Missing publication year]: Harlan Ellison - First Fantasies: Famous First Stories By Fantasy Fiction Masters
2026-08-11 20:58:59.706 -04:00 [DEBUG] Excluded [Missing publication year]: Harlan Ellison - Gentleman Junkie by Ellison, Harlan (June 3, 2014) Paperback
2026-08-11 20:58:59.709 -04:00 [DEBUG] Excluded [Missing publication year]: Harlan Ellison - Super Science Fiction April 1957
2026-08-11 20:58:59.713 -04:00 [DEBUG] Excluded [Missing publication year]: Harlan Ellison - Harlan Ellison's Dream Corridor Issue One
2026-08-11 20:58:59.719 -04:00 [DEBUG] Excluded [Missing publication year]: Harlan Ellison - Asimov's Science Fiction Magazine, Mid-December 1988 | "The Function of Dream Sleep"
2026-08-11 20:58:59.726 -04:00 [DEBUG] Excluded [Missing publication year]: Harlan Ellison - The Harlan Ellison Hornbook and Other Works
2026-08-11 20:58:59.729 -04:00 [DEBUG] Excluded [Missing publication year]: Harlan Ellison - ANGRY CANDY
2026-08-11 20:58:59.740 -04:00 [DEBUG] Excluded [Missing publication year]: Harlan Ellison - Laugh Track
2026-08-11 20:58:59.744 -04:00 [DEBUG] Excluded [Missing publication year]: Harlan Ellison - Harlan Ellison Collection
2026-08-11 20:58:59.749 -04:00 [DEBUG] Excluded [Missing publication year]: Harlan Ellison - Bifrost n°117
2026-08-11 20:58:59.755 -04:00 [DEBUG] Excluded [Missing publication year]: Harlan Ellison - More of the Greatest Mysteries of All Time
2026-08-11 20:58:59.759 -04:00 [DEBUG] Excluded [Missing publication year]: Harlan Ellison - Try a Dull Knife
2026-08-11 20:58:59.765 -04:00 [DEBUG] Excluded [Missing publication year]: Harlan Ellison - Hulk: Heart of the Atom (Incredible Hulk (Marvel Unnumbered))
2026-08-11 20:58:59.771 -04:00 [DEBUG] Excluded [Missing publication year]: Harlan Ellison - Die bessere Welt
2026-08-11 20:58:59.775 -04:00 [DEBUG] Excluded [Missing publication year]: Harlan Ellison - The Magazine of Fantasy & Science Fiction, November 1980 | "All The Lies That Are My Life"
2026-08-11 20:58:59.778 -04:00 [DEBUG] Excluded [Missing publication year]: Harlan Ellison - From A to Z in the Chocolate Alphabet in The Magazine of Fantasy and Science Fiction, October 1976
2026-08-11 20:58:59.783 -04:00 [DEBUG] Excluded [Missing publication year]: Harlan Ellison - From the Land of Fear
2026-08-11 20:58:59.787 -04:00 [DEBUG] Excluded [Missing publication year]: Harlan Ellison - The Top of the Volcano: the Award-Winning Stories of Harlan Ellison [Hardcover]
2026-08-11 20:58:59.794 -04:00 [DEBUG] Excluded [Missing publication year]: Harlan Ellison - The New York Review of Bird Harlan Ellison SIGNED Typescript w Notes 1975 [Hardcover] Harlan Ellison
2026-08-11 20:58:59.798 -04:00 [DEBUG] Excluded [Missing publication year]: Harlan Ellison - Harlequins: The Madcon 2010 Souvenir Book
2026-08-11 20:58:59.802 -04:00 [DEBUG] Excluded [Missing publication year]: Harlan Ellison - Ainsi sera-t-il , trad. de l'américain par Gisèle Bernier.
2026-08-11 20:58:59.806 -04:00 [DEBUG] Excluded [Missing publication year]: Harlan Ellison - Biddy and the Silver Man & Four-Day Planet
2026-08-11 20:58:59.814 -04:00 [INFO] Parsed author 7415, page 10: 0 eligible row(s).
2026-08-11 20:58:59.817 -04:00 [DEBUG] GET author 7415, page 11 (https://www.goodreads.com/author/list/7415.Harlan_Ellison?page=11)
2026-08-11 20:59:00.870 -04:00 [DEBUG] Excluded [Missing publication year]: Harlan Ellison - Try a Dull Knife
2026-08-11 20:59:00.877 -04:00 [DEBUG] Excluded [Missing publication year]: Harlan Ellison - Killing Bernstein
2026-08-11 20:59:00.881 -04:00 [DEBUG] Excluded [Missing publication year]: Harlan Ellison - Weariness by Harlan Ellison
2026-08-11 20:59:00.886 -04:00 [DEBUG] Excluded [Missing publication year]: Harlan Ellison - From A to Z in the Chocolate Alphabet in The Magazine of Fantasy and Science Fiction, October 1976
2026-08-11 20:59:00.891 -04:00 [DEBUG] Excluded [Missing publication year]: Harlan Ellison - La machine aux yeux bleus
2026-08-11 20:59:00.896 -04:00 [DEBUG] Excluded [Missing publication year]: Harlan Ellison - Миры Харлана Эллисона. Том 0. Волны в Рио
2026-08-11 20:59:00.901 -04:00 [DEBUG] Excluded [Missing publication year]: Harlan Ellison - Das Winseln geprügelter Hunde: Erzählung
2026-08-11 20:59:00.909 -04:00 [DEBUG] Excluded [Missing publication year]: Harlan Ellison - First Publication of ""Life Hutch"" and ""Run for the Stars"" = in Epic Illustrated June 1981 and April 1982 Issues
2026-08-11 20:59:00.914 -04:00 [DEBUG] Excluded [Missing publication year]: Harlan Ellison - Edgeworks 2: Spider Kiss And Stalking The Nightmare: Signed
2026-08-11 20:59:00.918 -04:00 [DEBUG] Excluded [Missing publication year]: Harlan Ellison - If: Worlds of Science Fiction Vol. 8, No. 5
2026-08-11 20:59:00.924 -04:00 [DEBUG] Excluded [Missing publication year]: Harlan Ellison - If Worlds of Science Fiction, June 1956 | Vol. 6, No. 4
2026-08-11 20:59:00.932 -04:00 [DEBUG] Excluded [Missing publication year]: Harlan Ellison - Harlan Ellison's Dream Corridor Special January 1995
2026-08-11 20:59:00.939 -04:00 [DEBUG] Excluded [Missing publication year]: Harlan Ellison - Shatterday / First Edition / Signed on Limited Ed. Bookplate [Hardcover] Harlan Ellison
2026-08-11 20:59:00.946 -04:00 [DEBUG] Excluded [Missing publication year]: Harlan Ellison - GREAT SCIENCE FICTION #14
2026-08-11 20:59:00.951 -04:00 [DEBUG] Excluded [Missing publication year]: Harlan Ellison - IF Science Fiction - August 1958
2026-08-11 20:59:00.957 -04:00 [DEBUG] Excluded [Missing publication year]: Harlan Ellison - From The Land Of Fear
2026-08-11 20:59:00.963 -04:00 [DEBUG] Excluded [Missing publication year]: Harlan Ellison - The Magazine Of Fantasy And Science Fiction Special Harlan Ellison Issue
2026-08-11 20:59:00.968 -04:00 [DEBUG] Excluded [Missing publication year]: Harlan Ellison - Dream Corridor Issue Two
2026-08-11 20:59:00.977 -04:00 [DEBUG] Excluded [Missing publication year]: Harlan Ellison - Al Williamson Adventures
2026-08-11 20:59:00.989 -04:00 [DEBUG] Excluded [Missing publication year]: Harlan Ellison - Brain Movies: The Original Teleplays of Harlan Ellison
2026-08-11 20:59:00.994 -04:00 [DEBUG] Excluded [Missing publication year]: Harlan Ellison - Ich suche Kadak: Erzählung
2026-08-11 20:59:00.998 -04:00 [DEBUG] Excluded [Missing publication year]: Harlan Ellison - Brazil's New Novel: Four Northeastern Masters - Jose Lins Do Rego, Jorge Amado, Graciliano, Rachel De Queiroz
2026-08-11 20:59:01.004 -04:00 [DEBUG] Excluded [Missing publication year]: Harlan Ellison - Memos from purgatory;: Two journeys of our times
2026-08-11 20:59:01.008 -04:00 [DEBUG] Excluded [Missing publication year]: Harlan Ellison - Honorable Whoredom at a Penny a Word
2026-08-11 20:59:01.014 -04:00 [DEBUG] Excluded [Missing publication year]: Harlan Ellison - Dérapages
2026-08-11 20:59:01.025 -04:00 [DEBUG] Excluded [Missing publication year]: Harlan Ellison - Objects of Desire in the Mirror Are Closer Than They Appear
2026-08-11 20:59:01.029 -04:00 [DEBUG] Excluded [Missing publication year]: Harlan Ellison - The Rough Boys
2026-08-11 20:59:01.034 -04:00 [DEBUG] Excluded [Missing publication year]: Harlan Ellison - Zauberhafte Maggie Moneyeyes: Erzählung
2026-08-11 20:59:01.040 -04:00 [DEBUG] Excluded [Missing publication year]: Harlan Ellison - Science Fiction Greats Spring 1969
2026-08-11 20:59:01.044 -04:00 [DEBUG] Excluded [Missing publication year]: Harlan Ellison - Das Nachtleben auf Cissalda
2026-08-11 20:59:01.053 -04:00 [INFO] Parsed author 7415, page 11: 0 eligible row(s).
2026-08-11 20:59:01.056 -04:00 [DEBUG] GET author 7415, page 12 (https://www.goodreads.com/author/list/7415.Harlan_Ellison?page=12)
2026-08-11 20:59:01.900 -04:00 [DEBUG] Excluded [Missing publication year]: Harlan Ellison - TheTwilight Zone Premiere/Prestige Edition
2026-08-11 20:59:01.904 -04:00 [DEBUG] Excluded [Missing publication year]: Harlan Ellison - Watching
2026-08-11 20:59:01.908 -04:00 [DEBUG] Excluded [Missing publication year]: Harlan Ellison - Calliope Comics Presents Musings 1 The Sandman
2026-08-11 20:59:01.911 -04:00 [DEBUG] Excluded [Missing publication year]: Harlan Ellison - Chrysalis 1
2026-08-11 20:59:01.916 -04:00 [DEBUG] Excluded [Missing publication year]: Harlan Ellison - Super Science Fiction 5612 'Psycho At Mid Point'
2026-08-11 20:59:01.922 -04:00 [DEBUG] Excluded [Missing publication year]: Harlan Ellison - Edgeworks 4
2026-08-11 20:59:01.928 -04:00 [DEBUG] Excluded [Missing publication year]: Harlan Ellison - Five Dooms To Save * Marvel Comics Vol.1 # 101 ' July 1972 Avengers'
2026-08-11 20:59:01.934 -04:00 [DEBUG] Excluded [Missing publication year]: Harlan Ellison - Star Trek City on the Edge of Forever #5 REG CVR
2026-08-11 20:59:01.938 -04:00 [DEBUG] Excluded [Missing publication year]: Harlan Ellison - Dream Corridor Issue One
2026-08-11 20:59:01.943 -04:00 [DEBUG] Excluded [Missing publication year]: Harlan Ellison - Dream Corridor Issue Three
2026-08-11 20:59:01.946 -04:00 [DEBUG] Excluded [Missing publication year]: Harlan Ellison - Dream Corridor Quarterly (Harlan Ellison's] Vol. 1 Num 1 * Adapting The Fiction Of .
2026-08-11 20:59:01.952 -04:00 [DEBUG] Excluded [Missing publication year]: Harlan Ellison - Algol: The Magazine about Science Fiction, Spring 1978 (Vol. 15. No. 2 [Whole Number 31])
2026-08-11 20:59:01.960 -04:00 [DEBUG] Excluded [Missing publication year]: Harlan Ellison - Death Climb (short story) in True Men Stories, Vol. 1, No. 3, February 1957.
2026-08-11 20:59:01.964 -04:00 [DEBUG] Excluded [Missing publication year]: Harlan Ellison - VIC BLOOD 1-2 the Chronicles of a Boy and His Dog
2026-08-11 20:59:01.967 -04:00 [DEBUG] Excluded [Missing publication year]: Harlan Ellison - H R Gigers Biomechanics 1ST American Edition
2026-08-11 20:59:01.972 -04:00 [DEBUG] Excluded [Missing publication year]: Harlan Ellison - From The Land Of Fear
2026-08-11 20:59:01.976 -04:00 [DEBUG] Excluded [Missing publication year]: Harlan Ellison - Harlan Ellison's The City on the Edge of Forever
2026-08-11 20:59:01.980 -04:00 [DEBUG] Excluded [Missing publication year]: Harlan Ellison - EDGEWORKS Four volume set Including: Over the Edge/ An Edge in my Voice, Spider Kiss/Stalking the Nightmare, The Harlan Ellison Hornbook/ Harlan Ellison's Movie, and, Love Ain't Nothing but Sex Misspelled / The Beast that Shouted Love at the Heart of t...
2026-08-11 20:59:01.989 -04:00 [DEBUG] Excluded [Missing publication year]: Harlan Ellison - "Pennies Off a Dead Man's Eyes" - short story
2026-08-11 20:59:01.993 -04:00 [DEBUG] Excluded [Missing publication year]: Harlan Ellison - Jokes Without Punchlines
2026-08-11 20:59:01.996 -04:00 [DEBUG] Excluded [Missing publication year]: Harlan Ellison - No Doors, No Windows
2026-08-11 20:59:02.001 -04:00 [DEBUG] Excluded [Missing publication year]: Harlan Ellison - Croatan-First Appearance in the Magazine of Fantasy and Science Fiction, Vol. 48, No.4
2026-08-11 20:59:02.007 -04:00 [DEBUG] Excluded [Missing publication year]: Harlan Ellison - If: Worlds of Science Fiction Vol. 6, No. 3
2026-08-11 20:59:02.011 -04:00 [DEBUG] Excluded [Missing publication year]: Harlan Ellison - No Doors No Windows, Limited Edition
2026-08-11 20:59:02.019 -04:00 [DEBUG] Excluded [Missing publication year]: Harlan Ellison - Neither Your Jenny Nor Mine: A Ten Page Novelette in KNIGHT The Magazine For the Adult Male Vol. 4 No. 6 April 1964
2026-08-11 20:59:02.023 -04:00 [DEBUG] Excluded [Missing publication year]: Harlan Ellison - Dream Corridor Issue Five
2026-08-11 20:59:02.027 -04:00 [DEBUG] Excluded [Missing publication year]: Harlan Ellison - Harlan Ellison's Dream Corridor #1
2026-08-11 20:59:02.031 -04:00 [DEBUG] Excluded [Missing publication year]: Harlan Ellison - SHATTERDAY 1980 Houghton Mifflin, Boston First Edition HC/DJ [Hardcover] Harlan Ellison
2026-08-11 20:59:02.036 -04:00 [DEBUG] Excluded [Missing publication year]: Harlan Ellison - Spider Kiss Uncorrected Proof 1st 2006 [Paperback] ELLISON, Harlan [Paperback] ELLISON, Harlan
2026-08-11 20:59:02.039 -04:00 [DEBUG] Excluded [Missing publication year]: Harlan Ellison - The Magazine Of Fantasy And Science Fiction Special Harlan Ellison Issue
2026-08-11 20:59:02.048 -04:00 [INFO] Parsed author 7415, page 12: 0 eligible row(s).
2026-08-11 20:59:02.079 -04:00 [DEBUG] GET author 7415, page 13 (https://www.goodreads.com/author/list/7415.Harlan_Ellison?page=13)
2026-08-11 20:59:03.101 -04:00 [DEBUG] Excluded [Missing publication year]: Harlan Ellison - The Magazine Of Fantasy And Science Fiction, Vol. 39, No. 5 (May, 1970)
2026-08-11 20:59:03.106 -04:00 [DEBUG] Excluded [Missing publication year]: Harlan Ellison - STALKING THE NIGHTMARE First SF Book Club edition Stories Essays
2026-08-11 20:59:03.109 -04:00 [DEBUG] Excluded [Missing publication year]: Harlan Ellison - GLASS (THE) TEAT;
2026-08-11 20:59:03.115 -04:00 [DEBUG] Excluded [Missing publication year]: Harlan Ellison - Vic and Blood by Harlan Ellison (2014-06-24)
2026-08-11 20:59:03.121 -04:00 [DEBUG] Excluded [Missing publication year]: Harlan Ellison - *Signed* Rumble; a Teen-Age Gang Leader's Brutal Story [Author's First Book]
2026-08-11 20:59:03.128 -04:00 [DEBUG] Excluded [Missing publication year]: Harlan Ellison - The Outer Limits Volume One by Harlan Ellison (4-Apr-1997) Paperback
2026-08-11 20:59:03.137 -04:00 [DEBUG] Excluded [Missing publication year]: Harlan Ellison - Daredevil - July 1984 (Marvel Comics, #208)
2026-08-11 20:59:03.140 -04:00 [DEBUG] Excluded [Missing publication year]: Harlan Ellison - BATMAN '66: THE LOST EPISODE #1
2026-08-11 20:59:03.144 -04:00 [DEBUG] Excluded [Missing publication year]: Harlan Ellison - UNREPENTANT - A Celebration of the Writings of Harlan Ellison
2026-08-11 20:59:03.148 -04:00 [DEBUG] Excluded [Missing publication year]: Harlan Ellison - Star Trek Fotonovels, Volumes 1, 2, 3, 4
2026-08-11 20:59:03.153 -04:00 [DEBUG] Excluded [Missing publication year]: Harlan Ellison - DOOMSMAN ..
2026-08-11 20:59:03.159 -04:00 [DEBUG] Excluded [Missing publication year]: Harlan Ellison - Epic The Marvel Magazine of Adult Fantasy June 1981 (Vol 1, No 6)
2026-08-11 20:59:03.164 -04:00 [DEBUG] Excluded [Missing publication year]: Harlan Ellison - Generation by Harlan Ellison. 1975 Pyramid mass market paperback
2026-08-11 20:59:03.168 -04:00 [DEBUG] Excluded [Missing publication year]: Harlan Ellison - Media
2026-08-11 20:59:03.172 -04:00 [DEBUG] Excluded [Missing publication year]: Harlan Ellison - Fantastic Stories of Imagination, June 1964: Paingod; Illusion
2026-08-11 20:59:03.176 -04:00 [DEBUG] Excluded [Missing publication year]: Harlan Ellison - Ainsi sera t'il
2026-08-11 20:59:03.179 -04:00 [DEBUG] Excluded [Missing publication year]: Harlan Ellison - Star Trek City on the Edge of Forever #3
2026-08-11 20:59:03.188 -04:00 [DEBUG] Excluded [Missing publication year]: Harlan Ellison - The Essential Ellison: A 50 Year Retrospective (Revised and Expan (4th Edition) (2005-03-25) [Paperback]
2026-08-11 20:59:03.191 -04:00 [DEBUG] Excluded [Missing publication year]: Harlan Ellison - A Touch of Infinity; The Man with Nine Lives
2026-08-11 20:59:03.196 -04:00 [DEBUG] Excluded [Missing publication year]: Harlan Ellison - Nueva Dimension - Ciencia Ficcion y Fantasia
2026-08-11 20:59:03.201 -04:00 [DEBUG] Excluded [Missing publication year]: Harlan Ellison - Amazing Stories Magazine, v 43, n 3
2026-08-11 20:59:03.205 -04:00 [DEBUG] Excluded [Missing publication year]: Harlan Ellison - EDGEWORKS (3 VOLUMES)
2026-08-11 20:59:03.209 -04:00 [DEBUG] Excluded [Missing publication year]: Harlan Ellison - Watching
2026-08-11 20:59:03.217 -04:00 [DEBUG] Excluded [Missing publication year]: Harlan Ellison - Calliope Comics Presents Musings 1 The Sandman
2026-08-11 20:59:03.222 -04:00 [DEBUG] Excluded [Missing publication year]: Harlan Ellison - Chrysalis 1
2026-08-11 20:59:03.225 -04:00 [DEBUG] Excluded [Missing publication year]: Harlan Ellison - Super Science Fiction 5612 'Psycho At Mid Point'
2026-08-11 20:59:03.229 -04:00 [DEBUG] Excluded [Missing publication year]: Harlan Ellison - Edgeworks 4
2026-08-11 20:59:03.233 -04:00 [DEBUG] Excluded [Missing publication year]: Harlan Ellison - Five Dooms To Save * Marvel Comics Vol.1 # 101 ' July 1972 Avengers'
2026-08-11 20:59:03.238 -04:00 [DEBUG] Excluded [Missing publication year]: Harlan Ellison - Star Trek City on the Edge of Forever #5 REG CVR
2026-08-11 20:59:03.244 -04:00 [DEBUG] Excluded [Missing publication year]: Harlan Ellison - Dream Corridor Issue One
2026-08-11 20:59:03.252 -04:00 [INFO] Parsed author 7415, page 13: 0 eligible row(s).
2026-08-11 20:59:03.254 -04:00 [DEBUG] GET author 7415, page 14 (https://www.goodreads.com/author/list/7415.Harlan_Ellison?page=14)
2026-08-11 20:59:04.118 -04:00 [DEBUG] Excluded [Missing publication year]: Harlan Ellison - STALKING THE NIGHTMARE First SF Book Club edition Stories Essays
2026-08-11 20:59:04.122 -04:00 [DEBUG] Excluded [Missing publication year]: Harlan Ellison - Love Aint Nothing But Sex Misspelled and Other Works
2026-08-11 20:59:04.125 -04:00 [DEBUG] Excluded [Missing publication year]: Harlan Ellison - THE ESSENTIAL ELLISON
2026-08-11 20:59:04.129 -04:00 [DEBUG] Excluded [Missing publication year]: Harlan Ellison - Alone Against Tomorrow:Stories Of Alienation In Speculative Fiction
2026-08-11 20:59:04.139 -04:00 [DEBUG] Excluded [Missing publication year]: Harlan Ellison - Edgeworks Volume 1: Over the Edge, An Edge In My Voice
2026-08-11 20:59:04.143 -04:00 [DEBUG] Excluded [Missing publication year]: Harlan Ellison - The Juvies: Live and Death of the Gutter Kids
2026-08-11 20:59:04.148 -04:00 [DEBUG] Excluded [Missing publication year]: Harlan Ellison - Phoenix Without Ashes No. 3 Release Date October 13, 2010
2026-08-11 20:59:04.155 -04:00 [DEBUG] Excluded [Missing publication year]: Harlan Ellison - "His First Day at War" - HARLAN ELLISON short story
2026-08-11 20:59:04.159 -04:00 [DEBUG] Excluded [Missing publication year]: Harlan Ellison - Dangerous Visons 2
2026-08-11 20:59:04.162 -04:00 [DEBUG] Excluded [Missing publication year]: Harlan Ellison - Harlan Ellison's Dream Corridor (Dark Horse Comics Collection) by Dark Horse Comics (1996-10-15)
2026-08-11 20:59:04.171 -04:00 [DEBUG] Excluded [Missing publication year]: Harlan Ellison - Edgeworks, Volume One: Over the Edge / An Edge in My Voice
2026-08-11 20:59:04.176 -04:00 [DEBUG] Excluded [Missing publication year]: Harlan Ellison - Gentleman Junkie, Signed
2026-08-11 20:59:04.181 -04:00 [DEBUG] Excluded [Missing publication year]: Harlan Ellison - Brain Movies Volume Five: The Original Teleplays of Harlan Ellison published on (November, 2013)
2026-08-11 20:59:04.185 -04:00 [DEBUG] Excluded [Missing publication year]: Harlan Ellison - Rockabilly [Spider Kiss]
2026-08-11 20:59:04.190 -04:00 [DEBUG] Excluded [Missing publication year]: Harlan Ellison - The Deadly Streets
2026-08-11 20:59:04.193 -04:00 [DEBUG] Excluded [Missing publication year]: Harlan Ellison - Ainsi sera t'il
2026-08-11 20:59:04.201 -04:00 [DEBUG] Excluded [Missing publication year]: Harlan Ellison - GLASS (THE) TEAT;
2026-08-11 20:59:04.206 -04:00 [DEBUG] Excluded [Missing publication year]: Harlan Ellison - Vic and Blood by Harlan Ellison (2014-06-24)
2026-08-11 20:59:04.210 -04:00 [DEBUG] Excluded [Missing publication year]: Harlan Ellison - *Signed* Rumble; a Teen-Age Gang Leader's Brutal Story [Author's First Book]
2026-08-11 20:59:04.215 -04:00 [DEBUG] Excluded [Missing publication year]: Harlan Ellison - The Outer Limits Volume One by Harlan Ellison (4-Apr-1997) Paperback
2026-08-11 20:59:04.220 -04:00 [DEBUG] Excluded [Missing publication year]: Harlan Ellison - Daredevil - July 1984 (Marvel Comics, #208)
2026-08-11 20:59:04.224 -04:00 [DEBUG] Excluded [Missing publication year]: Harlan Ellison - BATMAN '66: THE LOST EPISODE #1
2026-08-11 20:59:04.231 -04:00 [DEBUG] Excluded [Missing publication year]: Harlan Ellison - UNREPENTANT - A Celebration of the Writings of Harlan Ellison
2026-08-11 20:59:04.235 -04:00 [DEBUG] Excluded [Missing publication year]: Harlan Ellison - Star Trek Fotonovels, Volumes 1, 2, 3, 4
2026-08-11 20:59:04.240 -04:00 [DEBUG] Excluded [Missing publication year]: Harlan Ellison - DOOMSMAN ..
2026-08-11 20:59:04.244 -04:00 [DEBUG] Excluded [Missing publication year]: Harlan Ellison - Epic The Marvel Magazine of Adult Fantasy June 1981 (Vol 1, No 6)
2026-08-11 20:59:04.248 -04:00 [DEBUG] Excluded [Missing publication year]: Harlan Ellison - Generation by Harlan Ellison. 1975 Pyramid mass market paperback
2026-08-11 20:59:04.253 -04:00 [DEBUG] Excluded [Missing publication year]: Harlan Ellison - Media
2026-08-11 20:59:04.259 -04:00 [DEBUG] Excluded [Missing publication year]: Harlan Ellison - Fantastic Stories of Imagination, June 1964: Paingod; Illusion
2026-08-11 20:59:04.264 -04:00 [DEBUG] Excluded [Missing publication year]: Harlan Ellison - The Magazine Of Fantasy And Science Fiction, Vol. 39, No. 5 (May, 1970)
2026-08-11 20:59:04.272 -04:00 [INFO] Parsed author 7415, page 14: 0 eligible row(s).
2026-08-11 20:59:04.274 -04:00 [DEBUG] GET author 7415, page 15 (https://www.goodreads.com/author/list/7415.Harlan_Ellison?page=15)
2026-08-11 20:59:05.350 -04:00 [DEBUG] Excluded [Contributor-only credit]: Harlan Ellison - Harlan! Harlan Ellison Reads Harlan Ellison
2026-08-11 20:59:05.354 -04:00 [DEBUG] Excluded [Missing publication year]: Harlan Ellison - Dream Corridor Quarterly (Harlan Ellison's] Vol.1 Num 4 * Adapting The Fiction Of .
2026-08-11 20:59:05.358 -04:00 [DEBUG] Excluded [Missing publication year]: Harlan Ellison - [Web of the City (Hard Case Crime)] [By: Ellison, Harlan] [April, 2013]
2026-08-11 20:59:05.365 -04:00 [DEBUG] Excluded [Missing publication year]: Harlan Ellison - Voice from the Edge, Vol. 2, The
2026-08-11 20:59:05.377 -04:00 [DEBUG] Excluded [Missing publication year]: Harlan Ellison - PAINGOD - SIGNED - FIRST
2026-08-11 20:59:05.429 -04:00 [DEBUG] Excluded [Missing publication year]: Harlan Ellison - [(Brain Movies Volume Five: The Original Teleplays of Harlan Ellison)] [Author: Harlan Ellison] published on (November, 2013)
2026-08-11 20:59:05.470 -04:00 [DEBUG] Excluded [Missing publication year]: Harlan Ellison - Super Science Fiction 5702 'Mission: Hypnosis'
2026-08-11 20:59:05.490 -04:00 [DEBUG] Excluded [Missing publication year]: Harlan Ellison - Gentleman Junkie (Regency RB102)
2026-08-11 20:59:05.504 -04:00 [DEBUG] Excluded [Missing publication year]: Harlan Ellison - An Edge in My Voice by Harlan Ellison (3-Jun-2014) Paperback
2026-08-11 20:59:05.531 -04:00 [DEBUG] Excluded [Missing publication year]: Harlan Ellison - Adventure Comics * Creator Of The Silver Fog * Vol 47 #479 MAR 1981
2026-08-11 20:59:05.540 -04:00 [DEBUG] Excluded [Missing publication year]: Harlan Ellison - Partners in Wonder by Ellison, Harlan (2014) Paperback
2026-08-11 20:59:05.545 -04:00 [DEBUG] Excluded [Missing publication year]: Harlan Ellison - If 1956 06 'Crackpots' Vol. 6. No. 4.
2026-08-11 20:59:05.549 -04:00 [DEBUG] Excluded [Missing publication year]: Harlan Ellison - Gentleman Junkie by Harlan Ellison (2014-06-03)
2026-08-11 20:59:05.553 -04:00 [DEBUG] Excluded [Missing publication year]: Harlan Ellison - Science Fiction Stories of the Future from the Past
2026-08-11 20:59:05.557 -04:00 [DEBUG] Excluded [Missing publication year]: Harlan Ellison - Sleepless Nights in the Procrustean Bed and Other Works: Essays
2026-08-11 20:59:05.570 -04:00 [DEBUG] Excluded [Missing publication year]: Harlan Ellison - Gentleman Junkie, Signed
2026-08-11 20:59:05.583 -04:00 [DEBUG] Excluded [Missing publication year]: Harlan Ellison - Harlan Ellison's Watching: Essays and Criticism
2026-08-11 20:59:05.588 -04:00 [DEBUG] Excluded [Missing publication year]: Harlan Ellison - Harlan Ellison's Watching: Essays and Criticism
2026-08-11 20:59:05.592 -04:00 [DEBUG] Excluded [Missing publication year]: Harlan Ellison - The Harlan Ellison Hornbook and Other Works
2026-08-11 20:59:05.595 -04:00 [DEBUG] Excluded [Missing publication year]: Harlan Ellison - The Deadly Streets and Other Works
2026-08-11 20:59:05.600 -04:00 [DEBUG] Excluded [Missing publication year]: Harlan Ellison - Love Aint Nothing But Sex Misspelled and Other Works
2026-08-11 20:59:05.607 -04:00 [DEBUG] Excluded [Missing publication year]: Harlan Ellison - THE ESSENTIAL ELLISON
2026-08-11 20:59:05.610 -04:00 [DEBUG] Excluded [Missing publication year]: Harlan Ellison - Alone Against Tomorrow:Stories Of Alienation In Speculative Fiction
2026-08-11 20:59:05.614 -04:00 [DEBUG] Excluded [Missing publication year]: Harlan Ellison - Edgeworks Volume 1: Over the Edge, An Edge In My Voice
2026-08-11 20:59:05.619 -04:00 [DEBUG] Excluded [Missing publication year]: Harlan Ellison - The Juvies: Live and Death of the Gutter Kids
2026-08-11 20:59:05.622 -04:00 [DEBUG] Excluded [Missing publication year]: Harlan Ellison - Phoenix Without Ashes No. 3 Release Date October 13, 2010
2026-08-11 20:59:05.626 -04:00 [DEBUG] Excluded [Missing publication year]: Harlan Ellison - "His First Day at War" - HARLAN ELLISON short story
2026-08-11 20:59:05.631 -04:00 [DEBUG] Excluded [Missing publication year]: Harlan Ellison - Dangerous Visons 2
2026-08-11 20:59:05.636 -04:00 [DEBUG] Excluded [Missing publication year]: Harlan Ellison - Harlan Ellison's Dream Corridor (Dark Horse Comics Collection) by Dark Horse Comics (1996-10-15)
2026-08-11 20:59:05.642 -04:00 [DEBUG] Excluded [Missing publication year]: Harlan Ellison - Edgeworks, Volume One: Over the Edge / An Edge in My Voice
2026-08-11 20:59:05.650 -04:00 [INFO] Parsed author 7415, page 15: 0 eligible row(s).
2026-08-11 20:59:05.652 -04:00 [DEBUG] GET author 7415, page 16 (https://www.goodreads.com/author/list/7415.Harlan_Ellison?page=16)
2026-08-11 20:59:07.524 -04:00 [DEBUG] Excluded [Contributor-only credit]: Harlan Ellison - Ender's Game (Ender's Saga, #1)
2026-08-11 20:59:07.528 -04:00 [DEBUG] Excluded [Contributor-only credit]: Harlan Ellison - Through the Looking-Glass and What Alice Found There: Library Edition
2026-08-11 20:59:07.532 -04:00 [DEBUG] Excluded [Contributor-only credit]: Harlan Ellison - A Wizard of Earthsea (Earthsea Cycle, #1)
2026-08-11 20:59:07.538 -04:00 [DEBUG] Excluded [Contributor-only credit]: Harlan Ellison - Twenty Thousand Leagues Under the Sea
2026-08-11 20:59:07.542 -04:00 [DEBUG] Excluded [Contributor-only credit]: Harlan Ellison - Through the Looking Glass (Alice's Adventures in Wonderland, #2)
2026-08-11 20:59:07.547 -04:00 [DEBUG] Excluded [Contributor-only credit]: Harlan Ellison - Night Watch (Discworld, #29)
2026-08-11 20:59:07.554 -04:00 [DEBUG] Excluded [Contributor-only credit]: Harlan Ellison - Sandman: País de sueños (Sandman de Zinco, taco #3)
2026-08-11 20:59:07.558 -04:00 [DEBUG] Excluded [Contributor-only credit]: Harlan Ellison - The Sandman, Vol. 4: Season of Mists
2026-08-11 20:59:07.562 -04:00 [DEBUG] Excluded [Contributor-only credit]: Harlan Ellison - Thief of Time (Discworld, #26; Death, #5)
2026-08-11 20:59:07.572 -04:00 [DEBUG] Excluded [Contributor-only credit]: Harlan Ellison - The Other Wind (Earthsea Cycle #6)
2026-08-11 20:59:07.575 -04:00 [DEBUG] Excluded [Missing publication year]: Harlan Ellison - The Juvies Life and Death of the Gutter Kids
2026-08-11 20:59:07.580 -04:00 [DEBUG] Excluded [Missing publication year]: Harlan Ellison - THE DEADLY STREETS
2026-08-11 20:59:07.586 -04:00 [DEBUG] Excluded [Missing publication year]: Harlan Ellison - By Harlan Ellison Li'l Harlan and his sidekick Carl the Comet in Danger Land (Limited Edition) [Paperback]
2026-08-11 20:59:07.591 -04:00 [DEBUG] Excluded [Missing publication year]: Harlan Ellison - Greatest Hits, Volume 2
2026-08-11 20:59:07.594 -04:00 [DEBUG] Excluded [Missing publication year]: Harlan Ellison - The Bloomsbury Review - January 1985 (Vol. 5, #4)
2026-08-11 20:59:07.601 -04:00 [DEBUG] Excluded [Missing publication year]: Harlan Ellison - The Harlan Ellison hornbook
2026-08-11 20:59:07.606 -04:00 [DEBUG] Excluded [Missing publication year]: Harlan Ellison - Harlan Ellison
2026-08-11 20:59:07.609 -04:00 [DEBUG] Excluded [Missing publication year]: Harlan Ellison - Brain Movies: The Original Teleplays of Harlan Ellison: 6 by Harlan Ellison (27-Sep-2014) Paperback
2026-08-11 20:59:07.614 -04:00 [DEBUG] Excluded [Missing publication year]: Harlan Ellison - [(The Other Glass Teat)] [Author: Harlan Ellison] published on (June, 2014)
2026-08-11 20:59:07.618 -04:00 [DEBUG] Excluded [Missing publication year]: Harlan Ellison - Sleepless Nights in the Procrustean Bed and Other Works
2026-08-11 20:59:07.624 -04:00 [DEBUG] Excluded [Missing publication year]: Harlan Ellison - Super Science Fiction 5702 'Mission: Hypnosis'
2026-08-11 20:59:07.628 -04:00 [DEBUG] Excluded [Missing publication year]: Harlan Ellison - Summons Of Psyklop, The * Marvel Comic Vol 1 # 088 May 1971 "Avengers'
2026-08-11 20:59:07.635 -04:00 [DEBUG] Excluded [Missing publication year]: Harlan Ellison - Dream Corridor Quarterly (Harlan Ellison's] Vol.1 Num 5 * Adapting The Fiction Of .
2026-08-11 20:59:07.640 -04:00 [DEBUG] Excluded [Missing publication year]: Harlan Ellison - Slippage - SIGNED Limited Edition
2026-08-11 20:59:07.644 -04:00 [DEBUG] Excluded [Missing publication year]: Harlan Ellison - Repent, Harlequin!, Said the Ticktockman by Harlan Ellison (31-Oct-1997) Hardcover
2026-08-11 20:59:07.648 -04:00 [DEBUG] Excluded [Missing publication year]: Harlan Ellison - Dream Corridor Quarterly (Harlan Ellison's] Vol.1 Num 4 * Adapting The Fiction Of .
2026-08-11 20:59:07.653 -04:00 [DEBUG] Excluded [Missing publication year]: Harlan Ellison - [Web of the City (Hard Case Crime)] [By: Ellison, Harlan] [April, 2013]
2026-08-11 20:59:07.657 -04:00 [DEBUG] Excluded [Missing publication year]: Harlan Ellison - Voice from the Edge, Vol. 2, The
2026-08-11 20:59:07.664 -04:00 [DEBUG] Excluded [Missing publication year]: Harlan Ellison - PAINGOD - SIGNED - FIRST
2026-08-11 20:59:07.669 -04:00 [DEBUG] Excluded [Missing publication year]: Harlan Ellison - [(Brain Movies Volume Five: The Original Teleplays of Harlan Ellison)] [Author: Harlan Ellison] published on (November, 2013)
2026-08-11 20:59:07.677 -04:00 [INFO] Parsed author 7415, page 16: 0 eligible row(s).
2026-08-11 20:59:07.679 -04:00 [DEBUG] GET author 7415, page 17 (https://www.goodreads.com/author/list/7415.Harlan_Ellison?page=17)
2026-08-11 20:59:09.066 -04:00 [DEBUG] Excluded [Contributor-only credit]: Harlan Ellison - Goodbye, Columbus: And Five Short Stories
2026-08-11 20:59:09.070 -04:00 [DEBUG] Excluded [Contributor-only credit]: Harlan Ellison - More Than Human
2026-08-11 20:59:09.074 -04:00 [DEBUG] Excluded [Contributor-only credit]: Harlan Ellison - The Rats in the Walls
2026-08-11 20:59:09.081 -04:00 [DEBUG] Excluded [Contributor-only credit]: Harlan Ellison - Wastelands: Stories of the Apocalypse
2026-08-11 20:59:09.088 -04:00 [DEBUG] Excluded [Contributor-only credit]: Harlan Ellison - The Shrinking Man
2026-08-11 20:59:09.092 -04:00 [DEBUG] Excluded [Contributor-only credit]: Harlan Ellison - Mars
2026-08-11 20:59:09.095 -04:00 [DEBUG] Excluded [Contributor-only credit]: Harlan Ellison - The Living Dead (The Living Dead, #1)
2026-08-11 20:59:09.100 -04:00 [DEBUG] Excluded [Contributor-only credit]: Harlan Ellison - 20,000 Leagues under the Sea
2026-08-11 20:59:09.105 -04:00 [DEBUG] Excluded [Contributor-only credit]: Harlan Ellison - The Collected Stories of Arthur C. Clarke
2026-08-11 20:59:09.114 -04:00 [DEBUG] Excluded [Contributor-only credit]: Harlan Ellison - The Birthday of the World and Other Stories (Hainish Cycle, #10)
2026-08-11 20:59:09.120 -04:00 [DEBUG] Excluded [Contributor-only credit]: Harlan Ellison - Cthulhu 2000: Stories
2026-08-11 20:59:09.124 -04:00 [DEBUG] Excluded [Contributor-only credit]: Harlan Ellison - Jupiter
2026-08-11 20:59:09.129 -04:00 [DEBUG] Excluded [Contributor-only credit]: Harlan Ellison - Venus
2026-08-11 20:59:09.135 -04:00 [DEBUG] Excluded [Contributor-only credit]: Harlan Ellison - The Weird
2026-08-11 20:59:09.140 -04:00 [DEBUG] Excluded [Contributor-only credit]: Harlan Ellison - Brave New Worlds
2026-08-11 20:59:09.146 -04:00 [DEBUG] Excluded [Contributor-only credit]: Harlan Ellison - Return to Mars
2026-08-11 20:59:09.153 -04:00 [DEBUG] Excluded [Contributor-only credit]: Harlan Ellison - McSweeney's Mammoth Treasury of Thrilling Tales (McSweeney’s Quarterly Concern, #10)
2026-08-11 20:59:09.158 -04:00 [DEBUG] Excluded [Contributor-only credit]: Harlan Ellison - Masterpieces: The Best Science Fiction of the 20th Century
2026-08-11 20:59:09.162 -04:00 [DEBUG] Excluded [Contributor-only credit]: Harlan Ellison - Shadow Show: New Short Stories and Fantasy from Neil Gaiman, Joe Hill, and 24 Writers – A Ray Bradbury Tribute
2026-08-11 20:59:09.167 -04:00 [DEBUG] Excluded [Contributor-only credit]: Harlan Ellison - Untouched by Human Hands Lib/E
2026-08-11 20:59:09.171 -04:00 [DEBUG] Excluded [Contributor-only credit]: Harlan Ellison - The Best American Noir of the Century (The Best American Series)
2026-08-11 20:59:09.177 -04:00 [DEBUG] Excluded [Contributor-only credit]: Harlan Ellison - The Rocketeer
2026-08-11 20:59:09.181 -04:00 [DEBUG] Excluded [Contributor-only credit]: Harlan Ellison - American Gothic Tales
2026-08-11 20:59:09.186 -04:00 [DEBUG] Excluded [Contributor-only credit]: Harlan Ellison - King Kong
2026-08-11 20:59:09.191 -04:00 [DEBUG] Excluded [Contributor-only credit]: Harlan Ellison - Star Trek: Harlan Ellison's The City on the Edge of Forever: The Original Teleplay
2026-08-11 20:59:09.195 -04:00 [DEBUG] Excluded [Contributor-only credit]: Harlan Ellison - Perchance to Dream
2026-08-11 20:59:09.199 -04:00 [DEBUG] Excluded [Contributor-only credit]: Harlan Ellison - Midnight Graffiti
2026-08-11 20:59:09.209 -04:00 [DEBUG] Excluded [Contributor-only credit]: Harlan Ellison - Sailing Bright Eternity (Galactic Center, 6)
2026-08-11 20:59:09.213 -04:00 [DEBUG] Excluded [Contributor-only credit]: Harlan Ellison - Batman: Black and White, Volume Two
2026-08-11 20:59:09.222 -04:00 [INFO] Parsed author 7415, page 17: 1 eligible row(s).
2026-08-11 20:59:09.224 -04:00 [DEBUG] GET author 7415, page 18 (https://www.goodreads.com/author/list/7415.Harlan_Ellison?page=18)
2026-08-11 20:59:10.729 -04:00 [DEBUG] Excluded [Contributor-only credit]: Harlan Ellison - Hot Blood: Tales of Erotic Horror
2026-08-11 20:59:10.736 -04:00 [DEBUG] Excluded [Contributor-only credit]: Harlan Ellison - In the Company of Sherlock Holmes (Stories Inspired by the Holmes Canon, #2)
2026-08-11 20:59:10.740 -04:00 [DEBUG] Excluded [Contributor-only credit]: Harlan Ellison - The Computer Connection
2026-08-11 20:59:10.744 -04:00 [DEBUG] Excluded [Contributor-only credit]: Harlan Ellison - Get Up!: Why Your Chair Is Killing You and What You Can Do About It
2026-08-11 20:59:10.751 -04:00 [DEBUG] Excluded [Contributor-only credit]: Harlan Ellison - The Black Lizard Big Book of Pulps: The Best Crime Stories from the Pulps During Their Golden Age (The 20's, 30's, & 40's)
2026-08-11 20:59:10.755 -04:00 [DEBUG] Excluded [Contributor-only credit]: Harlan Ellison - Genesis of the Daleks
2026-08-11 20:59:10.759 -04:00 [DEBUG] Excluded [Contributor-only credit]: Harlan Ellison - The Thinking Machine
2026-08-11 20:59:10.768 -04:00 [DEBUG] Excluded [Contributor-only credit]: Harlan Ellison - The Big Book of Science Fiction
2026-08-11 20:59:10.772 -04:00 [DEBUG] Excluded [Contributor-only credit]: Harlan Ellison - Furious Gulf (Galactic Center, 5)
2026-08-11 20:59:10.776 -04:00 [DEBUG] Excluded [Contributor-only credit]: Harlan Ellison - The Best of Subterranean
2026-08-11 20:59:10.781 -04:00 [DEBUG] Excluded [Contributor-only credit]: Harlan Ellison - The Return of the Black Widowers
2026-08-11 20:59:10.785 -04:00 [DEBUG] Excluded [Contributor-only credit]: Harlan Ellison - Borderlands
2026-08-11 20:59:10.790 -04:00 [DEBUG] Excluded [Contributor-only credit]: Harlan Ellison - Doctor Who and the Day of the Daleks
2026-08-11 20:59:10.795 -04:00 [DEBUG] Excluded [Contributor-only credit]: Harlan Ellison - The Mammoth Book of Extreme Science Fiction
2026-08-11 20:59:10.801 -04:00 [DEBUG] Excluded [Contributor-only credit]: Harlan Ellison - Alien Sex: 19 Tales by the Masters of Science Fiction and Dark Fantasy
2026-08-11 20:59:10.805 -04:00 [DEBUG] Excluded [Contributor-only credit]: Harlan Ellison - Wings of Fire
2026-08-11 20:59:10.809 -04:00 [DEBUG] Excluded [Contributor-only credit]: Harlan Ellison - Doctor Who and the Loch Ness Monster
2026-08-11 20:59:10.814 -04:00 [DEBUG] Excluded [Contributor-only credit]: Harlan Ellison - The Wesleyan Anthology of Science Fiction
2026-08-11 20:59:10.825 -04:00 [DEBUG] Excluded [Contributor-only credit]: Harlan Ellison - Vengeance (Vendetta #1)
2026-08-11 20:59:10.856 -04:00 [DEBUG] Excluded [Contributor-only credit]: Harlan Ellison - The Lion of Comarre & Other Stories (The Collected Stories of Arthur C. Clarke, #1)
2026-08-11 20:59:10.869 -04:00 [DEBUG] Excluded [Contributor-only credit]: Harlan Ellison - The Mammoth Book of Vampires
2026-08-11 20:59:10.878 -04:00 [DEBUG] Excluded [Contributor-only credit]: Harlan Ellison - American Fantastic Tales: Terror and the Uncanny from the 1940s to Now
2026-08-11 20:59:10.896 -04:00 [DEBUG] Excluded [Contributor-only credit]: Harlan Ellison - Demons
2026-08-11 20:59:10.910 -04:00 [DEBUG] Excluded [Contributor-only credit]: Harlan Ellison - Revenge of the Cybermen (Doctor Who #5)
2026-08-11 20:59:10.919 -04:00 [DEBUG] Excluded [Contributor-only credit]: Harlan Ellison - The Dybbuk
2026-08-11 20:59:10.932 -04:00 [DEBUG] Excluded [Contributor-only credit]: Harlan Ellison - The Nine Billion Names of God & Other Stories (The Collected Stories of Arthur C. Clarke #3)
2026-08-11 20:59:10.938 -04:00 [DEBUG] Excluded [Contributor-only credit]: Harlan Ellison - Night And The City (iBooks Mysteries Book 1)
2026-08-11 20:59:10.943 -04:00 [DEBUG] Excluded [Contributor-only credit]: Harlan Ellison - Shudder Again: 22 Tales of Sex and Horror
2026-08-11 20:59:10.947 -04:00 [DEBUG] Excluded [Contributor-only credit]: Harlan Ellison - Love, Death + Robots: The Official Anthology: Volumes 2 & 3
2026-08-11 20:59:10.950 -04:00 [DEBUG] Excluded [Contributor-only credit]: Harlan Ellison - The Very Best of Fantasy & Science Fiction: Sixtieth Anniversary Anthology
2026-08-11 20:59:10.958 -04:00 [INFO] Parsed author 7415, page 18: 0 eligible row(s).
2026-08-11 20:59:10.966 -04:00 [DEBUG] GET author 7415, page 19 (https://www.goodreads.com/author/list/7415.Harlan_Ellison?page=19)
2026-08-11 20:59:12.525 -04:00 [DEBUG] Excluded [Contributor-only credit]: Harlan Ellison - Beyond Armageddon
2026-08-11 20:59:12.530 -04:00 [DEBUG] Excluded [Contributor-only credit]: Harlan Ellison - Shelf Life: Fantastic Stories Celebrating Bookstores
2026-08-11 20:59:12.534 -04:00 [DEBUG] Excluded [Contributor-only credit]: Harlan Ellison - The Mammoth Book of The Best Of Best New Horror
2026-08-11 20:59:12.538 -04:00 [DEBUG] Excluded [Contributor-only credit]: Harlan Ellison - Smart Dragons, Foolish Elves
2026-08-11 20:59:12.541 -04:00 [DEBUG] Excluded [Contributor-only credit]: Harlan Ellison - Inverno Horror 1992: Vampiri
2026-08-11 20:59:12.549 -04:00 [DEBUG] Excluded [Contributor-only credit]: Harlan Ellison - Biomechanics
2026-08-11 20:59:12.555 -04:00 [DEBUG] Excluded [Contributor-only credit]: Harlan Ellison - Batman '66 Vol. 4
2026-08-11 20:59:12.559 -04:00 [DEBUG] Excluded [Contributor-only credit]: Harlan Ellison - 100 Great Fantasy Short Short Stories
2026-08-11 20:59:12.568 -04:00 [DEBUG] Excluded [Contributor-only credit]: Harlan Ellison - A Night in the Cemetery: And Other Stories of Crime and Suspense
2026-08-11 20:59:12.572 -04:00 [DEBUG] Excluded [Contributor-only credit]: Harlan Ellison - Nightshade & Damnations: 11 Stories of the Weird, the Unspeakable, the Bizarre
2026-08-11 20:59:12.578 -04:00 [DEBUG] Excluded [Contributor-only credit]: Harlan Ellison - The Color of Evil
2026-08-11 20:59:12.585 -04:00 [DEBUG] Excluded [Contributor-only credit]: Harlan Ellison - Shadows of Death: Terrifying Tales by H. P. Lovecraft
2026-08-11 20:59:12.589 -04:00 [DEBUG] Excluded [Contributor-only credit]: Harlan Ellison - Korkunun Bütün Sesleri
2026-08-11 20:59:12.593 -04:00 [DEBUG] Excluded [Contributor-only credit]: Harlan Ellison - Shadow Show: Stories In Celebration of Ray Bradbury
2026-08-11 20:59:12.597 -04:00 [DEBUG] Excluded [Contributor-only credit]: Harlan Ellison - Wandering Stars: An Anthology of Jewish Fantasy and Science Fiction
2026-08-11 20:59:12.605 -04:00 [DEBUG] Excluded [Contributor-only credit]: Harlan Ellison - The Year's Best Fantasy: First Annual Collection
2026-08-11 20:59:12.610 -04:00 [DEBUG] Excluded [Contributor-only credit]: Harlan Ellison - Earthlight & Other Stories (The Collected Stories of Arthur C. Clarke, #2)
2026-08-11 20:59:12.615 -04:00 [DEBUG] Excluded [Contributor-only credit]: Harlan Ellison - The Avram Davidson Treasury: A Tribute Collection
2026-08-11 20:59:12.620 -04:00 [DEBUG] Excluded [Contributor-only credit]: Harlan Ellison - Hugo Story 2 - oceněné povídky z let 1962 - 1967
2026-08-11 20:59:12.623 -04:00 [DEBUG] Excluded [Contributor-only credit]: Harlan Ellison - The Stonehenge Gate
2026-08-11 20:59:12.628 -04:00 [DEBUG] Excluded [Contributor-only credit]: Harlan Ellison - The Year's Best Fantasy and Horror: 14th Annual
2026-08-11 20:59:12.635 -04:00 [DEBUG] Excluded [Contributor-only credit]: Harlan Ellison - The Road to Science Fiction 3: From Heinlein to Here
2026-08-11 20:59:12.640 -04:00 [DEBUG] Excluded [Contributor-only credit]: Harlan Ellison - The Ultimate Werewolf
2026-08-11 20:59:12.643 -04:00 [DEBUG] Excluded [Contributor-only credit]: Harlan Ellison - Fallen Angel
2026-08-11 20:59:12.647 -04:00 [DEBUG] Excluded [Contributor-only credit]: Harlan Ellison - The Year's Best Fantasy and Horror: Seventh Annual Collection
2026-08-11 20:59:12.652 -04:00 [DEBUG] Excluded [Contributor-only credit]: Harlan Ellison - The Year's Best Fantasy and Horror: Eighth Annual Collection
2026-08-11 20:59:12.662 -04:00 [DEBUG] Excluded [Contributor-only credit]: Harlan Ellison - The Rocketeer: All 5 Action Chapters!
2026-08-11 20:59:12.673 -04:00 [INFO] Parsed author 7415, page 19: 3 eligible row(s).
2026-08-11 20:59:12.674 -04:00 [DEBUG] GET author 7415, page 20 (https://www.goodreads.com/author/list/7415.Harlan_Ellison?page=20)
2026-08-11 20:59:14.059 -04:00 [DEBUG] Excluded [Contributor-only credit]: Harlan Ellison - The Black Lizard Anthology of Crime Fiction
2026-08-11 20:59:14.064 -04:00 [DEBUG] Excluded [Contributor-only credit]: Harlan Ellison - The Very Best of Fantasy & Science Fiction, Volume 2
2026-08-11 20:59:14.068 -04:00 [DEBUG] Excluded [Contributor-only credit]: Harlan Ellison - The Science Fiction Century
2026-08-11 20:59:14.074 -04:00 [DEBUG] Excluded [Contributor-only credit]: Harlan Ellison - Unicorns!
2026-08-11 20:59:14.079 -04:00 [DEBUG] Excluded [Contributor-only credit]: Harlan Ellison - Zombies! Zombies! Zombies!
2026-08-11 20:59:14.086 -04:00 [DEBUG] Excluded [Contributor-only credit]: Harlan Ellison - Masterpieces of Fantasy and Wonder
2026-08-11 20:59:14.091 -04:00 [DEBUG] Excluded [Contributor-only credit]: Harlan Ellison - Alfred Hitchcock Presents Stories to Be Read With the Door Locked
2026-08-11 20:59:14.095 -04:00 [DEBUG] Excluded [Contributor-only credit]: Harlan Ellison - DC Finest - Batman: Red Skies
2026-08-11 20:59:14.102 -04:00 [DEBUG] Excluded [Contributor-only credit]: Harlan Ellison - Grave Predictions: Tales of Mankind’s Post-Apocalyptic, Dystopian and Disastrous Destiny
2026-08-11 20:59:14.108 -04:00 [DEBUG] Excluded [Contributor-only credit]: Harlan Ellison - San Diego Lightfoot Sue and Other Stories
2026-08-11 20:59:14.113 -04:00 [DEBUG] Excluded [Contributor-only credit]: Harlan Ellison - Nebula Awards Showcase 2012
2026-08-11 20:59:14.118 -04:00 [DEBUG] Excluded [Contributor-only credit]: Harlan Ellison - The Hugo Winners Vol. 3 1971-1975
2026-08-11 20:59:14.123 -04:00 [DEBUG] Excluded [Contributor-only credit]: Harlan Ellison - The Greatest Science Fiction Stories of the 20th Century
2026-08-11 20:59:14.127 -04:00 [DEBUG] Excluded [Contributor-only credit]: Harlan Ellison - A Century of Great Suspense Stories
2026-08-11 20:59:14.132 -04:00 [DEBUG] Excluded [Contributor-only credit]: Harlan Ellison - Nebula Award Stories 3
2026-08-11 20:59:14.137 -04:00 [DEBUG] Excluded [Contributor-only credit]: Harlan Ellison - Essential Avengers, Vol. 5
2026-08-11 20:59:14.144 -04:00 [DEBUG] Excluded [Contributor-only credit]: Harlan Ellison - The Year's Best Fantasy and Horror: Sixth Annual Collection
2026-08-11 20:59:14.149 -04:00 [DEBUG] Excluded [Contributor-only credit]: Harlan Ellison - Great Fantasy
2026-08-11 20:59:14.156 -04:00 [DEBUG] Excluded [Contributor-only credit]: Harlan Ellison - Curse of the Full Moon
2026-08-11 20:59:14.160 -04:00 [DEBUG] Excluded [Contributor-only credit]: Harlan Ellison - The Hugo Winners, Volume 4: Thirteen Prizewinning Stories 1976 - 1979
2026-08-11 20:59:14.168 -04:00 [DEBUG] Excluded [Contributor-only credit]: Harlan Ellison - Best New Horror 2 (The Mammoth Book of Best New Horror, #2)
2026-08-11 20:59:14.175 -04:00 [DEBUG] Excluded [Contributor-only credit]: Harlan Ellison - Study War No More: A Selection of Alternatives
2026-08-11 20:59:14.180 -04:00 [DEBUG] Excluded [Contributor-only credit]: Harlan Ellison - The Mammoth Book of Fantasy
2026-08-11 20:59:14.187 -04:00 [DEBUG] Excluded [Contributor-only credit]: Harlan Ellison - The Big Book of Jack the Ripper (Big Book Series)
2026-08-11 20:59:14.192 -04:00 [DEBUG] Excluded [Contributor-only credit]: Harlan Ellison - Le Styx coule à l'envers
2026-08-11 20:59:14.195 -04:00 [DEBUG] Excluded [Contributor-only credit]: Harlan Ellison - Marvel Masterworks: The Avengers, Vol. 9
2026-08-11 20:59:14.203 -04:00 [DEBUG] Excluded [Contributor-only credit]: Harlan Ellison - The Lying Year
2026-08-11 20:59:14.207 -04:00 [DEBUG] Excluded [Contributor-only credit]: Harlan Ellison - The Best of Bova, Volume 1
2026-08-11 20:59:14.215 -04:00 [INFO] Parsed author 7415, page 20: 2 eligible row(s).
2026-08-11 20:59:14.218 -04:00 [DEBUG] GET author 7415, page 21 (https://www.goodreads.com/author/list/7415.Harlan_Ellison?page=21)
2026-08-11 20:59:15.690 -04:00 [DEBUG] Excluded [Contributor-only credit]: Harlan Ellison - The Best of Bova, Volume 1
2026-08-11 20:59:15.695 -04:00 [DEBUG] Excluded [Contributor-only credit]: Harlan Ellison - In the Shadow of the Gargoyle
2026-08-11 20:59:15.702 -04:00 [DEBUG] Excluded [Contributor-only credit]: Harlan Ellison - Nebula Award Stories 8
2026-08-11 20:59:15.705 -04:00 [DEBUG] Excluded [Contributor-only credit]: Harlan Ellison - Marvel Masterworks: The Avengers, Vol. 11
2026-08-11 20:59:15.709 -04:00 [DEBUG] Excluded [Contributor-only credit]: Harlan Ellison - Essential Incredible Hulk, Vol. 3
2026-08-11 20:59:15.714 -04:00 [DEBUG] Excluded [Contributor-only credit]: Harlan Ellison - Season of Wonder
2026-08-11 20:59:15.722 -04:00 [DEBUG] Excluded [Contributor-only credit]: Harlan Ellison - Night Ride, and Other Journeys
2026-08-11 20:59:15.729 -04:00 [DEBUG] Excluded [Contributor-only credit]: Harlan Ellison - The Year's Best Horror Stories, Series IX
2026-08-11 20:59:15.737 -04:00 [DEBUG] Excluded [Contributor-only credit]: Harlan Ellison - Demon with a Glass Hand (DC Science Fiction Graphic Novel #5)
2026-08-11 20:59:15.741 -04:00 [DEBUG] Excluded [Contributor-only credit]: Harlan Ellison - Deep Space: Eight Stories of Science Fiction
2026-08-11 20:59:15.744 -04:00 [DEBUG] Excluded [Contributor-only credit]: Harlan Ellison - Nebula Award Stories 11
2026-08-11 20:59:15.752 -04:00 [DEBUG] Excluded [Contributor-only credit]: Harlan Ellison - Donald A. Wollheim představuje nejlepší povídky sci-fi 1986
2026-08-11 20:59:15.756 -04:00 [DEBUG] Excluded [Contributor-only credit]: Harlan Ellison - Berni Wrightson: A Look Back
2026-08-11 20:59:15.763 -04:00 [DEBUG] Excluded [Contributor-only credit]: Harlan Ellison - Witches' Brew
2026-08-11 20:59:15.770 -04:00 [DEBUG] Excluded [Contributor-only credit]: Harlan Ellison - The Playboy Book of Science Fiction
2026-08-11 20:59:15.774 -04:00 [DEBUG] Excluded [Contributor-only credit]: Harlan Ellison - The Complete Stories of Theodore Sturgeon, Volume XI: The Nail and the Oracle
2026-08-11 20:59:15.777 -04:00 [DEBUG] Excluded [Contributor-only credit]: Harlan Ellison - 2020 Vision
2026-08-11 20:59:15.782 -04:00 [DEBUG] Excluded [Contributor-only credit]: Harlan Ellison - But I Digress (But I Digress, #1)
2026-08-11 20:59:15.788 -04:00 [DEBUG] Excluded [Contributor-only credit]: Harlan Ellison - The 1972 Annual World's Best SF
2026-08-11 20:59:15.794 -04:00 [DEBUG] Excluded [Contributor-only credit]: Harlan Ellison - The Ultimate Dragon
2026-08-11 20:59:15.798 -04:00 [DEBUG] Excluded [Contributor-only credit]: Harlan Ellison - Earthmen and Strangers
2026-08-11 20:59:15.803 -04:00 [DEBUG] Excluded [Contributor-only credit]: Harlan Ellison - The New Hugo Winners, Vol. 2 1986-1988
2026-08-11 20:59:15.807 -04:00 [DEBUG] Excluded [Contributor-only credit]: Harlan Ellison - They Came from Outer Space: 12 Classic Science Fiction Tales That Became Major Motion Pictures
2026-08-11 20:59:15.810 -04:00 [DEBUG] Excluded [Contributor-only credit]: Harlan Ellison - High Times Presents Paul Krassner's Pot Stories for the Soul
2026-08-11 20:59:15.821 -04:00 [DEBUG] Excluded [Contributor-only credit]: Harlan Ellison - The Green Hornet Chronicles
2026-08-11 20:59:15.825 -04:00 [DEBUG] Excluded [Contributor-only credit]: Harlan Ellison - The Arbor House Treasury of Modern Science Fiction
2026-08-11 20:59:15.828 -04:00 [DEBUG] Excluded [Contributor-only credit]: Harlan Ellison - Los mejores relatos de fantasía I
2026-08-11 20:59:15.840 -04:00 [INFO] Parsed author 7415, page 21: 3 eligible row(s).
2026-08-11 20:59:15.842 -04:00 [DEBUG] GET author 7415, page 22 (https://www.goodreads.com/author/list/7415.Harlan_Ellison?page=22)
2026-08-11 20:59:17.135 -04:00 [DEBUG] Excluded [Contributor-only credit]: Harlan Ellison - Nebula Award Stories 5
2026-08-11 20:59:17.142 -04:00 [DEBUG] Excluded [Missing publication year]: Harlan Ellison - I Have no Mouth and I Must Scream
2026-08-11 20:59:17.147 -04:00 [DEBUG] Excluded [Contributor-only credit]: Harlan Ellison - Coffins (Vampire Archives, #3)
2026-08-11 20:59:17.152 -04:00 [DEBUG] Excluded [Contributor-only credit]: Harlan Ellison - The 1978 Annual World's Best SF
2026-08-11 20:59:17.158 -04:00 [DEBUG] Excluded [Contributor-only credit]: Harlan Ellison - Scare Care
2026-08-11 20:59:17.161 -04:00 [DEBUG] Excluded [Contributor-only credit]: Harlan Ellison - Nebula Awards Showcase 2007
2026-08-11 20:59:17.165 -04:00 [DEBUG] Excluded [Contributor-only credit]: Harlan Ellison - More Stories from the Hugo Winners, Vol. II: 1967-1969
2026-08-11 20:59:17.174 -04:00 [DEBUG] Excluded [Contributor-only credit]: Harlan Ellison - The Year's Best Horror Stories: Series VIII
2026-08-11 20:59:17.178 -04:00 [DEBUG] Excluded [Contributor-only credit]: Harlan Ellison - Batman '66: The Lost Episode #1
2026-08-11 20:59:17.182 -04:00 [DEBUG] Excluded [Contributor-only credit]: Harlan Ellison - Galaxy: Thirty Years of Innovative Science Fiction
2026-08-11 20:59:17.187 -04:00 [DEBUG] Excluded [Contributor-only credit]: Harlan Ellison - Science Fiction: The Science Fiction Research Association Anthology
2026-08-11 20:59:17.191 -04:00 [DEBUG] Excluded [Contributor-only credit]: Harlan Ellison - Nine By Laumer
2026-08-11 20:59:17.195 -04:00 [DEBUG] Excluded [Contributor-only credit]: Harlan Ellison - Final Stage: The Ultimate Science Fiction Anthology
2026-08-11 20:59:17.199 -04:00 [DEBUG] Excluded [Contributor-only credit]: Harlan Ellison - Five Fates
2026-08-11 20:59:17.208 -04:00 [DEBUG] Excluded [Contributor-only credit]: Harlan Ellison - World's Best Science Fiction 1968
2026-08-11 20:59:17.212 -04:00 [DEBUG] Excluded [Contributor-only credit]: Harlan Ellison - The Horror Hall of Fame: The Stoker Winners
2026-08-11 20:59:17.216 -04:00 [DEBUG] Excluded [Contributor-only credit]: Harlan Ellison - The Short Life and Happy Times of the Shmoo
2026-08-11 20:59:17.221 -04:00 [DEBUG] Excluded [Contributor-only credit]: Harlan Ellison - The Best Science Fiction of the Year #6
2026-08-11 20:59:17.225 -04:00 [DEBUG] Excluded [Contributor-only credit]: Harlan Ellison - Der Plan ist Liebe und Tod und andere "Nebula"-Preis-Stories 5
2026-08-11 20:59:17.232 -04:00 [DEBUG] Excluded [Contributor-only credit]: Harlan Ellison - Dante's Disciples
2026-08-11 20:59:17.237 -04:00 [DEBUG] Excluded [Contributor-only credit]: Harlan Ellison - World's Best Science Fiction 1970
2026-08-11 20:59:17.240 -04:00 [DEBUG] Excluded [Contributor-only credit]: Harlan Ellison - The Year's Best Horror Stories: Series X
2026-08-11 20:59:17.244 -04:00 [DEBUG] Excluded [Contributor-only credit]: Harlan Ellison - The 1974 Annual World's Best SF
2026-08-11 20:59:17.247 -04:00 [DEBUG] Excluded [Contributor-only credit]: Harlan Ellison - The First Omni Book of Science Fiction
2026-08-11 20:59:17.253 -04:00 [DEBUG] Excluded [Contributor-only credit]: Harlan Ellison - More Wandering Stars: An Anthology of Outstanding Stories of Jewish Fantasy and Science Fiction
2026-08-11 20:59:17.259 -04:00 [DEBUG] Excluded [Contributor-only credit]: Harlan Ellison - Best New Horror 5 (The Mammoth Book of Best New Horror, #5)
2026-08-11 20:59:17.267 -04:00 [DEBUG] Excluded [Contributor-only credit]: Harlan Ellison - CALIFORNIA SORCERY: A GROUP CELEBRATION
2026-08-11 20:59:17.272 -04:00 [DEBUG] Excluded [Contributor-only credit]: Harlan Ellison - The Adventures of Doctor Who
2026-08-11 20:59:17.275 -04:00 [DEBUG] Excluded [Contributor-only credit]: Harlan Ellison - Catastrophes!
2026-08-11 20:59:17.285 -04:00 [INFO] Parsed author 7415, page 22: 1 eligible row(s).
2026-08-11 20:59:17.287 -04:00 [DEBUG] GET author 7415, page 23 (https://www.goodreads.com/author/list/7415.Harlan_Ellison?page=23)
2026-08-11 20:59:18.773 -04:00 [DEBUG] Excluded [Contributor-only credit]: Harlan Ellison - Thirty Years of Treason, Vol. 3: Excerpts from Hearings Before the House Committee on Un-American Activities, 1953-1968
2026-08-11 20:59:18.777 -04:00 [DEBUG] Excluded [Omnibus, box set, or multi-work collection]: Harlan Ellison - The Avengers Omnibus, Vol. 3
2026-08-11 20:59:18.781 -04:00 [DEBUG] Excluded [Contributor-only credit]: Harlan Ellison - The Best Of Pulphouse
2026-08-11 20:59:18.785 -04:00 [DEBUG] Excluded [Contributor-only credit]: Harlan Ellison - Nebula Winners Thirteen
2026-08-11 20:59:18.789 -04:00 [DEBUG] Excluded [Contributor-only credit]: Harlan Ellison - Isaac Asimov Presents The Great SF Stories 19: 1957
2026-08-11 20:59:18.797 -04:00 [DEBUG] Excluded [Contributor-only credit]: Harlan Ellison - Psycho-Mania!
2026-08-11 20:59:18.805 -04:00 [DEBUG] Excluded [Contributor-only credit]: Harlan Ellison - Wormwood
2026-08-11 20:59:18.809 -04:00 [DEBUG] Excluded [Contributor-only credit]: Harlan Ellison - Those Who Can: A Science Fiction Reader
2026-08-11 20:59:18.814 -04:00 [DEBUG] Excluded [Contributor-only credit]: Harlan Ellison - Le città che ci aspettano
2026-08-11 20:59:18.818 -04:00 [DEBUG] Excluded [Contributor-only credit]: Harlan Ellison - Fear the Abyss
2026-08-11 20:59:18.821 -04:00 [DEBUG] Excluded [Contributor-only credit]: Harlan Ellison - Christmas Magic
2026-08-11 20:59:18.829 -04:00 [DEBUG] Excluded [Contributor-only credit]: Harlan Ellison - The Hugo Winners, Volume Two
2026-08-11 20:59:18.835 -04:00 [DEBUG] Excluded [Contributor-only credit]: Harlan Ellison - The Second Omni Book of Science Fiction
2026-08-11 20:59:18.840 -04:00 [DEBUG] Excluded [Contributor-only credit]: Harlan Ellison - Nebula Award Stories 4
2026-08-11 20:59:18.843 -04:00 [DEBUG] Excluded [Missing publication year]: Harlan Ellison - Las mejores historias de terror I
2026-08-11 20:59:18.848 -04:00 [DEBUG] Excluded [Contributor-only credit]: Harlan Ellison - Weasels Ripped My Flesh!: Two-Fisted Stories From Men's Adventure Magazines of the 1950s, '60s & '70s
2026-08-11 20:59:18.853 -04:00 [DEBUG] Excluded [Contributor-only credit]: Harlan Ellison - Los Premios Hugo 1968-1969 (Isaac Asimov presenta, #3)
2026-08-11 20:59:18.860 -04:00 [DEBUG] Excluded [Contributor-only credit]: Harlan Ellison - Nebula Awards Showcase 2005
2026-08-11 20:59:18.867 -04:00 [DEBUG] Excluded [Contributor-only credit]: Harlan Ellison - Strange Kaddish: Tales You Won't Hear from Bubbie
2026-08-11 20:59:18.872 -04:00 [DEBUG] Excluded [Contributor-only credit]: Harlan Ellison - The Art of Leo and Diane Dillon
2026-08-11 20:59:18.877 -04:00 [DEBUG] Excluded [Contributor-only credit]: Harlan Ellison - James Bama: American Realist
2026-08-11 20:59:18.880 -04:00 [DEBUG] Excluded [Omnibus, box set, or multi-work collection]: Harlan Ellison - The Avengers Omnibus, Vol. 4
2026-08-11 20:59:18.886 -04:00 [DEBUG] Excluded [Contributor-only credit]: Harlan Ellison - Sirius B - broj 01
2026-08-11 20:59:18.892 -04:00 [DEBUG] Excluded [Contributor-only credit]: Harlan Ellison - World's Best Science Fiction 1966
2026-08-11 20:59:18.897 -04:00 [DEBUG] Excluded [Contributor-only credit]: Harlan Ellison - Resistance Front: Anthology to Raise Funds for the National Center for Missing and Exploited Children (Kindle All-Stars Book 1)
2026-08-11 20:59:18.902 -04:00 [DEBUG] Excluded [Contributor-only credit]: Harlan Ellison - The Hugo Winners 1968–1970
2026-08-11 20:59:18.907 -04:00 [DEBUG] Excluded [Contributor-only credit]: Harlan Ellison - The Man with the Aura
2026-08-11 20:59:18.910 -04:00 [DEBUG] Excluded [Contributor-only credit]: Harlan Ellison - El gran libro del terror
2026-08-11 20:59:18.920 -04:00 [INFO] Parsed author 7415, page 23: 2 eligible row(s).
2026-08-11 20:59:18.922 -04:00 [DEBUG] GET author 7415, page 24 (https://www.goodreads.com/author/list/7415.Harlan_Ellison?page=24)
2026-08-11 20:59:20.618 -04:00 [DEBUG] Excluded [Contributor-only credit]: Harlan Ellison - Great American Ghost Stories
2026-08-11 20:59:20.622 -04:00 [DEBUG] Excluded [Contributor-only credit]: Harlan Ellison - Demons & Dreams: The Best Fantasy and Horror 1
2026-08-11 20:59:20.625 -04:00 [DEBUG] Excluded [Contributor-only credit]: Harlan Ellison - The Year's Best Horror Stories: Series V
2026-08-11 20:59:20.630 -04:00 [DEBUG] Excluded [Contributor-only credit]: Harlan Ellison - Visual Storytelling: The Art and Technique
2026-08-11 20:59:20.634 -04:00 [DEBUG] Excluded [Contributor-only credit]: Harlan Ellison - Jack el Rojo
2026-08-11 20:59:20.639 -04:00 [DEBUG] Excluded [Contributor-only credit]: Harlan Ellison - The Giant Book of Best New Horror
2026-08-11 20:59:20.644 -04:00 [DEBUG] Excluded [Contributor-only credit]: Harlan Ellison - Νεκροναύτες
2026-08-11 20:59:20.648 -04:00 [DEBUG] Excluded [Contributor-only credit]: Harlan Ellison - Son of Retro Pulp Tales
2026-08-11 20:59:20.654 -04:00 [DEBUG] Excluded [Contributor-only credit]: Harlan Ellison - Screamplays
2026-08-11 20:59:20.658 -04:00 [DEBUG] Excluded [Contributor-only credit]: Harlan Ellison - New Masterpieces of Horror
2026-08-11 20:59:20.661 -04:00 [DEBUG] Excluded [Contributor-only credit]: Harlan Ellison - New Dimensions 1: Fourteen Original Science Fiction Stories
2026-08-11 20:59:20.673 -04:00 [DEBUG] Excluded [Contributor-only credit]: Harlan Ellison - The Year's Finest Fantasy 2
2026-08-11 20:59:20.687 -04:00 [DEBUG] Excluded [Contributor-only credit]: Harlan Ellison - Los Premios Hugo 1978-1979
2026-08-11 20:59:20.706 -04:00 [DEBUG] Excluded [Omnibus, box set, or multi-work collection]: Harlan Ellison - The Fantastic Universe Omnibus
2026-08-11 20:59:20.710 -04:00 [DEBUG] Excluded [Contributor-only credit]: Harlan Ellison - Car Sinister
2026-08-11 20:59:20.719 -04:00 [DEBUG] Excluded [Contributor-only credit]: Harlan Ellison - Mensajes de la era del ordenador
2026-08-11 20:59:20.724 -04:00 [DEBUG] Excluded [Contributor-only credit]: Harlan Ellison - We, Robots
2026-08-11 20:59:20.735 -04:00 [DEBUG] Excluded [Contributor-only credit]: Harlan Ellison - Tomorrow, and Tomorrow, and Tomorrow ...
2026-08-11 20:59:20.741 -04:00 [DEBUG] Excluded [Contributor-only credit]: Harlan Ellison - The Mists from Beyond
2026-08-11 20:59:20.748 -04:00 [DEBUG] Excluded [Contributor-only credit]: Harlan Ellison - Demons!
2026-08-11 20:59:20.752 -04:00 [DEBUG] Excluded [Contributor-only credit]: Harlan Ellison - Futures Past
2026-08-11 20:59:20.756 -04:00 [DEBUG] Excluded [Contributor-only credit]: Harlan Ellison - Los mejores cuentos de ciencia-ficción: Selección de Isaac Asimov
2026-08-11 20:59:20.759 -04:00 [DEBUG] Excluded [Contributor-only credit]: Harlan Ellison - Dark Terrors 2: The Gollancz Book of Horror
2026-08-11 20:59:20.772 -04:00 [DEBUG] Excluded [Contributor-only credit]: Harlan Ellison - Pilet utoopiasse
2026-08-11 20:59:20.776 -04:00 [DEBUG] Excluded [Contributor-only credit]: Harlan Ellison - Avengers (1963-1996) #88
2026-08-11 20:59:20.779 -04:00 [DEBUG] Excluded [Contributor-only credit]: Harlan Ellison - Monolith 003
2026-08-11 20:59:20.784 -04:00 [DEBUG] Excluded [Contributor-only credit]: Harlan Ellison - Rakietowe Szlaki tom 5: Antologia klasycznej SF
2026-08-11 20:59:20.788 -04:00 [DEBUG] Excluded [Contributor-only credit]: Harlan Ellison - Fantastic Imaginings: A Journey Through 3500 Years of Imaginative Writing, Comprising Fantasy, Horror, and Science Fiction
2026-08-11 20:59:20.797 -04:00 [INFO] Parsed author 7415, page 24: 2 eligible row(s).
2026-08-11 20:59:20.800 -04:00 [DEBUG] GET author 7415, page 25 (https://www.goodreads.com/author/list/7415.Harlan_Ellison?page=25)
2026-08-11 20:59:22.250 -04:00 [DEBUG] Excluded [Contributor-only credit]: Harlan Ellison - Fantastic Imaginings: A Journey Through 3500 Years of Imaginative Writing, Comprising Fantasy, Horror, and Science Fiction
2026-08-11 20:59:22.254 -04:00 [DEBUG] Excluded [Contributor-only credit]: Harlan Ellison - The Mammoth Book of Fantasy All-time Greats
2026-08-11 20:59:22.257 -04:00 [DEBUG] Excluded [Contributor-only credit]: Harlan Ellison - Science Fiction: The Best of 2001
2026-08-11 20:59:22.261 -04:00 [DEBUG] Excluded [Contributor-only credit]: Harlan Ellison - The Phantom Chronicles 2
2026-08-11 20:59:22.267 -04:00 [DEBUG] Excluded [Contributor-only credit]: Harlan Ellison - Созвездие Льва 1: сборник фантастических рассказов
2026-08-11 20:59:22.275 -04:00 [DEBUG] Excluded [Contributor-only credit]: Harlan Ellison - Ciencia ficción, selección 13
2026-08-11 20:59:22.279 -04:00 [DEBUG] Excluded [Contributor-only credit]: Harlan Ellison - A Century of Horror 1970-1979: The Greatest Stories of the Decade
2026-08-11 20:59:22.286 -04:00 [DEBUG] Excluded [Contributor-only credit]: Harlan Ellison - X-Men: Heroes For Hope #1
2026-08-11 20:59:22.290 -04:00 [DEBUG] Excluded [Contributor-only credit]: Harlan Ellison - Verloren groene droom en andere verhalen [Best Science Fiction Stories of the Year: Fourth Annual Collection]
2026-08-11 20:59:22.294 -04:00 [DEBUG] Excluded [Contributor-only credit]: Harlan Ellison - I premi Hugo 1955-1975
2026-08-11 20:59:22.301 -04:00 [DEBUG] Excluded [Contributor-only credit]: Harlan Ellison - The Mammoth Book of 20th Century Science Fiction, Volume I
2026-08-11 20:59:22.309 -04:00 [DEBUG] Excluded [Contributor-only credit]: Harlan Ellison - Darker Terrors (Dark Terrors series)
2026-08-11 20:59:22.313 -04:00 [DEBUG] Excluded [Contributor-only credit]: Harlan Ellison - Future Crimes
2026-08-11 20:59:22.317 -04:00 [DEBUG] Excluded [Contributor-only credit]: Harlan Ellison - La crema del crimen
2026-08-11 20:59:22.322 -04:00 [DEBUG] Excluded [Contributor-only credit]: Harlan Ellison - Ripper!
2026-08-11 20:59:22.325 -04:00 [DEBUG] Excluded [Contributor-only credit]: Harlan Ellison - Ciencia ficción, selección 20
2026-08-11 20:59:22.330 -04:00 [DEBUG] Excluded [Contributor-only credit]: Harlan Ellison - Strange Attraction
2026-08-11 20:59:22.340 -04:00 [DEBUG] Excluded [Contributor-only credit]: Harlan Ellison - Dogtales!
2026-08-11 20:59:22.345 -04:00 [DEBUG] Excluded [Contributor-only credit]: Harlan Ellison - Ciencia Ficción, selección 8
2026-08-11 20:59:22.351 -04:00 [DEBUG] Excluded [Contributor-only credit]: Harlan Ellison - Best Horror Stories
2026-08-11 20:59:22.355 -04:00 [DEBUG] Excluded [Contributor-only credit]: Harlan Ellison - Primeval: A Journal of the Uncanny (#1)
2026-08-11 20:59:22.360 -04:00 [DEBUG] Excluded [Contributor-only credit]: Harlan Ellison - The Best from Orbit 1-10
2026-08-11 20:59:22.366 -04:00 [DEBUG] Excluded [Contributor-only credit]: Harlan Ellison - The Giant Book of Fantasy All-Time Greats
2026-08-11 20:59:22.373 -04:00 [DEBUG] Excluded [Contributor-only credit]: Harlan Ellison - Monolit: science fiction almanah
2026-08-11 20:59:22.377 -04:00 [DEBUG] Excluded [Contributor-only credit]: Harlan Ellison - The Fourth Omni Book of Science Fiction
2026-08-11 20:59:22.381 -04:00 [DEBUG] Excluded [Contributor-only credit]: Harlan Ellison - Monolit: science fiction almanah 2
2026-08-11 20:59:22.386 -04:00 [DEBUG] Excluded [Contributor-only credit]: Harlan Ellison - Fantastic Stories of the Imagination
2026-08-11 20:59:22.390 -04:00 [DEBUG] Excluded [Contributor-only credit]: Harlan Ellison - L'età d'oro del crimine
2026-08-11 20:59:22.394 -04:00 [DEBUG] Excluded [Contributor-only credit]: Harlan Ellison - Antología no euclidiana 1
2026-08-11 20:59:22.402 -04:00 [DEBUG] Excluded [Contributor-only credit]: Harlan Ellison - Detective Comics (1937-2011) #567
2026-08-11 20:59:22.410 -04:00 [INFO] Parsed author 7415, page 25: 0 eligible row(s).
2026-08-11 20:59:22.412 -04:00 [DEBUG] GET author 7415, page 26 (https://www.goodreads.com/author/list/7415.Harlan_Ellison?page=26)
2026-08-11 20:59:23.791 -04:00 [DEBUG] Excluded [Contributor-only credit]: Harlan Ellison - Sirius - Biblioteka znanstvene fantastike broj 5
2026-08-11 20:59:23.794 -04:00 [DEBUG] Excluded [Contributor-only credit]: Harlan Ellison - Al Williamson Adventures
2026-08-11 20:59:23.798 -04:00 [DEBUG] Excluded [Contributor-only credit]: Harlan Ellison - Ariel: the Book of Fantasy
2026-08-11 20:59:23.802 -04:00 [DEBUG] Excluded [Contributor-only credit]: Harlan Ellison - Best Science Fiction for 1972
2026-08-11 20:59:23.810 -04:00 [DEBUG] Excluded [Contributor-only credit]: Harlan Ellison - In the Field of Fire
2026-08-11 20:59:23.815 -04:00 [DEBUG] Excluded [Contributor-only credit]: Harlan Ellison - Dark Stars
2026-08-11 20:59:23.820 -04:00 [DEBUG] Excluded [Contributor-only credit]: Harlan Ellison - The Year's Best Horror Stories: Series III
2026-08-11 20:59:23.823 -04:00 [DEBUG] Excluded [Contributor-only credit]: Harlan Ellison - Nebula Award Stories 1965
2026-08-11 20:59:23.827 -04:00 [DEBUG] Excluded [Contributor-only credit]: Harlan Ellison - Heavy Metal, November 1977 (Heavy Metal #8)
2026-08-11 20:59:23.837 -04:00 [DEBUG] Excluded [Contributor-only credit]: Harlan Ellison - Silent Night, Deadly Night
2026-08-11 20:59:23.842 -04:00 [DEBUG] Excluded [Contributor-only credit]: Harlan Ellison - Στα όρια του φόβου (Σκοτεινά οράματα #3)
2026-08-11 20:59:23.847 -04:00 [DEBUG] Excluded [Contributor-only credit]: Harlan Ellison - Други светове
2026-08-11 20:59:23.853 -04:00 [DEBUG] Excluded [Contributor-only credit]: Harlan Ellison - Worlds of If: A Retrospective Anthology
2026-08-11 20:59:23.856 -04:00 [DEBUG] Excluded [Contributor-only credit]: Harlan Ellison - Little People!
2026-08-11 20:59:23.860 -04:00 [DEBUG] Excluded [Contributor-only credit]: Harlan Ellison - Clarion (Clarion, #1)
2026-08-11 20:59:23.868 -04:00 [DEBUG] Excluded [Contributor-only credit]: Harlan Ellison - Van Jules Verne tot Isaac Asimov: De vijftig beste science-fiction verhalen
2026-08-11 20:59:23.872 -04:00 [DEBUG] Excluded [Contributor-only credit]: Harlan Ellison - Erotic horror
2026-08-11 20:59:23.876 -04:00 [DEBUG] Excluded [Contributor-only credit]: Harlan Ellison - Nebula 1 (1965 - 1969)
2026-08-11 20:59:23.884 -04:00 [DEBUG] Excluded [Contributor-only credit]: Harlan Ellison - Η απελευθέρωση της Γης
2026-08-11 20:59:23.891 -04:00 [DEBUG] Excluded [Contributor-only credit]: Harlan Ellison - More of the Greatest Mysteries of all Time
2026-08-11 20:59:23.897 -04:00 [DEBUG] Excluded [Contributor-only credit]: Harlan Ellison - The Freak Show: Freaks, Monsters, Ghouls, etc.
2026-08-11 20:59:23.902 -04:00 [DEBUG] Excluded [Contributor-only credit]: Harlan Ellison - Clarion II (Clarion, #2)
2026-08-11 20:59:23.906 -04:00 [DEBUG] Excluded [Contributor-only credit]: Harlan Ellison - Ciencia ficción, selección 25
2026-08-11 20:59:23.911 -04:00 [DEBUG] Excluded [Contributor-only credit]: Harlan Ellison - I Premi Hugo 1976-1983
2026-08-11 20:59:23.917 -04:00 [DEBUG] Excluded [Contributor-only credit]: Harlan Ellison - Вампирские архивы: Книга 1. Дети ночи
2026-08-11 20:59:23.923 -04:00 [DEBUG] Excluded [Contributor-only credit]: Harlan Ellison - Chrysalis 1
2026-08-11 20:59:23.930 -04:00 [DEBUG] Excluded [Contributor-only credit]: Harlan Ellison - I Premi Hugo 1984-1990
2026-08-11 20:59:23.937 -04:00 [DEBUG] Excluded [Contributor-only credit]: Harlan Ellison - Galaxy 2
2026-08-11 20:59:23.948 -04:00 [INFO] Parsed author 7415, page 26: 2 eligible row(s).
2026-08-11 20:59:23.951 -04:00 [DEBUG] GET author 7415, page 27 (https://www.goodreads.com/author/list/7415.Harlan_Ellison?page=27)
2026-08-11 20:59:25.527 -04:00 [DEBUG] Excluded [Contributor-only credit]: Harlan Ellison - The Very Best of Best New Horror
2026-08-11 20:59:25.531 -04:00 [DEBUG] Excluded [Contributor-only credit]: Harlan Ellison - Ellery Queen's Eyes of Mystery, Anthology 1
2026-08-11 20:59:25.536 -04:00 [DEBUG] Excluded [Contributor-only credit]: Harlan Ellison - The Best from Fantasy and Science Fiction: 20th Series
2026-08-11 20:59:25.540 -04:00 [DEBUG] Excluded [Contributor-only credit]: Harlan Ellison - The Greatest Mysteries of All Time
2026-08-11 20:59:25.544 -04:00 [DEBUG] Excluded [Contributor-only credit]: Harlan Ellison - The Magazine of Fantasy & Science Fiction, October/November 1999 (The Magazine of Fantasy & Science Fiction, #578)
2026-08-11 20:59:25.552 -04:00 [DEBUG] Excluded [Contributor-only credit]: Harlan Ellison - The Science Fiction Century, Volume 2
2026-08-11 20:59:25.557 -04:00 [DEBUG] Excluded [Contributor-only credit]: Harlan Ellison - The New Edgar Winners
2026-08-11 20:59:25.561 -04:00 [DEBUG] Excluded [Contributor-only credit]: Harlan Ellison - Protectors 2: Heroes (Protectors Anthologies, Volume #2)
2026-08-11 20:59:25.564 -04:00 [DEBUG] Excluded [Contributor-only credit]: Harlan Ellison - Lo mejor de "Fantasy & Science Fiction" Vol. III
2026-08-11 20:59:25.569 -04:00 [DEBUG] Excluded [Contributor-only credit]: Harlan Ellison - Monolit: science fiction almanah 7
2026-08-11 20:59:25.574 -04:00 [DEBUG] Excluded [Contributor-only credit]: Harlan Ellison - La fantascienza di Playboy - Parte prima [The Fiction of Playboy - Part One]
2026-08-11 20:59:25.578 -04:00 [DEBUG] Excluded [Contributor-only credit]: Harlan Ellison - Monolit: science fiction almanah 4
2026-08-11 20:59:25.584 -04:00 [DEBUG] Excluded [Contributor-only credit]: Harlan Ellison - Stranger Kaddish
2026-08-11 20:59:25.589 -04:00 [DEBUG] Excluded [Contributor-only credit]: Harlan Ellison - Monolit: science fiction almanah 8
2026-08-11 20:59:25.592 -04:00 [DEBUG] Excluded [Contributor-only credit]: Harlan Ellison - Heavy Metal, September 1978 (Heavy Metal #18)
2026-08-11 20:59:25.596 -04:00 [DEBUG] Excluded [Contributor-only credit]: Harlan Ellison - SF Author's Choice 3
2026-08-11 20:59:25.599 -04:00 [DEBUG] Excluded [Contributor-only credit]: Harlan Ellison - Analog Science Fiction/Science Fact, Vol. 85, No. 6, August 1970
2026-08-11 20:59:25.604 -04:00 [DEBUG] Excluded [Contributor-only credit]: Harlan Ellison - Bad Moon Rising: An Anthology of Political Forebodings
2026-08-11 20:59:25.607 -04:00 [DEBUG] Excluded [Contributor-only credit]: Harlan Ellison - Μεγάλη Ανθολογία Ε.Φ. 4. (1966 ώς σήμερα)
2026-08-11 20:59:25.612 -04:00 [DEBUG] Excluded [Contributor-only credit]: Harlan Ellison - Jack the Knife: Tales of Jack the Ripper
2026-08-11 20:59:25.617 -04:00 [DEBUG] Excluded [Contributor-only credit]: Harlan Ellison - Horrorstory Volume 3
2026-08-11 20:59:25.620 -04:00 [DEBUG] Excluded [Contributor-only credit]: Harlan Ellison - Sirius - Biblioteka znanstvene fantastike broj 53
2026-08-11 20:59:25.623 -04:00 [DEBUG] Excluded [Contributor-only credit]: Harlan Ellison - Les Opérateurs humains
2026-08-11 20:59:25.626 -04:00 [DEBUG] Excluded [Contributor-only credit]: Harlan Ellison - Demons & Dreams: The Best Fantasy and Horror
2026-08-11 20:59:25.632 -04:00 [DEBUG] Excluded [Contributor-only credit]: Harlan Ellison - Sirius - Biblioteka znanstvene fantastike broj 121/122
2026-08-11 20:59:25.638 -04:00 [DEBUG] Excluded [Contributor-only credit]: Harlan Ellison - Нови светове
2026-08-11 20:59:25.642 -04:00 [DEBUG] Excluded [Contributor-only credit]: Harlan Ellison - The Magazine of Fantasy & Science Fiction, October 1987 (The Magazine of Fantasy & Science Fiction, #437)
2026-08-11 20:59:25.652 -04:00 [INFO] Parsed author 7415, page 27: 3 eligible row(s).
2026-08-11 20:59:25.653 -04:00 [DEBUG] GET author 7415, page 28 (https://www.goodreads.com/author/list/7415.Harlan_Ellison?page=28)
2026-08-11 20:59:27.276 -04:00 [DEBUG] Excluded [Contributor-only credit]: Harlan Ellison - The World Fantasy Awards, Volume Two
2026-08-11 20:59:27.282 -04:00 [DEBUG] Excluded [Contributor-only credit]: Harlan Ellison - Φαντάσματα τεχνητής νοημοσύνης
2026-08-11 20:59:27.299 -04:00 [DEBUG] Excluded [Contributor-only credit]: Harlan Ellison - Prove di maturità
2026-08-11 20:59:27.304 -04:00 [DEBUG] Excluded [Contributor-only credit]: Harlan Ellison - The Magazine of Fantasy and Science Fiction, October 1969 (The Magazine of Fantasy & Science Fiction, #221)
2026-08-11 20:59:27.307 -04:00 [DEBUG] Excluded [Contributor-only credit]: Harlan Ellison - Two Views of Wonder
2026-08-11 20:59:27.330 -04:00 [DEBUG] Excluded [Contributor-only credit]: Harlan Ellison - Alef - Science fiction magazin broj 19
2026-08-11 20:59:27.333 -04:00 [DEBUG] Excluded [Contributor-only credit]: Harlan Ellison - Síň slávy mistrů fantasy I
2026-08-11 20:59:27.337 -04:00 [DEBUG] Excluded [Contributor-only credit]: Harlan Ellison - Ötvenedik
2026-08-11 20:59:27.362 -04:00 [DEBUG] Excluded [Contributor-only credit]: Harlan Ellison - The Magazine of Fantasy and Science Fiction, August 1972 (The Magazine of Fantasy & Science Fiction, #255)
2026-08-11 20:59:27.369 -04:00 [DEBUG] Excluded [Contributor-only credit]: Harlan Ellison - The Magazine of Fantasy & Science Fiction, January 1995 (The Magazine of Fantasy & Science Fiction, #524)
2026-08-11 20:59:27.373 -04:00 [DEBUG] Excluded [Contributor-only credit]: Harlan Ellison - Analog Science Fiction/Science Fact, Vol. 98, No. 8, August 1978
2026-08-11 20:59:27.393 -04:00 [DEBUG] Excluded [Contributor-only credit]: Harlan Ellison - Ensimmäinen yhteys
2026-08-11 20:59:27.398 -04:00 [DEBUG] Excluded [Contributor-only credit]: Harlan Ellison - Chroma: The Art of Alex Schomburg
2026-08-11 20:59:27.403 -04:00 [DEBUG] Excluded [Contributor-only credit]: Harlan Ellison - Heavy Metal, October 1978 (Heavy Metal #19)
2026-08-11 20:59:27.406 -04:00 [DEBUG] Excluded [Contributor-only credit]: Harlan Ellison - Antares 2
2026-08-11 20:59:27.410 -04:00 [DEBUG] Excluded [Contributor-only credit]: Harlan Ellison - Fantasy & Science Fiction, January 1996 (The Magazine of Fantasy & Science Fiction, #536)
2026-08-11 20:59:27.417 -04:00 [DEBUG] Excluded [Contributor-only credit]: Harlan Ellison - Isaac Asimov's Science Fiction Magazine, January 1986
2026-08-11 20:59:27.420 -04:00 [DEBUG] Excluded [Contributor-only credit]: Harlan Ellison - The Magazine of Fantasy and Science Fiction, March 1973 (The Magazine of Fantasy & Science Fiction, #262)
2026-08-11 20:59:27.426 -04:00 [DEBUG] Excluded [Contributor-only credit]: Harlan Ellison - Los Vengadores: En Guerra con los Dioses
2026-08-11 20:59:27.430 -04:00 [DEBUG] Excluded [Contributor-only credit]: Harlan Ellison - Heavy Metal, March 1979 (Heavy Metal #24)
2026-08-11 20:59:27.433 -04:00 [DEBUG] Excluded [Contributor-only credit]: Harlan Ellison - Electric Dreams: The Art of Barclay Shaw
2026-08-11 20:59:27.438 -04:00 [DEBUG] Excluded [Contributor-only credit]: Harlan Ellison - The Magazine of Fantasy and Science Fiction, January 1971 (The Magazine of Fantasy & Science Fiction, #236)
2026-08-11 20:59:27.442 -04:00 [DEBUG] Excluded [Contributor-only credit]: Harlan Ellison - Sirius - Biblioteka znanstvene fantastike broj 65
2026-08-11 20:59:27.449 -04:00 [DEBUG] Excluded [Contributor-only credit]: Harlan Ellison - The Magazine of Fantasy & Science Fiction, October/November 1995
2026-08-11 20:59:27.453 -04:00 [DEBUG] Excluded [Contributor-only credit]: Harlan Ellison - Sirius - Biblioteka znanstvene fantastike broj 127
2026-08-11 20:59:27.456 -04:00 [DEBUG] Excluded [Contributor-only credit]: Harlan Ellison - The Magazine of Fantasy & Science Fiction, September 2006 (The Magazine of Fantasy & Science Fiction, #654)
2026-08-11 20:59:27.459 -04:00 [DEBUG] Excluded [Contributor-only credit]: Harlan Ellison - 10 x SCI-FI
2026-08-11 20:59:27.462 -04:00 [DEBUG] Excluded [Contributor-only credit]: Harlan Ellison - Feniks
2026-08-11 20:59:27.470 -04:00 [INFO] Parsed author 7415, page 28: 2 eligible row(s).
2026-08-11 20:59:27.472 -04:00 [DEBUG] GET author 7415, page 29 (https://www.goodreads.com/author/list/7415.Harlan_Ellison?page=29)
2026-08-11 20:59:29.120 -04:00 [DEBUG] Excluded [Contributor-only credit]: Harlan Ellison - Science Fiction Grand Masters 5
2026-08-11 20:59:29.124 -04:00 [DEBUG] Excluded [Contributor-only credit]: Harlan Ellison - Mass for Mixed Voices: The Selected Short Fiction of Charles Beaumont
2026-08-11 20:59:29.128 -04:00 [DEBUG] Excluded [Contributor-only credit]: Harlan Ellison - Fantasy & Science Fiction - Anno I, Numero 1
2026-08-11 20:59:29.132 -04:00 [DEBUG] Excluded [Contributor-only credit]: Harlan Ellison - The Hugo Winners: The Best of the Best Science Fiction, 1974-1975
2026-08-11 20:59:29.135 -04:00 [DEBUG] Excluded [Contributor-only credit]: Harlan Ellison - Analog Science Fiction/Science Fact, Vol. 94, No. 2, October 1974
2026-08-11 20:59:29.142 -04:00 [DEBUG] Excluded [Contributor-only credit]: Harlan Ellison - Hollywood Fantasies: Ten Surreal Visions of Tinsel Town
2026-08-11 20:59:29.148 -04:00 [DEBUG] Excluded [Contributor-only credit]: Harlan Ellison - Ojo de la noche (Caralt ciencia ficción #33)
2026-08-11 20:59:29.152 -04:00 [DEBUG] Excluded [Contributor-only credit]: Harlan Ellison - Starry Messenger: The Best of Galileo
2026-08-11 20:59:29.155 -04:00 [DEBUG] Excluded [Contributor-only credit]: Harlan Ellison - The Outer Limits: Armageddon Dreams
2026-08-11 20:59:29.159 -04:00 [DEBUG] Excluded [Contributor-only credit]: Harlan Ellison - The Magazine of Fantasy and Science Fiction, Vol. 42, No. 1, Whole No. 248, January 1972
2026-08-11 20:59:29.163 -04:00 [DEBUG] Excluded [Contributor-only credit]: Harlan Ellison - Isaac Asimov's Science Fiction Magazine, November 1987 (Asimov's Science Fiction, #123)
2026-08-11 20:59:29.167 -04:00 [DEBUG] Excluded [Contributor-only credit]: Harlan Ellison - Fantasy & Science Fiction, February 2001 (The Magazine of Fantasy & Science Fiction, #592)
2026-08-11 20:59:29.175 -04:00 [DEBUG] Excluded [Contributor-only credit]: Harlan Ellison - I premi Hugo 1969-1971
2026-08-11 20:59:29.178 -04:00 [DEBUG] Excluded [Contributor-only credit]: Harlan Ellison - The First Orbit Book Of Horror Stories
2026-08-11 20:59:29.182 -04:00 [DEBUG] Excluded [Contributor-only credit]: Harlan Ellison - An American Family Shakespeare Entertainment, Vol. 2
2026-08-11 20:59:29.185 -04:00 [DEBUG] Excluded [Contributor-only credit]: Harlan Ellison - Balm in Gilead - Salves from the Souk of Imagination
2026-08-11 20:59:29.190 -04:00 [DEBUG] Excluded [Contributor-only credit]: Harlan Ellison - Revista Korad 31
2026-08-11 20:59:29.195 -04:00 [DEBUG] Excluded [Contributor-only credit]: Harlan Ellison - Isaac Asimov's Science Fiction Magazine, Vol. 14, No. 8, August 1990
2026-08-11 20:59:29.199 -04:00 [DEBUG] Excluded [Contributor-only credit]: Harlan Ellison - The Magazine of Fantasy and Science Fiction, July 1977 (The Magazine of Fantasy & Science Fiction, #314)
2026-08-11 20:59:29.202 -04:00 [DEBUG] Excluded [Contributor-only credit]: Harlan Ellison - Nueva Dimensión 112
2026-08-11 20:59:29.206 -04:00 [DEBUG] Excluded [Contributor-only credit]: Harlan Ellison - The Magazine of Fantasy & Science Fiction, July 1987 (The Magazine of Fantasy & Science Fiction, #434)
2026-08-11 20:59:29.209 -04:00 [DEBUG] Excluded [Contributor-only credit]: Harlan Ellison - Isaac Asimov's Science Fiction Magazine, March 1989
2026-08-11 20:59:29.219 -04:00 [DEBUG] Excluded [Contributor-only credit]: Harlan Ellison - The Best Mystery Stories of the Year Mystery 1989/Audio Cassettes
2026-08-11 20:59:29.222 -04:00 [DEBUG] Excluded [Contributor-only credit]: Harlan Ellison - Heavy Metal, December 1979 (Heavy Metal #33)
2026-08-11 20:59:29.225 -04:00 [DEBUG] Excluded [Contributor-only credit]: Harlan Ellison - I premi Hugo 1967-1968
2026-08-11 20:59:29.229 -04:00 [DEBUG] Excluded [Contributor-only credit]: Harlan Ellison - The Magazine of Fantasy and Science Fiction, October 1968 (The Magazine of Fantasy & Science Fiction, #209)
2026-08-11 20:59:29.233 -04:00 [DEBUG] Excluded [Contributor-only credit]: Harlan Ellison - I premi Hugo 1962-1966
2026-08-11 20:59:29.241 -04:00 [INFO] Parsed author 7415, page 29: 3 eligible row(s).
2026-08-11 20:59:29.243 -04:00 [DEBUG] GET author 7415, page 30 (https://www.goodreads.com/author/list/7415.Harlan_Ellison?page=30)
2026-08-11 20:59:31.266 -04:00 [DEBUG] Excluded [Contributor-only credit]: Harlan Ellison - The Greatest Mystery Stories of the 20th Century
2026-08-11 20:59:31.270 -04:00 [DEBUG] Excluded [Contributor-only credit]: Harlan Ellison - Fantasy & Science Fiction, Vol. 75, No. 1, July 1988
2026-08-11 20:59:31.274 -04:00 [DEBUG] Excluded [Contributor-only credit]: Harlan Ellison - The Magazine of Fantasy & Science Fiction, March 1996 (The Magazine of Fantasy & Science Fiction, #538)
2026-08-11 20:59:31.277 -04:00 [DEBUG] Excluded [Contributor-only credit]: Harlan Ellison - Frohes Fest : 13 schlimme Bescherungen / 17 schöne Bescherungen
2026-08-11 20:59:31.283 -04:00 [DEBUG] Excluded [Contributor-only credit]: Harlan Ellison - QUINTESSENZA HORROR VOL.1
2026-08-11 20:59:31.288 -04:00 [DEBUG] Excluded [Contributor-only credit]: Harlan Ellison - Territoires de l'inquiétude, 4
2026-08-11 20:59:31.292 -04:00 [DEBUG] Excluded [Contributor-only credit]: Harlan Ellison - Heavy Metal, March 1981 (Heavy Metal #48)
2026-08-11 20:59:31.295 -04:00 [DEBUG] Excluded [Contributor-only credit]: Harlan Ellison - Fantastic Imaginings: An Anthology of Visionary Literature (Fantastic Audio Series)
2026-08-11 20:59:31.299 -04:00 [DEBUG] Excluded [Contributor-only credit]: Harlan Ellison - God's 15 Minutes
2026-08-11 20:59:31.303 -04:00 [DEBUG] Excluded [Contributor-only credit]: Harlan Ellison - Берег динозавров
2026-08-11 20:59:31.307 -04:00 [DEBUG] Excluded [Contributor-only credit]: Harlan Ellison - IF Worlds of Science Fiction, 1956 April (Volume 6, No. 3)
2026-08-11 20:59:31.312 -04:00 [DEBUG] Excluded [Contributor-only credit]: Harlan Ellison - Nuove avventure nell'ignoto
2026-08-11 20:59:31.317 -04:00 [DEBUG] Excluded [Contributor-only credit]: Harlan Ellison - The Dark Void
2026-08-11 20:59:31.320 -04:00 [DEBUG] Excluded [Contributor-only credit]: Harlan Ellison - The Science Fiction Box: Eye for Eye, Run for the Stars, And Tales of the Grand Tour
2026-08-11 20:59:31.323 -04:00 [DEBUG] Excluded [Contributor-only credit]: Harlan Ellison - De beste science fiction verhalen
2026-08-11 20:59:31.327 -04:00 [DEBUG] Excluded [Contributor-only credit]: Harlan Ellison - The Best of Omni Science Fiction No. 6
2026-08-11 20:59:31.331 -04:00 [DEBUG] Excluded [Contributor-only credit]: Harlan Ellison - Созвездие Льва 7: сборник фантастических рассказов
2026-08-11 20:59:31.335 -04:00 [DEBUG] Excluded [Contributor-only credit]: Harlan Ellison - Weird Tales 288 (Fall 1984)
2026-08-11 20:59:31.341 -04:00 [DEBUG] Excluded [Contributor-only credit]: Harlan Ellison - The Magazine of Fantasy & Science Fiction, December 1993 (The Magazine of Fantasy & Science Fiction, #511)
2026-08-11 20:59:31.345 -04:00 [DEBUG] Excluded [Contributor-only credit]: Harlan Ellison - The Eighth Stage of Fandom
2026-08-11 20:59:31.348 -04:00 [DEBUG] Excluded [Contributor-only credit]: Harlan Ellison - Dark Horse Presents #12
2026-08-11 20:59:31.352 -04:00 [DEBUG] Excluded [Contributor-only credit]: Harlan Ellison - The Magazine of Fantasy and Science Fiction, July 1996 (The Magazine of Fantasy & Science Fiction, #542)
2026-08-11 20:59:31.355 -04:00 [DEBUG] Excluded [Contributor-only credit]: Harlan Ellison - Isaac Asimov's Science Fiction Magazine, December 1987 (Asimov's Science Fiction, #124)
2026-08-11 20:59:31.358 -04:00 [DEBUG] Excluded [Contributor-only credit]: Harlan Ellison - Fantasy & Science Fiction - Anno I, Numero 4
2026-08-11 20:59:31.367 -04:00 [DEBUG] Excluded [Contributor-only credit]: Harlan Ellison - The Magazine of Fantasy and Science Fiction, March 1986 (The Magazine of Fantasy & Science Fiction, #418)
2026-08-11 20:59:31.372 -04:00 [DEBUG] Excluded [Contributor-only credit]: Harlan Ellison - 4x4
2026-08-11 20:59:31.376 -04:00 [DEBUG] Excluded [Contributor-only credit]: Harlan Ellison - The Best of Omni Science Fiction No. 5
2026-08-11 20:59:31.380 -04:00 [DEBUG] Excluded [Contributor-only credit]: Harlan Ellison - Зелёная книга фантастики
2026-08-11 20:59:31.385 -04:00 [DEBUG] Excluded [Contributor-only credit]: Harlan Ellison - Sirius - Biblioteka znanstvene fantastike broj 110
2026-08-11 20:59:31.393 -04:00 [INFO] Parsed author 7415, page 30: 1 eligible row(s).
2026-08-11 20:59:31.395 -04:00 [DEBUG] GET author 7415, page 31 (https://www.goodreads.com/author/list/7415.Harlan_Ellison?page=31)
2026-08-11 20:59:33.411 -04:00 [DEBUG] Excluded [Contributor-only credit]: Harlan Ellison - Brillo
2026-08-11 20:59:33.415 -04:00 [DEBUG] Excluded [Contributor-only credit]: Harlan Ellison - Nueva Dimensión 61
2026-08-11 20:59:33.418 -04:00 [DEBUG] Excluded [Contributor-only credit]: Harlan Ellison - The Magazine of Fantasy & Science Fiction, October/November 1996 (The Magazine of Fantasy & Science Fiction, #545)
2026-08-11 20:59:33.423 -04:00 [DEBUG] Excluded [Contributor-only credit]: Harlan Ellison - The Magazine of Fantasy & Science Fiction, August 1992 (The Magazine of Fantasy & Science Fiction, #495)
2026-08-11 20:59:33.430 -04:00 [DEBUG] Excluded [Contributor-only credit]: Harlan Ellison - Robot: Rivista di fantascienza n. 65 (Robot Rivista di fantascienza #65)
2026-08-11 20:59:33.437 -04:00 [DEBUG] Excluded [Contributor-only credit]: Harlan Ellison - Il Grande Spettacolo delle Ombre. 26 storie in celebrazione di Ray Bradbury
2026-08-11 20:59:33.440 -04:00 [DEBUG] Excluded [Contributor-only credit]: Harlan Ellison - Bifrost n° 117 : Harlan Ellison
2026-08-11 20:59:33.443 -04:00 [DEBUG] Excluded [Contributor-only credit]: Harlan Ellison - Computer streiten nicht
2026-08-11 20:59:33.450 -04:00 [DEBUG] Excluded [Contributor-only credit]: Harlan Ellison - The Magazine of Fantasy and Science Fiction, August 1962 (The Magazine of Fantasy & Science Fiction, #135)
2026-08-11 20:59:33.454 -04:00 [DEBUG] Excluded [Contributor-only credit]: Harlan Ellison - Sirius - Biblioteka znanstvene fantastike broj 115
2026-08-11 20:59:33.459 -04:00 [DEBUG] Excluded [Contributor-only credit]: Harlan Ellison - 50 Stories of Futures Past Volume 1: An Anthology of Science Fiction Short Stories from the Golden Age
2026-08-11 20:59:33.465 -04:00 [DEBUG] Excluded [Contributor-only credit]: Harlan Ellison - Alice's Adventures in Wonderland and Through the Looking Glass
2026-08-11 20:59:33.468 -04:00 [DEBUG] Excluded [Contributor-only credit]: Harlan Ellison - Weird Tales Illustrated #1 Deluxe Edition
2026-08-11 20:59:33.472 -04:00 [DEBUG] Excluded [Contributor-only credit]: Harlan Ellison - The Magazine of Fantasy and Science Fiction, January 1968 (The Magazine of Fantasy & Science Fiction, #200)
2026-08-11 20:59:33.475 -04:00 [DEBUG] Excluded [Contributor-only credit]: Harlan Ellison - Sterren van Galaxy III
2026-08-11 20:59:33.478 -04:00 [DEBUG] Excluded [Contributor-only credit]: Harlan Ellison - Die Fußangeln der Zeit
2026-08-11 20:59:33.483 -04:00 [DEBUG] Excluded [Contributor-only credit]: Harlan Ellison - Cemetery Dance Magazine, Volume 3, Issue 4, Fall 1991: #10
2026-08-11 20:59:33.488 -04:00 [DEBUG] Excluded [Contributor-only credit]: Harlan Ellison - Grandes autores de Batman: Jose Luís García-López - El episodio perdido
2026-08-11 20:59:33.492 -04:00 [DEBUG] Excluded [Contributor-only credit]: Harlan Ellison - Galaxy Science Fiction, November 1969
2026-08-11 20:59:33.496 -04:00 [DEBUG] Excluded [Contributor-only credit]: Harlan Ellison - Isaac Asimov's Science Fiction Magazine, Mid-December 1987 (Asimov's Science Fiction, #125)
2026-08-11 20:59:33.500 -04:00 [DEBUG] Excluded [Missing publication year]: Harlan Ellison - Списание Върколак 1997/3 бр.
2026-08-11 20:59:33.504 -04:00 [DEBUG] Excluded [Contributor-only credit]: Harlan Ellison - Fantastic Universe, Vol. 8, No. 4, October 1957
2026-08-11 20:59:33.507 -04:00 [DEBUG] Excluded [Contributor-only credit]: Harlan Ellison - Science Fiction Stories 38
2026-08-11 20:59:33.513 -04:00 [DEBUG] Excluded [Contributor-only credit]: Harlan Ellison - Das Geschenk des Fakirs (The Magazine of Fantasy and Science Fiction, #43)
2026-08-11 20:59:33.518 -04:00 [DEBUG] Excluded [Contributor-only credit]: Harlan Ellison - Sterren van Galaxy
2026-08-11 20:59:33.521 -04:00 [DEBUG] Excluded [Contributor-only credit]: Harlan Ellison - Isaac Asimov's Science Fiction Magazine, Mid-December 1986 (Asimov's Science Fiction, #112)
2026-08-11 20:59:33.524 -04:00 [DEBUG] Excluded [Contributor-only credit]: Harlan Ellison - Futura - broj 67
2026-08-11 20:59:33.531 -04:00 [DEBUG] Excluded [Contributor-only credit]: Harlan Ellison - Sirius - Biblioteka znanstvene fantastike broj 135
2026-08-11 20:59:33.537 -04:00 [DEBUG] Excluded [Contributor-only credit]: Harlan Ellison - Der metallene Traum : Science-Fiction-Stories
2026-08-11 20:59:33.545 -04:00 [INFO] Parsed author 7415, page 31: 1 eligible row(s).
2026-08-11 20:59:33.548 -04:00 [DEBUG] GET author 7415, page 32 (https://www.goodreads.com/author/list/7415.Harlan_Ellison?page=32)
2026-08-11 20:59:34.956 -04:00 [DEBUG] Excluded [Contributor-only credit]: Harlan Ellison - The Magazine of Fantasy & Science Fiction, November 1980 (The Magazine of Fantasy & Science Fiction, #354)
2026-08-11 20:59:34.960 -04:00 [DEBUG] Excluded [Contributor-only credit]: Harlan Ellison - جنگ با روبات‌ها
2026-08-11 20:59:34.965 -04:00 [DEBUG] Excluded [Contributor-only credit]: Harlan Ellison - Fantasy & Science Fiction 4
2026-08-11 20:59:34.968 -04:00 [DEBUG] Excluded [Contributor-only credit]: Harlan Ellison - Amazing Stories, Vol. 42, No. 4, November 1968
2026-08-11 20:59:34.974 -04:00 [DEBUG] Excluded [Contributor-only credit]: Harlan Ellison - Nueva Dimensión 19
2026-08-11 20:59:34.979 -04:00 [DEBUG] Excluded [Contributor-only credit]: Harlan Ellison - Superaventuras Marvel Nº 49
2026-08-11 20:59:34.984 -04:00 [DEBUG] Excluded [Contributor-only credit]: Harlan Ellison - The Man Who Traveled in Elephants
2026-08-11 20:59:34.988 -04:00 [DEBUG] Excluded [Contributor-only credit]: Harlan Ellison - Созвездие Льва 4: сборник фантастических рассказов
2026-08-11 20:59:34.992 -04:00 [DEBUG] Excluded [Contributor-only credit]: Harlan Ellison - Special Wonder: Volume 1
2026-08-11 20:59:34.996 -04:00 [DEBUG] Excluded [Contributor-only credit]: Harlan Ellison - Созвездие Льва 5: сборник фантастических рассказов
2026-08-11 20:59:35.004 -04:00 [DEBUG] Excluded [Contributor-only credit]: Harlan Ellison - Созвездие Льва 6: сборник фантастических рассказов
2026-08-11 20:59:35.008 -04:00 [DEBUG] Excluded [Contributor-only credit]: Harlan Ellison - Хозяева драконов
2026-08-11 20:59:35.011 -04:00 [DEBUG] Excluded [Contributor-only credit]: Harlan Ellison - Best of the New Wave
2026-08-11 20:59:35.016 -04:00 [DEBUG] Excluded [Contributor-only credit]: Harlan Ellison - Histórias do Paranormal - I
2026-08-11 20:59:35.022 -04:00 [DEBUG] Excluded [Contributor-only credit]: Harlan Ellison - Hanukkah Lights: Stories from the Festival of Lights
2026-08-11 20:59:35.029 -04:00 [DEBUG] Excluded [Contributor-only credit]: Harlan Ellison - Through the Looking-Glass
2026-08-11 20:59:35.034 -04:00 [DEBUG] Excluded [Contributor-only credit]: Harlan Ellison - Ανθολογία επιστημονικής φαντασίας, 1966-1975 (Μεγάλη Ανθολογία Ε.Φ. #4)
2026-08-11 20:59:35.042 -04:00 [DEBUG] Excluded [Contributor-only credit]: Harlan Ellison - Isaac Asimov's Science Fiction Magazine, Mid-December 1988 (Asimov's Science Fiction, #138)
2026-08-11 20:59:35.050 -04:00 [DEBUG] Excluded [Contributor-only credit]: Harlan Ellison - توبه کن دلقک
2026-08-11 20:59:35.053 -04:00 [DEBUG] Excluded [Contributor-only credit]: Harlan Ellison - Смерть Вселенной
2026-08-11 20:59:35.056 -04:00 [DEBUG] Excluded [Contributor-only credit]: Harlan Ellison - Harlan Ellison's Mortal Dreads: A Play
2026-08-11 20:59:35.059 -04:00 [DEBUG] Excluded [Contributor-only credit]: Harlan Ellison - Galaxy Magazine, June 1968
2026-08-11 20:59:35.063 -04:00 [DEBUG] Excluded [Contributor-only credit]: Harlan Ellison - Infinity Science Fiction, Vol. 2, No. 3, June 1957
2026-08-11 20:59:35.068 -04:00 [DEBUG] Excluded [Contributor-only credit]: Harlan Ellison - The Magazine of Fantasy and Science Fiction, May 1970 (The Magazine of Fantasy & Science Fiction, #228)
2026-08-11 20:59:35.071 -04:00 [DEBUG] Excluded [Contributor-only credit]: Harlan Ellison - Sirius - Biblioteka znanstvene fantastike broj 132
2026-08-11 20:59:35.076 -04:00 [DEBUG] Excluded [Contributor-only credit]: Harlan Ellison - The Arts and Beyond: Visions of Man's Aesthetic Future
2026-08-11 20:59:35.086 -04:00 [INFO] Parsed author 7415, page 32: 4 eligible row(s).
2026-08-11 20:59:35.088 -04:00 [DEBUG] GET author 7415, page 33 (https://www.goodreads.com/author/list/7415.Harlan_Ellison?page=33)
2026-08-11 20:59:36.686 -04:00 [DEBUG] Excluded [Missing publication year]: Harlan Ellison - Σκοτεινά Πάθη
2026-08-11 20:59:36.689 -04:00 [DEBUG] Excluded [Contributor-only credit]: Harlan Ellison - Short Science Fiction Collection 085
2026-08-11 20:59:36.694 -04:00 [DEBUG] Excluded [Contributor-only credit]: Harlan Ellison - Dangerous Visions #1 (Berkeley Medallion Book, N1686)
2026-08-11 20:59:36.697 -04:00 [DEBUG] Excluded [Contributor-only credit]: Harlan Ellison - Analógia 2.
2026-08-11 20:59:36.703 -04:00 [DEBUG] Excluded [Contributor-only credit]: Harlan Ellison - Nueva Dimensión #101
2026-08-11 20:59:36.706 -04:00 [DEBUG] Excluded [Contributor-only credit]: Harlan Ellison - Realms of Fantasy, Vol. 7, No. 6, August 2001
2026-08-11 20:59:36.712 -04:00 [DEBUG] Excluded [Contributor-only credit]: Harlan Ellison - Realms of Fantasy, Vol. 10, No. 1, October 2003
2026-08-11 20:59:36.719 -04:00 [DEBUG] Excluded [Contributor-only credit]: Harlan Ellison - Galaxy Science Fiction - October 1973 (Vol. 34, #1)
2026-08-11 20:59:36.722 -04:00 [DEBUG] Excluded [Contributor-only credit]: Harlan Ellison - The Rats in the Walls
2026-08-11 20:59:36.728 -04:00 [DEBUG] Excluded [Missing publication year]: Harlan Ellison - Magazine of Fantasy and Science Fiction October 1976, 27th Anniversary (Vol 51, no 4, whole no 305)
2026-08-11 20:59:36.733 -04:00 [DEBUG] Excluded [Contributor-only credit]: Harlan Ellison - Writing 102 Reader: University of Sciences in Philadelphia
2026-08-11 20:59:36.737 -04:00 [DEBUG] Excluded [Contributor-only credit]: Harlan Ellison - DANGEROUS VISIONS 1,2 & 3, and AGAIN, DANGEROUS VISIONS 1 & 2
2026-08-11 20:59:36.742 -04:00 [DEBUG] Excluded [Missing publication year]: Harlan Ellison - The Pitch Science Fiction 4Q2024 (The Pitch Science Fiction 2024 Book 3)
2026-08-11 20:59:36.745 -04:00 [DEBUG] Excluded [Contributor-only credit]: Harlan Ellison - Love, Death + Robots: The Official Anthology: Volume 2 & 3: Love, Death and Robots
2026-08-11 20:59:36.750 -04:00 [DEBUG] Excluded [Contributor-only credit]: Harlan Ellison - Galaktika 421.
2026-08-11 20:59:36.755 -04:00 [DEBUG] Excluded [Contributor-only credit]: Harlan Ellison - Ten Tales
2026-08-11 20:59:36.759 -04:00 [DEBUG] Excluded [Contributor-only credit]: Harlan Ellison - Galaxy October 1973 Vol. 34 No. 1
2026-08-11 20:59:36.764 -04:00 [DEBUG] Excluded [Contributor-only credit]: Harlan Ellison - Amazing Stories, Vol. 31, No. 8, August 1957
2026-08-11 20:59:36.767 -04:00 [DEBUG] Excluded [Contributor-only credit]: Harlan Ellison - miNatura 89
2026-08-11 20:59:36.770 -04:00 [DEBUG] Excluded [Contributor-only credit]: Harlan Ellison - Territoires de l'Inquiétude: histoires singulières - dix-neuf récits
2026-08-11 20:59:36.774 -04:00 [DEBUG] Excluded [Contributor-only credit]: Harlan Ellison - Center Cannot Hold CB
2026-08-11 20:59:36.781 -04:00 [DEBUG] Excluded [Contributor-only credit]: Harlan Ellison - Science Fiction Stories 58
2026-08-11 20:59:36.784 -04:00 [DEBUG] Excluded [Contributor-only credit]: Harlan Ellison - Revista Korad 28
2026-08-11 20:59:36.788 -04:00 [DEBUG] Excluded [Contributor-only credit]: Harlan Ellison - Science Fiction Stories 35
2026-08-11 20:59:36.792 -04:00 [DEBUG] Excluded [Contributor-only credit]: Harlan Ellison - Θεματική Ανθολογία Ε.Φ. 6. Τα παιδιά του 2.000 μ.Χ.
2026-08-11 20:59:36.797 -04:00 [DEBUG] Excluded [Contributor-only credit]: Harlan Ellison - The Best of Fantasy and Science Fiction Magazine, July-August 2003
2026-08-11 20:59:36.802 -04:00 [DEBUG] Excluded [Missing publication year]: Harlan Ellison - Oz-story 6
2026-08-11 20:59:36.807 -04:00 [DEBUG] Excluded [Contributor-only credit]: Harlan Ellison - Det hände i morgon 8
2026-08-11 20:59:36.812 -04:00 [DEBUG] Excluded [Contributor-only credit]: Harlan Ellison - I premi Hugo 1974-75
2026-08-11 20:59:36.816 -04:00 [DEBUG] Excluded [Contributor-only credit]: Harlan Ellison - Lone Star Universe: Speculative Fiction & Fantasy from Texas
2026-08-11 20:59:36.824 -04:00 [INFO] Parsed author 7415, page 33: 0 eligible row(s).
2026-08-11 20:59:36.826 -04:00 [DEBUG] GET author 7415, page 34 (https://www.goodreads.com/author/list/7415.Harlan_Ellison?page=34)
2026-08-11 20:59:38.731 -04:00 [DEBUG] Excluded [Contributor-only credit]: Harlan Ellison - Avengers #101 "Five Dooms to Save Tomorrow!"
2026-08-11 20:59:38.737 -04:00 [DEBUG] Excluded [Contributor-only credit]: Harlan Ellison - Thrilling Science Fiction July 1975
2026-08-11 20:59:38.743 -04:00 [DEBUG] Excluded [Contributor-only credit]: Harlan Ellison - Relatos breves de ciencia ficción
2026-08-11 20:59:38.750 -04:00 [DEBUG] Excluded [Contributor-only credit]: Harlan Ellison - Если свет твой — тьма...
2026-08-11 20:59:38.754 -04:00 [DEBUG] Excluded [Contributor-only credit]: Harlan Ellison - Amazing Science Fiction Stories, Vol. 27, No. 10, January 1981
2026-08-11 20:59:38.757 -04:00 [DEBUG] Excluded [Contributor-only credit]: Harlan Ellison - Galaxy Science Fiction Magazine, January 1969 (Volume 27, No. 6)
2026-08-11 20:59:38.761 -04:00 [DEBUG] Excluded [Contributor-only credit]: Harlan Ellison - Созвездие Льва 8: сборник аудиорассказов
2026-08-11 20:59:38.766 -04:00 [DEBUG] Excluded [Contributor-only credit]: Harlan Ellison - Los héroes bien adiestrados y otras narraciones (Selecciones Géminis de Ciencia Ficción, #3)
2026-08-11 20:59:38.771 -04:00 [DEBUG] Excluded [Contributor-only credit]: Harlan Ellison - Great Science Fiction, Summer 1968
2026-08-11 20:59:38.775 -04:00 [DEBUG] Excluded [Contributor-only credit]: Harlan Ellison - Nueva Dimensión #104
2026-08-11 20:59:38.779 -04:00 [DEBUG] Excluded [Contributor-only credit]: Harlan Ellison - Vintage Sci-Fi 15
2026-08-11 20:59:38.783 -04:00 [DEBUG] Excluded [Contributor-only credit]: Harlan Ellison - Nueva Dimensión #100
2026-08-11 20:59:38.789 -04:00 [DEBUG] Excluded [Contributor-only credit]: Harlan Ellison - 22 Horror-Stories
2026-08-11 20:59:38.805 -04:00 [DEBUG] Excluded [Contributor-only credit]: Harlan Ellison - Fiction #192
2026-08-11 20:59:38.824 -04:00 [DEBUG] Excluded [Contributor-only credit]: Harlan Ellison - Jiné světy - Léto 92
2026-08-11 20:59:38.845 -04:00 [DEBUG] Excluded [Contributor-only credit]: Harlan Ellison - מדע בדיוני: הטוב שבטוב 4
2026-08-11 20:59:38.864 -04:00 [DEBUG] Excluded [Contributor-only credit]: Harlan Ellison - The Business & Other Stories
2026-08-11 20:59:38.878 -04:00 [DEBUG] Excluded [Contributor-only credit]: Harlan Ellison - Science Fiction Adventures, Vol. 1, No. 4, June 1957
2026-08-11 20:59:38.889 -04:00 [DEBUG] Excluded [Contributor-only credit]: Harlan Ellison - Fantastic, Vol. 6, No. 4, May 1957
2026-08-11 20:59:38.895 -04:00 [DEBUG] Excluded [Contributor-only credit]: Harlan Ellison - Wonderbird
2026-08-11 20:59:38.898 -04:00 [DEBUG] Excluded [Contributor-only credit]: Harlan Ellison - The Magazine of Fantasy and Science Fiction, October 1982 (The Magazine of Fantasy & Science Fiction, #377)
2026-08-11 20:59:38.908 -04:00 [DEBUG] Excluded [Contributor-only credit]: Harlan Ellison - Mike Shayne Mystery Magazine, February 1958
2026-08-11 20:59:38.918 -04:00 [DEBUG] Excluded [Contributor-only credit]: Harlan Ellison - Infinity Science Fiction, Vol. 1, No. 4, August 1956
2026-08-11 20:59:38.921 -04:00 [DEBUG] Excluded [Contributor-only credit]: Harlan Ellison - Lo Mejor de "Fantasy & Sience Fiction" 2ª Serie
2026-08-11 20:59:38.931 -04:00 [DEBUG] Excluded [Contributor-only credit]: Harlan Ellison - Amazing Science Fiction Stories, Vol. 33, No. 10, October 1959
2026-08-11 20:59:38.935 -04:00 [DEBUG] Excluded [Contributor-only credit]: Harlan Ellison - Steranko
2026-08-11 20:59:38.938 -04:00 [DEBUG] Excluded [Contributor-only credit]: Harlan Ellison - IF Worlds of Science Fiction, 1957 August (Volume 7, No. 5)
2026-08-11 20:59:38.941 -04:00 [DEBUG] Excluded [Contributor-only credit]: Harlan Ellison - IF Worlds of Science Fiction, 1956 June (Volume 6, No. 4)
2026-08-11 20:59:38.949 -04:00 [INFO] Parsed author 7415, page 34: 2 eligible row(s).
2026-08-11 20:59:38.951 -04:00 [DEBUG] GET author 7415, page 35 (https://www.goodreads.com/author/list/7415.Harlan_Ellison?page=35)
2026-08-11 20:59:40.577 -04:00 [DEBUG] Excluded [Contributor-only credit]: Harlan Ellison - Science Fiction Stories of the Future from the Past
2026-08-11 20:59:40.580 -04:00 [DEBUG] Excluded [Contributor-only credit]: Harlan Ellison - The Collected Stories of Jack Williamson. Vol Two Wolves of Darkness
2026-08-11 20:59:40.584 -04:00 [DEBUG] Excluded [Contributor-only credit]: Harlan Ellison - THE YEAR'S BEST HORROR STORIES VIII (8)
2026-08-11 20:59:40.588 -04:00 [DEBUG] Excluded [Contributor-only credit]: Harlan Ellison - Avengers : L'intégrale 1971 (Nouvelle édition) (T08)
2026-08-11 20:59:40.591 -04:00 [DEBUG] Excluded [Contributor-only credit]: Harlan Ellison - Sure Fire Detective Stories - December, 1957 - Vol.1, No.6
2026-08-11 20:59:40.594 -04:00 [DEBUG] Excluded [Contributor-only credit]: Harlan Ellison - Fantastic, Vol. 6, No. 9, October 1957
2026-08-11 20:59:40.604 -04:00 [DEBUG] Excluded [Contributor-only credit]: Harlan Ellison - Spirit #2
2026-08-11 20:59:40.607 -04:00 [DEBUG] Excluded [Contributor-only credit]: Harlan Ellison - Isaac Asimov's Science Fiction Magazine, Vol. 13, No. 3 (March, 1989)
2026-08-11 20:59:40.611 -04:00 [DEBUG] Excluded [Contributor-only credit]: Harlan Ellison - FANTASY AND SCIENCE FICTION - Volume 47, number 4 - October Oct 1974: Count Von Schimmelhorn and the Time Pony; Adrift Just off the Islets of Langerhans; The Pre-Persons; In Iron Years; The Seventeen Virgins; Blue Butter; Nothing Like Murder; The Visitor
2026-08-11 20:59:40.618 -04:00 [DEBUG] Excluded [Contributor-only credit]: Harlan Ellison - Eastman and Laird's Teenage Mutant Ninja Turtles Special Deluxe Edition (Teenage Mutant Ninja Turtles, Volume 1, Number 1)
2026-08-11 20:59:40.621 -04:00 [DEBUG] Excluded [Contributor-only credit]: Harlan Ellison - Harlan Ellison's Dream Corridor- Issue Five, August 1995
2026-08-11 20:59:40.625 -04:00 [DEBUG] Excluded [Contributor-only credit]: Harlan Ellison - All in Color For a Dime
2026-08-11 20:59:40.628 -04:00 [DEBUG] Excluded [Missing publication year]: Harlan Ellison - Aardwolf (2 Volumes Set)
2026-08-11 20:59:40.635 -04:00 [DEBUG] Excluded [Contributor-only credit]: Harlan Ellison - Fantastic Universe, Vol. 10, No. 2, August 1958
2026-08-11 20:59:40.638 -04:00 [DEBUG] Excluded [Contributor-only credit]: Harlan Ellison - Aardwolf, No. 2
2026-08-11 20:59:40.641 -04:00 [DEBUG] Excluded [Contributor-only credit]: Harlan Ellison - the Magazine of Fantasy and Science Fiction - Vol. 36 No. 1, January 1969
2026-08-11 20:59:40.644 -04:00 [DEBUG] Excluded [Contributor-only credit]: Harlan Ellison - День птеродонта
2026-08-11 20:59:40.653 -04:00 [DEBUG] Excluded [Contributor-only credit]: Harlan Ellison - Fantascienza, Racconti brevi I
2026-08-11 20:59:40.657 -04:00 [DEBUG] Excluded [Contributor-only credit]: Harlan Ellison - Magazine de Ficção Científica #05
2026-08-11 20:59:40.665 -04:00 [DEBUG] Excluded [Contributor-only credit]: Harlan Ellison - Il meglio di Galaxy 2
2026-08-11 20:59:40.669 -04:00 [DEBUG] Excluded [Contributor-only credit]: Harlan Ellison - Daredevil: Dan Defensor #16
2026-08-11 20:59:40.673 -04:00 [DEBUG] Excluded [Contributor-only credit]: Harlan Ellison - Die absolute Zahl: Geschichten aus der Welt von Morgen - wie man sie sich gestern vorgestellt hat.
2026-08-11 20:59:40.677 -04:00 [DEBUG] Excluded [Contributor-only credit]: Harlan Ellison - Space Travel, September 1958 (Volume 5, No. 5)
2026-08-11 20:59:40.684 -04:00 [DEBUG] Excluded [Contributor-only credit]: Harlan Ellison - Science Fiction Gems, Volume 15, Milton Lessor and Others
2026-08-11 20:59:40.691 -04:00 [DEBUG] Excluded [Contributor-only credit]: Harlan Ellison - Robot: Rivista di fantascienza n 37
2026-08-11 20:59:40.696 -04:00 [DEBUG] Excluded [Contributor-only credit]: Harlan Ellison - Robot: Rivista di fantascienza n 9
2026-08-11 20:59:40.701 -04:00 [DEBUG] Excluded [Contributor-only credit]: Harlan Ellison - Amazing Stories, Vol. 31, No. 3, March 1957
2026-08-11 20:59:40.705 -04:00 [DEBUG] Excluded [Contributor-only credit]: Harlan Ellison - Science Fiction Stories 75
2026-08-11 20:59:40.708 -04:00 [DEBUG] Excluded [Contributor-only credit]: Harlan Ellison - Science Fiction Stories 61
2026-08-11 20:59:40.712 -04:00 [DEBUG] Excluded [Contributor-only credit]: Harlan Ellison - The Magazine of Fantasy and Science Fiction, October 1976 (The Magazine of Fantasy & Science Fiction, #305)
2026-08-11 20:59:40.721 -04:00 [INFO] Parsed author 7415, page 35: 0 eligible row(s).
2026-08-11 20:59:40.722 -04:00 [DEBUG] GET author 7415, page 36 (https://www.goodreads.com/author/list/7415.Harlan_Ellison?page=36)
2026-08-11 20:59:42.428 -04:00 [DEBUG] Excluded [Contributor-only credit]: Harlan Ellison - Mars: The Grand Tour, Book 4
2026-08-11 20:59:42.431 -04:00 [DEBUG] Excluded [Contributor-only credit]: Harlan Ellison - Black Cat Weekly #139
2026-08-11 20:59:42.434 -04:00 [DEBUG] Excluded [Contributor-only credit]: Harlan Ellison - Black Cat Weekly #140
2026-08-11 20:59:42.438 -04:00 [DEBUG] Excluded [Contributor-only credit]: Harlan Ellison - Black Cat Weekly #144
2026-08-11 20:59:42.442 -04:00 [DEBUG] Excluded [Contributor-only credit]: Harlan Ellison - Black Cat Weekly #145
2026-08-11 20:59:42.452 -04:00 [DEBUG] Excluded [Contributor-only credit]: Harlan Ellison - Science Fiction Age, Vol. 3, No. 1, November 1994
2026-08-11 20:59:42.456 -04:00 [DEBUG] Excluded [Contributor-only credit]: Harlan Ellison - Dream World, Vol. 1, No. 3, August 1957
2026-08-11 20:59:42.460 -04:00 [DEBUG] Excluded [Contributor-only credit]: Harlan Ellison - Thirty Years of Treason, Volume 1: Excerpts from Hearings before the House Committee on Un-American Activities, 1938 - 1968
2026-08-11 20:59:42.464 -04:00 [DEBUG] Excluded [Contributor-only credit]: Harlan Ellison - Black Infinity: Survive--Or Die
2026-08-11 20:59:42.467 -04:00 [DEBUG] Excluded [Missing publication year]: Harlan Ellison - The New Hugo Award Winners Volume II
2026-08-11 20:59:42.471 -04:00 [DEBUG] Excluded [Contributor-only credit]: Harlan Ellison - Dream World, Vol. 1, No. 1, February 1957
2026-08-11 20:59:42.478 -04:00 [DEBUG] Excluded [Contributor-only credit]: Harlan Ellison - Classic Science Fiction Short Stories
2026-08-11 20:59:42.482 -04:00 [DEBUG] Excluded [Contributor-only credit]: Harlan Ellison - California Sorcery: A Group Celebration
2026-08-11 20:59:42.485 -04:00 [DEBUG] Excluded [Contributor-only credit]: Harlan Ellison - The Magazine of Fantasy & Science Fiction Oct/Nov 1996 (Volume 91, No. 4/5, Whole No. 545)
2026-08-11 20:59:42.489 -04:00 [DEBUG] Excluded [Contributor-only credit]: Harlan Ellison - Future Weird: Science Fiction with a Touch of Strange
2026-08-11 20:59:42.492 -04:00 [DEBUG] Excluded [Contributor-only credit]: Harlan Ellison - Unearth: The Magazine of Science Fiction Discoveries, No. 4, Fall 1977
2026-08-11 20:59:42.496 -04:00 [DEBUG] Excluded [Contributor-only credit]: Harlan Ellison - Stories from the Hugo Winners Vol. 2 (This Book Comprises the First Half of the HUGO WINNERS VOLUME 2.) Poul Anderson; Harlen Ellison; Jack Vance; Larry Niven; Gordon R. Dickson
2026-08-11 20:59:42.502 -04:00 [DEBUG] Excluded [Contributor-only credit]: Harlan Ellison - Science Fiction Age, Vol. 6, No. 6, September 1998
2026-08-11 20:59:42.506 -04:00 [DEBUG] Excluded [Contributor-only credit]: Harlan Ellison - Science Fiction Age, Vol. 1, No. 3, March 1993
2026-08-11 20:59:42.510 -04:00 [DEBUG] Excluded [Contributor-only credit]: Harlan Ellison - Dark Destiny (World of Darkness) 1ST edition signed
2026-08-11 20:59:42.514 -04:00 [DEBUG] Excluded [Missing publication year]: Harlan Ellison - More Stories from the Hugo Winners (Volume 2)
2026-08-11 20:59:42.517 -04:00 [DEBUG] Excluded [Missing publication year]: Harlan Ellison - Ariel: The Book of Fantasy, Volume 2. Frazetta, Tolkien, Harlan Ellison, Ursula Le Guin
2026-08-11 20:59:42.521 -04:00 [DEBUG] Excluded [Contributor-only credit]: Harlan Ellison - ONE HUNDRED (100) GREAT FANTASY SHORT SHORT STORIES: Angelica; Tower Bird; Lady
2026-08-11 20:59:42.524 -04:00 [DEBUG] Excluded [Contributor-only credit]: Harlan Ellison - Unearth: The Magazine of Science Fiction Discoveries, No. 1, Winter 1977
2026-08-11 20:59:42.528 -04:00 [DEBUG] Excluded [Contributor-only credit]: Harlan Ellison - Science Fiction Age, Vol. 2, No. 1, November 1993
2026-08-11 20:59:42.534 -04:00 [DEBUG] Excluded [Contributor-only credit]: Harlan Ellison - ISAAC ASIMOV'S SCIENCE FICTION DECMBER 1982
2026-08-11 20:59:42.538 -04:00 [DEBUG] Excluded [Missing publication year]: Harlan Ellison - THE MAGAZINE OF FANTASY AND SCIENCE FICTION MAY 1974
2026-08-11 20:59:42.541 -04:00 [DEBUG] Excluded [Contributor-only credit]: Harlan Ellison - Unearth: The Magazine of Science Fiction Discoveries, No. 6, Spring 1978
2026-08-11 20:59:42.544 -04:00 [DEBUG] Excluded [Contributor-only credit]: Harlan Ellison - Unearth: The Magazine of Science Fiction Discoveries, No. 3, Summer 1977
2026-08-11 20:59:42.549 -04:00 [DEBUG] Excluded [Contributor-only credit]: Harlan Ellison - THE HUGO WINNERS,Vol. I & II
2026-08-11 20:59:42.557 -04:00 [INFO] Parsed author 7415, page 36: 0 eligible row(s).
2026-08-11 20:59:42.558 -04:00 [DEBUG] GET author 7415, page 37 (https://www.goodreads.com/author/list/7415.Harlan_Ellison?page=37)
2026-08-11 20:59:43.755 -04:00 [DEBUG] Excluded [Contributor-only credit]: Harlan Ellison - Twenty Thousand Leagues under the Sea
2026-08-11 20:59:43.759 -04:00 [DEBUG] Excluded [Contributor-only credit]: Harlan Ellison - Alice's Adventures In Wonderland and Through the Looking Glass
2026-08-11 20:59:43.763 -04:00 [DEBUG] Excluded [Contributor-only credit]: Harlan Ellison - The Best of Fantasy and Science Fiction Magazine, March-April 2003
2026-08-11 20:59:43.767 -04:00 [DEBUG] Excluded [Contributor-only credit]: Harlan Ellison - Alice'S Adventures In Wonderland And Through The Looking Glass
2026-08-11 20:59:43.770 -04:00 [DEBUG] Excluded [Missing publication year]: Harlan Ellison - Alice's Adventures in Wonderland and Through the Looking Glass
2026-08-11 20:59:43.776 -04:00 [DEBUG] Excluded [Contributor-only credit]: Harlan Ellison - Alice's Adventures in Wonderland, Through the Looking Glass and the Hunting of the Snark
2026-08-11 20:59:43.784 -04:00 [DEBUG] Excluded [Contributor-only credit]: Harlan Ellison - Alice's Adventures in Wonderland and Through the Looking-Glass
2026-08-11 20:59:43.788 -04:00 [DEBUG] Excluded [Contributor-only credit]: Harlan Ellison - They Came From Outer Space: 12 Classic Science Fiction Tales That Became Major Motion Pictures
2026-08-11 20:59:43.791 -04:00 [DEBUG] Excluded [Contributor-only credit]: Harlan Ellison - Alice in Wonderland: A Stage Adaptation of Alice’s Adventures in Wonderland and Through the Looking-Glass
2026-08-11 20:59:43.801 -04:00 [DEBUG] Excluded [Contributor-only credit]: Harlan Ellison - Unearth: The Magazine of Science Fiction Discoveries, No. 8, Winter 1979
2026-08-11 20:59:43.806 -04:00 [DEBUG] Excluded [Contributor-only credit]: Harlan Ellison - Alice's Adventures in Wonderland and Through the Looking-Glass: The Original 1865 Illustrations
2026-08-11 20:59:43.814 -04:00 [DEBUG] Excluded [Contributor-only credit]: Harlan Ellison - Dangerous Visions[DANGEROUS VISIONS][Paperback]
2026-08-11 20:59:43.818 -04:00 [DEBUG] Excluded [Contributor-only credit]: Harlan Ellison - Trumpet, No. 11, 1974
2026-08-11 20:59:43.821 -04:00 [DEBUG] Excluded [Contributor-only credit]: Harlan Ellison - Trumpet, No. 9, 1969
2026-08-11 20:59:43.825 -04:00 [DEBUG] Excluded [Contributor-only credit]: Harlan Ellison - Epic Illustrated #4, Winter 1980
2026-08-11 20:59:43.829 -04:00 [DEBUG] Excluded [Contributor-only credit]: Harlan Ellison - Saturn Science Fiction and Fantasy, Vol. 1, No. 4, October 1957
2026-08-11 20:59:43.833 -04:00 [DEBUG] Excluded [Contributor-only credit]: Harlan Ellison - Unearth: The Magazine of Science Fiction Discoveries, No. 5, Winter 1978
2026-08-11 20:59:43.838 -04:00 [DEBUG] Excluded [Contributor-only credit]: Harlan Ellison - Thrilling Science Fiction, No. 24, April 1972
2026-08-11 20:59:43.847 -04:00 [INFO] Parsed author 7415, page 37: 0 eligible row(s).
2026-08-11 20:59:43.852 -04:00 [DEBUG] Excluded [Duplicate Goodreads work]: Harlan Ellison - Along the Scenic Route
2026-08-11 20:59:43.854 -04:00 [DEBUG] Excluded [Duplicate Goodreads work]: Harlan Ellison - Again, Dangerous Visions 2
2026-08-11 20:59:43.856 -04:00 [DEBUG] Excluded [Duplicate Goodreads work]: Harlan Ellison - All the Sounds of Fear
2026-08-11 20:59:43.859 -04:00 [DEBUG] Excluded [Duplicate Goodreads work]: Harlan Ellison - All the Lies That Are My Life, Limited Edition
2026-08-11 20:59:43.861 -04:00 [DEBUG] Excluded [Duplicate Goodreads work]: Harlan Ellison - 8 in 80 by Ellison
2026-08-11 20:59:43.867 -04:00 [DEBUG] Excluded [Duplicate Goodreads work]: Harlan Ellison - Again, Honorable Whoredom at a Penny a Word
2026-08-11 20:59:43.911 -04:00 [DEBUG] Excluded [Duplicate title]: Harlan Ellison - Phoenix Without Ashes
2026-08-11 20:59:43.912 -04:00 [DEBUG] Duplicate title 'Phoenix Without Ashes' for 'Harlan Ellison': kept book 10523073 with 299 ratings; discarded 1 lower-priority copy/copies.
2026-08-11 20:59:43.934 -04:00 [INFO] Collected 143 canonical candidate work(s) for 'Harlan Ellison'.
2026-08-11 20:59:43.936 -04:00 [DEBUG] GET author 5805600, page 1 (https://www.goodreads.com/author/list/5805600.Morgan_Ryan)
2026-08-11 20:59:44.021 -04:00 [INFO] Parsed author 5805600, page 1: 1 eligible row(s).
2026-08-11 20:59:44.022 -04:00 [INFO] Collected 1 canonical candidate work(s) for 'Morgan Ryan'.
2026-08-11 20:59:44.953 -04:00 [DEBUG] GET author 12542, page 1 (https://www.goodreads.com/author/list/12542.Bernard_Cornwell)
2026-08-11 20:59:45.167 -04:00 [INFO] Parsed author 12542, page 1: 30 eligible row(s).
2026-08-11 20:59:45.958 -04:00 [DEBUG] GET author 12542, page 2 (https://www.goodreads.com/author/list/12542.Bernard_Cornwell?page=2)
2026-08-11 20:59:46.783 -04:00 [INFO] Parsed author 12542, page 2: 30 eligible row(s).
2026-08-11 20:59:46.986 -04:00 [DEBUG] GET author 12542, page 3 (https://www.goodreads.com/author/list/12542.Bernard_Cornwell?page=3)
2026-08-11 20:59:47.752 -04:00 [DEBUG] Excluded [Omnibus, box set, or multi-work collection]: Bernard Cornwell - The Last Kingdom Series #1-6
2026-08-11 20:59:47.775 -04:00 [DEBUG] Excluded [Omnibus, box set, or multi-work collection]: Bernard Cornwell - The Saxon Tales 4 Book Collection (The Last Kingdom, The Pale Horseman, Lords of the North, Sword Song)
2026-08-11 20:59:47.794 -04:00 [DEBUG] Excluded [Omnibus, box set, or multi-work collection]: Bernard Cornwell - Sharpe 3 Book Collection #1
2026-08-11 20:59:47.801 -04:00 [DEBUG] Excluded [Omnibus, box set, or multi-work collection]: Bernard Cornwell - The Saxon Tales Collection 4 Book Set
2026-08-11 20:59:47.805 -04:00 [DEBUG] Excluded [Missing publication year]: Bernard Cornwell - Lords of the North: A Novel (The Last Kingdom Book 3)
2026-08-11 20:59:47.810 -04:00 [DEBUG] Excluded [Omnibus, box set, or multi-work collection]: Bernard Cornwell - Sharpe 3 Book Collection #2
2026-08-11 20:59:47.820 -04:00 [DEBUG] Excluded [Omnibus, box set, or multi-work collection]: Bernard Cornwell - Sharpe 3 Book Collection #5
2026-08-11 20:59:47.825 -04:00 [DEBUG] Excluded [Omnibus, box set, or multi-work collection]: Bernard Cornwell - Sharpe 3 Book Collection #6 (Sharpe's Honour, Sharpe's Regiment, Sharpe's Siege)
2026-08-11 20:59:47.830 -04:00 [DEBUG] Excluded [Omnibus, box set, or multi-work collection]: Bernard Cornwell - Sharpe 3 Book Collection #4
2026-08-11 20:59:47.834 -04:00 [DEBUG] Excluded [Omnibus, box set, or multi-work collection]: Bernard Cornwell - The Last Kingdom Books 1-8
2026-08-11 20:59:47.837 -04:00 [DEBUG] Excluded [Omnibus, box set, or multi-work collection]: Bernard Cornwell - Sharpe 3 Book Collection #3
2026-08-11 20:59:47.844 -04:00 [DEBUG] Excluded [Omnibus, box set, or multi-work collection]: Bernard Cornwell - Sharpe 3 Book Collection #7
2026-08-11 20:59:47.853 -04:00 [DEBUG] Excluded [Omnibus, box set, or multi-work collection]: Bernard Cornwell - The Last Kingdom / The Pale Horseman (Saxon Tales, #1-2)
2026-08-11 20:59:47.857 -04:00 [DEBUG] Excluded [Missing publication year]: Bernard Cornwell - Il cuore di Derfel
2026-08-11 20:59:47.867 -04:00 [DEBUG] Excluded [Omnibus, box set, or multi-work collection]: Bernard Cornwell - The Starbuck Chronicles: The captivating historical action adventure novels about the American Civil War (The Complete 4-Book Collection)
2026-08-11 20:59:47.876 -04:00 [DEBUG] Excluded [Omnibus, box set, or multi-work collection]: Bernard Cornwell - Sword Song / The Burning Land / Death of Kings (The Last Kingdom #4-6)
2026-08-11 20:59:47.882 -04:00 [DEBUG] Excluded [Omnibus, box set, or multi-work collection]: Bernard Cornwell - The Warrior Chronicles Books 1-3 (The Last Kingdom, The Pale Horseman, The Lords of the North)
2026-08-11 20:59:47.891 -04:00 [INFO] Parsed author 12542, page 3: 13 eligible row(s).
2026-08-11 20:59:47.893 -04:00 [INFO] Stopped pagination for author 12542 after page 3: lowest listed ratings count 217 is below threshold 1000.
2026-08-11 20:59:47.923 -04:00 [INFO] Collected 73 canonical candidate work(s) for 'Bernard Cornwell'.
2026-08-11 20:59:48.010 -04:00 [DEBUG] GET author 16002992, page 1 (https://www.goodreads.com/author/list/16002992.S_A_Chakraborty)
2026-08-11 20:59:48.124 -04:00 [DEBUG] Excluded [Contributor-only credit]: S.A. Chakraborty - From a Certain Point of View: The Empire Strikes Back (From a Certain Point of View, #2)
2026-08-11 20:59:48.128 -04:00 [DEBUG] Excluded [Omnibus, box set, or multi-work collection]: S.A. Chakraborty - The Daevabad Trilogy Series 4 Books Collection
2026-08-11 20:59:48.131 -04:00 [DEBUG] Excluded [Omnibus, box set, or multi-work collection]: S.A. Chakraborty - Daevabad Trilogy Collection (The Daevabad Trilogy, #1-3)
2026-08-11 20:59:48.135 -04:00 [DEBUG] Excluded [Missing publication year]: S.A. Chakraborty - Extra Scenes (The Daevabad Trilogy, #2.5)
2026-08-11 20:59:48.139 -04:00 [DEBUG] Excluded [Contributor-only credit]: S.A. Chakraborty - The Book of Charlatans (Library of Arabic Literature, 64)
2026-08-11 20:59:48.147 -04:00 [DEBUG] Excluded [Missing publication year]: S.A. Chakraborty - As aventuras de Amina al-Sirafi
2026-08-11 20:59:48.152 -04:00 [DEBUG] Excluded [Missing publication year]: S.A. Chakraborty - Het wandtapijt van het lot (Schip Marawati, #2)
2026-08-11 20:59:48.159 -04:00 [INFO] Parsed author 16002992, page 1: 6 eligible row(s).
2026-08-11 20:59:48.166 -04:00 [INFO] Collected 6 canonical candidate work(s) for 'S.A. Chakraborty'.
2026-08-11 20:59:49.006 -04:00 [DEBUG] GET author 3159299, page 1 (https://www.goodreads.com/author/list/3159299.Dmitry_Glukhovsky)
2026-08-11 20:59:49.148 -04:00 [DEBUG] Excluded [Omnibus, box set, or multi-work collection]: Dmitry Glukhovsky - Метро 2033 /Метро 2034 (МЕТРО #1-2)
2026-08-11 20:59:49.151 -04:00 [DEBUG] Excluded [Omnibus, box set, or multi-work collection]: Dmitry Glukhovsky - Trylogia Metro: 2033 / 2034 / 2035 (Metro, #1-3)
2026-08-11 20:59:49.162 -04:00 [DEBUG] Excluded [Missing publication year]: Dmitry Glukhovsky - My. Kronika upadku
2026-08-11 20:59:49.173 -04:00 [DEBUG] Excluded [Missing publication year]: Dmitry Glukhovsky - Metro 2033. Powieść graficzna
2026-08-11 20:59:49.184 -04:00 [DEBUG] Excluded [Missing publication year]: Dmitry Glukhovsky - Mess
2026-08-11 20:59:49.190 -04:00 [DEBUG] Excluded [Missing publication year]: Dmitry Glukhovsky - The Outpost
2026-08-11 20:59:49.196 -04:00 [DEBUG] Excluded [Missing publication year]: Dmitry Glukhovsky - METRO 2034. The sequel to Metro 2033.: Hardcover US edition
2026-08-11 20:59:49.217 -04:00 [DEBUG] Excluded [Missing publication year]: Dmitry Glukhovsky - Метро 2033. Часть 1, 2
2026-08-11 20:59:49.231 -04:00 [DEBUG] Excluded [Omnibus, box set, or multi-work collection]: Dmitry Glukhovsky - Post (Outpost, #1-2)
2026-08-11 20:59:49.254 -04:00 [DEBUG] Excluded [Missing publication year]: Dmitry Glukhovsky - Wir. Tagebuch des Untergangs
2026-08-11 20:59:49.273 -04:00 [INFO] Parsed author 3159299, page 1: 20 eligible row(s).
2026-08-11 20:59:49.278 -04:00 [INFO] Continuing pagination for force-included author 3159299 despite a listed ratings count below 1000.
2026-08-11 20:59:50.018 -04:00 [DEBUG] GET author 3159299, page 2 (https://www.goodreads.com/author/list/3159299.Dmitry_Glukhovsky?page=2)
2026-08-11 20:59:51.131 -04:00 [DEBUG] Excluded [Missing publication year]: Dmitry Glukhovsky - Метро 2033. Часть 3, 4
2026-08-11 20:59:51.135 -04:00 [DEBUG] Excluded [Missing publication year]: Dmitry Glukhovsky - Metro-Romane
2026-08-11 20:59:51.138 -04:00 [DEBUG] Excluded [Missing publication year]: Dmitry Glukhovsky - Похолодание
2026-08-11 20:59:51.143 -04:00 [DEBUG] Excluded [Missing publication year]: Dmitry Glukhovsky - Оттепель
2026-08-11 20:59:51.153 -04:00 [DEBUG] Excluded [Missing publication year]: Dmitry Glukhovsky - METRO 2035. Hardcover English edition.: The finale of the Metro 2033 trilogy.
2026-08-11 20:59:51.157 -04:00 [DEBUG] Excluded [Missing publication year]: Dmitry Glukhovsky - Der Posten 2 2
2026-08-11 20:59:51.162 -04:00 [DEBUG] Excluded [Missing publication year]: Dmitry Glukhovsky - Outpost - Oltre il fiume
2026-08-11 20:59:51.167 -04:00 [DEBUG] Excluded [Missing publication year]: Dmitry Glukhovsky - Пост. Спастись и сохранить. Часть 6 [Fast. Save and Preserve. Part 6]
2026-08-11 20:59:51.170 -04:00 [DEBUG] Excluded [Missing publication year]: Dmitry Glukhovsky - Пост. Спастись и сохранить. Часть 7 [Fast. Save and Preserve. Part 7 Provider]
2026-08-11 20:59:51.174 -04:00 [DEBUG] Excluded [Missing publication year]: Dmitry Glukhovsky - Пост. Спастись и сохранить. Часть 10 [Post. To Be Saved and to Preserve. Part 10]
2026-08-11 20:59:51.183 -04:00 [DEBUG] Excluded [Missing publication year]: Dmitry Glukhovsky - Пост. Спастись и сохранить. Часть 11 [Post. To Be Saved and to Preserve. Part 11]
2026-08-11 20:59:51.187 -04:00 [DEBUG] Excluded [Missing publication year]: Dmitry Glukhovsky - Пост. Спастись и сохранить. Часть 8 [Post. To Be Saved and to Preserve. Part 8]
2026-08-11 20:59:51.191 -04:00 [DEBUG] Excluded [Missing publication year]: Dmitry Glukhovsky - Пост. Спастись и сохранить. Часть 9 [Fast. Survive and Preserve. Part 9]
2026-08-11 20:59:51.196 -04:00 [DEBUG] Excluded [Missing publication year]: Dmitry Glukhovsky - Пост. Спастись и сохранить. Тизер
2026-08-11 20:59:51.201 -04:00 [DEBUG] Excluded [Missing publication year]: Dmitry Glukhovsky - Пост. Спастись и сохранить. Часть 1 [Post. To Be Saved and to Preserve. Part 1]
2026-08-11 20:59:51.204 -04:00 [DEBUG] Excluded [Missing publication year]: Dmitry Glukhovsky - Пост. Спастись и сохранить. Тизер [Fast. Save and Preserve. Teaser]
2026-08-11 20:59:51.215 -04:00 [DEBUG] Excluded [Missing publication year]: Dmitry Glukhovsky - Working Identity: Unconventional Strategies for Reinventing Your Career
2026-08-11 20:59:51.246 -04:00 [DEBUG] Excluded [Missing publication year]: Dmitry Glukhovsky - ПОСТ. Эпизод 10 10
2026-08-11 20:59:51.255 -04:00 [DEBUG] Excluded [Missing publication year]: Dmitry Glukhovsky - ПОСТ. Эпизод 1 1
2026-08-11 20:59:51.262 -04:00 [DEBUG] Excluded [Missing publication year]: Dmitry Glukhovsky - ПОСТ. Эпизод 2 2
2026-08-11 20:59:51.268 -04:00 [DEBUG] Excluded [Missing publication year]: Dmitry Glukhovsky - ПОСТ. Эпизод 7 7
2026-08-11 20:59:51.272 -04:00 [DEBUG] Excluded [Missing publication year]: Dmitry Glukhovsky - ПОСТ. Эпизод 3 3
2026-08-11 20:59:51.284 -04:00 [DEBUG] Excluded [Missing publication year]: Dmitry Glukhovsky - Untitled Glukhovsky 3 of 3
2026-08-11 20:59:51.292 -04:00 [DEBUG] Excluded [Missing publication year]: Dmitry Glukhovsky - Untitled Glukhovsky 2 of 3
2026-08-11 20:59:51.303 -04:00 [DEBUG] Excluded [Missing publication year]: Dmitry Glukhovsky - Der Posten 1
2026-08-11 20:59:51.312 -04:00 [DEBUG] Excluded [Missing publication year]: Dmitry Glukhovsky - Dmitry Glukhovsky Seti -5 Kitap Takım-
2026-08-11 20:59:51.323 -04:00 [DEBUG] Excluded [Missing publication year]: Dmitry Glukhovsky - Rasskazy o Rodine
2026-08-11 20:59:51.339 -04:00 [DEBUG] Excluded [Missing publication year]: Dmitry Glukhovsky - METRO
2026-08-11 20:59:51.360 -04:00 [DEBUG] Excluded [Missing publication year]: Dmitry Glukhovsky - Journal sous dictature
2026-08-11 20:59:51.371 -04:00 [DEBUG] Excluded [Missing publication year]: Dmitry Glukhovsky - Metro 2034: Metro-Serie 2
2026-08-11 20:59:51.396 -04:00 [INFO] Parsed author 3159299, page 2: 0 eligible row(s).
2026-08-11 20:59:51.403 -04:00 [DEBUG] GET author 3159299, page 3 (https://www.goodreads.com/author/list/3159299.Dmitry_Glukhovsky?page=3)
2026-08-11 20:59:52.140 -04:00 [DEBUG] Excluded [Contributor-only credit]: Dmitry Glukhovsky - The Doomed City
2026-08-11 20:59:52.145 -04:00 [DEBUG] Excluded [Contributor-only credit]: Dmitry Glukhovsky - Москва: место встречи
2026-08-11 20:59:52.154 -04:00 [DEBUG] Excluded [Contributor-only credit]: Dmitry Glukhovsky - The Best of World SF: Volume 3
2026-08-11 20:59:52.157 -04:00 [DEBUG] Excluded [Contributor-only credit]: Dmitry Glukhovsky - Fantom nr 3 Wrzesień-Październik 2017
2026-08-11 20:59:52.166 -04:00 [DEBUG] Excluded [Missing publication year]: Dmitry Glukhovsky - Crimes and Punishment Read and Understood by Robots: World Classics Translated and Brought to You by Machines
2026-08-11 20:59:52.170 -04:00 [DEBUG] Excluded [Missing publication year]: Dmitry Glukhovsky - Untitled Glukhovsky 3 of 3
2026-08-11 20:59:52.174 -04:00 [DEBUG] Excluded [Missing publication year]: Dmitry Glukhovsky - Untitled Glukhovsky 2 of 3
2026-08-11 20:59:52.178 -04:00 [DEBUG] Excluded [Missing publication year]: Dmitry Glukhovsky - Dmitry Glukhovsky Seti -5 Kitap Takım-
2026-08-11 20:59:52.186 -04:00 [DEBUG] Excluded [Missing publication year]: Dmitry Glukhovsky - Rasskazy o Rodine
2026-08-11 20:59:52.190 -04:00 [DEBUG] Excluded [Missing publication year]: Dmitry Glukhovsky - METRO
2026-08-11 20:59:52.195 -04:00 [DEBUG] Excluded [Missing publication year]: Dmitry Glukhovsky - Journal sous dictature
2026-08-11 20:59:52.201 -04:00 [DEBUG] Excluded [Missing publication year]: Dmitry Glukhovsky - Metro 2034: Metro-Serie 2
2026-08-11 20:59:52.205 -04:00 [DEBUG] Excluded [Missing publication year]: Dmitry Glukhovsky - Der Posten 1
2026-08-11 20:59:52.211 -04:00 [DEBUG] Excluded [Missing publication year]: Dmitry Glukhovsky - ПОСТ. Эпизод 3 3
2026-08-11 20:59:52.221 -04:00 [DEBUG] Excluded [Missing publication year]: Dmitry Glukhovsky - ПОСТ. Эпизод 7 7
2026-08-11 20:59:52.230 -04:00 [INFO] Parsed author 3159299, page 3: 0 eligible row(s).
2026-08-11 20:59:52.245 -04:00 [INFO] Collected 20 canonical candidate work(s) for 'Dmitry Glukhovsky'.
2026-08-11 20:59:52.405 -04:00 [DEBUG] GET author 5804101, page 1 (https://www.goodreads.com/author/list/5804101.Anthony_Ryan)
2026-08-11 20:59:52.595 -04:00 [DEBUG] Excluded [Missing publication year]: Anthony Ryan - Sandrunners (Draconis Memoria, #0.5)
2026-08-11 20:59:52.599 -04:00 [DEBUG] Excluded [Omnibus, box set, or multi-work collection]: Anthony Ryan - Slab City Blues: The Collected Stories (Slab City Blues #1-5)
2026-08-11 20:59:52.904 -04:00 [INFO] Parsed author 5804101, page 1: 28 eligible row(s).
2026-08-11 20:59:53.005 -04:00 [INFO] Stopped pagination for author 5804101 after page 1: lowest listed ratings count 383 is below threshold 1000.
2026-08-11 20:59:53.085 -04:00 [INFO] Collected 28 canonical candidate work(s) for 'Anthony Ryan'.
2026-08-11 20:59:53.409 -04:00 [DEBUG] GET author 38951, page 1 (https://www.goodreads.com/author/list/38951.John_Connolly)
2026-08-11 20:59:53.607 -04:00 [INFO] Parsed author 38951, page 1: 30 eligible row(s).
2026-08-11 20:59:54.424 -04:00 [DEBUG] GET author 38951, page 2 (https://www.goodreads.com/author/list/38951.John_Connolly?page=2)
2026-08-11 20:59:55.339 -04:00 [DEBUG] Excluded [Omnibus, box set, or multi-work collection]: John Connolly - The Charlie Parker Collection 1 (Charlie Parker, #1-4)
2026-08-11 20:59:55.343 -04:00 [DEBUG] Excluded [Omnibus, box set, or multi-work collection]: John Connolly - The Charlie Parker Collection 2 (Charlie Parker, #5-8)
2026-08-11 20:59:55.352 -04:00 [DEBUG] Excluded [Contributor-only credit]: John Connolly - Books to Die For
2026-08-11 20:59:55.357 -04:00 [DEBUG] Excluded [Missing publication year]: John Connolly - The Monks of Appalling Dreadfulness (Samuel Johnson, #3.5)
2026-08-11 20:59:55.365 -04:00 [DEBUG] Excluded [Missing publication year]: John Connolly - Charlie Parker: A Mysterious Profile
2026-08-11 20:59:55.369 -04:00 [DEBUG] Excluded [Omnibus, box set, or multi-work collection]: John Connolly - The John Connolly Collection #1: Every Dead Thing, Dark Hollow, and The Killing Kind (Charlie Parker, #1-3)
2026-08-11 20:59:55.372 -04:00 [DEBUG] Excluded [Omnibus, box set, or multi-work collection]: John Connolly - Every Dead Thing / Dark Hollow (Charlie Parker, #1-2)
2026-08-11 20:59:55.376 -04:00 [DEBUG] Excluded [Missing publication year]: John Connolly - The Sisters Strange
2026-08-11 20:59:55.385 -04:00 [DEBUG] Excluded [Omnibus, box set, or multi-work collection]: John Connolly - The John Connolly Collection #2: The White Road, The Black Angel, and The Unquiet (Charlie Parker, #4-6)
2026-08-11 20:59:55.394 -04:00 [DEBUG] Excluded [Missing publication year]: John Connolly - El museo de las almas literarias (Bibliomisterios, #1)
2026-08-11 20:59:55.399 -04:00 [DEBUG] Excluded [Missing publication year]: John Connolly - Parker A Miscellany
2026-08-11 20:59:55.403 -04:00 [DEBUG] Excluded [Omnibus, box set, or multi-work collection]: John Connolly - Samuel Johnson vs The Darkness Trilogy (Samuel Johnson, #1-3)
2026-08-11 20:59:55.407 -04:00 [DEBUG] Excluded [Missing publication year]: John Connolly - Shadow Voices: 300 years of Irish Genre Fiction, A History in Stories
2026-08-11 20:59:55.411 -04:00 [DEBUG] Excluded [Missing publication year]: John Connolly - Horror Express
2026-08-11 20:59:55.421 -04:00 [DEBUG] Excluded [Missing publication year]: John Connolly - Los mensajeros de la oscuridad (Serie Charlie Parker 22)
2026-08-11 20:59:55.425 -04:00 [DEBUG] Excluded [Missing publication year]: John Connolly - La tierra de las cosas perdidas: Ilustraciones de Riki Blanco
2026-08-11 20:59:55.444 -04:00 [INFO] Parsed author 38951, page 2: 14 eligible row(s).
2026-08-11 20:59:55.446 -04:00 [INFO] Stopped pagination for author 38951 after page 2: lowest listed ratings count 16 is below threshold 1000.
2026-08-11 20:59:55.467 -04:00 [INFO] Collected 44 canonical candidate work(s) for 'John Connolly'.
2026-08-11 20:59:55.470 -04:00 [DEBUG] GET author 16094, page 1 (https://www.goodreads.com/author/list/16094.Lois_McMaster_Bujold)
2026-08-11 20:59:55.628 -04:00 [DEBUG] Excluded [Omnibus, box set, or multi-work collection]: Lois McMaster Bujold - Cordelia's Honor (Vorkosigan Omnibus, #1)
2026-08-11 20:59:55.672 -04:00 [INFO] Parsed author 16094, page 1: 29 eligible row(s).
2026-08-11 20:59:56.475 -04:00 [DEBUG] GET author 16094, page 2 (https://www.goodreads.com/author/list/16094.Lois_McMaster_Bujold?page=2)
2026-08-11 20:59:57.266 -04:00 [DEBUG] Excluded [Omnibus, box set, or multi-work collection]: Lois McMaster Bujold - Young Miles (Vorkosigan Omnibus, #2)
2026-08-11 20:59:57.276 -04:00 [DEBUG] Excluded [Missing publication year]: Lois McMaster Bujold - The Borders of Infinity (Vorkosigan Saga, #5.3)
2026-08-11 20:59:57.301 -04:00 [DEBUG] Excluded [Omnibus, box set, or multi-work collection]: Lois McMaster Bujold - Miles Errant (Vorkosigan Omnibus, #4)
2026-08-11 20:59:57.304 -04:00 [DEBUG] Excluded [Omnibus, box set, or multi-work collection]: Lois McMaster Bujold - Miles in Love (Vorkosigan Omnibus, #6)
2026-08-11 20:59:57.314 -04:00 [DEBUG] Excluded [Omnibus, box set, or multi-work collection]: Lois McMaster Bujold - Miles, Mystery, and Mayhem (Vorkosigan Omnibus, #3)
2026-08-11 20:59:57.323 -04:00 [DEBUG] Excluded [Omnibus, box set, or multi-work collection]: Lois McMaster Bujold - Miles, Mutants, and Microbes (Vorkosigan Omnibus, #5)
2026-08-11 20:59:57.349 -04:00 [DEBUG] Excluded [Omnibus, box set, or multi-work collection]: Lois McMaster Bujold - Test of Honor (Omnibus: Shards of Honor \ The Warrior's Apprentice) (Vorkosigan Saga)
2026-08-11 20:59:57.353 -04:00 [DEBUG] Excluded [Omnibus, box set, or multi-work collection]: Lois McMaster Bujold - Penric's Progress (Penric and Desdemona, #1-3)
2026-08-11 20:59:57.370 -04:00 [INFO] Parsed author 16094, page 2: 22 eligible row(s).
2026-08-11 20:59:57.372 -04:00 [INFO] Stopped pagination for author 16094 after page 2: lowest listed ratings count 691 is below threshold 1000.
2026-08-11 20:59:57.394 -04:00 [INFO] Collected 51 canonical candidate work(s) for 'Lois McMaster Bujold'.
2026-08-11 20:59:57.491 -04:00 [DEBUG] GET author 8352974, page 1 (https://www.goodreads.com/author/list/8352974.qntm)
2026-08-11 20:59:57.584 -04:00 [DEBUG] Excluded [Missing publication year]: qntm - There Is No Antimemetics Division
2026-08-11 20:59:57.607 -04:00 [DEBUG] Excluded [Contributor-only credit]: qntm - The Big Book of Cyberpunk
2026-08-11 20:59:57.612 -04:00 [DEBUG] Excluded [Contributor-only credit]: qntm - The Big Book of Cyberpunk Vol. I
2026-08-11 20:59:57.620 -04:00 [DEBUG] Excluded [Missing publication year]: qntm - The Four-And-A-Halfth Planet
2026-08-11 20:59:57.633 -04:00 [DEBUG] Excluded [Missing publication year]: qntm - FBC/SCP: Ignition
2026-08-11 20:59:57.638 -04:00 [DEBUG] Excluded [Missing publication year]: qntm - Tyro
2026-08-11 20:59:57.653 -04:00 [INFO] Parsed author 8352974, page 1: 12 eligible row(s).
2026-08-11 20:59:57.665 -04:00 [INFO] Collected 12 canonical candidate work(s) for 'qntm'.
2026-08-11 20:59:58.492 -04:00 [DEBUG] GET author 1301649, page 1 (https://www.goodreads.com/author/list/1301649.L_E_Modesitt_Jr_)
2026-08-11 20:59:58.732 -04:00 [INFO] Parsed author 1301649, page 1: 30 eligible row(s).
2026-08-11 20:59:59.492 -04:00 [DEBUG] GET author 1301649, page 2 (https://www.goodreads.com/author/list/1301649.L_E_Modesitt_Jr_?page=2)
2026-08-11 21:00:00.259 -04:00 [DEBUG] Excluded [Omnibus, box set, or multi-work collection]: L.E. Modesitt Jr. - The Forever Hero (Forever Hero, #1-3)
2026-08-11 21:00:00.328 -04:00 [INFO] Parsed author 1301649, page 2: 29 eligible row(s).
2026-08-11 21:00:00.329 -04:00 [INFO] Stopped pagination for author 1301649 after page 2: lowest listed ratings count 814 is below threshold 1000.
2026-08-11 21:00:00.355 -04:00 [INFO] Collected 59 canonical candidate work(s) for 'L.E. Modesitt Jr.'.
2026-08-11 21:00:00.492 -04:00 [DEBUG] GET author 145435, page 1 (https://www.goodreads.com/author/list/145435.Kentaro_Miura)
2026-08-11 21:00:00.685 -04:00 [INFO] Parsed author 145435, page 1: 30 eligible row(s).
2026-08-11 21:00:01.490 -04:00 [DEBUG] GET author 145435, page 2 (https://www.goodreads.com/author/list/145435.Kentaro_Miura?page=2)
2026-08-11 21:00:02.431 -04:00 [DEBUG] Excluded [Contributor-only credit]: Kentaro Miura - Berserk Deluxe Edition, Volume 8
2026-08-11 21:00:02.445 -04:00 [DEBUG] Excluded [Missing publication year]: Kentaro Miura - Berserk, vol. 1
2026-08-11 21:00:02.451 -04:00 [DEBUG] Excluded [Missing publication year]: Kentaro Miura - Berserk, vol. 2
2026-08-11 21:00:02.462 -04:00 [DEBUG] Excluded [Missing publication year]: Kentaro Miura - Berserk, Band 3
2026-08-11 21:00:02.468 -04:00 [DEBUG] Excluded [Missing publication year]: Kentaro Miura - Berserk, vol. 4
2026-08-11 21:00:02.473 -04:00 [DEBUG] Excluded [Missing publication year]: Kentaro Miura - Berserk, Band 6
2026-08-11 21:00:02.494 -04:00 [INFO] Parsed author 145435, page 2: 24 eligible row(s).
2026-08-11 21:00:02.497 -04:00 [DEBUG] GET author 145435, page 3 (https://www.goodreads.com/author/list/145435.Kentaro_Miura?page=3)
2026-08-11 21:00:03.515 -04:00 [DEBUG] Excluded [Missing publication year]: Kentaro Miura - Berserk, Band 7
2026-08-11 21:00:03.518 -04:00 [DEBUG] Excluded [Missing publication year]: Kentaro Miura - Berserk, Band 8
2026-08-11 21:00:03.532 -04:00 [DEBUG] Excluded [Missing publication year]: Kentaro Miura - Berserk, vol. 5
2026-08-11 21:00:03.535 -04:00 [DEBUG] Excluded [Missing publication year]: Kentaro Miura - Berserk Deluxe Edition Series (Berserk Deluxe Volume 1, Berserk Deluxe Volume 2, Berserk Deluxe Volume 3)
2026-08-11 21:00:03.539 -04:00 [DEBUG] Excluded [Omnibus, box set, or multi-work collection]: Kentaro Miura - Берсерк. Том 1 (ベルセルク / Berserk #1-2)
2026-08-11 21:00:03.545 -04:00 [DEBUG] Excluded [Missing publication year]: Kentaro Miura - Berserk, Band 5
2026-08-11 21:00:03.553 -04:00 [DEBUG] Excluded [Missing publication year]: Kentaro Miura - Maximum Berserk 12
2026-08-11 21:00:03.567 -04:00 [DEBUG] Excluded [Missing publication year]: Kentaro Miura - Berserk Max, Band 17
2026-08-11 21:00:03.571 -04:00 [DEBUG] Excluded [Missing publication year]: Kentaro Miura - Berserk Max, Band 16
2026-08-11 21:00:03.577 -04:00 [DEBUG] Excluded [Missing publication year]: Kentaro Miura - Maximum Berserk, Vol.20
2026-08-11 21:00:03.583 -04:00 [DEBUG] Excluded [Missing publication year]: Kentaro Miura - Maximum Berserk, Vol.19
2026-08-11 21:00:03.597 -04:00 [DEBUG] Excluded [Missing publication year]: Kentaro Miura - Berserk, 1-38
2026-08-11 21:00:03.601 -04:00 [DEBUG] Excluded [Omnibus, box set, or multi-work collection]: Kentaro Miura - Berserk Deluxe Books 1-11
2026-08-11 21:00:03.611 -04:00 [DEBUG] Excluded [Missing publication year]: Kentaro Miura - Berserk, Volume 38 (Berserk Meio-Tanko, #38)
2026-08-11 21:00:03.616 -04:00 [DEBUG] Excluded [Omnibus, box set, or multi-work collection]: Kentaro Miura - Berserk Complete Collection: Books 1-41 by Kentaro Miura
2026-08-11 21:00:03.619 -04:00 [DEBUG] Excluded [Missing publication year]: Kentaro Miura - Berserk, Volume 73 (Berserk Meio-Tanko, #73)
2026-08-11 21:00:03.630 -04:00 [INFO] Parsed author 145435, page 3: 14 eligible row(s).
2026-08-11 21:00:03.632 -04:00 [INFO] Stopped pagination for author 145435 after page 3: lowest listed ratings count 119 is below threshold 1000.
2026-08-11 21:00:03.671 -04:00 [INFO] Collected 68 canonical candidate work(s) for 'Kentaro Miura'.
2026-08-11 21:00:03.672 -04:00 [DEBUG] GET author 4841825, page 1 (https://www.goodreads.com/author/list/4841825.Marion_Zimmer_Bradley)
2026-08-11 21:00:03.957 -04:00 [DEBUG] Excluded [Omnibus, box set, or multi-work collection]: Marion Zimmer Bradley - The Fall of Atlantis (The Fall of Atlantis, #1-2)
2026-08-11 21:00:04.001 -04:00 [DEBUG] Excluded [Contributor-only credit]: Marion Zimmer Bradley - Sword and Sorceress
2026-08-11 21:00:04.039 -04:00 [INFO] Parsed author 4841825, page 1: 28 eligible row(s).
2026-08-11 21:00:04.675 -04:00 [DEBUG] GET author 4841825, page 2 (https://www.goodreads.com/author/list/4841825.Marion_Zimmer_Bradley?page=2)
2026-08-11 21:00:05.683 -04:00 [DEBUG] Excluded [Contributor-only credit]: Marion Zimmer Bradley - Marion Zimmer Bradley's Darkover
2026-08-11 21:00:05.700 -04:00 [DEBUG] Excluded [Missing publication year]: Marion Zimmer Bradley - Le nebbie di Avalon. Parte Seconda (Il Ciclo di Avalon, #1B)
2026-08-11 21:00:05.703 -04:00 [DEBUG] Excluded [Omnibus, box set, or multi-work collection]: Marion Zimmer Bradley - The Forbidden Circle (Darkover Omnibus, #4)
2026-08-11 21:00:05.708 -04:00 [DEBUG] Excluded [Contributor-only credit]: Marion Zimmer Bradley - Free Amazons of Darkover (Darkover Series)
2026-08-11 21:00:05.721 -04:00 [DEBUG] Excluded [Omnibus, box set, or multi-work collection]: Marion Zimmer Bradley - Darkover: First Contact (Darkover Omnibus, #6)
2026-08-11 21:00:05.728 -04:00 [DEBUG] Excluded [Omnibus, box set, or multi-work collection]: Marion Zimmer Bradley - The Saga of the Renunciates (Darkover Omnibus, #3)
2026-08-11 21:00:05.732 -04:00 [DEBUG] Excluded [Contributor-only credit]: Marion Zimmer Bradley - Red Sun of Darkover (Darkover Series)
2026-08-11 21:00:05.736 -04:00 [DEBUG] Excluded [Contributor-only credit]: Marion Zimmer Bradley - Sword of Chaos (Darkover Series)
2026-08-11 21:00:05.740 -04:00 [DEBUG] Excluded [Contributor-only credit]: Marion Zimmer Bradley - Sword and Sorceress III
2026-08-11 21:00:05.745 -04:00 [DEBUG] Excluded [Omnibus, box set, or multi-work collection]: Marion Zimmer Bradley - Heritage and Exile (Darkover Omnibus, #1)
2026-08-11 21:00:05.749 -04:00 [DEBUG] Excluded [Omnibus, box set, or multi-work collection]: Marion Zimmer Bradley - The Ages of Chaos (Darkover Omnibus, #2)
2026-08-11 21:00:05.757 -04:00 [DEBUG] Excluded [Contributor-only credit]: Marion Zimmer Bradley - Renunciates of Darkover (Darkover Series)
2026-08-11 21:00:05.771 -04:00 [INFO] Parsed author 4841825, page 2: 18 eligible row(s).
2026-08-11 21:00:05.773 -04:00 [INFO] Stopped pagination for author 4841825 after page 2: lowest listed ratings count 961 is below threshold 1000.
2026-08-11 21:00:05.796 -04:00 [INFO] Collected 46 canonical candidate work(s) for 'Marion Zimmer Bradley'.
2026-08-11 21:00:05.798 -04:00 [DEBUG] GET author 10538, page 1 (https://www.goodreads.com/author/list/10538.Carl_Sagan)
2026-08-11 21:00:05.951 -04:00 [DEBUG] Excluded [Missing publication year]: Carl Sagan - A Path Where No Man Thought: Nuclear Winter and Its Implications
2026-08-11 21:00:05.965 -04:00 [DEBUG] Excluded [Missing publication year]: Carl Sagan - Other Worlds
2026-08-11 21:00:05.973 -04:00 [DEBUG] Excluded [Missing publication year]: Carl Sagan - Origins of Life
2026-08-11 21:00:05.984 -04:00 [DEBUG] Excluded [Missing publication year]: Carl Sagan - Karanlık Bir Dünya'da bilimin Mum Işığı
2026-08-11 21:00:05.988 -04:00 [DEBUG] Excluded [Missing publication year]: Carl Sagan - Um Ponto Azul-Claro (Crítica Portugal)
2026-08-11 21:00:05.995 -04:00 [DEBUG] Excluded [Missing publication year]: Carl Sagan - Untitled on Mars
2026-08-11 21:00:06.003 -04:00 [DEBUG] Excluded [Missing publication year]: Carl Sagan - Tanrı'nın Kapısını Çalan Bilim
2026-08-11 21:00:06.015 -04:00 [INFO] Parsed author 10538, page 1: 23 eligible row(s).
2026-08-11 21:00:06.017 -04:00 [INFO] Stopped pagination for author 10538 after page 1: lowest listed ratings count 6 is below threshold 1000.
2026-08-11 21:00:06.036 -04:00 [INFO] Collected 23 canonical candidate work(s) for 'Carl Sagan'.
2026-08-11 21:00:06.808 -04:00 [DEBUG] GET author 12521, page 1 (https://www.goodreads.com/author/list/12521.William_Goldman)
2026-08-11 21:00:06.966 -04:00 [DEBUG] Excluded [Missing publication year]: William Goldman - Misery: The Shooting Script
2026-08-11 21:00:06.998 -04:00 [INFO] Parsed author 12521, page 1: 29 eligible row(s).
2026-08-11 21:00:06.999 -04:00 [INFO] Stopped pagination for author 12521 after page 1: lowest listed ratings count 51 is below threshold 1000.
2026-08-11 21:00:07.020 -04:00 [INFO] Collected 29 canonical candidate work(s) for 'William Goldman'.
2026-08-11 21:00:07.824 -04:00 [DEBUG] GET author 88506, page 1 (https://www.goodreads.com/author/list/88506.Joe_Hill)
2026-08-11 21:00:08.032 -04:00 [INFO] Parsed author 88506, page 1: 30 eligible row(s).
2026-08-11 21:00:08.825 -04:00 [DEBUG] GET author 88506, page 2 (https://www.goodreads.com/author/list/88506.Joe_Hill?page=2)
2026-08-11 21:00:09.874 -04:00 [DEBUG] Excluded [Omnibus, box set, or multi-work collection]: Joe Hill - Locke & Key Slipcase Set (Locke & Key, #1-6)
2026-08-11 21:00:09.884 -04:00 [DEBUG] Excluded [Contributor-only credit]: Joe Hill - The Best American Science Fiction and Fantasy 2015
2026-08-11 21:00:09.891 -04:00 [DEBUG] Excluded [Missing publication year]: Joe Hill - Locke & Key: Welcome to Lovecraft #2
2026-08-11 21:00:09.895 -04:00 [DEBUG] Excluded [Omnibus, box set, or multi-work collection]: Joe Hill - Locke & Key: Omnibus 1
2026-08-11 21:00:09.900 -04:00 [DEBUG] Excluded [Missing publication year]: Joe Hill - 20th Century Ghost: A Story from the Collection 20th Century Ghosts
2026-08-11 21:00:09.909 -04:00 [DEBUG] Excluded [Missing publication year]: Joe Hill - Locke & Key: Head Games #1
2026-08-11 21:00:09.918 -04:00 [DEBUG] Excluded [Omnibus, box set, or multi-work collection]: Joe Hill - Locke & Key: Omnibus 2
2026-08-11 21:00:09.924 -04:00 [DEBUG] Excluded [Missing publication year]: Joe Hill - Locke & Key: Welcome to Lovecraft #3
2026-08-11 21:00:09.932 -04:00 [DEBUG] Excluded [Missing publication year]: Joe Hill - Locke & Key: Crown of Shadows #1
2026-08-11 21:00:09.945 -04:00 [DEBUG] Excluded [Contributor-only credit]: Joe Hill - The Cape: 1969
2026-08-11 21:00:09.965 -04:00 [DEBUG] Excluded [Missing publication year]: Joe Hill - Locke & Key: Welcome to Lovecraft #4
2026-08-11 21:00:09.980 -04:00 [INFO] Parsed author 88506, page 2: 19 eligible row(s).
2026-08-11 21:00:09.981 -04:00 [INFO] Stopped pagination for author 88506 after page 2: lowest listed ratings count 508 is below threshold 1000.
2026-08-11 21:00:10.010 -04:00 [INFO] Collected 49 canonical candidate work(s) for 'Joe Hill'.
2026-08-11 21:00:10.013 -04:00 [DEBUG] GET author 1067608, page 1 (https://www.goodreads.com/author/list/1067608.Peter_S_Beagle)
2026-08-11 21:00:10.151 -04:00 [DEBUG] Excluded [Contributor-only credit]: Peter S. Beagle - The Urban Fantasy Anthology
2026-08-11 21:00:10.161 -04:00 [DEBUG] Excluded [Contributor-only credit]: Peter S. Beagle - The New Voices of Fantasy
2026-08-11 21:00:10.171 -04:00 [DEBUG] Excluded [Missing publication year]: Peter S. Beagle - The Last Unicorn: The Lost Journey
2026-08-11 21:00:10.181 -04:00 [DEBUG] Excluded [Contributor-only credit]: Peter S. Beagle - The Secret History of Fantasy
2026-08-11 21:00:10.209 -04:00 [DEBUG] Excluded [Contributor-only credit]: Peter S. Beagle - The Unicorn Anthology
2026-08-11 21:00:10.219 -04:00 [INFO] Parsed author 1067608, page 1: 25 eligible row(s).
2026-08-11 21:00:10.221 -04:00 [INFO] Stopped pagination for author 1067608 after page 1: lowest listed ratings count 192 is below threshold 1000.
2026-08-11 21:00:10.235 -04:00 [INFO] Collected 25 canonical candidate work(s) for 'Peter S. Beagle'.
2026-08-11 21:00:11.008 -04:00 [DEBUG] GET author 5780686, page 1 (https://www.goodreads.com/author/list/5780686.Liu_Cixin)
2026-08-11 21:00:11.144 -04:00 [DEBUG] Excluded [Omnibus, box set, or multi-work collection]: Liu Cixin - Remembrance of Earth's Past: The Three-Body Trilogy (Remembrance of Earth's Past, #1-3)
2026-08-11 21:00:11.204 -04:00 [DEBUG] Excluded [Missing publication year]: Liu Cixin - Ball Lightning Sneak Peek
2026-08-11 21:00:11.215 -04:00 [DEBUG] Excluded [Missing publication year]: Liu Cixin - Three Body Problem Collection
2026-08-11 21:00:11.275 -04:00 [DEBUG] Excluded [Missing publication year]: Liu Cixin - Spiegel
2026-08-11 21:00:11.346 -04:00 [DEBUG] Excluded [Missing publication year]: Liu Cixin - 流浪地球 : 刘慈欣获奖作品
2026-08-11 21:00:11.367 -04:00 [DEBUG] Excluded [Contributor-only credit]: Liu Cixin - The Village Teacher
2026-08-11 21:00:11.381 -04:00 [DEBUG] Excluded [Missing publication year]: Liu Cixin - El fin de la muerte
2026-08-11 21:00:11.393 -04:00 [INFO] Parsed author 5780686, page 1: 23 eligible row(s).
2026-08-11 21:00:11.395 -04:00 [INFO] Stopped pagination for author 5780686 after page 1: lowest listed ratings count 174 is below threshold 1000.
2026-08-11 21:00:11.410 -04:00 [INFO] Collected 23 canonical candidate work(s) for 'Liu Cixin'.
2026-08-11 21:00:12.017 -04:00 [DEBUG] GET author 7058667, page 1 (https://www.goodreads.com/author/list/7058667.Nghi_Vo)
2026-08-11 21:00:12.172 -04:00 [DEBUG] Excluded [Contributor-only credit]: Nghi Vo - Long Hidden: Speculative Fiction from the Margins of History
2026-08-11 21:00:12.181 -04:00 [DEBUG] Excluded [Contributor-only credit]: Nghi Vo - New Suns 2: Original Speculative Fiction by People of Color
2026-08-11 21:00:12.187 -04:00 [DEBUG] Excluded [Contributor-only credit]: Nghi Vo - Year's Best Dark Fantasy & Horror: Volume One
2026-08-11 21:00:12.192 -04:00 [DEBUG] Excluded [Contributor-only credit]: Nghi Vo - Uncanny Magazine Issue 8: January/February 2016
2026-08-11 21:00:12.199 -04:00 [DEBUG] Excluded [Contributor-only credit]: Nghi Vo - Fantasy from Asia and the Asian Diaspora
2026-08-11 21:00:12.203 -04:00 [DEBUG] Excluded [Missing publication year]: Nghi Vo - The Scarlet Ball
2026-08-11 21:00:12.212 -04:00 [DEBUG] Excluded [Missing publication year]: Nghi Vo - The Chosen and the Beautiful Sneak Peek
2026-08-11 21:00:12.220 -04:00 [DEBUG] Excluded [Missing publication year]: Nghi Vo - Siren Queen Sneak Peek
2026-08-11 21:00:12.225 -04:00 [DEBUG] Excluded [Missing publication year]: Nghi Vo - The Singing Hills Cycle Series, The Empress of Salt and Fortune, When the Tiger Came Down the Mountain, Into the Riverlands, Mammoths at the Gates. Set of 4 Books
2026-08-11 21:00:12.230 -04:00 [DEBUG] Excluded [Missing publication year]: Nghi Vo - Untitled (The Singing Hills Cycle, #8)
2026-08-11 21:00:12.238 -04:00 [DEBUG] Excluded [Missing publication year]: Nghi Vo - The Brides of High Hill (Die Chroniken von Chih)
2026-08-11 21:00:12.243 -04:00 [DEBUG] Excluded [Missing publication year]: Nghi Vo - Mammoths at the Gates (Die Chroniken von Chih)
2026-08-11 21:00:12.249 -04:00 [DEBUG] Excluded [Missing publication year]: Nghi Vo - The Judgment of Needles (The Singing Hills Cycle, 8)
2026-08-11 21:00:12.259 -04:00 [INFO] Parsed author 7058667, page 1: 17 eligible row(s).
2026-08-11 21:00:12.262 -04:00 [INFO] Stopped pagination for author 7058667 after page 1: lowest listed ratings count 0 is below threshold 1000.
2026-08-11 21:00:12.272 -04:00 [INFO] Collected 17 canonical candidate work(s) for 'Nghi Vo'.
2026-08-11 21:00:13.024 -04:00 [DEBUG] GET author 8726, page 1 (https://www.goodreads.com/author/list/8726.Richard_Matheson)
2026-08-11 21:00:13.203 -04:00 [DEBUG] Excluded [Missing publication year]: Richard Matheson - I Am Legend / Hell House
2026-08-11 21:00:13.227 -04:00 [DEBUG] Excluded [Missing publication year]: Richard Matheson - Botón, botón
2026-08-11 21:00:13.239 -04:00 [INFO] Parsed author 8726, page 1: 28 eligible row(s).
2026-08-11 21:00:13.243 -04:00 [INFO] Stopped pagination for author 8726 after page 1: lowest listed ratings count 255 is below threshold 1000.
2026-08-11 21:00:13.262 -04:00 [INFO] Collected 28 canonical candidate work(s) for 'Richard Matheson'.
2026-08-11 21:00:14.036 -04:00 [DEBUG] GET author 2063919, page 1 (https://www.goodreads.com/author/list/2063919.Michael_J_Sullivan)
2026-08-11 21:00:14.159 -04:00 [DEBUG] Excluded [Omnibus, box set, or multi-work collection]: Michael J. Sullivan - Theft of Swords (The Riyria Revelations, #1-2)
2026-08-11 21:00:14.163 -04:00 [DEBUG] Excluded [Omnibus, box set, or multi-work collection]: Michael J. Sullivan - Rise of Empire (The Riyria Revelations, #3-4)
2026-08-11 21:00:14.166 -04:00 [DEBUG] Excluded [Omnibus, box set, or multi-work collection]: Michael J. Sullivan - Heir of Novron (The Riyria Revelations, #5-6)
2026-08-11 21:00:14.241 -04:00 [DEBUG] Excluded [Omnibus, box set, or multi-work collection]: Michael J. Sullivan - Blood of Thieves (The Riyria Chronicles, #1-2)
2026-08-11 21:00:14.244 -04:00 [DEBUG] Excluded [Omnibus, box set, or multi-work collection]: Michael J. Sullivan - The Riyria Revelations (The Riyria Revelations, #1-6)
2026-08-11 21:00:14.254 -04:00 [INFO] Parsed author 2063919, page 1: 25 eligible row(s).
2026-08-11 21:00:14.256 -04:00 [INFO] Stopped pagination for author 2063919 after page 1: lowest listed ratings count 771 is below threshold 1000.
2026-08-11 21:00:14.272 -04:00 [INFO] Collected 25 canonical candidate work(s) for 'Michael J. Sullivan'.
2026-08-11 21:00:15.039 -04:00 [DEBUG] GET author 588356, page 1 (https://www.goodreads.com/author/list/588356.Nnedi_Okorafor)
2026-08-11 21:00:15.249 -04:00 [INFO] Parsed author 588356, page 1: 30 eligible row(s).
2026-08-11 21:00:15.251 -04:00 [INFO] Stopped pagination for author 588356 after page 1: lowest listed ratings count 647 is below threshold 1000.
2026-08-11 21:00:15.267 -04:00 [INFO] Collected 30 canonical candidate work(s) for 'Nnedi Okorafor'.
2026-08-11 21:00:16.045 -04:00 [DEBUG] GET author 40563, page 1 (https://www.goodreads.com/author/list/40563.Patricia_Briggs)
2026-08-11 21:00:16.267 -04:00 [INFO] Parsed author 40563, page 1: 30 eligible row(s).
2026-08-11 21:00:17.049 -04:00 [DEBUG] GET author 40563, page 2 (https://www.goodreads.com/author/list/40563.Patricia_Briggs?page=2)
2026-08-11 21:00:18.175 -04:00 [DEBUG] Excluded [Omnibus, box set, or multi-work collection]: Patricia Briggs - Preying For Mercy (Mercy Thompson, #1-3)
2026-08-11 21:00:18.178 -04:00 [DEBUG] Excluded [Omnibus, box set, or multi-work collection]: Patricia Briggs - The Mercy Thompson Collection (Mercy Thompson #1-5)
2026-08-11 21:00:18.183 -04:00 [DEBUG] Excluded [Omnibus, box set, or multi-work collection]: Patricia Briggs - Moon Called, Volume 1: Issues #1-4 (Mercy Thompson Graphic Novel)
2026-08-11 21:00:18.187 -04:00 [DEBUG] Excluded [Omnibus, box set, or multi-work collection]: Patricia Briggs - Mercy Thompson Series Collection (Mercy Thompson, #1-6)
2026-08-11 21:00:18.198 -04:00 [DEBUG] Excluded [Omnibus, box set, or multi-work collection]: Patricia Briggs - Masques and Wolfsbane (Aralorn #1-2)
2026-08-11 21:00:18.218 -04:00 [DEBUG] Excluded [Audio or dramatized adaptation]: Patricia Briggs - Moon Called [Dramatized Adaptation] (Mercy Thompson, #1)
2026-08-11 21:00:18.233 -04:00 [DEBUG] Excluded [Audio or dramatized adaptation]: Patricia Briggs - River Marked [Dramatized Adaptation] (Mercy Thompson #6)
2026-08-11 21:00:18.251 -04:00 [DEBUG] Excluded [Audio or dramatized adaptation]: Patricia Briggs - Blood Bound [Dramatized Adaptation] (Mercy Thompson, #2)
2026-08-11 21:00:18.255 -04:00 [DEBUG] Excluded [Audio or dramatized adaptation]: Patricia Briggs - Silver Borne [Dramatized Adaptation] (Mercy Thompson, #5)
2026-08-11 21:00:18.268 -04:00 [INFO] Parsed author 40563, page 2: 21 eligible row(s).
2026-08-11 21:00:18.269 -04:00 [INFO] Stopped pagination for author 40563 after page 2: lowest listed ratings count 198 is below threshold 1000.
2026-08-11 21:00:18.294 -04:00 [INFO] Collected 51 canonical candidate work(s) for 'Patricia Briggs'.
2026-08-11 21:00:18.297 -04:00 [DEBUG] GET author 8164, page 1 (https://www.goodreads.com/author/list/8164.Lewis_Carroll)
2026-08-11 21:00:18.433 -04:00 [DEBUG] Excluded [Missing publication year]: Lewis Carroll - Alice In Wonderland: The Original 1865 Unabridged and Complete Edition
2026-08-11 21:00:18.440 -04:00 [DEBUG] Excluded [Missing publication year]: Lewis Carroll - Alice in Wonderland The Original 1865 Edition With no Illustrations By Sir John Tenniel (A Classic Novel of Lewis Carroll): Alice adventure in the Wonderland lewis carroll Novel for kids
2026-08-11 21:00:18.455 -04:00 [DEBUG] Excluded [Missing publication year]: Lewis Carroll - Alice's Adventures in Wonderland: by Lewis Caroll (Classic novels)
2026-08-11 21:00:18.484 -04:00 [DEBUG] Excluded [Missing publication year]: Lewis Carroll - The Complete Alice & the Hunting of the Snark
2026-08-11 21:00:18.496 -04:00 [INFO] Parsed author 8164, page 1: 26 eligible row(s).
2026-08-11 21:00:18.497 -04:00 [INFO] Stopped pagination for author 8164 after page 1: lowest listed ratings count 176 is below threshold 1000.
2026-08-11 21:00:18.512 -04:00 [INFO] Collected 26 canonical candidate work(s) for 'Lewis Carroll'.
2026-08-11 21:00:19.307 -04:00 [DEBUG] GET author 10518, page 1 (https://www.goodreads.com/author/list/10518.Elizabeth_Moon)
2026-08-11 21:00:19.447 -04:00 [DEBUG] Excluded [Omnibus, box set, or multi-work collection]: Elizabeth Moon - The Deed of Paksenarrion (The Deed of Paksenarrion, #1-3)
2026-08-11 21:00:19.490 -04:00 [DEBUG] Excluded [Omnibus, box set, or multi-work collection]: Elizabeth Moon - Heris Serrano (The Serrano Legacy, #1-3)
2026-08-11 21:00:19.519 -04:00 [DEBUG] Excluded [Omnibus, box set, or multi-work collection]: Elizabeth Moon - The Serrano Connection (The Serrano Legacy, #4-5)
2026-08-11 21:00:19.523 -04:00 [DEBUG] Excluded [Omnibus, box set, or multi-work collection]: Elizabeth Moon - The Legacy of Gird Omnibus: Surrender None/Liar's Oath (Gird, #1-2)
2026-08-11 21:00:19.534 -04:00 [INFO] Parsed author 10518, page 1: 26 eligible row(s).
2026-08-11 21:00:20.306 -04:00 [DEBUG] GET author 10518, page 2 (https://www.goodreads.com/author/list/10518.Elizabeth_Moon?page=2)
2026-08-11 21:00:21.248 -04:00 [DEBUG] Excluded [Missing publication year]: Elizabeth Moon - Deeds of Honor
2026-08-11 21:00:21.264 -04:00 [DEBUG] Excluded [Missing publication year]: Elizabeth Moon - Moon Flights
2026-08-11 21:00:21.270 -04:00 [DEBUG] Excluded [Missing publication year]: Elizabeth Moon - Deeds of Youth: Paksenarrion World Chronicles II
2026-08-11 21:00:21.308 -04:00 [DEBUG] Excluded [Missing publication year]: Elizabeth Moon - Deeds of Wisdom: Paksenarrion World Chronicles III
2026-08-11 21:00:21.381 -04:00 [INFO] Parsed author 10518, page 2: 26 eligible row(s).
2026-08-11 21:00:21.383 -04:00 [INFO] Stopped pagination for author 10518 after page 2: lowest listed ratings count 49 is below threshold 1000.
2026-08-11 21:00:21.408 -04:00 [INFO] Collected 52 canonical candidate work(s) for 'Elizabeth Moon'.
2026-08-11 21:00:21.411 -04:00 [DEBUG] GET author 20891490, page 1 (https://www.goodreads.com/author/list/20891490.Barbara_Truelove)
2026-08-11 21:00:21.515 -04:00 [DEBUG] Excluded [Missing publication year]: Barbara Truelove - She's a Doll
2026-08-11 21:00:21.521 -04:00 [DEBUG] Excluded [Missing publication year]: Barbara Truelove - The Secret Lives of Zombie Wives
2026-08-11 21:00:21.527 -04:00 [INFO] Parsed author 20891490, page 1: 2 eligible row(s).
2026-08-11 21:00:21.529 -04:00 [INFO] Collected 2 canonical candidate work(s) for 'Barbara Truelove'.
2026-08-11 21:00:22.414 -04:00 [DEBUG] GET author 869, page 1 (https://www.goodreads.com/author/list/869.Margaret_Weis)
2026-08-11 21:00:22.578 -04:00 [DEBUG] Excluded [Omnibus, box set, or multi-work collection]: Margaret Weis - Dragonlance Chronicles (Dragonlance, #1-3)
2026-08-11 21:00:22.615 -04:00 [DEBUG] Excluded [Contributor-only credit]: Margaret Weis - Love and War
2026-08-11 21:00:22.618 -04:00 [DEBUG] Excluded [Contributor-only credit]: Margaret Weis - The Magic of Krynn
2026-08-11 21:00:22.647 -04:00 [INFO] Parsed author 869, page 1: 27 eligible row(s).
2026-08-11 21:00:23.423 -04:00 [DEBUG] GET author 869, page 2 (https://www.goodreads.com/author/list/869.Margaret_Weis?page=2)
2026-08-11 21:00:24.413 -04:00 [DEBUG] Excluded [Omnibus, box set, or multi-work collection]: Margaret Weis - DragonLance: Legends Trilogy (Dragonlance: Legends, #1-3)
2026-08-11 21:00:24.417 -04:00 [DEBUG] Excluded [Contributor-only credit]: Margaret Weis - Kender, Gully Dwarves, and Gnomes
2026-08-11 21:00:24.436 -04:00 [DEBUG] Excluded [Contributor-only credit]: Margaret Weis - The Dragons at War (Dragonlance Dragons, #2)
2026-08-11 21:00:24.447 -04:00 [DEBUG] Excluded [Contributor-only credit]: Margaret Weis - The Dragons of Krynn (Dragonlance Dragons, #1)
2026-08-11 21:00:24.487 -04:00 [DEBUG] Excluded [Missing publication year]: Margaret Weis - Dragons of Eternity: A Dungeons & Dragons Novel (Dragonlance Destinies Book 3)
2026-08-11 21:00:24.491 -04:00 [DEBUG] Excluded [Contributor-only credit]: Margaret Weis - Leaves from the Inn of the Last Home (Dragonlance: Leaves from the Inn of the Last Home, #1)
2026-08-11 21:00:24.499 -04:00 [DEBUG] Excluded [Contributor-only credit]: Margaret Weis - Dragons of Autumn Twilight - The Graphic Novel (Dragonlance: Chronicles, #1)
2026-08-11 21:00:24.512 -04:00 [INFO] Parsed author 869, page 2: 23 eligible row(s).
2026-08-11 21:00:24.514 -04:00 [DEBUG] GET author 869, page 3 (https://www.goodreads.com/author/list/869.Margaret_Weis?page=3)
2026-08-11 21:00:25.649 -04:00 [DEBUG] Excluded [Contributor-only credit]: Margaret Weis - Relics and Omens (Dragonlance Tales of the Fifth Age, Vol. 1)
2026-08-11 21:00:25.658 -04:00 [DEBUG] Excluded [Omnibus, box set, or multi-work collection]: Margaret Weis - The War of Souls Trilogy Gift Set (Dragonlance: The War of Souls, #1-3)
2026-08-11 21:00:25.686 -04:00 [DEBUG] Excluded [Contributor-only credit]: Margaret Weis - A Dragon-Lover's Treasury of the Fantastic
2026-08-11 21:00:25.726 -04:00 [DEBUG] Excluded [Missing publication year]: Margaret Weis - Dragons of Autumn Twilight: The Dragonlance Chronicles
2026-08-11 21:00:25.747 -04:00 [DEBUG] Excluded [Contributor-only credit]: Margaret Weis - Rebels & Tyrants (Dragonlance: Tales of the Fifth Age #3)
2026-08-11 21:00:25.781 -04:00 [INFO] Parsed author 869, page 3: 25 eligible row(s).
2026-08-11 21:00:25.783 -04:00 [INFO] Stopped pagination for author 869 after page 3: lowest listed ratings count 319 is below threshold 1000.
2026-08-11 21:00:25.826 -04:00 [INFO] Collected 75 canonical candidate work(s) for 'Margaret Weis'.
2026-08-11 21:00:25.828 -04:00 [DEBUG] GET author 7182576, page 1 (https://www.goodreads.com/author/list/7182576.Antonia_Hodgson)
2026-08-11 21:00:25.935 -04:00 [DEBUG] Excluded [Contributor-only credit]: Antonia Hodgson - Sorrow and Bliss
2026-08-11 21:00:25.960 -04:00 [DEBUG] Excluded [Contributor-only credit]: Antonia Hodgson - Dead Simple
2026-08-11 21:00:25.965 -04:00 [DEBUG] Excluded [Missing publication year]: Antonia Hodgson - The Fox in Winter (Eternal Path Trilogy, #2)
2026-08-11 21:00:25.970 -04:00 [DEBUG] Excluded [Contributor-only credit]: Antonia Hodgson - Meister des Mordens: best of crime
2026-08-11 21:00:25.978 -04:00 [DEBUG] Excluded [Missing publication year]: Antonia Hodgson - Antonia Hodgson: Audible Sessions: FREE Exclusive Interview
2026-08-11 21:00:25.987 -04:00 [INFO] Parsed author 7182576, page 1: 5 eligible row(s).
2026-08-11 21:00:25.994 -04:00 [INFO] Collected 5 canonical candidate work(s) for 'Antonia Hodgson'.
2026-08-11 21:00:26.839 -04:00 [DEBUG] GET author 3064305, page 1 (https://www.goodreads.com/author/list/3064305.Hugh_Howey)
2026-08-11 21:00:26.970 -04:00 [DEBUG] Excluded [Omnibus, box set, or multi-work collection]: Hugh Howey - Wool Omnibus (Silo, #1)
2026-08-11 21:00:27.024 -04:00 [DEBUG] Excluded [Omnibus, box set, or multi-work collection]: Hugh Howey - Beacon 23 (Beacon 23, #1-5)
2026-08-11 21:00:27.063 -04:00 [DEBUG] Excluded [Omnibus, box set, or multi-work collection]: Hugh Howey - The Wool Trilogy (Silo, #1-3)
2026-08-11 21:00:27.071 -04:00 [DEBUG] Excluded [Omnibus, box set, or multi-work collection]: Hugh Howey - The Silo Saga Omnibus (Silo, #1-3)
2026-08-11 21:00:27.115 -04:00 [INFO] Parsed author 3064305, page 1: 26 eligible row(s).
2026-08-11 21:00:27.838 -04:00 [DEBUG] GET author 3064305, page 2 (https://www.goodreads.com/author/list/3064305.Hugh_Howey?page=2)
2026-08-11 21:00:28.723 -04:00 [DEBUG] Excluded [Missing publication year]: Hugh Howey - Silo Stories
2026-08-11 21:00:28.735 -04:00 [DEBUG] Excluded [Missing publication year]: Hugh Howey - The Balloon Hunter: A Found Novel (Dear Apocalypse, #1)
2026-08-11 21:00:28.748 -04:00 [DEBUG] Excluded [Contributor-only credit]: Hugh Howey - The Future Chronicles: Special Edition
2026-08-11 21:00:28.752 -04:00 [DEBUG] Excluded [Omnibus, box set, or multi-work collection]: Hugh Howey - A Taste of Tomorrow - The Dystopian Boxed Set (11 Book Collection)
2026-08-11 21:00:28.756 -04:00 [DEBUG] Excluded [Contributor-only credit]: Hugh Howey - The Best American Science Fiction and Fantasy 2024
2026-08-11 21:00:28.766 -04:00 [DEBUG] Excluded [Missing publication year]: Hugh Howey - Death to Anyone Who Reads This: A Found Novel (Dear Apocalypse, #2)
2026-08-11 21:00:28.772 -04:00 [DEBUG] Excluded [Contributor-only credit]: Hugh Howey - Resist: Tales from a Future Worth Fighting Against
2026-08-11 21:00:28.785 -04:00 [DEBUG] Excluded [Missing publication year]: Hugh Howey - Molly Fyde and the Darkness Deep (The Bern Saga, #5)
2026-08-11 21:00:28.804 -04:00 [DEBUG] Excluded [Missing publication year]: Hugh Howey - Wayfinding Part 7: In-Grouping and Out-Grouping
2026-08-11 21:00:28.809 -04:00 [DEBUG] Excluded [Missing publication year]: Hugh Howey - Death and Life: A Biography
2026-08-11 21:00:28.819 -04:00 [INFO] Parsed author 3064305, page 2: 20 eligible row(s).
2026-08-11 21:00:28.821 -04:00 [INFO] Stopped pagination for author 3064305 after page 2: lowest listed ratings count 32 is below threshold 1000.
2026-08-11 21:00:28.846 -04:00 [INFO] Collected 46 canonical candidate work(s) for 'Hugh Howey'.
2026-08-11 21:00:28.938 -04:00 [DEBUG] Excluded [Standalone below rating or ratings-count threshold]: M.L. Wang - Destiny's Edge
2026-08-11 21:00:28.940 -04:00 [DEBUG] Excluded [Standalone below rating or ratings-count threshold]: M.L. Wang - The Alchemy of Sorrow
2026-08-11 21:00:28.941 -04:00 [DEBUG] Excluded [Standalone below rating or ratings-count threshold]: M.L. Wang - Wings of Yamma
2026-08-11 21:00:28.944 -04:00 [DEBUG] Excluded [Series below average or first-book ratings-count threshold]: M.L. Wang - Orbit
2026-08-11 21:00:28.946 -04:00 [DEBUG] Excluded [Series below average or first-book ratings-count threshold]: M.L. Wang - Planet Adyn
2026-08-11 21:00:28.950 -04:00 [DEBUG] Excluded [Standalone below rating or ratings-count threshold]: Art Spiegelman - Be a Nose!
2026-08-11 21:00:28.951 -04:00 [DEBUG] Excluded [Standalone below rating or ratings-count threshold]: Art Spiegelman - Bons baisers de New York
2026-08-11 21:00:28.953 -04:00 [DEBUG] Excluded [Standalone below rating or ratings-count threshold]: Art Spiegelman - Breakdowns: Portrait of the Artist as a Young %@&*!
2026-08-11 21:00:28.956 -04:00 [DEBUG] Excluded [Standalone below rating or ratings-count threshold]: Art Spiegelman - Co-Mix: A Retrospective of Comics, Graphics, and Scraps
2026-08-11 21:00:28.958 -04:00 [DEBUG] Excluded [Standalone below rating or ratings-count threshold]: Art Spiegelman - Comix, Essays, Graphics and Scraps: From Maus to Now to MAUS to Now
2026-08-11 21:00:28.961 -04:00 [DEBUG] Excluded [Standalone below rating or ratings-count threshold]: Art Spiegelman - In the Shadow of No Towers
2026-08-11 21:00:28.964 -04:00 [DEBUG] Excluded [Standalone below rating or ratings-count threshold]: Art Spiegelman - Jack and the Box: Toon Books Level 1
2026-08-11 21:00:28.966 -04:00 [DEBUG] Excluded [Standalone below rating or ratings-count threshold]: Art Spiegelman - Jack Cole and Plastic Man: Forms Stretched to Their Limits
2026-08-11 21:00:28.967 -04:00 [DEBUG] Excluded [Standalone below rating or ratings-count threshold]: Art Spiegelman - Little Lit: Strange Stories for Strange Kids
2026-08-11 21:00:28.969 -04:00 [DEBUG] Excluded [Standalone below rating or ratings-count threshold]: Art Spiegelman - Open Me...I'm a Dog
2026-08-11 21:00:28.974 -04:00 [DEBUG] Excluded [Standalone below rating or ratings-count threshold]: J. Zachary Pike - A Song of Three Spirits
2026-08-11 21:00:28.978 -04:00 [DEBUG] Excluded [Standalone below rating or ratings-count threshold]: J. Zachary Pike - The Cabal of Thotash
2026-08-11 21:00:28.981 -04:00 [DEBUG] Excluded [Standalone below rating or ratings-count threshold]: J. Zachary Pike - The Gods of Arth
2026-08-11 21:00:29.022 -04:00 [DEBUG] Excluded [Standalone below rating or ratings-count threshold]: Stephen King - A Face in the Crowd
2026-08-11 21:00:29.024 -04:00 [DEBUG] Excluded [Standalone below rating or ratings-count threshold]: Stephen King - A Face in the Crowd / The Longest December
2026-08-11 21:00:29.026 -04:00 [DEBUG] Excluded [Standalone below rating or ratings-count threshold]: Stephen King - A Good Marriage
2026-08-11 21:00:29.028 -04:00 [DEBUG] Excluded [Standalone below rating or ratings-count threshold]: Stephen King - Almuerzo en el café Gotham
2026-08-11 21:00:29.036 -04:00 [DEBUG] Excluded [Standalone below rating or ratings-count threshold]: Stephen King - Apt Pupil
2026-08-11 21:00:29.038 -04:00 [DEBUG] Excluded [Standalone below rating or ratings-count threshold]: Stephen King - Bag of Bones
2026-08-11 21:00:29.040 -04:00 [DEBUG] Excluded [Standalone below rating or ratings-count threshold]: Stephen King - Big Driver
2026-08-11 21:00:29.042 -04:00 [DEBUG] Excluded [Standalone below rating or ratings-count threshold]: Stephen King - Blockade Billy
2026-08-11 21:00:29.044 -04:00 [DEBUG] Excluded [Standalone below rating or ratings-count threshold]: Stephen King - Blood and Smoke
2026-08-11 21:00:29.047 -04:00 [DEBUG] Excluded [Standalone below rating or ratings-count threshold]: Stephen King - Böser kleiner Junge
2026-08-11 21:00:29.049 -04:00 [DEBUG] Excluded [Standalone below rating or ratings-count threshold]: Stephen King - Carrie
2026-08-11 21:00:29.051 -04:00 [DEBUG] Excluded [Standalone below rating or ratings-count threshold]: Stephen King - Cell
2026-08-11 21:00:29.052 -04:00 [DEBUG] Excluded [Standalone below rating or ratings-count threshold]: Stephen King - Children of the Corn
2026-08-11 21:00:29.054 -04:00 [DEBUG] Excluded [Standalone below rating or ratings-count threshold]: Stephen King - Christine
2026-08-11 21:00:29.056 -04:00 [DEBUG] Excluded [Standalone below rating or ratings-count threshold]: Stephen King - Cookie Jar (Imaginaire)
2026-08-11 21:00:29.058 -04:00 [DEBUG] Excluded [Standalone below rating or ratings-count threshold]: Stephen King - Cujo
2026-08-11 21:00:29.060 -04:00 [DEBUG] Excluded [Standalone below rating or ratings-count threshold]: Stephen King - Danse Macabre
2026-08-11 21:00:29.063 -04:00 [DEBUG] Excluded [Standalone below rating or ratings-count threshold]: Stephen King - Desperation
2026-08-11 21:00:29.065 -04:00 [DEBUG] Excluded [Standalone below rating or ratings-count threshold]: Stephen King - Dolan's Cadillac
2026-08-11 21:00:29.067 -04:00 [DEBUG] Excluded [Standalone below rating or ratings-count threshold]: Stephen King - Dolores Claiborne
2026-08-11 21:00:29.068 -04:00 [DEBUG] Excluded [Standalone below rating or ratings-count threshold]: Stephen King - Dreamcatcher
2026-08-11 21:00:29.070 -04:00 [DEBUG] Excluded [Standalone below rating or ratings-count threshold]: Stephen King - Drunken Fireworks
2026-08-11 21:00:29.071 -04:00 [DEBUG] Excluded [Standalone below rating or ratings-count threshold]: Stephen King - Duma Key
2026-08-11 21:00:29.073 -04:00 [DEBUG] Excluded [Standalone below rating or ratings-count threshold]: Stephen King - El hombre del traje negro
2026-08-11 21:00:29.076 -04:00 [DEBUG] Excluded [Standalone below rating or ratings-count threshold]: Stephen King - Elevation
2026-08-11 21:00:29.078 -04:00 [DEBUG] Excluded [Standalone below rating or ratings-count threshold]: Stephen King - Everything's Eventual
2026-08-11 21:00:29.081 -04:00 [DEBUG] Excluded [Standalone below rating or ratings-count threshold]: Stephen King - Fair Extension
2026-08-11 21:00:29.085 -04:00 [DEBUG] Excluded [Standalone below rating or ratings-count threshold]: Stephen King - Firestarter
2026-08-11 21:00:29.087 -04:00 [DEBUG] Excluded [Standalone below rating or ratings-count threshold]: Stephen King - Four Past Midnight
2026-08-11 21:00:29.089 -04:00 [DEBUG] Excluded [Standalone below rating or ratings-count threshold]: Stephen King - Four Past Midnight: The Sun Dog
2026-08-11 21:00:29.091 -04:00 [DEBUG] Excluded [Standalone below rating or ratings-count threshold]: Stephen King - From a Buick 8
2026-08-11 21:00:29.094 -04:00 [DEBUG] Excluded [Standalone below rating or ratings-count threshold]: Stephen King - Gerald's Game
2026-08-11 21:00:29.096 -04:00 [DEBUG] Excluded [Standalone below rating or ratings-count threshold]: Stephen King - Graveyard Shift, and Other Stories from Night Shift
2026-08-11 21:00:29.099 -04:00 [DEBUG] Excluded [Standalone below rating or ratings-count threshold]: Stephen King - Hansel and Gretel
2026-08-11 21:00:29.101 -04:00 [DEBUG] Excluded [Standalone below rating or ratings-count threshold]: Stephen King - Hearts in Atlantis
2026-08-11 21:00:29.103 -04:00 [DEBUG] Excluded [Standalone below rating or ratings-count threshold]: Stephen King - Historias fantásticas
2026-08-11 21:00:29.106 -04:00 [DEBUG] Excluded [Standalone below rating or ratings-count threshold]: Stephen King - I Am the Doorway
2026-08-11 21:00:29.108 -04:00 [DEBUG] Excluded [Standalone below rating or ratings-count threshold]: Stephen King - In the Tall Grass
2026-08-11 21:00:29.110 -04:00 [DEBUG] Excluded [Standalone below rating or ratings-count threshold]: Stephen King - Insomnia
2026-08-11 21:00:29.113 -04:00 [DEBUG] Excluded [Standalone below rating or ratings-count threshold]: Stephen King - Joyland
2026-08-11 21:00:29.115 -04:00 [DEBUG] Excluded [Standalone below rating or ratings-count threshold]: Stephen King - Just After Sunset
2026-08-11 21:00:29.116 -04:00 [DEBUG] Excluded [Standalone below rating or ratings-count threshold]: Stephen King - La expedición
2026-08-11 21:00:29.118 -04:00 [DEBUG] Excluded [Standalone below rating or ratings-count threshold]: Stephen King - Las cuatro estaciones II: otoño e invierno
2026-08-11 21:00:29.120 -04:00 [DEBUG] Excluded [Standalone below rating or ratings-count threshold]: Stephen King - Las dos después de medianoche
2026-08-11 21:00:29.122 -04:00 [DEBUG] Excluded [Standalone below rating or ratings-count threshold]: Stephen King - Later
2026-08-11 21:00:29.124 -04:00 [DEBUG] Excluded [Standalone below rating or ratings-count threshold]: Stephen King - Laurie
2026-08-11 21:00:29.127 -04:00 [DEBUG] Excluded [Standalone below rating or ratings-count threshold]: Stephen King - Lisey's Story
2026-08-11 21:00:29.129 -04:00 [DEBUG] Excluded [Standalone below rating or ratings-count threshold]: Stephen King - Mile 81
2026-08-11 21:00:29.131 -04:00 [DEBUG] Excluded [Standalone below rating or ratings-count threshold]: Stephen King - Morality
2026-08-11 21:00:29.133 -04:00 [DEBUG] Excluded [Standalone below rating or ratings-count threshold]: Stephen King - Mrs. Todd's Shortcut, from Skeleton Crew
2026-08-11 21:00:29.138 -04:00 [DEBUG] Excluded [Standalone below rating or ratings-count threshold]: Stephen King - Needful Things
2026-08-11 21:00:29.140 -04:00 [DEBUG] Excluded [Standalone below rating or ratings-count threshold]: Stephen King - Nightmares and Dreamscapes
2026-08-11 21:00:29.143 -04:00 [DEBUG] Excluded [Standalone below rating or ratings-count threshold]: Stephen King - One for the Road: An Illustrated Story
2026-08-11 21:00:29.145 -04:00 [DEBUG] Excluded [Standalone below rating or ratings-count threshold]: Stephen King - One Past Midnight: The Langoliers
2026-08-11 21:00:29.147 -04:00 [DEBUG] Excluded [Standalone below rating or ratings-count threshold]: Stephen King - Revival
2026-08-11 21:00:29.149 -04:00 [DEBUG] Excluded [Standalone below rating or ratings-count threshold]: Stephen King - Riding the Bullet
2026-08-11 21:00:29.151 -04:00 [DEBUG] Excluded [Standalone below rating or ratings-count threshold]: Stephen King - Rose Madder
2026-08-11 21:00:29.152 -04:00 [DEBUG] Excluded [Standalone below rating or ratings-count threshold]: Stephen King - Skeleton Crew
2026-08-11 21:00:29.154 -04:00 [DEBUG] Excluded [Standalone below rating or ratings-count threshold]: Stephen King - Skeleton Crew: The Raft
2026-08-11 21:00:29.156 -04:00 [DEBUG] Excluded [Standalone below rating or ratings-count threshold]: Stephen King - Sleeping Beauties
2026-08-11 21:00:29.158 -04:00 [DEBUG] Excluded [Standalone below rating or ratings-count threshold]: Stephen King - Sometimes They Come Back
2026-08-11 21:00:29.160 -04:00 [DEBUG] Excluded [Standalone below rating or ratings-count threshold]: Stephen King - Stationary Bike
2026-08-11 21:00:29.162 -04:00 [DEBUG] Excluded [Standalone below rating or ratings-count threshold]: Stephen King - Stephen King Goes to the Movies
2026-08-11 21:00:29.165 -04:00 [DEBUG] Excluded [Standalone below rating or ratings-count threshold]: Stephen King - Storm of the Century
2026-08-11 21:00:29.167 -04:00 [DEBUG] Excluded [Standalone below rating or ratings-count threshold]: Stephen King - Strawberry Spring
2026-08-11 21:00:29.168 -04:00 [DEBUG] Excluded [Standalone below rating or ratings-count threshold]: Stephen King - Survivor Type
2026-08-11 21:00:29.170 -04:00 [DEBUG] Excluded [Standalone below rating or ratings-count threshold]: Stephen King - The Bazaar of Bad Dreams
2026-08-11 21:00:29.172 -04:00 [DEBUG] Excluded [Standalone below rating or ratings-count threshold]: Stephen King - The Boogeyman
2026-08-11 21:00:29.174 -04:00 [DEBUG] Excluded [Standalone below rating or ratings-count threshold]: Stephen King - The Colorado Kid
2026-08-11 21:00:29.176 -04:00 [DEBUG] Excluded [Standalone below rating or ratings-count threshold]: Stephen King - The Dark Half
2026-08-11 21:00:29.179 -04:00 [DEBUG] Excluded [Standalone below rating or ratings-count threshold]: Stephen King - The Dead Zone
2026-08-11 21:00:29.181 -04:00 [DEBUG] Excluded [Standalone below rating or ratings-count threshold]: Stephen King - The Eyes of the Dragon
2026-08-11 21:00:29.183 -04:00 [DEBUG] Excluded [Standalone below rating or ratings-count threshold]: Stephen King - The Gingerbread Girl
2026-08-11 21:00:29.184 -04:00 [DEBUG] Excluded [Standalone below rating or ratings-count threshold]: Stephen King - The Girl Who Loved Tom Gordon
2026-08-11 21:00:29.190 -04:00 [DEBUG] Excluded [Standalone below rating or ratings-count threshold]: Stephen King - The Lawnmower Man: Stories from Night Shift
2026-08-11 21:00:29.193 -04:00 [DEBUG] Excluded [Standalone below rating or ratings-count threshold]: Stephen King - The Man in the Black Suit: 4 Dark Tales
2026-08-11 21:00:29.195 -04:00 [DEBUG] Excluded [Standalone below rating or ratings-count threshold]: Stephen King - The Mangler
2026-08-11 21:00:29.197 -04:00 [DEBUG] Excluded [Standalone below rating or ratings-count threshold]: Stephen King - The Mist
2026-08-11 21:00:29.199 -04:00 [DEBUG] Excluded [Standalone below rating or ratings-count threshold]: Stephen King - The Monkey
2026-08-11 21:00:29.200 -04:00 [DEBUG] Excluded [Standalone below rating or ratings-count threshold]: Stephen King - The Plant
2026-08-11 21:00:29.202 -04:00 [DEBUG] Excluded [Standalone below rating or ratings-count threshold]: Stephen King - The Road Virus Heads North
2026-08-11 21:00:29.203 -04:00 [DEBUG] Excluded [Standalone below rating or ratings-count threshold]: Stephen King - The Tommyknockers
2026-08-11 21:00:29.206 -04:00 [DEBUG] Excluded [Standalone below rating or ratings-count threshold]: Stephen King - Three Past Midnight: The Library Policeman
2026-08-11 21:00:29.208 -04:00 [DEBUG] Excluded [Standalone below rating or ratings-count threshold]: Stephen King - Two Past Midnight: Secret Window, Secret Garden
2026-08-11 21:00:29.210 -04:00 [DEBUG] Excluded [Standalone below rating or ratings-count threshold]: Stephen King - Umney's Last Case
2026-08-11 21:00:29.213 -04:00 [DEBUG] Excluded [Standalone below rating or ratings-count threshold]: Stephen King - Under the Dome
2026-08-11 21:00:29.215 -04:00 [DEBUG] Excluded [Standalone below rating or ratings-count threshold]: Stephen King - UR
2026-08-11 21:00:29.217 -04:00 [DEBUG] Excluded [Standalone below rating or ratings-count threshold]: Stephen King - وقصص أخرى 1408
2026-08-11 21:00:29.228 -04:00 [DEBUG] Excluded [Series below average or first-book ratings-count threshold]: Stephen King - Pesadillas y alucinaciones I
2026-08-11 21:00:29.233 -04:00 [DEBUG] Excluded [Standalone below rating or ratings-count threshold]: Kristin Hannah - A Handful of Heaven
2026-08-11 21:00:29.237 -04:00 [DEBUG] Excluded [Standalone below rating or ratings-count threshold]: Kristin Hannah - Angel Falls
2026-08-11 21:00:29.240 -04:00 [DEBUG] Excluded [Standalone below rating or ratings-count threshold]: Kristin Hannah - Comfort & Joy
2026-08-11 21:00:29.242 -04:00 [DEBUG] Excluded [Standalone below rating or ratings-count threshold]: Kristin Hannah - Distant Shores
2026-08-11 21:00:29.244 -04:00 [DEBUG] Excluded [Standalone below rating or ratings-count threshold]: Kristin Hannah - Home Again
2026-08-11 21:00:29.246 -04:00 [DEBUG] Excluded [Standalone below rating or ratings-count threshold]: Kristin Hannah - If You Believe
2026-08-11 21:00:29.249 -04:00 [DEBUG] Excluded [Standalone below rating or ratings-count threshold]: Kristin Hannah - Kristin Hannah Collection: Distant Shores / Between Sisters / Magic Hour
2026-08-11 21:00:29.251 -04:00 [DEBUG] Excluded [Standalone below rating or ratings-count threshold]: Kristin Hannah - On Mystic Lake
2026-08-11 21:00:29.252 -04:00 [DEBUG] Excluded [Standalone below rating or ratings-count threshold]: Kristin Hannah - Once in Every Life
2026-08-11 21:00:29.254 -04:00 [DEBUG] Excluded [Standalone below rating or ratings-count threshold]: Kristin Hannah - Summer Island
2026-08-11 21:00:29.256 -04:00 [DEBUG] Excluded [Standalone below rating or ratings-count threshold]: Kristin Hannah - The Enchantment
2026-08-11 21:00:29.258 -04:00 [DEBUG] Excluded [Standalone below rating or ratings-count threshold]: Kristin Hannah - The Glass Case
2026-08-11 21:00:29.260 -04:00 [DEBUG] Excluded [Standalone below rating or ratings-count threshold]: Kristin Hannah - Waiting for the Moon
2026-08-11 21:00:29.263 -04:00 [DEBUG] Excluded [Standalone below rating or ratings-count threshold]: Kristin Hannah - When Lightning Strikes
2026-08-11 21:00:29.279 -04:00 [DEBUG] Excluded [Standalone below rating or ratings-count threshold]: Will Wight - Deathmatches!
2026-08-11 21:00:29.281 -04:00 [DEBUG] Excluded [Standalone below rating or ratings-count threshold]: Will Wight - Gateways: The Worlds of Will Wight
2026-08-11 21:00:29.283 -04:00 [DEBUG] Excluded [Standalone below rating or ratings-count threshold]: Will Wight - Havok Magazine April 2016: Fairytales: Unfettered
2026-08-11 21:00:29.288 -04:00 [DEBUG] Excluded [Standalone below rating or ratings-count threshold]: Will Wight - The Traveler's Gate Chronicles
2026-08-11 21:00:29.310 -04:00 [DEBUG] Excluded [Standalone below rating or ratings-count threshold]: Alan Moore - A Small Killing
2026-08-11 21:00:29.314 -04:00 [DEBUG] Excluded [Standalone below rating or ratings-count threshold]: Alan Moore - Absolute Promethea, Book Three
2026-08-11 21:00:29.316 -04:00 [DEBUG] Excluded [Standalone below rating or ratings-count threshold]: Alan Moore - Absolute Promethea, Book Two
2026-08-11 21:00:29.319 -04:00 [DEBUG] Excluded [Standalone below rating or ratings-count threshold]: Alan Moore - Alan Moore's Writing for Comics
2026-08-11 21:00:29.321 -04:00 [DEBUG] Excluded [Standalone below rating or ratings-count threshold]: Alan Moore - Captain Britain
2026-08-11 21:00:29.324 -04:00 [DEBUG] Excluded [Standalone below rating or ratings-count threshold]: Alan Moore - Fashion Beast
2026-08-11 21:00:29.326 -04:00 [DEBUG] Excluded [Standalone below rating or ratings-count threshold]: Alan Moore - From Hell, Vol. 1
2026-08-11 21:00:29.329 -04:00 [DEBUG] Excluded [Standalone below rating or ratings-count threshold]: Alan Moore - Illuminations: Stories
2026-08-11 21:00:29.331 -04:00 [DEBUG] Excluded [Standalone below rating or ratings-count threshold]: Alan Moore - La lega degli straordinari gentlemen: Century
2026-08-11 21:00:29.332 -04:00 [DEBUG] Excluded [Standalone below rating or ratings-count threshold]: Alan Moore - Lost Girls
2026-08-11 21:00:29.334 -04:00 [DEBUG] Excluded [Standalone below rating or ratings-count threshold]: Alan Moore - Nemo: Heart of Ice
2026-08-11 21:00:29.341 -04:00 [DEBUG] Excluded [Standalone below rating or ratings-count threshold]: Alan Moore - Nemo: River of Ghosts
2026-08-11 21:00:29.344 -04:00 [DEBUG] Excluded [Standalone below rating or ratings-count threshold]: Alan Moore - Nemo: The Roses of Berlin
2026-08-11 21:00:29.346 -04:00 [DEBUG] Excluded [Standalone below rating or ratings-count threshold]: Alan Moore - Neonomicon
2026-08-11 21:00:29.348 -04:00 [DEBUG] Excluded [Standalone below rating or ratings-count threshold]: Alan Moore - Promethea, Vol. 1
2026-08-11 21:00:29.349 -04:00 [DEBUG] Excluded [Standalone below rating or ratings-count threshold]: Alan Moore - Providence Act 1
2026-08-11 21:00:29.352 -04:00 [DEBUG] Excluded [Standalone below rating or ratings-count threshold]: Alan Moore - Smax
2026-08-11 21:00:29.353 -04:00 [DEBUG] Excluded [Standalone below rating or ratings-count threshold]: Alan Moore - Supreme: The Story of the Year
2026-08-11 21:00:29.356 -04:00 [DEBUG] Excluded [Standalone below rating or ratings-count threshold]: Alan Moore - The Complete Alan Moore Future Shocks
2026-08-11 21:00:29.357 -04:00 [DEBUG] Excluded [Standalone below rating or ratings-count threshold]: Alan Moore - The Complete D.R. & Quinch
2026-08-11 21:00:29.360 -04:00 [DEBUG] Excluded [Standalone below rating or ratings-count threshold]: Alan Moore - The Courtyard
2026-08-11 21:00:29.362 -04:00 [DEBUG] Excluded [Standalone below rating or ratings-count threshold]: Alan Moore - The Great When
2026-08-11 21:00:29.364 -04:00 [DEBUG] Excluded [Standalone below rating or ratings-count threshold]: Alan Moore - The League of Extraordinary Gentlemen, Vol. 1
2026-08-11 21:00:29.366 -04:00 [DEBUG] Excluded [Standalone below rating or ratings-count threshold]: Alan Moore - The League of Extraordinary Gentlemen, Vol. 2
2026-08-11 21:00:29.368 -04:00 [DEBUG] Excluded [Standalone below rating or ratings-count threshold]: Alan Moore - The League of Extraordinary Gentlemen, Vol. 4: The Tempest
2026-08-11 21:00:29.370 -04:00 [DEBUG] Excluded [Standalone below rating or ratings-count threshold]: Alan Moore - The League of Extraordinary Gentlemen: Black Dossier
2026-08-11 21:00:29.383 -04:00 [DEBUG] Excluded [Standalone below rating or ratings-count threshold]: Alan Moore - The League of Extraordinary Gentlemen: Century 1969
2026-08-11 21:00:29.410 -04:00 [DEBUG] Excluded [Standalone below rating or ratings-count threshold]: Alan Moore - Top 10: The Forty-Niners
2026-08-11 21:00:29.432 -04:00 [DEBUG] Excluded [Standalone below rating or ratings-count threshold]: Alan Moore - Voice of the Fire
2026-08-11 21:00:29.453 -04:00 [DEBUG] Excluded [Series below average or first-book ratings-count threshold]: Alan Moore - The League of Extraordinary Gentlemen: Century 1910
2026-08-11 21:00:29.465 -04:00 [DEBUG] Excluded [Series below average or first-book ratings-count threshold]: Alan Moore - The League of Extraordinary Gentlemen: Century 2009
2026-08-11 21:00:29.469 -04:00 [DEBUG] Excluded [Series below average or first-book ratings-count threshold]: Alan Moore - V de Vendetta, Tomo 1
2026-08-11 21:00:29.480 -04:00 [DEBUG] Excluded [Standalone below rating or ratings-count threshold]: Martha Wells - Bad Medicine (Annotated)
2026-08-11 21:00:29.482 -04:00 [DEBUG] Excluded [Standalone below rating or ratings-count threshold]: Martha Wells - Between Worlds: The Collected Ile-Rien and Cineth Stories
2026-08-11 21:00:29.484 -04:00 [DEBUG] Excluded [Standalone below rating or ratings-count threshold]: Martha Wells - City of Bones
2026-08-11 21:00:29.486 -04:00 [DEBUG] Excluded [Standalone below rating or ratings-count threshold]: Martha Wells - La bruja de sal
2026-08-11 21:00:29.487 -04:00 [DEBUG] Excluded [Standalone below rating or ratings-count threshold]: Martha Wells - Return to Dominaria
2026-08-11 21:00:29.504 -04:00 [DEBUG] Excluded [Standalone below rating or ratings-count threshold]: Martha Wells - Thorns
2026-08-11 21:00:29.506 -04:00 [DEBUG] Excluded [Standalone below rating or ratings-count threshold]: Martha Wells - Wheel of the Infinite
2026-08-11 21:00:29.513 -04:00 [DEBUG] Excluded [Series below average or first-book ratings-count threshold]: Martha Wells - Emilie and the Hollow World
2026-08-11 21:00:29.515 -04:00 [DEBUG] Excluded [Series below average or first-book ratings-count threshold]: Martha Wells - Emilie and the Sky World
2026-08-11 21:00:29.520 -04:00 [DEBUG] Excluded [Series below average or first-book ratings-count threshold]: Martha Wells - Star Wars: Razor's Edge
2026-08-11 21:00:29.522 -04:00 [DEBUG] Excluded [Series below average or first-book ratings-count threshold]: Martha Wells - Entanglement
2026-08-11 21:00:29.524 -04:00 [DEBUG] Excluded [Series below average or first-book ratings-count threshold]: Martha Wells - Reliquary
2026-08-11 21:00:29.529 -04:00 [DEBUG] Excluded [Standalone below rating or ratings-count threshold]: Fonda Lee - Almas viejas
2026-08-11 21:00:29.531 -04:00 [DEBUG] Excluded [Standalone below rating or ratings-count threshold]: Fonda Lee - La fiesta eterna de los condenados
2026-08-11 21:00:29.534 -04:00 [DEBUG] Excluded [Standalone below rating or ratings-count threshold]: Fonda Lee - Untethered Sky
2026-08-11 21:00:29.535 -04:00 [DEBUG] Excluded [Standalone below rating or ratings-count threshold]: Fonda Lee - Where the Stars Rise
2026-08-11 21:00:29.537 -04:00 [DEBUG] Excluded [Standalone below rating or ratings-count threshold]: Fonda Lee - Zeroboxer
2026-08-11 21:00:29.540 -04:00 [DEBUG] Excluded [Series below average or first-book ratings-count threshold]: Fonda Lee - Okruchy Jadeitu. Szlifierz z Janloonu
2026-08-11 21:00:29.549 -04:00 [DEBUG] Excluded [Standalone below rating or ratings-count threshold]: Simon Stålenhag - Sunset at Zero Point
2026-08-11 21:00:29.551 -04:00 [DEBUG] Excluded [Standalone below rating or ratings-count threshold]: Simon Stålenhag - The Electric State Roleplaying Game
2026-08-11 21:00:29.557 -04:00 [DEBUG] Excluded [Standalone below rating or ratings-count threshold]: Andy Weir - Access
2026-08-11 21:00:29.559 -04:00 [DEBUG] Excluded [Standalone below rating or ratings-count threshold]: Andy Weir - Annie's Day
2026-08-11 21:00:29.561 -04:00 [DEBUG] Excluded [Standalone below rating or ratings-count threshold]: Andy Weir - Antihypoxiant
2026-08-11 21:00:29.564 -04:00 [DEBUG] Excluded [Standalone below rating or ratings-count threshold]: Andy Weir - Artemis
2026-08-11 21:00:29.565 -04:00 [DEBUG] Excluded [Standalone below rating or ratings-count threshold]: Andy Weir - Bonnie MacKenzie: The Life Story of a Mermaid
2026-08-11 21:00:29.567 -04:00 [DEBUG] Excluded [Standalone below rating or ratings-count threshold]: Andy Weir - Bored World
2026-08-11 21:00:29.569 -04:00 [DEBUG] Excluded [Standalone below rating or ratings-count threshold]: Andy Weir - Cheshire Crossing
2026-08-11 21:00:29.570 -04:00 [DEBUG] Excluded [Standalone below rating or ratings-count threshold]: Andy Weir - Digitocracy
2026-08-11 21:00:29.572 -04:00 [DEBUG] Excluded [Standalone below rating or ratings-count threshold]: Andy Weir - James Moriarty, Consulting Criminal
2026-08-11 21:00:29.574 -04:00 [DEBUG] Excluded [Standalone below rating or ratings-count threshold]: Andy Weir - Lacero
2026-08-11 21:00:29.577 -04:00 [DEBUG] Excluded [Standalone below rating or ratings-count threshold]: Andy Weir - Meeting Sarah
2026-08-11 21:00:29.579 -04:00 [DEBUG] Excluded [Standalone below rating or ratings-count threshold]: Andy Weir - Principles of Uncertainty
2026-08-11 21:00:29.584 -04:00 [DEBUG] Excluded [Standalone below rating or ratings-count threshold]: Andy Weir - The Adventure of the Dishonor Among Thieves
2026-08-11 21:00:29.586 -04:00 [DEBUG] Excluded [Standalone below rating or ratings-count threshold]: Andy Weir - The Adventure of the Sealed Room
2026-08-11 21:00:29.588 -04:00 [DEBUG] Excluded [Standalone below rating or ratings-count threshold]: Andy Weir - The Adventure of the Unscrupulous Assassin
2026-08-11 21:00:29.590 -04:00 [DEBUG] Excluded [Standalone below rating or ratings-count threshold]: Andy Weir - The Chef
2026-08-11 21:00:29.592 -04:00 [DEBUG] Excluded [Standalone below rating or ratings-count threshold]: Andy Weir - The Egg and Other Stories
2026-08-11 21:00:29.595 -04:00 [DEBUG] Excluded [Standalone below rating or ratings-count threshold]: Andy Weir - The Midtown Butcher
2026-08-11 21:00:29.597 -04:00 [DEBUG] Excluded [Standalone below rating or ratings-count threshold]: Andy Weir - The Real Deal
2026-08-11 21:00:29.599 -04:00 [DEBUG] Excluded [Standalone below rating or ratings-count threshold]: Andy Weir - Twarrior
2026-08-11 21:00:29.600 -04:00 [DEBUG] Excluded [Standalone below rating or ratings-count threshold]: Andy Weir - Yuri Gagarin Saves the Galaxy
2026-08-11 21:00:29.603 -04:00 [DEBUG] Excluded [Series below average or first-book ratings-count threshold]: Andy Weir - Randomize
2026-08-11 21:00:29.605 -04:00 [DEBUG] Excluded [Series below average or first-book ratings-count threshold]: Andy Weir - Diary of an AssCan
2026-08-11 21:00:29.611 -04:00 [DEBUG] Excluded [Standalone below rating or ratings-count threshold]: Antoine de Saint-Exupéry - A Guide for Grown-Ups: Essential Wisdom from the Collected Works of Antoine de Saint-Exupéry
2026-08-11 21:00:29.614 -04:00 [DEBUG] Excluded [Standalone below rating or ratings-count threshold]: Antoine de Saint-Exupéry - A Sense Of Life
2026-08-11 21:00:29.615 -04:00 [DEBUG] Excluded [Standalone below rating or ratings-count threshold]: Antoine de Saint-Exupéry - Airman's Odyssey
2026-08-11 21:00:29.620 -04:00 [DEBUG] Excluded [Standalone below rating or ratings-count threshold]: Antoine de Saint-Exupéry - Flight To Arras
2026-08-11 21:00:29.622 -04:00 [DEBUG] Excluded [Standalone below rating or ratings-count threshold]: Antoine de Saint-Exupéry - I Am the Little Prince / Je suis le Petit Prince
2026-08-11 21:00:29.625 -04:00 [DEBUG] Excluded [Standalone below rating or ratings-count threshold]: Antoine de Saint-Exupéry - Le Petit Prince pour les enfants (LE PETIT PRINCE POUR ENFANT)
2026-08-11 21:00:29.627 -04:00 [DEBUG] Excluded [Standalone below rating or ratings-count threshold]: Antoine de Saint-Exupéry - Lettre à un otage
2026-08-11 21:00:29.629 -04:00 [DEBUG] Excluded [Standalone below rating or ratings-count threshold]: Antoine de Saint-Exupéry - Lettres a Sa Mere
2026-08-11 21:00:29.631 -04:00 [DEBUG] Excluded [Standalone below rating or ratings-count threshold]: Antoine de Saint-Exupéry - Night Flight
2026-08-11 21:00:29.633 -04:00 [DEBUG] Excluded [Standalone below rating or ratings-count threshold]: Antoine de Saint-Exupéry - Pilote de Guerre / Vol de Nuit
2026-08-11 21:00:29.635 -04:00 [DEBUG] Excluded [Standalone below rating or ratings-count threshold]: Antoine de Saint-Exupéry - Southern Mail
2026-08-11 21:00:29.637 -04:00 [DEBUG] Excluded [Standalone below rating or ratings-count threshold]: Antoine de Saint-Exupéry - Southern Mail; Night Flight
2026-08-11 21:00:29.639 -04:00 [DEBUG] Excluded [Standalone below rating or ratings-count threshold]: Antoine de Saint-Exupéry - Une journée avec le Petit Prince
2026-08-11 21:00:29.641 -04:00 [DEBUG] Excluded [Standalone below rating or ratings-count threshold]: Antoine de Saint-Exupéry - Wartime Writings 1939-1944: Personal Letters and Meditations of a WWII Aviator
2026-08-11 21:00:29.643 -04:00 [DEBUG] Excluded [Standalone below rating or ratings-count threshold]: Antoine de Saint-Exupéry - Малкият принц
2026-08-11 21:00:29.646 -04:00 [DEBUG] Excluded [Standalone below rating or ratings-count threshold]: Antoine de Saint-Exupéry - Малкият принц • Земя на хората
2026-08-11 21:00:29.648 -04:00 [DEBUG] Excluded [Standalone below rating or ratings-count threshold]: Antoine de Saint-Exupéry - رسائل الشباب إلى الصديقة المختلقة
2026-08-11 21:00:29.652 -04:00 [DEBUG] Excluded [Standalone below rating or ratings-count threshold]: R.F. Kuang - Katabasis
2026-08-11 21:00:29.653 -04:00 [DEBUG] Excluded [Standalone below rating or ratings-count threshold]: R.F. Kuang - Making Space
2026-08-11 21:00:29.656 -04:00 [DEBUG] Excluded [Standalone below rating or ratings-count threshold]: R.F. Kuang - The Nine Curves River
2026-08-11 21:00:29.658 -04:00 [DEBUG] Excluded [Standalone below rating or ratings-count threshold]: R.F. Kuang - Yellowface
2026-08-11 21:00:29.670 -04:00 [DEBUG] Excluded [Standalone below rating or ratings-count threshold]: Adrian Tchaikovsky - Alien Clay
2026-08-11 21:00:29.672 -04:00 [DEBUG] Excluded [Standalone below rating or ratings-count threshold]: Adrian Tchaikovsky - And Put Away Childish Things
2026-08-11 21:00:29.674 -04:00 [DEBUG] Excluded [Standalone below rating or ratings-count threshold]: Adrian Tchaikovsky - Day of Ascension
2026-08-11 21:00:29.677 -04:00 [DEBUG] Excluded [Standalone below rating or ratings-count threshold]: Adrian Tchaikovsky - Firewalkers
2026-08-11 21:00:29.678 -04:00 [DEBUG] Excluded [Standalone below rating or ratings-count threshold]: Adrian Tchaikovsky - Ironclads
2026-08-11 21:00:29.680 -04:00 [DEBUG] Excluded [Standalone below rating or ratings-count threshold]: Adrian Tchaikovsky - Saturation Point
2026-08-11 21:00:29.685 -04:00 [DEBUG] Excluded [Standalone below rating or ratings-count threshold]: Adrian Tchaikovsky - Terrible Worlds: Revolutions
2026-08-11 21:00:29.687 -04:00 [DEBUG] Excluded [Standalone below rating or ratings-count threshold]: Adrian Tchaikovsky - The Doors of Eden
2026-08-11 21:00:29.690 -04:00 [DEBUG] Excluded [Standalone below rating or ratings-count threshold]: Adrian Tchaikovsky - The Hungry Gods
2026-08-11 21:00:29.692 -04:00 [DEBUG] Excluded [Standalone below rating or ratings-count threshold]: Adrian Tchaikovsky - The Private Life of Elder Things
2026-08-11 21:00:29.694 -04:00 [DEBUG] Excluded [Standalone below rating or ratings-count threshold]: Adrian Tchaikovsky - Walking to Aldebaran
2026-08-11 21:00:29.700 -04:00 [DEBUG] Excluded [Series below average or first-book ratings-count threshold]: Adrian Tchaikovsky - Redemption's Blade
2026-08-11 21:00:29.703 -04:00 [DEBUG] Excluded [Series below average or first-book ratings-count threshold]: Adrian Tchaikovsky - The Expert System's Brother
2026-08-11 21:00:29.704 -04:00 [DEBUG] Excluded [Series below average or first-book ratings-count threshold]: Adrian Tchaikovsky - The Expert System’s Champion
2026-08-11 21:00:29.711 -04:00 [DEBUG] Excluded [Series below average or first-book ratings-count threshold]: Adrian Tchaikovsky - A Time for Grief
2026-08-11 21:00:29.713 -04:00 [DEBUG] Excluded [Series below average or first-book ratings-count threshold]: Adrian Tchaikovsky - For Love of Distant Shores
2026-08-11 21:00:29.715 -04:00 [DEBUG] Excluded [Series below average or first-book ratings-count threshold]: Adrian Tchaikovsky - Spoils of War
2026-08-11 21:00:29.718 -04:00 [DEBUG] Excluded [Standalone below rating or ratings-count threshold]: Tamsyn Muir - phantastisch! Ausgabe 82 (2/2021)
2026-08-11 21:00:29.721 -04:00 [DEBUG] Excluded [Series below average or first-book ratings-count threshold]: Tamsyn Muir - Undercover
2026-08-11 21:00:29.725 -04:00 [DEBUG] Excluded [Standalone below rating or ratings-count threshold]: Madeline Miller - Galatea
2026-08-11 21:00:29.727 -04:00 [DEBUG] Excluded [Standalone below rating or ratings-count threshold]: Madeline Miller - Heracles' Bow
2026-08-11 21:00:29.737 -04:00 [DEBUG] Excluded [Standalone below rating or ratings-count threshold]: Dennis E. Taylor - A Change of Plans
2026-08-11 21:00:29.740 -04:00 [DEBUG] Excluded [Standalone below rating or ratings-count threshold]: Dennis E. Taylor - Feedback
2026-08-11 21:00:29.742 -04:00 [DEBUG] Excluded [Standalone below rating or ratings-count threshold]: Dennis E. Taylor - phantastisch! Ausgabe 73 (1/2019)
2026-08-11 21:00:29.749 -04:00 [DEBUG] Excluded [Standalone below rating or ratings-count threshold]: Brent Weeks - I, Night Angel
2026-08-11 21:00:29.751 -04:00 [DEBUG] Excluded [Standalone below rating or ratings-count threshold]: Brent Weeks - The Way of Shadows: The Graphic Novel (First Chapter Free Preview)
2026-08-11 21:00:29.754 -04:00 [DEBUG] Excluded [Series below average or first-book ratings-count threshold]: Brent Weeks - Lichtbringer
2026-08-11 21:00:29.762 -04:00 [DEBUG] Excluded [Series below average or first-book ratings-count threshold]: Brent Weeks - Gorejąca biel. Tom 1
2026-08-11 21:00:29.766 -04:00 [DEBUG] Excluded [Standalone below rating or ratings-count threshold]: David Foster Wallace - Both Flesh and Not: Essays
2026-08-11 21:00:29.768 -04:00 [DEBUG] Excluded [Standalone below rating or ratings-count threshold]: David Foster Wallace - Brief Interviews with Hideous Men
2026-08-11 21:00:29.770 -04:00 [DEBUG] Excluded [Standalone below rating or ratings-count threshold]: David Foster Wallace - David Foster Wallace: In His Own Words
2026-08-11 21:00:29.772 -04:00 [DEBUG] Excluded [Standalone below rating or ratings-count threshold]: David Foster Wallace - David Foster Wallace: The Last Interview and Other Conversations
2026-08-11 21:00:29.774 -04:00 [DEBUG] Excluded [Standalone below rating or ratings-count threshold]: David Foster Wallace - Der Planet Trillaphon im Verhältnis zur Üblen Sache
2026-08-11 21:00:29.776 -04:00 [DEBUG] Excluded [Standalone below rating or ratings-count threshold]: David Foster Wallace - E Unibus Pluram
2026-08-11 21:00:29.778 -04:00 [DEBUG] Excluded [Standalone below rating or ratings-count threshold]: David Foster Wallace - Everything and More: A Compact History of Infinity
2026-08-11 21:00:29.780 -04:00 [DEBUG] Excluded [Standalone below rating or ratings-count threshold]: David Foster Wallace - Fate, Time, and Language: An Essay on Free Will
2026-08-11 21:00:29.782 -04:00 [DEBUG] Excluded [Standalone below rating or ratings-count threshold]: David Foster Wallace - Girl with Curious Hair
2026-08-11 21:00:29.784 -04:00 [DEBUG] Excluded [Standalone below rating or ratings-count threshold]: David Foster Wallace - Il tennis come esperienza religiosa
2026-08-11 21:00:29.786 -04:00 [DEBUG] Excluded [Standalone below rating or ratings-count threshold]: David Foster Wallace - McCain's Promise: Aboard the Straight Talk Express with John McCain and a Whole Bunch of Actual Reporters, Thinking About Hope
2026-08-11 21:00:29.788 -04:00 [DEBUG] Excluded [Standalone below rating or ratings-count threshold]: David Foster Wallace - Quack This Way
2026-08-11 21:00:29.790 -04:00 [DEBUG] Excluded [Standalone below rating or ratings-count threshold]: David Foster Wallace - The Broom of the System
2026-08-11 21:00:29.792 -04:00 [DEBUG] Excluded [Standalone below rating or ratings-count threshold]: David Foster Wallace - The Pale King
2026-08-11 21:00:29.795 -04:00 [DEBUG] Excluded [Standalone below rating or ratings-count threshold]: David Foster Wallace - The Soul is Not a Smithy
2026-08-11 21:00:29.797 -04:00 [DEBUG] Excluded [Standalone below rating or ratings-count threshold]: David Foster Wallace - Verso Occidente l'Impero dirige il suo corso
2026-08-11 21:00:29.806 -04:00 [DEBUG] Excluded [Standalone below rating or ratings-count threshold]: Patrick Rothfuss - How Old Holly Came to Be
2026-08-11 21:00:29.808 -04:00 [DEBUG] Excluded [Standalone below rating or ratings-count threshold]: Patrick Rothfuss - Rick and Morty vs. Dungeons & Dragons: Deluxe Edition
2026-08-11 21:00:29.811 -04:00 [DEBUG] Excluded [Standalone below rating or ratings-count threshold]: Patrick Rothfuss - The Lightning Tree
2026-08-11 21:00:29.813 -04:00 [DEBUG] Excluded [Standalone below rating or ratings-count threshold]: Patrick Rothfuss - The Princess and Mr Whiffle Coloring Book
2026-08-11 21:00:29.815 -04:00 [DEBUG] Excluded [Standalone below rating or ratings-count threshold]: Patrick Rothfuss - Your Annotated, Illustrated College Survival Guide
2026-08-11 21:00:29.817 -04:00 [DEBUG] Excluded [Standalone below rating or ratings-count threshold]: Patrick Rothfuss - 風の名前 : 上 [Kaze no namae jo]
2026-08-11 21:00:29.819 -04:00 [DEBUG] Excluded [Standalone below rating or ratings-count threshold]: Patrick Rothfuss - 風の名前 : 下 [Kaze no namae ge]
2026-08-11 21:00:29.820 -04:00 [DEBUG] Excluded [Standalone below rating or ratings-count threshold]: Patrick Rothfuss - 風の名前 : 中 [Kaze no namae chū]
2026-08-11 21:00:29.824 -04:00 [DEBUG] Excluded [Series below average or first-book ratings-count threshold]: Patrick Rothfuss - Vindens namn, del 2
2026-08-11 21:00:29.842 -04:00 [DEBUG] Excluded [Standalone below rating or ratings-count threshold]: Brandon Sanderson - Children of the Nameless
2026-08-11 21:00:29.846 -04:00 [DEBUG] Excluded [Standalone below rating or ratings-count threshold]: Brandon Sanderson - Dark One
2026-08-11 21:00:29.848 -04:00 [DEBUG] Excluded [Standalone below rating or ratings-count threshold]: Brandon Sanderson - Dark One: Forgotten
2026-08-11 21:00:29.851 -04:00 [DEBUG] Excluded [Standalone below rating or ratings-count threshold]: Brandon Sanderson - Dragonsteel
2026-08-11 21:00:29.852 -04:00 [DEBUG] Excluded [Standalone below rating or ratings-count threshold]: Brandon Sanderson - Dreamer
2026-08-11 21:00:29.854 -04:00 [DEBUG] Excluded [Standalone below rating or ratings-count threshold]: Brandon Sanderson - Firstborn
2026-08-11 21:00:29.856 -04:00 [DEBUG] Excluded [Standalone below rating or ratings-count threshold]: Brandon Sanderson - Firstborn / Defending Elysium
2026-08-11 21:00:29.858 -04:00 [DEBUG] Excluded [Standalone below rating or ratings-count threshold]: Brandon Sanderson - I Hate Dragons
2026-08-11 21:00:29.861 -04:00 [DEBUG] Excluded [Standalone below rating or ratings-count threshold]: Brandon Sanderson - Lift
2026-08-11 21:00:29.863 -04:00 [DEBUG] Excluded [Standalone below rating or ratings-count threshold]: Brandon Sanderson - Long Chills and Case Dough
2026-08-11 21:00:29.865 -04:00 [DEBUG] Excluded [Standalone below rating or ratings-count threshold]: Brandon Sanderson - Shadows for Silence in the Forests of Hell; Perfect State
2026-08-11 21:00:29.867 -04:00 [DEBUG] Excluded [Standalone below rating or ratings-count threshold]: Brandon Sanderson - The Most Boring Book Ever
2026-08-11 21:00:29.869 -04:00 [DEBUG] Excluded [Standalone below rating or ratings-count threshold]: Brandon Sanderson - The Original
2026-08-11 21:00:29.871 -04:00 [DEBUG] Excluded [Standalone below rating or ratings-count threshold]: Brandon Sanderson - The Way of Kings Prime
2026-08-11 21:00:29.884 -04:00 [DEBUG] Excluded [Series below average or first-book ratings-count threshold]: Brandon Sanderson - Wiatr i Prawda I
2026-08-11 21:00:29.886 -04:00 [DEBUG] Excluded [Series below average or first-book ratings-count threshold]: Brandon Sanderson - Awakening
2026-08-11 21:00:29.889 -04:00 [DEBUG] Excluded [Series below average or first-book ratings-count threshold]: Brandon Sanderson - Redemption
2026-08-11 21:00:29.892 -04:00 [DEBUG] Excluded [Series below average or first-book ratings-count threshold]: Brandon Sanderson - The Frugal Wizard’s Handbook for Surviving Medieval England
2026-08-11 21:00:29.894 -04:00 [DEBUG] Excluded [Series below average or first-book ratings-count threshold]: Brandon Sanderson - Lux
2026-08-11 21:00:29.900 -04:00 [DEBUG] Excluded [Series below average or first-book ratings-count threshold]: Brandon Sanderson - Songs of the Dead
2026-08-11 21:00:29.902 -04:00 [DEBUG] Excluded [Series below average or first-book ratings-count threshold]: Brandon Sanderson - White Sand, Volume 1
2026-08-11 21:00:29.904 -04:00 [DEBUG] Excluded [Series below average or first-book ratings-count threshold]: Brandon Sanderson - White Sand, Volume 2
2026-08-11 21:00:29.906 -04:00 [DEBUG] Excluded [Series below average or first-book ratings-count threshold]: Brandon Sanderson - White Sand, Volume 3
2026-08-11 21:00:29.914 -04:00 [DEBUG] Excluded [Standalone below rating or ratings-count threshold]: J.R.R. Tolkien - Farmer Giles of Ham
2026-08-11 21:00:29.920 -04:00 [DEBUG] Excluded [Standalone below rating or ratings-count threshold]: J.R.R. Tolkien - Farmer Giles of Ham / The Adventures of Tom Bombadil
2026-08-11 21:00:29.922 -04:00 [DEBUG] Excluded [Standalone below rating or ratings-count threshold]: J.R.R. Tolkien - Mr. Bliss
2026-08-11 21:00:29.924 -04:00 [DEBUG] Excluded [Standalone below rating or ratings-count threshold]: J.R.R. Tolkien - Roverandom
2026-08-11 21:00:29.927 -04:00 [DEBUG] Excluded [Standalone below rating or ratings-count threshold]: J.R.R. Tolkien - Smith of Wootton Major
2026-08-11 21:00:29.929 -04:00 [DEBUG] Excluded [Standalone below rating or ratings-count threshold]: J.R.R. Tolkien - Smith of Wootton Major & Farmer Giles of Ham
2026-08-11 21:00:29.931 -04:00 [DEBUG] Excluded [Standalone below rating or ratings-count threshold]: J.R.R. Tolkien - The Adventures of Tom Bombadil
2026-08-11 21:00:29.933 -04:00 [DEBUG] Excluded [Standalone below rating or ratings-count threshold]: J.R.R. Tolkien - The Fall of Arthur
2026-08-11 21:00:29.934 -04:00 [DEBUG] Excluded [Standalone below rating or ratings-count threshold]: J.R.R. Tolkien - The Histories of Middle Earth, Volumes 1-5
2026-08-11 21:00:29.937 -04:00 [DEBUG] Excluded [Standalone below rating or ratings-count threshold]: J.R.R. Tolkien - The Legend of Sigurd & Gudrún
2026-08-11 21:00:29.939 -04:00 [DEBUG] Excluded [Standalone below rating or ratings-count threshold]: J.R.R. Tolkien - The Monsters and the Critics and Other Essays
2026-08-11 21:00:29.941 -04:00 [DEBUG] Excluded [Standalone below rating or ratings-count threshold]: J.R.R. Tolkien - The Nature of Middle-Earth
2026-08-11 21:00:29.945 -04:00 [DEBUG] Excluded [Standalone below rating or ratings-count threshold]: J.R.R. Tolkien - The Story of Kullervo
2026-08-11 21:00:29.947 -04:00 [DEBUG] Excluded [Standalone below rating or ratings-count threshold]: J.R.R. Tolkien - Tree and Leaf
2026-08-11 21:00:29.962 -04:00 [DEBUG] Excluded [Standalone below rating or ratings-count threshold]: Robert Jordan - The World of Robert Jordan's the Wheel of Time
2026-08-11 21:00:29.964 -04:00 [DEBUG] Excluded [Standalone below rating or ratings-count threshold]: Robert Jordan - Warrior of the Altaii
2026-08-11 21:00:29.974 -04:00 [DEBUG] Excluded [Series below average or first-book ratings-count threshold]: Robert Jordan - Keulakuva
2026-08-11 21:00:29.976 -04:00 [DEBUG] Excluded [Series below average or first-book ratings-count threshold]: Robert Jordan - Miekkojen kruunu
2026-08-11 21:00:29.978 -04:00 [DEBUG] Excluded [Series below average or first-book ratings-count threshold]: Robert Jordan - Tuulten kulho
2026-08-11 21:00:29.980 -04:00 [DEBUG] Excluded [Series below average or first-book ratings-count threshold]: Robert Jordan - Conan the Defender
2026-08-11 21:00:29.982 -04:00 [DEBUG] Excluded [Series below average or first-book ratings-count threshold]: Robert Jordan - Conan the Destroyer
2026-08-11 21:00:29.983 -04:00 [DEBUG] Excluded [Series below average or first-book ratings-count threshold]: Robert Jordan - Conan the Invincible
2026-08-11 21:00:29.985 -04:00 [DEBUG] Excluded [Series below average or first-book ratings-count threshold]: Robert Jordan - Conan the Magnificent
2026-08-11 21:00:29.986 -04:00 [DEBUG] Excluded [Series below average or first-book ratings-count threshold]: Robert Jordan - Conan the Triumphant
2026-08-11 21:00:29.988 -04:00 [DEBUG] Excluded [Series below average or first-book ratings-count threshold]: Robert Jordan - Conan the Unconquered
2026-08-11 21:00:29.990 -04:00 [DEBUG] Excluded [Series below average or first-book ratings-count threshold]: Robert Jordan - Conan the Victorious
2026-08-11 21:00:29.993 -04:00 [DEBUG] Excluded [Series below average or first-book ratings-count threshold]: Robert Jordan - The Fallon Blood
2026-08-11 21:00:29.995 -04:00 [DEBUG] Excluded [Series below average or first-book ratings-count threshold]: Robert Jordan - Un lever de ténèbres : deuxième partie
2026-08-11 21:00:30.008 -04:00 [DEBUG] Excluded [Standalone below rating or ratings-count threshold]: James S.A. Corey - How It Unfolds
2026-08-11 21:00:30.012 -04:00 [DEBUG] Excluded [Standalone below rating or ratings-count threshold]: James S.A. Corey - The Expanse Origins: Amos Burton
2026-08-11 21:00:30.014 -04:00 [DEBUG] Excluded [Standalone below rating or ratings-count threshold]: James S.A. Corey - The Expanse Origins: James Holden
2026-08-11 21:00:30.016 -04:00 [DEBUG] Excluded [Standalone below rating or ratings-count threshold]: James S.A. Corey - The Expanse Origins: Naomi Nagata
2026-08-11 21:00:30.018 -04:00 [DEBUG] Excluded [Standalone below rating or ratings-count threshold]: James S.A. Corey - The Expanse: Origins
2026-08-11 21:00:30.020 -04:00 [DEBUG] Excluded [Standalone below rating or ratings-count threshold]: James S.A. Corey - The Far Reaches: Stories to Take You Out of This World
2026-08-11 21:00:30.024 -04:00 [DEBUG] Excluded [Series below average or first-book ratings-count threshold]: James S.A. Corey - Star Wars: Honor Among Thieves
2026-08-11 21:00:30.034 -04:00 [DEBUG] Excluded [Standalone below rating or ratings-count threshold]: Joe Abercrombie - Half a King: free sampler
2026-08-11 21:00:30.036 -04:00 [DEBUG] Excluded [Standalone below rating or ratings-count threshold]: Joe Abercrombie - Some Desperado
2026-08-11 21:00:30.039 -04:00 [DEBUG] Excluded [Standalone below rating or ratings-count threshold]: Joe Abercrombie - The Collected Joe Abercrombie: The Blade Itself/Before they are Hanged/Last Argument of Kings/Best Served Cold/The Heroes/Red Country
2026-08-11 21:00:30.041 -04:00 [DEBUG] Excluded [Standalone below rating or ratings-count threshold]: Joe Abercrombie - Two's Company
2026-08-11 21:00:30.046 -04:00 [DEBUG] Excluded [Series below average or first-book ratings-count threshold]: Joe Abercrombie - Det lockande stålet. Bok 1
2026-08-11 21:00:30.060 -04:00 [DEBUG] Excluded [Standalone below rating or ratings-count threshold]: Fyodor Dostoevsky - A Little Hero
2026-08-11 21:00:30.063 -04:00 [DEBUG] Excluded [Standalone below rating or ratings-count threshold]: Fyodor Dostoevsky - A Writer's Diary 1873-1881
2026-08-11 21:00:30.065 -04:00 [DEBUG] Excluded [Standalone below rating or ratings-count threshold]: Fyodor Dostoevsky - An Honest Thief
2026-08-11 21:00:30.067 -04:00 [DEBUG] Excluded [Standalone below rating or ratings-count threshold]: Fyodor Dostoevsky - Bobok
2026-08-11 21:00:30.069 -04:00 [DEBUG] Excluded [Standalone below rating or ratings-count threshold]: Fyodor Dostoevsky - Cuentos de Fiodor Dostoievski / Stories
2026-08-11 21:00:30.070 -04:00 [DEBUG] Excluded [Standalone below rating or ratings-count threshold]: Fyodor Dostoevsky - Fyodor Dostoyevsky: The Complete Novels
2026-08-11 21:00:30.078 -04:00 [DEBUG] Excluded [Standalone below rating or ratings-count threshold]: Fyodor Dostoevsky - Le notti bianche / La cronaca di Pietroburgo
2026-08-11 21:00:30.081 -04:00 [DEBUG] Excluded [Standalone below rating or ratings-count threshold]: Fyodor Dostoevsky - Mr. Prohartchin: Short Story
2026-08-11 21:00:30.082 -04:00 [DEBUG] Excluded [Standalone below rating or ratings-count threshold]: Fyodor Dostoevsky - Netochka Nezvanova
2026-08-11 21:00:30.084 -04:00 [DEBUG] Excluded [Standalone below rating or ratings-count threshold]: Fyodor Dostoevsky - Noches blancas y otros relatos
2026-08-11 21:00:30.086 -04:00 [DEBUG] Excluded [Standalone below rating or ratings-count threshold]: Fyodor Dostoevsky - Nopți albe / Soțul etern
2026-08-11 21:00:30.088 -04:00 [DEBUG] Excluded [Standalone below rating or ratings-count threshold]: Fyodor Dostoevsky - Notes from Underground & Other Stories
2026-08-11 21:00:30.090 -04:00 [DEBUG] Excluded [Standalone below rating or ratings-count threshold]: Fyodor Dostoevsky - Novel in Nine Letters
2026-08-11 21:00:30.093 -04:00 [DEBUG] Excluded [Standalone below rating or ratings-count threshold]: Fyodor Dostoevsky - Polzunkov
2026-08-11 21:00:30.095 -04:00 [DEBUG] Excluded [Standalone below rating or ratings-count threshold]: Fyodor Dostoevsky - Poor Folk
2026-08-11 21:00:30.097 -04:00 [DEBUG] Excluded [Standalone below rating or ratings-count threshold]: Fyodor Dostoevsky - The Adolescent
2026-08-11 21:00:30.099 -04:00 [DEBUG] Excluded [Standalone below rating or ratings-count threshold]: Fyodor Dostoevsky - The Christmas Tree and the Wedding
2026-08-11 21:00:30.100 -04:00 [DEBUG] Excluded [Standalone below rating or ratings-count threshold]: Fyodor Dostoevsky - The Complete Works of Fyodor Dostoyevsky: Novels, Short Stories and Autobiographical Writings: Complete Psychological and Existential Works of 19th-Century Russia
2026-08-11 21:00:30.103 -04:00 [DEBUG] Excluded [Standalone below rating or ratings-count threshold]: Fyodor Dostoevsky - The Crocodile
2026-08-11 21:00:30.104 -04:00 [DEBUG] Excluded [Standalone below rating or ratings-count threshold]: Fyodor Dostoevsky - The Double
2026-08-11 21:00:30.106 -04:00 [DEBUG] Excluded [Standalone below rating or ratings-count threshold]: Fyodor Dostoevsky - The Eternal Husband
2026-08-11 21:00:30.109 -04:00 [DEBUG] Excluded [Standalone below rating or ratings-count threshold]: Fyodor Dostoevsky - The Gambler
2026-08-11 21:00:30.112 -04:00 [DEBUG] Excluded [Standalone below rating or ratings-count threshold]: Fyodor Dostoevsky - The Gambler / Bobok / A Nasty Story
2026-08-11 21:00:30.114 -04:00 [DEBUG] Excluded [Standalone below rating or ratings-count threshold]: Fyodor Dostoevsky - The Gambler and Other Stories
2026-08-11 21:00:30.115 -04:00 [DEBUG] Excluded [Standalone below rating or ratings-count threshold]: Fyodor Dostoevsky - The Heavenly Christmas Tree
2026-08-11 21:00:30.117 -04:00 [DEBUG] Excluded [Standalone below rating or ratings-count threshold]: Fyodor Dostoevsky - The House of the Dead & The Gambler
2026-08-11 21:00:30.119 -04:00 [DEBUG] Excluded [Standalone below rating or ratings-count threshold]: Fyodor Dostoevsky - The Landlady
2026-08-11 21:00:30.121 -04:00 [DEBUG] Excluded [Standalone below rating or ratings-count threshold]: Fyodor Dostoevsky - The Meek One
2026-08-11 21:00:30.123 -04:00 [DEBUG] Excluded [Standalone below rating or ratings-count threshold]: Fyodor Dostoevsky - The Peasant Marey
2026-08-11 21:00:30.125 -04:00 [DEBUG] Excluded [Standalone below rating or ratings-count threshold]: Fyodor Dostoevsky - The Village of Stepanchikovo
2026-08-11 21:00:30.128 -04:00 [DEBUG] Excluded [Standalone below rating or ratings-count threshold]: Fyodor Dostoevsky - Uncle's Dream
2026-08-11 21:00:30.130 -04:00 [DEBUG] Excluded [Standalone below rating or ratings-count threshold]: Fyodor Dostoevsky - Winter Notes on Summer Impressions
2026-08-11 21:00:30.133 -04:00 [DEBUG] Excluded [Standalone below rating or ratings-count threshold]: Fyodor Dostoevsky - Works of Fyodor Dostoevsky: Crime and Punishment, The Idiot, The Brothers Karamazov, The Gambler, The Devils, The Adolescent & more
2026-08-11 21:00:30.138 -04:00 [DEBUG] Excluded [Standalone below rating or ratings-count threshold]: Fyodor Dostoevsky - Игрок. Преступление и наказание
2026-08-11 21:00:30.140 -04:00 [DEBUG] Excluded [Standalone below rating or ratings-count threshold]: Fyodor Dostoevsky - زوجة رجل آخر وزوج تحت السرير
2026-08-11 21:00:30.143 -04:00 [DEBUG] Excluded [Standalone below rating or ratings-count threshold]: Fyodor Dostoevsky - قلب ضعيف
2026-08-11 21:00:30.145 -04:00 [DEBUG] Excluded [Standalone below rating or ratings-count threshold]: Fyodor Dostoevsky - یک اتفاق مسخره
2026-08-11 21:00:30.150 -04:00 [DEBUG] Excluded [Series below average or first-book ratings-count threshold]: Fyodor Dostoevsky - الإخوة كارامازوف 1
2026-08-11 21:00:30.155 -04:00 [DEBUG] Excluded [Standalone below rating or ratings-count threshold]: N.K. Jemisin - Playing Nice with God’s Bowling Ball
2026-08-11 21:00:30.163 -04:00 [DEBUG] Excluded [Series below average or first-book ratings-count threshold]: N.K. Jemisin - Mass Effect: Initiation
2026-08-11 21:00:30.174 -04:00 [DEBUG] Excluded [Standalone below rating or ratings-count threshold]: Ray Bradbury - A Pleasure to Burn: Chilling Dystopian Fiction Exploring Censorship and the Origins of Fahrenheit 451
2026-08-11 21:00:30.177 -04:00 [DEBUG] Excluded [Standalone below rating or ratings-count threshold]: Ray Bradbury - Dark They Were, and Golden Eyed
2026-08-11 21:00:30.179 -04:00 [DEBUG] Excluded [Standalone below rating or ratings-count threshold]: Ray Bradbury - Dinosaur Tales
2026-08-11 21:00:30.182 -04:00 [DEBUG] Excluded [Standalone below rating or ratings-count threshold]: Ray Bradbury - Driving Blind
2026-08-11 21:00:30.184 -04:00 [DEBUG] Excluded [Standalone below rating or ratings-count threshold]: Ray Bradbury - Fahrenheit 451
2026-08-11 21:00:30.185 -04:00 [DEBUG] Excluded [Standalone below rating or ratings-count threshold]: Ray Bradbury - Farewell Summer
2026-08-11 21:00:30.187 -04:00 [DEBUG] Excluded [Standalone below rating or ratings-count threshold]: Ray Bradbury - From the Dust Returned
2026-08-11 21:00:30.189 -04:00 [DEBUG] Excluded [Standalone below rating or ratings-count threshold]: Ray Bradbury - Green Shadows, White Whale
2026-08-11 21:00:30.191 -04:00 [DEBUG] Excluded [Standalone below rating or ratings-count threshold]: Ray Bradbury - Kaleidoskop
2026-08-11 21:00:30.193 -04:00 [DEBUG] Excluded [Standalone below rating or ratings-count threshold]: Ray Bradbury - Killer, Come Back To Me: The Crime Stories of Ray Bradbury
2026-08-11 21:00:30.195 -04:00 [DEBUG] Excluded [Standalone below rating or ratings-count threshold]: Ray Bradbury - Machineries of Joy
2026-08-11 21:00:30.197 -04:00 [DEBUG] Excluded [Standalone below rating or ratings-count threshold]: Ray Bradbury - Marionettes, Inc.
2026-08-11 21:00:30.199 -04:00 [DEBUG] Excluded [Standalone below rating or ratings-count threshold]: Ray Bradbury - Medicine for Melancholy
2026-08-11 21:00:30.201 -04:00 [DEBUG] Excluded [Standalone below rating or ratings-count threshold]: Ray Bradbury - Now and Forever
2026-08-11 21:00:30.202 -04:00 [DEBUG] Excluded [Standalone below rating or ratings-count threshold]: Ray Bradbury - One More for the Road: A Celebrated Author's Magical and Bittersweet Short Fiction
2026-08-11 21:00:30.204 -04:00 [DEBUG] Excluded [Standalone below rating or ratings-count threshold]: Ray Bradbury - Quicker Than the Eye
2026-08-11 21:00:30.206 -04:00 [DEBUG] Excluded [Standalone below rating or ratings-count threshold]: Ray Bradbury - Something Wicked This Way Comes
2026-08-11 21:00:30.208 -04:00 [DEBUG] Excluded [Standalone below rating or ratings-count threshold]: Ray Bradbury - Something Wicked This Way Comes & A Sound of Thunder
2026-08-11 21:00:30.210 -04:00 [DEBUG] Excluded [Standalone below rating or ratings-count threshold]: Ray Bradbury - The Cat's Pajamas
2026-08-11 21:00:30.212 -04:00 [DEBUG] Excluded [Standalone below rating or ratings-count threshold]: Ray Bradbury - The Day It Rained Forever
2026-08-11 21:00:30.217 -04:00 [DEBUG] Excluded [Standalone below rating or ratings-count threshold]: Ray Bradbury - The Halloween Tree
2026-08-11 21:00:30.218 -04:00 [DEBUG] Excluded [Standalone below rating or ratings-count threshold]: Ray Bradbury - The Last Night of the World
2026-08-11 21:00:30.221 -04:00 [DEBUG] Excluded [Standalone below rating or ratings-count threshold]: Ray Bradbury - The Pedestrian: A Fantasy in One Act
2026-08-11 21:00:30.223 -04:00 [DEBUG] Excluded [Standalone below rating or ratings-count threshold]: Ray Bradbury - The Playground
2026-08-11 21:00:30.225 -04:00 [DEBUG] Excluded [Standalone below rating or ratings-count threshold]: Ray Bradbury - The Small Assassin
2026-08-11 21:00:30.227 -04:00 [DEBUG] Excluded [Standalone below rating or ratings-count threshold]: Ray Bradbury - The Toynbee Convector
2026-08-11 21:00:30.230 -04:00 [DEBUG] Excluded [Standalone below rating or ratings-count threshold]: Ray Bradbury - We'll Always Have Paris: Stories
2026-08-11 21:00:30.232 -04:00 [DEBUG] Excluded [Standalone below rating or ratings-count threshold]: Ray Bradbury - Zero Hour
2026-08-11 21:00:30.235 -04:00 [DEBUG] Excluded [Series below average or first-book ratings-count threshold]: Ray Bradbury - A Graveyard for Lunatics: Another Tale of Two Cities
2026-08-11 21:00:30.237 -04:00 [DEBUG] Excluded [Series below average or first-book ratings-count threshold]: Ray Bradbury - Death is a Lonely Business
2026-08-11 21:00:30.239 -04:00 [DEBUG] Excluded [Series below average or first-book ratings-count threshold]: Ray Bradbury - Let's All Kill Constance
2026-08-11 21:00:30.250 -04:00 [DEBUG] Excluded [Standalone below rating or ratings-count threshold]: George R.R. Martin - A Song for Lya
2026-08-11 21:00:30.252 -04:00 [DEBUG] Excluded [Standalone below rating or ratings-count threshold]: George R.R. Martin - A Song for Lya: And Other Stories
2026-08-11 21:00:30.254 -04:00 [DEBUG] Excluded [Standalone below rating or ratings-count threshold]: George R.R. Martin - Dreamsongs, Volume I
2026-08-11 21:00:30.256 -04:00 [DEBUG] Excluded [Standalone below rating or ratings-count threshold]: George R.R. Martin - Dying of the Light
2026-08-11 21:00:30.258 -04:00 [DEBUG] Excluded [Standalone below rating or ratings-count threshold]: George R.R. Martin - Feu et sang - Partie 1
2026-08-11 21:00:30.261 -04:00 [DEBUG] Excluded [Standalone below rating or ratings-count threshold]: George R.R. Martin - Fevre Dream
2026-08-11 21:00:30.264 -04:00 [DEBUG] Excluded [Standalone below rating or ratings-count threshold]: George R.R. Martin - Hunter's Run
2026-08-11 21:00:30.265 -04:00 [DEBUG] Excluded [Standalone below rating or ratings-count threshold]: George R.R. Martin - In the House of the Worm
2026-08-11 21:00:30.267 -04:00 [DEBUG] Excluded [Standalone below rating or ratings-count threshold]: George R.R. Martin - Nightflyers
2026-08-11 21:00:30.269 -04:00 [DEBUG] Excluded [Standalone below rating or ratings-count threshold]: George R.R. Martin - The Armageddon Rag
2026-08-11 21:00:30.271 -04:00 [DEBUG] Excluded [Standalone below rating or ratings-count threshold]: George R.R. Martin - The Complete Dreamsongs
2026-08-11 21:00:30.272 -04:00 [DEBUG] Excluded [Standalone below rating or ratings-count threshold]: George R.R. Martin - The Ice Dragon
2026-08-11 21:00:30.274 -04:00 [DEBUG] Excluded [Standalone below rating or ratings-count threshold]: George R.R. Martin - The Princess and The Queen, or, The Blacks and The Greens
2026-08-11 21:00:30.277 -04:00 [DEBUG] Excluded [Standalone below rating or ratings-count threshold]: George R.R. Martin - The Wit & Wisdom of Tyrion Lannister
2026-08-11 21:00:30.280 -04:00 [DEBUG] Excluded [Standalone below rating or ratings-count threshold]: George R.R. Martin - Windhaven
2026-08-11 21:00:30.289 -04:00 [DEBUG] Excluded [Series below average or first-book ratings-count threshold]: George R.R. Martin - Aces High
2026-08-11 21:00:30.296 -04:00 [DEBUG] Excluded [Standalone below rating or ratings-count threshold]: Stieg Larsson - On Stieg Larsson
2026-08-11 21:00:30.301 -04:00 [DEBUG] Excluded [Standalone below rating or ratings-count threshold]: Stieg Larsson - Read The World: The MacLehose Press Fifth Anniversary Sampler
2026-08-11 21:00:30.303 -04:00 [DEBUG] Excluded [Standalone below rating or ratings-count threshold]: Stieg Larsson - Sverigedemokraterna - Den nationella rörelsen
2026-08-11 21:00:30.305 -04:00 [DEBUG] Excluded [Standalone below rating or ratings-count threshold]: Stieg Larsson - The Expo Files
2026-08-11 21:00:30.308 -04:00 [DEBUG] Excluded [Standalone below rating or ratings-count threshold]: Stieg Larsson - 밀레니엄 1 상: 여자를 증오한 남자들 (Millennium 1: Phase Millennium: The men hate women)
2026-08-11 21:00:30.311 -04:00 [DEBUG] Excluded [Standalone below rating or ratings-count threshold]: Stieg Larsson - 밀레니엄 2 (하) : 휘발유통과 성냥을 꿈꾼 소녀
2026-08-11 21:00:30.313 -04:00 [DEBUG] Excluded [Standalone below rating or ratings-count threshold]: Stieg Larsson - 밀레니엄. 3: 바람치는 궁전의 여왕
2026-08-11 21:00:30.334 -04:00 [DEBUG] Excluded [Standalone below rating or ratings-count threshold]: Neil Gaiman - 1602: Part One
2026-08-11 21:00:30.335 -04:00 [DEBUG] Excluded [Standalone below rating or ratings-count threshold]: Neil Gaiman - A Calendar of Tales
2026-08-11 21:00:30.337 -04:00 [DEBUG] Excluded [Standalone below rating or ratings-count threshold]: Neil Gaiman - Batman: Whatever Happened to the Caped Crusader?
2026-08-11 21:00:30.340 -04:00 [DEBUG] Excluded [Standalone below rating or ratings-count threshold]: Neil Gaiman - Black Orchid
2026-08-11 21:00:30.346 -04:00 [DEBUG] Excluded [Standalone below rating or ratings-count threshold]: Neil Gaiman - Chu's Day at the Beach
2026-08-11 21:00:30.348 -04:00 [DEBUG] Excluded [Standalone below rating or ratings-count threshold]: Neil Gaiman - Cinnamon
2026-08-11 21:00:30.350 -04:00 [DEBUG] Excluded [Standalone below rating or ratings-count threshold]: Neil Gaiman - Crazy hair
2026-08-11 21:00:30.352 -04:00 [DEBUG] Excluded [Standalone below rating or ratings-count threshold]: Neil Gaiman - Creatures Of The Night
2026-08-11 21:00:30.354 -04:00 [DEBUG] Excluded [Standalone below rating or ratings-count threshold]: Neil Gaiman - DC Universe By Neil Gaiman
2026-08-11 21:00:30.357 -04:00 [DEBUG] Excluded [Standalone below rating or ratings-count threshold]: Neil Gaiman - Eternals
2026-08-11 21:00:30.361 -04:00 [DEBUG] Excluded [Standalone below rating or ratings-count threshold]: Neil Gaiman - Forbidden Brides of the Faceless Slaves in the Secret House of the Night of Dread Desire
2026-08-11 21:00:30.365 -04:00 [DEBUG] Excluded [Standalone below rating or ratings-count threshold]: Neil Gaiman - Fragile Things: Short Fictions and Wonders
2026-08-11 21:00:30.368 -04:00 [DEBUG] Excluded [Standalone below rating or ratings-count threshold]: Neil Gaiman - Hansel and Gretel
2026-08-11 21:00:30.370 -04:00 [DEBUG] Excluded [Standalone below rating or ratings-count threshold]: Neil Gaiman - Harlequin Valentine
2026-08-11 21:00:30.373 -04:00 [DEBUG] Excluded [Standalone below rating or ratings-count threshold]: Neil Gaiman - Hearts, Keys, and Puppetry
2026-08-11 21:00:30.376 -04:00 [DEBUG] Excluded [Standalone below rating or ratings-count threshold]: Neil Gaiman - How to Talk to Girls at Parties
2026-08-11 21:00:30.385 -04:00 [DEBUG] Excluded [Standalone below rating or ratings-count threshold]: Neil Gaiman - I, Cthulhu, or, What’s a Tentacle-Faced Thing Like Me Doing in a Sunken City Like This (Latitude 47° 9′ S, Longitude 126° 43′ W)?
2026-08-11 21:00:30.387 -04:00 [DEBUG] Excluded [Standalone below rating or ratings-count threshold]: Neil Gaiman - Likely Stories
2026-08-11 21:00:30.390 -04:00 [DEBUG] Excluded [Standalone below rating or ratings-count threshold]: Neil Gaiman - M Is for Magic
2026-08-11 21:00:30.394 -04:00 [DEBUG] Excluded [Standalone below rating or ratings-count threshold]: Neil Gaiman - Marvel 1602
2026-08-11 21:00:30.397 -04:00 [DEBUG] Excluded [Standalone below rating or ratings-count threshold]: Neil Gaiman - Miracleman, Book One: The Golden Age
2026-08-11 21:00:30.400 -04:00 [DEBUG] Excluded [Standalone below rating or ratings-count threshold]: Neil Gaiman - MirrorMask
2026-08-11 21:00:30.403 -04:00 [DEBUG] Excluded [Standalone below rating or ratings-count threshold]: Neil Gaiman - MirrorMask: The Illustrated Film Script
2026-08-11 21:00:30.406 -04:00 [DEBUG] Excluded [Standalone below rating or ratings-count threshold]: Neil Gaiman - Neil Gaiman's Midnight Days
2026-08-11 21:00:30.409 -04:00 [DEBUG] Excluded [Standalone below rating or ratings-count threshold]: Neil Gaiman - Norse Mythology, Vol. 2
2026-08-11 21:00:30.413 -04:00 [DEBUG] Excluded [Standalone below rating or ratings-count threshold]: Neil Gaiman - Odd and the Frost Giants
2026-08-11 21:00:30.418 -04:00 [DEBUG] Excluded [Standalone below rating or ratings-count threshold]: Neil Gaiman - Only the End of the World Again
2026-08-11 21:00:30.420 -04:00 [DEBUG] Excluded [Standalone below rating or ratings-count threshold]: Neil Gaiman - Pirate Stew
2026-08-11 21:00:30.422 -04:00 [DEBUG] Excluded [Standalone below rating or ratings-count threshold]: Neil Gaiman - Sandman Special, Bd.2, Der Gesang Des Orpheus
2026-08-11 21:00:30.424 -04:00 [DEBUG] Excluded [Standalone below rating or ratings-count threshold]: Neil Gaiman - Signal to Noise
2026-08-11 21:00:30.427 -04:00 [DEBUG] Excluded [Standalone below rating or ratings-count threshold]: Neil Gaiman - The Annotated Sandman, Vol. 1
2026-08-11 21:00:30.430 -04:00 [DEBUG] Excluded [Standalone below rating or ratings-count threshold]: Neil Gaiman - The Day I Swapped My Dad for Two Goldfish
2026-08-11 21:00:30.432 -04:00 [DEBUG] Excluded [Standalone below rating or ratings-count threshold]: Neil Gaiman - The Facts In The Case Of The Departure Of Miss Finch
2026-08-11 21:00:30.434 -04:00 [DEBUG] Excluded [Standalone below rating or ratings-count threshold]: Neil Gaiman - The Problem of Susan and Other Stories
2026-08-11 21:00:30.436 -04:00 [DEBUG] Excluded [Standalone below rating or ratings-count threshold]: Neil Gaiman - The Sandman Volumes 1-10 Box (10 books)
2026-08-11 21:00:30.439 -04:00 [DEBUG] Excluded [Standalone below rating or ratings-count threshold]: Neil Gaiman - The Sandman: The Deluxe Edition, Book Two
2026-08-11 21:00:30.441 -04:00 [DEBUG] Excluded [Standalone below rating or ratings-count threshold]: Neil Gaiman - The Sleeper and the Spindle
2026-08-11 21:00:30.444 -04:00 [DEBUG] Excluded [Standalone below rating or ratings-count threshold]: Neil Gaiman - The Tragical Comedy or Comical Tragedy of Mr. Punch
2026-08-11 21:00:30.446 -04:00 [DEBUG] Excluded [Standalone below rating or ratings-count threshold]: Neil Gaiman - The Truth Is a Cave in the Black Mountains
2026-08-11 21:00:30.447 -04:00 [DEBUG] Excluded [Standalone below rating or ratings-count threshold]: Neil Gaiman - The View from the Cheap Seats: Selected Nonfiction
2026-08-11 21:00:30.450 -04:00 [DEBUG] Excluded [Standalone below rating or ratings-count threshold]: Neil Gaiman - Trigger Warning: Short Fictions and Disturbances
2026-08-11 21:00:30.451 -04:00 [DEBUG] Excluded [Standalone below rating or ratings-count threshold]: Neil Gaiman - Troll Bridge
2026-08-11 21:00:30.453 -04:00 [DEBUG] Excluded [Standalone below rating or ratings-count threshold]: Neil Gaiman - Two Plays for Voices
2026-08-11 21:00:30.455 -04:00 [DEBUG] Excluded [Standalone below rating or ratings-count threshold]: Neil Gaiman - Violent Cases
2026-08-11 21:00:30.461 -04:00 [DEBUG] Excluded [Standalone below rating or ratings-count threshold]: Neil Gaiman - We Can Get Them For You Wholesale
2026-08-11 21:00:30.540 -04:00 [DEBUG] Excluded [Series below average or first-book ratings-count threshold]: Neil Gaiman - Chu's Day
2026-08-11 21:00:30.547 -04:00 [DEBUG] Excluded [Series below average or first-book ratings-count threshold]: Neil Gaiman - Chu's First Day of School
2026-08-11 21:00:30.551 -04:00 [DEBUG] Excluded [Series below average or first-book ratings-count threshold]: Neil Gaiman - InterWorld
2026-08-11 21:00:30.561 -04:00 [DEBUG] Excluded [Standalone below rating or ratings-count threshold]: Neal Stephenson - Anathem, vol. 1: Il pellegrino
2026-08-11 21:00:30.563 -04:00 [DEBUG] Excluded [Standalone below rating or ratings-count threshold]: Neal Stephenson - Atmosphæra Incognita
2026-08-11 21:00:30.565 -04:00 [DEBUG] Excluded [Standalone below rating or ratings-count threshold]: Neal Stephenson - Choc terminal : Tome 1
2026-08-11 21:00:30.567 -04:00 [DEBUG] Excluded [Standalone below rating or ratings-count threshold]: Neal Stephenson - Choc terminal : Tome 2
2026-08-11 21:00:30.569 -04:00 [DEBUG] Excluded [Standalone below rating or ratings-count threshold]: Neal Stephenson - Cimarronin: The Complete Graphic Novel
2026-08-11 21:00:30.590 -04:00 [DEBUG] Excluded [Standalone below rating or ratings-count threshold]: Neal Stephenson - Criptonomicón I: El código Enigma
2026-08-11 21:00:30.593 -04:00 [DEBUG] Excluded [Standalone below rating or ratings-count threshold]: Neal Stephenson - Criptonomicón II: El código Pontifex
2026-08-11 21:00:30.596 -04:00 [DEBUG] Excluded [Standalone below rating or ratings-count threshold]: Neal Stephenson - Criptonomicón III: El código Aretusa
2026-08-11 21:00:30.599 -04:00 [DEBUG] Excluded [Standalone below rating or ratings-count threshold]: Neal Stephenson - Fall; or, Dodge in Hell
2026-08-11 21:00:30.600 -04:00 [DEBUG] Excluded [Standalone below rating or ratings-count threshold]: Neal Stephenson - In the Beginning...Was the Command Line
2026-08-11 21:00:30.602 -04:00 [DEBUG] Excluded [Standalone below rating or ratings-count threshold]: Neal Stephenson - Interface
2026-08-11 21:00:30.604 -04:00 [DEBUG] Excluded [Standalone below rating or ratings-count threshold]: Neal Stephenson - Lavina: Antra knyga
2026-08-11 21:00:30.607 -04:00 [DEBUG] Excluded [Standalone below rating or ratings-count threshold]: Neal Stephenson - Lavina: Pirma knyga
2026-08-11 21:00:30.610 -04:00 [DEBUG] Excluded [Standalone below rating or ratings-count threshold]: Neal Stephenson - Seveneves [Free sampler]
2026-08-11 21:00:30.613 -04:00 [DEBUG] Excluded [Standalone below rating or ratings-count threshold]: Neal Stephenson - Some Remarks: Essays and Other Writing – A Brilliant Collection on Science and Technology from Newton to Star Wars
2026-08-11 21:00:30.614 -04:00 [DEBUG] Excluded [Standalone below rating or ratings-count threshold]: Neal Stephenson - Termination Shock
2026-08-11 21:00:30.616 -04:00 [DEBUG] Excluded [Standalone below rating or ratings-count threshold]: Neal Stephenson - The Big U: A Hilarious Satire of American College Life
2026-08-11 21:00:30.617 -04:00 [DEBUG] Excluded [Standalone below rating or ratings-count threshold]: Neal Stephenson - The Cobweb
2026-08-11 21:00:30.622 -04:00 [DEBUG] Excluded [Standalone below rating or ratings-count threshold]: Neal Stephenson - The Great Simoleon Caper
2026-08-11 21:00:30.624 -04:00 [DEBUG] Excluded [Standalone below rating or ratings-count threshold]: Neal Stephenson - Zodiac
2026-08-11 21:00:30.629 -04:00 [DEBUG] Excluded [Series below average or first-book ratings-count threshold]: Neal Stephenson - Polostan
2026-08-11 21:00:30.631 -04:00 [DEBUG] Excluded [Series below average or first-book ratings-count threshold]: Neal Stephenson - The Rise and Fall of D.O.D.O.
2026-08-11 21:00:30.633 -04:00 [DEBUG] Excluded [Series below average or first-book ratings-count threshold]: Neal Stephenson - The Mongoliad: Book One
2026-08-11 21:00:30.635 -04:00 [DEBUG] Excluded [Series below average or first-book ratings-count threshold]: Neal Stephenson - The Mongoliad: Book Three
2026-08-11 21:00:30.637 -04:00 [DEBUG] Excluded [Series below average or first-book ratings-count threshold]: Neal Stephenson - The Mongoliad: Book Two
2026-08-11 21:00:30.639 -04:00 [DEBUG] Excluded [Series below average or first-book ratings-count threshold]: Neal Stephenson - La Frontière
2026-08-11 21:00:30.641 -04:00 [DEBUG] Excluded [Series below average or first-book ratings-count threshold]: Neal Stephenson - Le Réseau
2026-08-11 21:00:30.646 -04:00 [DEBUG] Excluded [Standalone below rating or ratings-count threshold]: Scott Lynch - Queen of the Iron Sands
2026-08-11 21:00:30.647 -04:00 [DEBUG] Excluded [Standalone below rating or ratings-count threshold]: Scott Lynch - The Effigy Engine
2026-08-11 21:00:30.653 -04:00 [DEBUG] Excluded [Series below average or first-book ratings-count threshold]: Scott Lynch - The Wizard Who Kept Himself Suspicious
2026-08-11 21:00:30.662 -04:00 [DEBUG] Excluded [Standalone below rating or ratings-count threshold]: Ken Follett - A Place Called Freedom/ The Modigliani Scandal
2026-08-11 21:00:30.663 -04:00 [DEBUG] Excluded [Standalone below rating or ratings-count threshold]: Ken Follett - Circle of Days
2026-08-11 21:00:30.666 -04:00 [DEBUG] Excluded [Standalone below rating or ratings-count threshold]: Ken Follett - Code to Zero
2026-08-11 21:00:30.667 -04:00 [DEBUG] Excluded [Standalone below rating or ratings-count threshold]: Ken Follett - Die Säulen der Erde / Die Tore der Welt
2026-08-11 21:00:30.669 -04:00 [DEBUG] Excluded [Standalone below rating or ratings-count threshold]: Ken Follett - Eye of the Needle / The Man from St. Petersburg / The Key to Rebecca
2026-08-11 21:00:30.671 -04:00 [DEBUG] Excluded [Standalone below rating or ratings-count threshold]: Ken Follett - Ken Follett Three Bestsellers: Whiteout / On Wings of Eagles / Lie Down with Lions
2026-08-11 21:00:30.673 -04:00 [DEBUG] Excluded [Standalone below rating or ratings-count threshold]: Ken Follett - Ken Follett World War II Thriller Collection: The Key to Rebecca / Jackdaws / Hornet Flight
2026-08-11 21:00:30.676 -04:00 [DEBUG] Excluded [Standalone below rating or ratings-count threshold]: Ken Follett - Ken Follett's Thundering Good Thrillers: Eye of the Needle / Hornet Flight / Jackdaws
2026-08-11 21:00:30.678 -04:00 [DEBUG] Excluded [Standalone below rating or ratings-count threshold]: Ken Follett - Lie Down with Lions
2026-08-11 21:00:30.683 -04:00 [DEBUG] Excluded [Standalone below rating or ratings-count threshold]: Ken Follett - Los pilares de la tierra II (Parte 2 de 3)
2026-08-11 21:00:30.684 -04:00 [DEBUG] Excluded [Standalone below rating or ratings-count threshold]: Ken Follett - Night Over Water
2026-08-11 21:00:30.686 -04:00 [DEBUG] Excluded [Standalone below rating or ratings-count threshold]: Ken Follett - Notre-Dame: A Short History of the Meaning of Cathedrals
2026-08-11 21:00:30.688 -04:00 [DEBUG] Excluded [Standalone below rating or ratings-count threshold]: Ken Follett - Paper Money
2026-08-11 21:00:30.691 -04:00 [DEBUG] Excluded [Standalone below rating or ratings-count threshold]: Ken Follett - Stupovi zemlje: Knjiga druga
2026-08-11 21:00:30.693 -04:00 [DEBUG] Excluded [Standalone below rating or ratings-count threshold]: Ken Follett - The Big Needle
2026-08-11 21:00:30.695 -04:00 [DEBUG] Excluded [Standalone below rating or ratings-count threshold]: Ken Follett - The Gentlemen of 16 July
2026-08-11 21:00:30.697 -04:00 [DEBUG] Excluded [Standalone below rating or ratings-count threshold]: Ken Follett - The Hammer of Eden
2026-08-11 21:00:30.699 -04:00 [DEBUG] Excluded [Standalone below rating or ratings-count threshold]: Ken Follett - The Key to Rebecca
2026-08-11 21:00:30.700 -04:00 [DEBUG] Excluded [Standalone below rating or ratings-count threshold]: Ken Follett - The Key to Rebecca / The Man from St Petersburg
2026-08-11 21:00:30.702 -04:00 [DEBUG] Excluded [Standalone below rating or ratings-count threshold]: Ken Follett - The Man from St. Petersburg
2026-08-11 21:00:30.704 -04:00 [DEBUG] Excluded [Standalone below rating or ratings-count threshold]: Ken Follett - The Modigliani Scandal
2026-08-11 21:00:30.706 -04:00 [DEBUG] Excluded [Standalone below rating or ratings-count threshold]: Ken Follett - The Mystery Hideout
2026-08-11 21:00:30.709 -04:00 [DEBUG] Excluded [Standalone below rating or ratings-count threshold]: Ken Follett - The Power Twins
2026-08-11 21:00:30.711 -04:00 [DEBUG] Excluded [Standalone below rating or ratings-count threshold]: Ken Follett - The Third Twin
2026-08-11 21:00:30.713 -04:00 [DEBUG] Excluded [Standalone below rating or ratings-count threshold]: Ken Follett - The Third Twin / Paper Money
2026-08-11 21:00:30.714 -04:00 [DEBUG] Excluded [Standalone below rating or ratings-count threshold]: Ken Follett - Triple
2026-08-11 21:00:30.716 -04:00 [DEBUG] Excluded [Standalone below rating or ratings-count threshold]: Ken Follett - Whiteout
2026-08-11 21:00:30.727 -04:00 [DEBUG] Excluded [Standalone below rating or ratings-count threshold]: Octavia E. Butler - Conversations with Octavia Butler
2026-08-11 21:00:30.729 -04:00 [DEBUG] Excluded [Standalone below rating or ratings-count threshold]: Octavia E. Butler - Fledgling
2026-08-11 21:00:30.731 -04:00 [DEBUG] Excluded [Standalone below rating or ratings-count threshold]: Octavia E. Butler - Kindred / Fledgling / Collected Stories
2026-08-11 21:00:30.732 -04:00 [DEBUG] Excluded [Standalone below rating or ratings-count threshold]: Octavia E. Butler - The Evening and the Morning and the Night
2026-08-11 21:00:30.745 -04:00 [DEBUG] Excluded [Standalone below rating or ratings-count threshold]: Robin Hobb - De thuiskomst: Het Rijk van de Ouderlingen
2026-08-11 21:00:30.747 -04:00 [DEBUG] Excluded [Standalone below rating or ratings-count threshold]: Robin Hobb - L'Assassin royal : Première époque, 2
2026-08-11 21:00:30.749 -04:00 [DEBUG] Excluded [Standalone below rating or ratings-count threshold]: Robin Hobb - The Inheritance
2026-08-11 21:00:30.751 -04:00 [DEBUG] Excluded [Standalone below rating or ratings-count threshold]: Robin Hobb - Words Like Coins
2026-08-11 21:00:30.761 -04:00 [DEBUG] Excluded [Series below average or first-book ratings-count threshold]: Robin Hobb - A Demanda do Visionário
2026-08-11 21:00:30.762 -04:00 [DEBUG] Excluded [Series below average or first-book ratings-count threshold]: Robin Hobb - A Vingança do Assassino
2026-08-11 21:00:30.765 -04:00 [DEBUG] Excluded [Series below average or first-book ratings-count threshold]: Robin Hobb - Le Fou et l'Assassin
2026-08-11 21:00:30.768 -04:00 [DEBUG] Excluded [Series below average or first-book ratings-count threshold]: Robin Hobb - Forest Mage
2026-08-11 21:00:30.770 -04:00 [DEBUG] Excluded [Series below average or first-book ratings-count threshold]: Robin Hobb - Renegade's Magic
2026-08-11 21:00:30.772 -04:00 [DEBUG] Excluded [Series below average or first-book ratings-count threshold]: Robin Hobb - Shaman's Crossing
2026-08-11 21:00:30.782 -04:00 [DEBUG] Excluded [Standalone below rating or ratings-count threshold]: Alexandre Dumas - Castle Eppstein
2026-08-11 21:00:30.784 -04:00 [DEBUG] Excluded [Standalone below rating or ratings-count threshold]: Alexandre Dumas - Georges
2026-08-11 21:00:30.787 -04:00 [DEBUG] Excluded [Standalone below rating or ratings-count threshold]: Alexandre Dumas - L'avvelenatrice
2026-08-11 21:00:30.789 -04:00 [DEBUG] Excluded [Standalone below rating or ratings-count threshold]: Alexandre Dumas - Les Trois Mousquetaires & Vingt ans après
2026-08-11 21:00:30.792 -04:00 [DEBUG] Excluded [Standalone below rating or ratings-count threshold]: Alexandre Dumas - Mary Stuart Queen of Scots
2026-08-11 21:00:30.795 -04:00 [DEBUG] Excluded [Standalone below rating or ratings-count threshold]: Alexandre Dumas - One Thousand and One Ghosts
2026-08-11 21:00:30.796 -04:00 [DEBUG] Excluded [Standalone below rating or ratings-count threshold]: Alexandre Dumas - Pauline
2026-08-11 21:00:30.798 -04:00 [DEBUG] Excluded [Standalone below rating or ratings-count threshold]: Alexandre Dumas - Robin Hood: The Prince of Thieves
2026-08-11 21:00:30.800 -04:00 [DEBUG] Excluded [Standalone below rating or ratings-count threshold]: Alexandre Dumas - The Black Tulip
2026-08-11 21:00:30.802 -04:00 [DEBUG] Excluded [Standalone below rating or ratings-count threshold]: Alexandre Dumas - The Borgias
2026-08-11 21:00:30.804 -04:00 [DEBUG] Excluded [Standalone below rating or ratings-count threshold]: Alexandre Dumas - The Nutcracker
2026-08-11 21:00:30.807 -04:00 [DEBUG] Excluded [Standalone below rating or ratings-count threshold]: Alexandre Dumas - The Pale Lady
2026-08-11 21:00:30.809 -04:00 [DEBUG] Excluded [Standalone below rating or ratings-count threshold]: Alexandre Dumas - The Red Sphinx: A Sequel to The Three Musketeers
2026-08-11 21:00:30.811 -04:00 [DEBUG] Excluded [Standalone below rating or ratings-count threshold]: Alexandre Dumas - The Two Dianas
2026-08-11 21:00:30.812 -04:00 [DEBUG] Excluded [Standalone below rating or ratings-count threshold]: Alexandre Dumas - The Wolf-Leader
2026-08-11 21:00:30.813 -04:00 [DEBUG] Excluded [Standalone below rating or ratings-count threshold]: Alexandre Dumas - The Woman with the Velvet Necklace
2026-08-11 21:00:30.816 -04:00 [DEBUG] Excluded [Standalone below rating or ratings-count threshold]: Alexandre Dumas - The Women's War
2026-08-11 21:00:30.818 -04:00 [DEBUG] Excluded [Standalone below rating or ratings-count threshold]: Alexandre Dumas - Асканио
2026-08-11 21:00:30.823 -04:00 [DEBUG] Excluded [Series below average or first-book ratings-count threshold]: Alexandre Dumas - La Dame de Monsoreau, Volume 1
2026-08-11 21:00:30.824 -04:00 [DEBUG] Excluded [Series below average or first-book ratings-count threshold]: Alexandre Dumas - Joseph Balsamo
2026-08-11 21:00:30.826 -04:00 [DEBUG] Excluded [Series below average or first-book ratings-count threshold]: Alexandre Dumas - La reine Margot, Tome I
2026-08-11 21:00:30.828 -04:00 [DEBUG] Excluded [Series below average or first-book ratings-count threshold]: Alexandre Dumas - The Two Dianas, Volume 1
2026-08-11 21:00:30.829 -04:00 [DEBUG] Excluded [Series below average or first-book ratings-count threshold]: Alexandre Dumas - The Chevalier D'Harmental
2026-08-11 21:00:30.830 -04:00 [DEBUG] Excluded [Series below average or first-book ratings-count threshold]: Alexandre Dumas - Taking the Bastile
2026-08-11 21:00:30.832 -04:00 [DEBUG] Excluded [Series below average or first-book ratings-count threshold]: Alexandre Dumas - The Knight of Maison-Rouge
2026-08-11 21:00:30.833 -04:00 [DEBUG] Excluded [Series below average or first-book ratings-count threshold]: Alexandre Dumas - The Queen's Necklace
2026-08-11 21:00:30.836 -04:00 [DEBUG] Excluded [Series below average or first-book ratings-count threshold]: Alexandre Dumas - The Last Cavalier: Being the Adventures of Count Sainte-Hermine in the Age of Napoleon
2026-08-11 21:00:30.848 -04:00 [DEBUG] Excluded [Standalone below rating or ratings-count threshold]: Philip K. Dick - ¿Sueñan los androides con ovejas eléctricas? Tomo 1
2026-08-11 21:00:30.850 -04:00 [DEBUG] Excluded [Standalone below rating or ratings-count threshold]: Philip K. Dick - A Maze of Death
2026-08-11 21:00:30.851 -04:00 [DEBUG] Excluded [Standalone below rating or ratings-count threshold]: Philip K. Dick - A Scanner Darkly [Graphic Novel]
2026-08-11 21:00:30.853 -04:00 [DEBUG] Excluded [Standalone below rating or ratings-count threshold]: Philip K. Dick - Adjustment Team
2026-08-11 21:00:30.854 -04:00 [DEBUG] Excluded [Standalone below rating or ratings-count threshold]: Philip K. Dick - Beyond Lies The Wub
2026-08-11 21:00:30.856 -04:00 [DEBUG] Excluded [Standalone below rating or ratings-count threshold]: Philip K. Dick - Beyond the Door
2026-08-11 21:00:30.857 -04:00 [DEBUG] Excluded [Standalone below rating or ratings-count threshold]: Philip K. Dick - Clans of the Alphane Moon
2026-08-11 21:00:30.859 -04:00 [DEBUG] Excluded [Standalone below rating or ratings-count threshold]: Philip K. Dick - Confessions of a Crap Artist
2026-08-11 21:00:30.860 -04:00 [DEBUG] Excluded [Standalone below rating or ratings-count threshold]: Philip K. Dick - Counter-Clock World
2026-08-11 21:00:30.861 -04:00 [DEBUG] Excluded [Standalone below rating or ratings-count threshold]: Philip K. Dick - Deus Irae
2026-08-11 21:00:30.863 -04:00 [DEBUG] Excluded [Standalone below rating or ratings-count threshold]: Philip K. Dick - Dr. Bloodmoney
2026-08-11 21:00:30.864 -04:00 [DEBUG] Excluded [Standalone below rating or ratings-count threshold]: Philip K. Dick - Dr. Futurity
2026-08-11 21:00:30.865 -04:00 [DEBUG] Excluded [Standalone below rating or ratings-count threshold]: Philip K. Dick - Eye in the Sky
2026-08-11 21:00:30.866 -04:00 [DEBUG] Excluded [Standalone below rating or ratings-count threshold]: Philip K. Dick - Five Novels of the 1960s & 70s
2026-08-11 21:00:30.868 -04:00 [DEBUG] Excluded [Standalone below rating or ratings-count threshold]: Philip K. Dick - Flow My Tears, the Policeman Said
2026-08-11 21:00:30.869 -04:00 [DEBUG] Excluded [Standalone below rating or ratings-count threshold]: Philip K. Dick - Galactic Pot-Healer
2026-08-11 21:00:30.870 -04:00 [DEBUG] Excluded [Standalone below rating or ratings-count threshold]: Philip K. Dick - Human Is?: A Philip K. Dick Reader
2026-08-11 21:00:30.872 -04:00 [DEBUG] Excluded [Standalone below rating or ratings-count threshold]: Philip K. Dick - Humpty Dumpty in Oakland
2026-08-11 21:00:30.874 -04:00 [DEBUG] Excluded [Standalone below rating or ratings-count threshold]: Philip K. Dick - I Hope I Shall Arrive Soon
2026-08-11 21:00:30.876 -04:00 [DEBUG] Excluded [Standalone below rating or ratings-count threshold]: Philip K. Dick - Impostor
2026-08-11 21:00:30.877 -04:00 [DEBUG] Excluded [Standalone below rating or ratings-count threshold]: Philip K. Dick - In Milton Lumky Territory
2026-08-11 21:00:30.878 -04:00 [DEBUG] Excluded [Standalone below rating or ratings-count threshold]: Philip K. Dick - Lies, Inc.
2026-08-11 21:00:30.879 -04:00 [DEBUG] Excluded [Standalone below rating or ratings-count threshold]: Philip K. Dick - Martian Time-Slip
2026-08-11 21:00:30.880 -04:00 [DEBUG] Excluded [Standalone below rating or ratings-count threshold]: Philip K. Dick - Mary and the Giant
2026-08-11 21:00:30.882 -04:00 [DEBUG] Excluded [Standalone below rating or ratings-count threshold]: Philip K. Dick - Mr. Spaceship
2026-08-11 21:00:30.885 -04:00 [DEBUG] Excluded [Standalone below rating or ratings-count threshold]: Philip K. Dick - Now Wait for Last Year
2026-08-11 21:00:30.887 -04:00 [DEBUG] Excluded [Standalone below rating or ratings-count threshold]: Philip K. Dick - Our Friends From Frolix 8
2026-08-11 21:00:30.889 -04:00 [DEBUG] Excluded [Standalone below rating or ratings-count threshold]: Philip K. Dick - Paycheck
2026-08-11 21:00:30.891 -04:00 [DEBUG] Excluded [Standalone below rating or ratings-count threshold]: Philip K. Dick - Piper in the Woods: A Collection of Science Fiction
2026-08-11 21:00:30.892 -04:00 [DEBUG] Excluded [Standalone below rating or ratings-count threshold]: Philip K. Dick - Puttering About in a Small Land
2026-08-11 21:00:30.894 -04:00 [DEBUG] Excluded [Standalone below rating or ratings-count threshold]: Philip K. Dick - Radio Free Albemuth
2026-08-11 21:00:30.895 -04:00 [DEBUG] Excluded [Standalone below rating or ratings-count threshold]: Philip K. Dick - Realidades Adaptadas
2026-08-11 21:00:30.897 -04:00 [DEBUG] Excluded [Standalone below rating or ratings-count threshold]: Philip K. Dick - Solar Lottery
2026-08-11 21:00:30.898 -04:00 [DEBUG] Excluded [Standalone below rating or ratings-count threshold]: Philip K. Dick - The Cosmic Puppets
2026-08-11 21:00:30.899 -04:00 [DEBUG] Excluded [Standalone below rating or ratings-count threshold]: Philip K. Dick - The Crack in Space
2026-08-11 21:00:30.901 -04:00 [DEBUG] Excluded [Standalone below rating or ratings-count threshold]: Philip K. Dick - The Crystal Crypt
2026-08-11 21:00:30.902 -04:00 [DEBUG] Excluded [Standalone below rating or ratings-count threshold]: Philip K. Dick - The Defenders
2026-08-11 21:00:30.903 -04:00 [DEBUG] Excluded [Standalone below rating or ratings-count threshold]: Philip K. Dick - The Divine Invasion
2026-08-11 21:00:30.905 -04:00 [DEBUG] Excluded [Standalone below rating or ratings-count threshold]: Philip K. Dick - The Eyes Have It
2026-08-11 21:00:30.906 -04:00 [DEBUG] Excluded [Standalone below rating or ratings-count threshold]: Philip K. Dick - The Game-Players of Titan
2026-08-11 21:00:30.908 -04:00 [DEBUG] Excluded [Standalone below rating or ratings-count threshold]: Philip K. Dick - The Ganymede Takeover
2026-08-11 21:00:30.910 -04:00 [DEBUG] Excluded [Standalone below rating or ratings-count threshold]: Philip K. Dick - The Golden Man
2026-08-11 21:00:30.911 -04:00 [DEBUG] Excluded [Standalone below rating or ratings-count threshold]: Philip K. Dick - The Gun
2026-08-11 21:00:30.912 -04:00 [DEBUG] Excluded [Standalone below rating or ratings-count threshold]: Philip K. Dick - The Hanging Stranger
2026-08-11 21:00:30.913 -04:00 [DEBUG] Excluded [Standalone below rating or ratings-count threshold]: Philip K. Dick - The Man in the High Castle
2026-08-11 21:00:30.915 -04:00 [DEBUG] Excluded [Standalone below rating or ratings-count threshold]: Philip K. Dick - The Man Who Japed
2026-08-11 21:00:30.916 -04:00 [DEBUG] Excluded [Standalone below rating or ratings-count threshold]: Philip K. Dick - The Man Whose Teeth Were All Exactly Alike
2026-08-11 21:00:30.917 -04:00 [DEBUG] Excluded [Standalone below rating or ratings-count threshold]: Philip K. Dick - The Minority Report
2026-08-11 21:00:30.921 -04:00 [DEBUG] Excluded [Standalone below rating or ratings-count threshold]: Philip K. Dick - The Penultimate Truth
2026-08-11 21:00:30.923 -04:00 [DEBUG] Excluded [Standalone below rating or ratings-count threshold]: Philip K. Dick - The Preserving Machine
2026-08-11 21:00:30.925 -04:00 [DEBUG] Excluded [Standalone below rating or ratings-count threshold]: Philip K. Dick - The Simulacra
2026-08-11 21:00:30.926 -04:00 [DEBUG] Excluded [Standalone below rating or ratings-count threshold]: Philip K. Dick - The Skull
2026-08-11 21:00:30.928 -04:00 [DEBUG] Excluded [Standalone below rating or ratings-count threshold]: Philip K. Dick - The Transmigration of Timothy Archer
2026-08-11 21:00:30.929 -04:00 [DEBUG] Excluded [Standalone below rating or ratings-count threshold]: Philip K. Dick - The Unteleported Man
2026-08-11 21:00:30.930 -04:00 [DEBUG] Excluded [Standalone below rating or ratings-count threshold]: Philip K. Dick - The Variable Man
2026-08-11 21:00:30.931 -04:00 [DEBUG] Excluded [Standalone below rating or ratings-count threshold]: Philip K. Dick - The World Jones Made
2026-08-11 21:00:30.933 -04:00 [DEBUG] Excluded [Standalone below rating or ratings-count threshold]: Philip K. Dick - The Zap Gun
2026-08-11 21:00:30.934 -04:00 [DEBUG] Excluded [Standalone below rating or ratings-count threshold]: Philip K. Dick - Time Out of Joint
2026-08-11 21:00:30.935 -04:00 [DEBUG] Excluded [Standalone below rating or ratings-count threshold]: Philip K. Dick - Valis
2026-08-11 21:00:30.936 -04:00 [DEBUG] Excluded [Standalone below rating or ratings-count threshold]: Philip K. Dick - VALIS & Later Novels: A Maze of Death / VALIS / The Divine Invasion / The Transmigration of Timothy Archer
2026-08-11 21:00:30.938 -04:00 [DEBUG] Excluded [Standalone below rating or ratings-count threshold]: Philip K. Dick - Voices From the Street
2026-08-11 21:00:30.940 -04:00 [DEBUG] Excluded [Standalone below rating or ratings-count threshold]: Philip K. Dick - Vulcan's Hammer
2026-08-11 21:00:30.942 -04:00 [DEBUG] Excluded [Standalone below rating or ratings-count threshold]: Philip K. Dick - We Can Build You
2026-08-11 21:00:30.943 -04:00 [DEBUG] Excluded [Standalone below rating or ratings-count threshold]: Philip K. Dick - We Can Remember It for You Wholesale
2026-08-11 21:00:30.949 -04:00 [DEBUG] Excluded [Standalone below rating or ratings-count threshold]: Ken Liu - If a Digitized Tree Falls
2026-08-11 21:00:30.951 -04:00 [DEBUG] Excluded [Standalone below rating or ratings-count threshold]: Ken Liu - Jardins de poussière
2026-08-11 21:00:30.952 -04:00 [DEBUG] Excluded [Standalone below rating or ratings-count threshold]: Ken Liu - Le Regard
2026-08-11 21:00:30.954 -04:00 [DEBUG] Excluded [Standalone below rating or ratings-count threshold]: Ken Liu - Mono no Aware e altre storie
2026-08-11 21:00:30.955 -04:00 [DEBUG] Excluded [Standalone below rating or ratings-count threshold]: Ken Liu - Seven Birthdays
2026-08-11 21:00:30.957 -04:00 [DEBUG] Excluded [Standalone below rating or ratings-count threshold]: Ken Liu - Single-Bit Error
2026-08-11 21:00:30.959 -04:00 [DEBUG] Excluded [Standalone below rating or ratings-count threshold]: Ken Liu - Star Wars: The Legends of Luke Skywalker
2026-08-11 21:00:30.960 -04:00 [DEBUG] Excluded [Standalone below rating or ratings-count threshold]: Ken Liu - Staying Behind
2026-08-11 21:00:30.961 -04:00 [DEBUG] Excluded [Standalone below rating or ratings-count threshold]: Ken Liu - The Armies of Those I Love
2026-08-11 21:00:30.962 -04:00 [DEBUG] Excluded [Standalone below rating or ratings-count threshold]: Ken Liu - The Cleaners
2026-08-11 21:00:30.964 -04:00 [DEBUG] Excluded [Standalone below rating or ratings-count threshold]: Ken Liu - The Hidden Girl and Other Stories
2026-08-11 21:00:30.965 -04:00 [DEBUG] Excluded [Standalone below rating or ratings-count threshold]: Ken Liu - The Passing of the Dragon
2026-08-11 21:00:30.967 -04:00 [DEBUG] Excluded [Standalone below rating or ratings-count threshold]: Ken Liu - The Plague
2026-08-11 21:00:30.968 -04:00 [DEBUG] Excluded [Standalone below rating or ratings-count threshold]: Ken Liu - Toutes les saveurs
2026-08-11 21:00:30.969 -04:00 [DEBUG] Excluded [Standalone below rating or ratings-count threshold]: Ken Liu - 爱的算法
2026-08-11 21:00:30.974 -04:00 [DEBUG] Excluded [Series below average or first-book ratings-count threshold]: Ken Liu - All That We See or Seem
2026-08-11 21:00:30.976 -04:00 [DEBUG] Excluded [Series below average or first-book ratings-count threshold]: Ken Liu - Reborn
2026-08-11 21:00:30.979 -04:00 [DEBUG] Excluded [Standalone below rating or ratings-count threshold]: James Clavell - Escape: The Love Story from Whirlwind
2026-08-11 21:00:30.981 -04:00 [DEBUG] Excluded [Standalone below rating or ratings-count threshold]: James Clavell - King Rat, Tai-Pan, Shogun
2026-08-11 21:00:30.983 -04:00 [DEBUG] Excluded [Standalone below rating or ratings-count threshold]: James Clavell - Shogun, ­Tai-Pan, Gai-jin
2026-08-11 21:00:30.984 -04:00 [DEBUG] Excluded [Standalone below rating or ratings-count threshold]: James Clavell - Гай-джин, том 1
2026-08-11 21:00:30.994 -04:00 [DEBUG] Excluded [Standalone below rating or ratings-count threshold]: Jim Butcher - Spider-Man: The Darkest Hours
2026-08-11 21:00:31.014 -04:00 [DEBUG] Excluded [Standalone below rating or ratings-count threshold]: Isaac Asimov - A Short History of Chemistry
2026-08-11 21:00:31.015 -04:00 [DEBUG] Excluded [Standalone below rating or ratings-count threshold]: Isaac Asimov - Asimov on Numbers
2026-08-11 21:00:31.017 -04:00 [DEBUG] Excluded [Standalone below rating or ratings-count threshold]: Isaac Asimov - Asimov's Guide to Shakespeare, Vols. 1-2
2026-08-11 21:00:31.018 -04:00 [DEBUG] Excluded [Standalone below rating or ratings-count threshold]: Isaac Asimov - Asimov's Mysteries
2026-08-11 21:00:31.019 -04:00 [DEBUG] Excluded [Standalone below rating or ratings-count threshold]: Isaac Asimov - Asimov's New Guide To Science
2026-08-11 21:00:31.020 -04:00 [DEBUG] Excluded [Standalone below rating or ratings-count threshold]: Isaac Asimov - Azazel
2026-08-11 21:00:31.022 -04:00 [DEBUG] Excluded [Standalone below rating or ratings-count threshold]: Isaac Asimov - Buy Jupiter and other stories
2026-08-11 21:00:31.024 -04:00 [DEBUG] Excluded [Standalone below rating or ratings-count threshold]: Isaac Asimov - Constantinople: The Forgotten Empire
2026-08-11 21:00:31.025 -04:00 [DEBUG] Excluded [Standalone below rating or ratings-count threshold]: Isaac Asimov - Extraterrestrial Civilizations
2026-08-11 21:00:31.026 -04:00 [DEBUG] Excluded [Standalone below rating or ratings-count threshold]: Isaac Asimov - Fantastic Voyage
2026-08-11 21:00:31.028 -04:00 [DEBUG] Excluded [Standalone below rating or ratings-count threshold]: Isaac Asimov - Fantastic Voyage II: Destination Brain
2026-08-11 21:00:31.029 -04:00 [DEBUG] Excluded [Standalone below rating or ratings-count threshold]: Isaac Asimov - Gold: The Final Science Fiction Collection
2026-08-11 21:00:31.030 -04:00 [DEBUG] Excluded [Standalone below rating or ratings-count threshold]: Isaac Asimov - I, Robot / Robots and Empire
2026-08-11 21:00:31.031 -04:00 [DEBUG] Excluded [Standalone below rating or ratings-count threshold]: Isaac Asimov - Isaac Asimov's Guide to Earth and Space
2026-08-11 21:00:31.033 -04:00 [DEBUG] Excluded [Standalone below rating or ratings-count threshold]: Isaac Asimov - Momentos estelares de la ciencia
2026-08-11 21:00:31.034 -04:00 [DEBUG] Excluded [Standalone below rating or ratings-count threshold]: Isaac Asimov - Murder at the ABA
2026-08-11 21:00:31.036 -04:00 [DEBUG] Excluded [Standalone below rating or ratings-count threshold]: Isaac Asimov - Nemesis
2026-08-11 21:00:31.037 -04:00 [DEBUG] Excluded [Standalone below rating or ratings-count threshold]: Isaac Asimov - Robbie
2026-08-11 21:00:31.039 -04:00 [DEBUG] Excluded [Standalone below rating or ratings-count threshold]: Isaac Asimov - The Collapsing Universe: the Story of Black Holes
2026-08-11 21:00:31.040 -04:00 [DEBUG] Excluded [Standalone below rating or ratings-count threshold]: Isaac Asimov - The Early Asimov: Book One
2026-08-11 21:00:31.044 -04:00 [DEBUG] Excluded [Standalone below rating or ratings-count threshold]: Isaac Asimov - The Land of Canaan
2026-08-11 21:00:31.046 -04:00 [DEBUG] Excluded [Standalone below rating or ratings-count threshold]: Isaac Asimov - The Mule: From Foundation and Empire
2026-08-11 21:00:31.047 -04:00 [DEBUG] Excluded [Standalone below rating or ratings-count threshold]: Isaac Asimov - The Near East: 10,000 Years of History
2026-08-11 21:00:31.049 -04:00 [DEBUG] Excluded [Standalone below rating or ratings-count threshold]: Isaac Asimov - The Ugly Little Boy
2026-08-11 21:00:31.050 -04:00 [DEBUG] Excluded [Standalone below rating or ratings-count threshold]: Isaac Asimov - The Union Club Mysteries
2026-08-11 21:00:31.051 -04:00 [DEBUG] Excluded [Standalone below rating or ratings-count threshold]: Isaac Asimov - The Universe: From Flat Earth to Quasar
2026-08-11 21:00:31.052 -04:00 [DEBUG] Excluded [Standalone below rating or ratings-count threshold]: Isaac Asimov - The Winds of Change and Other Stories
2026-08-11 21:00:31.054 -04:00 [DEBUG] Excluded [Standalone below rating or ratings-count threshold]: Isaac Asimov - Understanding Physics
2026-08-11 21:00:31.056 -04:00 [DEBUG] Excluded [Standalone below rating or ratings-count threshold]: Isaac Asimov - Youth
2026-08-11 21:00:31.062 -04:00 [DEBUG] Excluded [Series below average or first-book ratings-count threshold]: Isaac Asimov - Pebble in the Sky
2026-08-11 21:00:31.066 -04:00 [DEBUG] Excluded [Series below average or first-book ratings-count threshold]: Isaac Asimov - The Currents of Space
2026-08-11 21:00:31.067 -04:00 [DEBUG] Excluded [Series below average or first-book ratings-count threshold]: Isaac Asimov - The Stars, Like Dust
2026-08-11 21:00:31.069 -04:00 [DEBUG] Excluded [Series below average or first-book ratings-count threshold]: Isaac Asimov - Lucky Starr and the Big Sun of Mercury
2026-08-11 21:00:31.070 -04:00 [DEBUG] Excluded [Series below average or first-book ratings-count threshold]: Isaac Asimov - Lucky Starr and the Moons of Jupiter
2026-08-11 21:00:31.071 -04:00 [DEBUG] Excluded [Series below average or first-book ratings-count threshold]: Isaac Asimov - Lucky Starr and the Pirates of the Asteroids
2026-08-11 21:00:31.076 -04:00 [DEBUG] Excluded [Standalone below rating or ratings-count threshold]: Samantha Shannon - Decyzja
2026-08-11 21:00:31.077 -04:00 [DEBUG] Excluded [Standalone below rating or ratings-count threshold]: Samantha Shannon - On the Merits of Unnaturalness
2026-08-11 21:00:31.096 -04:00 [DEBUG] Excluded [Standalone below rating or ratings-count threshold]: Arthur Conan Doyle - Adventure of the Abbey Grange - a Sherlock Holmes Short Story
2026-08-11 21:00:31.097 -04:00 [DEBUG] Excluded [Standalone below rating or ratings-count threshold]: Arthur Conan Doyle - Adventure of the Creeping Man
2026-08-11 21:00:31.099 -04:00 [DEBUG] Excluded [Standalone below rating or ratings-count threshold]: Arthur Conan Doyle - Lot No. 249
2026-08-11 21:00:31.100 -04:00 [DEBUG] Excluded [Standalone below rating or ratings-count threshold]: Arthur Conan Doyle - Sherlock Holmes: Selected Stories
2026-08-11 21:00:31.102 -04:00 [DEBUG] Excluded [Standalone below rating or ratings-count threshold]: Arthur Conan Doyle - Sir Nigel
2026-08-11 21:00:31.103 -04:00 [DEBUG] Excluded [Standalone below rating or ratings-count threshold]: Arthur Conan Doyle - Tales of Terror and Mystery
2026-08-11 21:00:31.105 -04:00 [DEBUG] Excluded [Standalone below rating or ratings-count threshold]: Arthur Conan Doyle - Tales of Unease
2026-08-11 21:00:31.107 -04:00 [DEBUG] Excluded [Standalone below rating or ratings-count threshold]: Arthur Conan Doyle - The Adventure of the Bruce-Partington Plans - a Sherlock Holmes Short Story
2026-08-11 21:00:31.108 -04:00 [DEBUG] Excluded [Standalone below rating or ratings-count threshold]: Arthur Conan Doyle - The Adventure of the Cardboard Box: A Sherlock Holmes Short Story
2026-08-11 21:00:31.109 -04:00 [DEBUG] Excluded [Standalone below rating or ratings-count threshold]: Arthur Conan Doyle - The Adventure of the Dancing Men
2026-08-11 21:00:31.111 -04:00 [DEBUG] Excluded [Standalone below rating or ratings-count threshold]: Arthur Conan Doyle - The Adventure of the Devil's Foot
2026-08-11 21:00:31.112 -04:00 [DEBUG] Excluded [Standalone below rating or ratings-count threshold]: Arthur Conan Doyle - The Adventure of the Engineer's Thumb and Other Cases
2026-08-11 21:00:31.114 -04:00 [DEBUG] Excluded [Standalone below rating or ratings-count threshold]: Arthur Conan Doyle - The Adventure of the Gloria Scott (Annotated) - a Sherlock Holmes short story
2026-08-11 21:00:31.115 -04:00 [DEBUG] Excluded [Standalone below rating or ratings-count threshold]: Arthur Conan Doyle - The Adventure of the Golden Pince-Nez - a Sherlock Holmes Short Story
2026-08-11 21:00:31.116 -04:00 [DEBUG] Excluded [Standalone below rating or ratings-count threshold]: Arthur Conan Doyle - The Adventure of the Illustrious Client
2026-08-11 21:00:31.117 -04:00 [DEBUG] Excluded [Standalone below rating or ratings-count threshold]: Arthur Conan Doyle - The Adventure of the Lion's Mane
2026-08-11 21:00:31.119 -04:00 [DEBUG] Excluded [Standalone below rating or ratings-count threshold]: Arthur Conan Doyle - The Adventure of the Mazarin Stone
2026-08-11 21:00:31.120 -04:00 [DEBUG] Excluded [Standalone below rating or ratings-count threshold]: Arthur Conan Doyle - The Adventure of the Priory School - a Sherlock Holmes Short Story
2026-08-11 21:00:31.121 -04:00 [DEBUG] Excluded [Standalone below rating or ratings-count threshold]: Arthur Conan Doyle - The Adventure of the Red Circle - a Sherlock Holmes Short Story
2026-08-11 21:00:31.123 -04:00 [DEBUG] Excluded [Standalone below rating or ratings-count threshold]: Arthur Conan Doyle - The Adventure of the Red-Headed League (The Graphic Novel Adventures of Sherlock Holmes)
2026-08-11 21:00:31.125 -04:00 [DEBUG] Excluded [Standalone below rating or ratings-count threshold]: Arthur Conan Doyle - The Adventure of the Resident Patient
2026-08-11 21:00:31.128 -04:00 [DEBUG] Excluded [Standalone below rating or ratings-count threshold]: Arthur Conan Doyle - The Adventure of the Retired Colourman
2026-08-11 21:00:31.130 -04:00 [DEBUG] Excluded [Standalone below rating or ratings-count threshold]: Arthur Conan Doyle - The Adventure of The Second Stain - a Sherlock Holmes Short Story
2026-08-11 21:00:31.132 -04:00 [DEBUG] Excluded [Standalone below rating or ratings-count threshold]: Arthur Conan Doyle - The Adventure of the Six Napoleons and Other Cases
2026-08-11 21:00:31.133 -04:00 [DEBUG] Excluded [Standalone below rating or ratings-count threshold]: Arthur Conan Doyle - The Adventure of the Solitary Cyclist - a Sherlock Holmes Short Story
2026-08-11 21:00:31.134 -04:00 [DEBUG] Excluded [Standalone below rating or ratings-count threshold]: Arthur Conan Doyle - The Adventure of the Speckled Band and Other Stories of Sherlock Holmes
2026-08-11 21:00:31.135 -04:00 [DEBUG] Excluded [Standalone below rating or ratings-count threshold]: Arthur Conan Doyle - The Adventure of the Sussex Vampire
2026-08-11 21:00:31.136 -04:00 [DEBUG] Excluded [Standalone below rating or ratings-count threshold]: Arthur Conan Doyle - The Adventure of the Three Garridebs
2026-08-11 21:00:31.138 -04:00 [DEBUG] Excluded [Standalone below rating or ratings-count threshold]: Arthur Conan Doyle - The Adventure of the Veiled Lodger
2026-08-11 21:00:31.140 -04:00 [DEBUG] Excluded [Standalone below rating or ratings-count threshold]: Arthur Conan Doyle - The Adventure of Wisteria Lodge - a Sherlock Holmes Short Story
2026-08-11 21:00:31.142 -04:00 [DEBUG] Excluded [Standalone below rating or ratings-count threshold]: Arthur Conan Doyle - The Boscombe Valley Mystery: A Sherlock Holmes Short Story
2026-08-11 21:00:31.143 -04:00 [DEBUG] Excluded [Standalone below rating or ratings-count threshold]: Arthur Conan Doyle - The Brazilian Cat
2026-08-11 21:00:31.145 -04:00 [DEBUG] Excluded [Standalone below rating or ratings-count threshold]: Arthur Conan Doyle - The Complete Sherlock Holmes Short Stories - Unabridged - The Adventures of Sherlock Holmes, the Memoirs of Sherlock Holmes, the Return of Sherlock Ho
2026-08-11 21:00:31.146 -04:00 [DEBUG] Excluded [Standalone below rating or ratings-count threshold]: Arthur Conan Doyle - The Disappearance of Lady Frances Carfax - a Sherlock Holmes Short Story
2026-08-11 21:00:31.147 -04:00 [DEBUG] Excluded [Standalone below rating or ratings-count threshold]: Arthur Conan Doyle - The Exploits and Adventures of Brigadier Gerard
2026-08-11 21:00:31.149 -04:00 [DEBUG] Excluded [Standalone below rating or ratings-count threshold]: Arthur Conan Doyle - The Five Orange Pips and Other Cases
2026-08-11 21:00:31.150 -04:00 [DEBUG] Excluded [Standalone below rating or ratings-count threshold]: Arthur Conan Doyle - The Lost World & Other Stories
2026-08-11 21:00:31.151 -04:00 [DEBUG] Excluded [Standalone below rating or ratings-count threshold]: Arthur Conan Doyle - The Man with the Twisted Lip
2026-08-11 21:00:31.153 -04:00 [DEBUG] Excluded [Standalone below rating or ratings-count threshold]: Arthur Conan Doyle - The Maracot Deep
2026-08-11 21:00:31.154 -04:00 [DEBUG] Excluded [Standalone below rating or ratings-count threshold]: Arthur Conan Doyle - The Mystery of Cloomber
2026-08-11 21:00:31.155 -04:00 [DEBUG] Excluded [Standalone below rating or ratings-count threshold]: Arthur Conan Doyle - The Naval Treaty - a Sherlock Holmes Short Story
2026-08-11 21:00:31.157 -04:00 [DEBUG] Excluded [Standalone below rating or ratings-count threshold]: Arthur Conan Doyle - The Parasite
2026-08-11 21:00:31.159 -04:00 [DEBUG] Excluded [Standalone below rating or ratings-count threshold]: Arthur Conan Doyle - The Problem of Thor Bridge
2026-08-11 21:00:31.160 -04:00 [DEBUG] Excluded [Standalone below rating or ratings-count threshold]: Arthur Conan Doyle - The Sherlock Holmes Mysteries
2026-08-11 21:00:31.164 -04:00 [DEBUG] Excluded [Standalone below rating or ratings-count threshold]: Arthur Conan Doyle - The White Company
2026-08-11 21:00:31.169 -04:00 [DEBUG] Excluded [Series below average or first-book ratings-count threshold]: Arthur Conan Doyle - Um Estudo em Vermelho / Os Sete Mistérios
2026-08-11 21:00:31.171 -04:00 [DEBUG] Excluded [Series below average or first-book ratings-count threshold]: Arthur Conan Doyle - The Lost World
2026-08-11 21:00:31.172 -04:00 [DEBUG] Excluded [Series below average or first-book ratings-count threshold]: Arthur Conan Doyle - The Poison Belt
2026-08-11 21:00:31.174 -04:00 [DEBUG] Excluded [Series below average or first-book ratings-count threshold]: Arthur Conan Doyle - A Case of Identity - a Sherlock Holmes Short Story
2026-08-11 21:00:31.176 -04:00 [DEBUG] Excluded [Series below average or first-book ratings-count threshold]: Arthur Conan Doyle - The Adventure of the Beryl Coronet - a Sherlock Holmes Short Story
2026-08-11 21:00:31.177 -04:00 [DEBUG] Excluded [Series below average or first-book ratings-count threshold]: Arthur Conan Doyle - The Adventure of the Blue Carbuncle - a Sherlock Holmes Short Story
2026-08-11 21:00:31.178 -04:00 [DEBUG] Excluded [Series below average or first-book ratings-count threshold]: Arthur Conan Doyle - The Adventure of the Copper Beeches: A Sherlock Holmes Short Story
2026-08-11 21:00:31.179 -04:00 [DEBUG] Excluded [Series below average or first-book ratings-count threshold]: Arthur Conan Doyle - The Adventure of the Noble Bachelor
2026-08-11 21:00:31.181 -04:00 [DEBUG] Excluded [Series below average or first-book ratings-count threshold]: Arthur Conan Doyle - The Five Orange Pips
2026-08-11 21:00:31.182 -04:00 [DEBUG] Excluded [Series below average or first-book ratings-count threshold]: Arthur Conan Doyle - The Man with the Twisted Lip - a Sherlock Holmes Short Story
2026-08-11 21:00:31.183 -04:00 [DEBUG] Excluded [Series below average or first-book ratings-count threshold]: Arthur Conan Doyle - The Red-Headed League - a Sherlock Holmes Short Story
2026-08-11 21:00:31.184 -04:00 [DEBUG] Excluded [Series below average or first-book ratings-count threshold]: Arthur Conan Doyle - Un escándalo en Bohemia
2026-08-11 21:00:31.190 -04:00 [DEBUG] Excluded [Standalone below rating or ratings-count threshold]: Susanna Clarke - Jonathan Strange & Mr Norrell
2026-08-11 21:00:31.192 -04:00 [DEBUG] Excluded [Standalone below rating or ratings-count threshold]: Susanna Clarke - Jonathan Strange & Mr. Norrell, Jilid I
2026-08-11 21:00:31.193 -04:00 [DEBUG] Excluded [Standalone below rating or ratings-count threshold]: Susanna Clarke - Jonathan Strange & Mr. Norrell, Jilid II
2026-08-11 21:00:31.194 -04:00 [DEBUG] Excluded [Standalone below rating or ratings-count threshold]: Susanna Clarke - Jonathan Strange & Mr. Norrell, Jilid III
2026-08-11 21:00:31.195 -04:00 [DEBUG] Excluded [Standalone below rating or ratings-count threshold]: Susanna Clarke - The Ladies of Grace Adieu and Other Stories
2026-08-11 21:00:31.197 -04:00 [DEBUG] Excluded [Standalone below rating or ratings-count threshold]: Susanna Clarke - The Wood at Midwinter
2026-08-11 21:00:31.198 -04:00 [DEBUG] Excluded [Standalone below rating or ratings-count threshold]: Susanna Clarke - 英倫魔法師【上卷】
2026-08-11 21:00:31.201 -04:00 [DEBUG] Excluded [Standalone below rating or ratings-count threshold]: Susanna Clarke - 英倫魔法師【下卷】
2026-08-11 21:00:31.205 -04:00 [DEBUG] Excluded [Standalone below rating or ratings-count threshold]: Blake Crouch - *69
2026-08-11 21:00:31.207 -04:00 [DEBUG] Excluded [Standalone below rating or ratings-count threshold]: Blake Crouch - Abandon
2026-08-11 21:00:31.209 -04:00 [DEBUG] Excluded [Standalone below rating or ratings-count threshold]: Blake Crouch - Bad Girl
2026-08-11 21:00:31.210 -04:00 [DEBUG] Excluded [Standalone below rating or ratings-count threshold]: Blake Crouch - Birds of Prey
2026-08-11 21:00:31.214 -04:00 [DEBUG] Excluded [Standalone below rating or ratings-count threshold]: Blake Crouch - Draculas
2026-08-11 21:00:31.215 -04:00 [DEBUG] Excluded [Standalone below rating or ratings-count threshold]: Blake Crouch - Eerie
2026-08-11 21:00:31.217 -04:00 [DEBUG] Excluded [Standalone below rating or ratings-count threshold]: Blake Crouch - Famous
2026-08-11 21:00:31.218 -04:00 [DEBUG] Excluded [Standalone below rating or ratings-count threshold]: Blake Crouch - Fully Loaded Thrillers: The Complete and Collected Stories of Blake Crouch
2026-08-11 21:00:31.219 -04:00 [DEBUG] Excluded [Standalone below rating or ratings-count threshold]: Blake Crouch - Good Behavior
2026-08-11 21:00:31.221 -04:00 [DEBUG] Excluded [Standalone below rating or ratings-count threshold]: Blake Crouch - Killers
2026-08-11 21:00:31.223 -04:00 [DEBUG] Excluded [Standalone below rating or ratings-count threshold]: Blake Crouch - Perfect Little Town
2026-08-11 21:00:31.225 -04:00 [DEBUG] Excluded [Standalone below rating or ratings-count threshold]: Blake Crouch - Run
2026-08-11 21:00:31.226 -04:00 [DEBUG] Excluded [Standalone below rating or ratings-count threshold]: Blake Crouch - Shining Rock
2026-08-11 21:00:31.228 -04:00 [DEBUG] Excluded [Standalone below rating or ratings-count threshold]: Blake Crouch - Snowbound
2026-08-11 21:00:31.229 -04:00 [DEBUG] Excluded [Standalone below rating or ratings-count threshold]: Blake Crouch - Sunset Key
2026-08-11 21:00:31.231 -04:00 [DEBUG] Excluded [Standalone below rating or ratings-count threshold]: Blake Crouch - Thicker Than Blood
2026-08-11 21:00:31.232 -04:00 [DEBUG] Excluded [Standalone below rating or ratings-count threshold]: Blake Crouch - Unconditional
2026-08-11 21:00:31.234 -04:00 [DEBUG] Excluded [Standalone below rating or ratings-count threshold]: Blake Crouch - Upgrade
2026-08-11 21:00:31.236 -04:00 [DEBUG] Excluded [Series below average or first-book ratings-count threshold]: Blake Crouch - Break You
2026-08-11 21:00:31.237 -04:00 [DEBUG] Excluded [Series below average or first-book ratings-count threshold]: Blake Crouch - Desert Places
2026-08-11 21:00:31.239 -04:00 [DEBUG] Excluded [Series below average or first-book ratings-count threshold]: Blake Crouch - Locked Doors
2026-08-11 21:00:31.245 -04:00 [DEBUG] Excluded [Standalone below rating or ratings-count threshold]: Guy Gavriel Kay - Beyond This Dark House
2026-08-11 21:00:31.247 -04:00 [DEBUG] Excluded [Standalone below rating or ratings-count threshold]: Guy Gavriel Kay - Das Komplott
2026-08-11 21:00:31.248 -04:00 [DEBUG] Excluded [Standalone below rating or ratings-count threshold]: Guy Gavriel Kay - Das Mosaik
2026-08-11 21:00:31.250 -04:00 [DEBUG] Excluded [Standalone below rating or ratings-count threshold]: Guy Gavriel Kay - Der neunte Wagenlenker
2026-08-11 21:00:31.251 -04:00 [DEBUG] Excluded [Standalone below rating or ratings-count threshold]: Guy Gavriel Kay - The Last Light of the Sun
2026-08-11 21:00:31.252 -04:00 [DEBUG] Excluded [Standalone below rating or ratings-count threshold]: Guy Gavriel Kay - Three Novels
2026-08-11 21:00:31.254 -04:00 [DEBUG] Excluded [Standalone below rating or ratings-count threshold]: Guy Gavriel Kay - Under Heaven / Ysabel / Sailing to Sarantium / The Last Light of the Sun / Lord of Emperors
2026-08-11 21:00:31.256 -04:00 [DEBUG] Excluded [Standalone below rating or ratings-count threshold]: Guy Gavriel Kay - Ysabel
2026-08-11 21:00:31.259 -04:00 [DEBUG] Excluded [Series below average or first-book ratings-count threshold]: Guy Gavriel Kay - A Lâmina na Alma
2026-08-11 21:00:31.260 -04:00 [DEBUG] Excluded [Series below average or first-book ratings-count threshold]: Guy Gavriel Kay - A Voz da Vingança
2026-08-11 21:00:31.279 -04:00 [DEBUG] Excluded [Standalone below rating or ratings-count threshold]: Agatha Christie - A Deadly Affair
2026-08-11 21:00:31.281 -04:00 [DEBUG] Excluded [Standalone below rating or ratings-count threshold]: Agatha Christie - And Then There Were None and Selected Plays
2026-08-11 21:00:31.283 -04:00 [DEBUG] Excluded [Standalone below rating or ratings-count threshold]: Agatha Christie - Autumn Chills
2026-08-11 21:00:31.286 -04:00 [DEBUG] Excluded [Standalone below rating or ratings-count threshold]: Agatha Christie - Death Comes as the End
2026-08-11 21:00:31.287 -04:00 [DEBUG] Excluded [Standalone below rating or ratings-count threshold]: Agatha Christie - Destination Unknown
2026-08-11 21:00:31.289 -04:00 [DEBUG] Excluded [Standalone below rating or ratings-count threshold]: Agatha Christie - Endless Night
2026-08-11 21:00:31.291 -04:00 [DEBUG] Excluded [Standalone below rating or ratings-count threshold]: Agatha Christie - Four and Twenty Blackbirds
2026-08-11 21:00:31.292 -04:00 [DEBUG] Excluded [Standalone below rating or ratings-count threshold]: Agatha Christie - Marple: Twelve New Mysteries
2026-08-11 21:00:31.294 -04:00 [DEBUG] Excluded [Standalone below rating or ratings-count threshold]: Agatha Christie - Midsummer Mysteries: Tales from the Queen of Mystery
2026-08-11 21:00:31.295 -04:00 [DEBUG] Excluded [Standalone below rating or ratings-count threshold]: Agatha Christie - Midwinter Murder: Fireside Tales from the Queen of Mystery
2026-08-11 21:00:31.296 -04:00 [DEBUG] Excluded [Standalone below rating or ratings-count threshold]: Agatha Christie - Ordeal by Innocence
2026-08-11 21:00:31.298 -04:00 [DEBUG] Excluded [Standalone below rating or ratings-count threshold]: Agatha Christie - Parker Pyne Investigates
2026-08-11 21:00:31.299 -04:00 [DEBUG] Excluded [Standalone below rating or ratings-count threshold]: Agatha Christie - Passenger to Frankfurt
2026-08-11 21:00:31.300 -04:00 [DEBUG] Excluded [Standalone below rating or ratings-count threshold]: Agatha Christie - Philomel Cottage: an Agatha Christie Short Story
2026-08-11 21:00:31.301 -04:00 [DEBUG] Excluded [Standalone below rating or ratings-count threshold]: Agatha Christie - Problem at Pollensa Bay and Other Stories
2026-08-11 21:00:31.303 -04:00 [DEBUG] Excluded [Standalone below rating or ratings-count threshold]: Agatha Christie - Sinister Spring
2026-08-11 21:00:31.304 -04:00 [DEBUG] Excluded [Standalone below rating or ratings-count threshold]: Agatha Christie - The Adventure of the Cheap Flat: a Hercule Poirot Short Story
2026-08-11 21:00:31.306 -04:00 [DEBUG] Excluded [Standalone below rating or ratings-count threshold]: Agatha Christie - The Bloodstained Pavement: a Miss Marple Short Story
2026-08-11 21:00:31.309 -04:00 [DEBUG] Excluded [Standalone below rating or ratings-count threshold]: Agatha Christie - The Case of the Discontented Soldier - a Parker Pyne Short Story
2026-08-11 21:00:31.311 -04:00 [DEBUG] Excluded [Standalone below rating or ratings-count threshold]: Agatha Christie - The Harlequin Tea Set and Other Stories
2026-08-11 21:00:31.312 -04:00 [DEBUG] Excluded [Standalone below rating or ratings-count threshold]: Agatha Christie - The Hound of Death and Other Stories
2026-08-11 21:00:31.314 -04:00 [DEBUG] Excluded [Standalone below rating or ratings-count threshold]: Agatha Christie - The Last Séance: Tales of the Supernatural
2026-08-11 21:00:31.315 -04:00 [DEBUG] Excluded [Standalone below rating or ratings-count threshold]: Agatha Christie - The Listerdale Mystery and Eleven Other Stories
2026-08-11 21:00:31.317 -04:00 [DEBUG] Excluded [Standalone below rating or ratings-count threshold]: Agatha Christie - The Mousetrap: A Play
2026-08-11 21:00:31.319 -04:00 [DEBUG] Excluded [Standalone below rating or ratings-count threshold]: Agatha Christie - The Mysterious Mr. Quin
2026-08-11 21:00:31.324 -04:00 [DEBUG] Excluded [Standalone below rating or ratings-count threshold]: Agatha Christie - The Mystery of the Blue Jar: An Agatha Christie Short Story
2026-08-11 21:00:31.326 -04:00 [DEBUG] Excluded [Standalone below rating or ratings-count threshold]: Agatha Christie - The Regatta Mystery and Other Stories
2026-08-11 21:00:31.327 -04:00 [DEBUG] Excluded [Standalone below rating or ratings-count threshold]: Agatha Christie - The Sittaford Mystery
2026-08-11 21:00:31.329 -04:00 [DEBUG] Excluded [Standalone below rating or ratings-count threshold]: Agatha Christie - The Unexpected Guest: A Play In Two Acts
2026-08-11 21:00:31.330 -04:00 [DEBUG] Excluded [Standalone below rating or ratings-count threshold]: Agatha Christie - The Veiled Lady: a Hercule Poirot Short Story
2026-08-11 21:00:31.331 -04:00 [DEBUG] Excluded [Standalone below rating or ratings-count threshold]: Agatha Christie - The Witness for the Prosecution and Other Stories
2026-08-11 21:00:31.333 -04:00 [DEBUG] Excluded [Standalone below rating or ratings-count threshold]: Agatha Christie - They Came to Baghdad
2026-08-11 21:00:31.334 -04:00 [DEBUG] Excluded [Standalone below rating or ratings-count threshold]: Agatha Christie - Three Blind Mice: A Novella
2026-08-11 21:00:31.335 -04:00 [DEBUG] Excluded [Standalone below rating or ratings-count threshold]: Agatha Christie - Three Miss Marple Mysteries: The Murder at the Vicarage / The Body in the Library / The Moving Finger
2026-08-11 21:00:31.337 -04:00 [DEBUG] Excluded [Standalone below rating or ratings-count threshold]: Agatha Christie - Why Didn't They Ask Evans?
2026-08-11 21:00:31.338 -04:00 [DEBUG] Excluded [Standalone below rating or ratings-count threshold]: Agatha Christie - الحادث
2026-08-11 21:00:31.353 -04:00 [DEBUG] Excluded [Series below average or first-book ratings-count threshold]: Agatha Christie - The Pale Horse
2026-08-11 21:00:31.354 -04:00 [DEBUG] Excluded [Series below average or first-book ratings-count threshold]: Agatha Christie - Sparkling Cyanide
2026-08-11 21:00:31.358 -04:00 [DEBUG] Excluded [Series below average or first-book ratings-count threshold]: Agatha Christie - The Man in the Brown Suit
2026-08-11 21:00:31.360 -04:00 [DEBUG] Excluded [Series below average or first-book ratings-count threshold]: Agatha Christie - The Coming of Mr. Quin - a Harley Quin Short Story
2026-08-11 21:00:31.364 -04:00 [DEBUG] Excluded [Series below average or first-book ratings-count threshold]: Agatha Christie - Double Sin
2026-08-11 21:00:31.365 -04:00 [DEBUG] Excluded [Series below average or first-book ratings-count threshold]: Agatha Christie - The Lemesurier Inheritance
2026-08-11 21:00:31.368 -04:00 [DEBUG] Excluded [Series below average or first-book ratings-count threshold]: Agatha Christie - Murder Is Easy
2026-08-11 21:00:31.369 -04:00 [DEBUG] Excluded [Series below average or first-book ratings-count threshold]: Agatha Christie - The Secret of Chimneys
2026-08-11 21:00:31.370 -04:00 [DEBUG] Excluded [Series below average or first-book ratings-count threshold]: Agatha Christie - The Seven Dials Mystery
2026-08-11 21:00:31.372 -04:00 [DEBUG] Excluded [Series below average or first-book ratings-count threshold]: Agatha Christie - Towards Zero
2026-08-11 21:00:31.374 -04:00 [DEBUG] Excluded [Series below average or first-book ratings-count threshold]: Agatha Christie - By the Pricking of My Thumbs
2026-08-11 21:00:31.375 -04:00 [DEBUG] Excluded [Series below average or first-book ratings-count threshold]: Agatha Christie - N or M?
2026-08-11 21:00:31.379 -04:00 [DEBUG] Excluded [Series below average or first-book ratings-count threshold]: Agatha Christie - Partners in Crime
2026-08-11 21:00:31.380 -04:00 [DEBUG] Excluded [Series below average or first-book ratings-count threshold]: Agatha Christie - Postern of Fate
2026-08-11 21:00:31.381 -04:00 [DEBUG] Excluded [Series below average or first-book ratings-count threshold]: Agatha Christie - The Secret Adversary
2026-08-11 21:00:31.385 -04:00 [DEBUG] Excluded [Standalone below rating or ratings-count threshold]: Andrzej Sapkowski - Coś się kończy, coś się zaczyna
2026-08-11 21:00:31.386 -04:00 [DEBUG] Excluded [Standalone below rating or ratings-count threshold]: Andrzej Sapkowski - Droga, z której się nie wraca
2026-08-11 21:00:31.388 -04:00 [DEBUG] Excluded [Standalone below rating or ratings-count threshold]: Andrzej Sapkowski - Świat Króla Artura. Maladie
2026-08-11 21:00:31.390 -04:00 [DEBUG] Excluded [Standalone below rating or ratings-count threshold]: Andrzej Sapkowski - The Lesser Evil
2026-08-11 21:00:31.391 -04:00 [DEBUG] Excluded [Standalone below rating or ratings-count threshold]: Andrzej Sapkowski - Żmija
2026-08-11 21:00:31.403 -04:00 [DEBUG] Excluded [Standalone below rating or ratings-count threshold]: Arthur C. Clarke - 3001: The Final Odyssey
2026-08-11 21:00:31.404 -04:00 [DEBUG] Excluded [Standalone below rating or ratings-count threshold]: Arthur C. Clarke - A Fall of Moondust
2026-08-11 21:00:31.406 -04:00 [DEBUG] Excluded [Standalone below rating or ratings-count threshold]: Arthur C. Clarke - A Meeting with Medusa / Green Mars
2026-08-11 21:00:31.408 -04:00 [DEBUG] Excluded [Standalone below rating or ratings-count threshold]: Arthur C. Clarke - Against the Fall of Night
2026-08-11 21:00:31.409 -04:00 [DEBUG] Excluded [Standalone below rating or ratings-count threshold]: Arthur C. Clarke - Arthur C. Clarke: 2001/A Space Odyssey, the City and the Stars, the Deep Range, a Fall of Moondust, Rendevous With Rama
2026-08-11 21:00:31.411 -04:00 [DEBUG] Excluded [Standalone below rating or ratings-count threshold]: Arthur C. Clarke - Arthur C. Clarke's Mysterious World
2026-08-11 21:00:31.412 -04:00 [DEBUG] Excluded [Standalone below rating or ratings-count threshold]: Arthur C. Clarke - Cradle
2026-08-11 21:00:31.413 -04:00 [DEBUG] Excluded [Standalone below rating or ratings-count threshold]: Arthur C. Clarke - Dolphin Island
2026-08-11 21:00:31.417 -04:00 [DEBUG] Excluded [Standalone below rating or ratings-count threshold]: Arthur C. Clarke - Earthlight
2026-08-11 21:00:31.418 -04:00 [DEBUG] Excluded [Standalone below rating or ratings-count threshold]: Arthur C. Clarke - Expedition to Earth
2026-08-11 21:00:31.420 -04:00 [DEBUG] Excluded [Standalone below rating or ratings-count threshold]: Arthur C. Clarke - Glide Path
2026-08-11 21:00:31.421 -04:00 [DEBUG] Excluded [Standalone below rating or ratings-count threshold]: Arthur C. Clarke - Imperial Earth
2026-08-11 21:00:31.423 -04:00 [DEBUG] Excluded [Standalone below rating or ratings-count threshold]: Arthur C. Clarke - Islands in the Sky
2026-08-11 21:00:31.425 -04:00 [DEBUG] Excluded [Standalone below rating or ratings-count threshold]: Arthur C. Clarke - Prelude to Space
2026-08-11 21:00:31.426 -04:00 [DEBUG] Excluded [Standalone below rating or ratings-count threshold]: Arthur C. Clarke - Profiles of the Future: An Inquiry into the Limits of the Possible
2026-08-11 21:00:31.428 -04:00 [DEBUG] Excluded [Standalone below rating or ratings-count threshold]: Arthur C. Clarke - Reach for Tomorrow
2026-08-11 21:00:31.429 -04:00 [DEBUG] Excluded [Standalone below rating or ratings-count threshold]: Arthur C. Clarke - Report on Planet Three
2026-08-11 21:00:31.430 -04:00 [DEBUG] Excluded [Standalone below rating or ratings-count threshold]: Arthur C. Clarke - Richter 10
2026-08-11 21:00:31.431 -04:00 [DEBUG] Excluded [Standalone below rating or ratings-count threshold]: Arthur C. Clarke - Songs of Distant Earth
2026-08-11 21:00:31.433 -04:00 [DEBUG] Excluded [Standalone below rating or ratings-count threshold]: Arthur C. Clarke - Tales from Planet Earth
2026-08-11 21:00:31.481 -04:00 [DEBUG] Excluded [Standalone below rating or ratings-count threshold]: Arthur C. Clarke - Tales from the White Hart
2026-08-11 21:00:31.495 -04:00 [DEBUG] Excluded [Standalone below rating or ratings-count threshold]: Arthur C. Clarke - Tales of Ten Worlds
2026-08-11 21:00:31.498 -04:00 [DEBUG] Excluded [Standalone below rating or ratings-count threshold]: Arthur C. Clarke - The City and the Stars and the Sands of Mars
2026-08-11 21:00:31.499 -04:00 [DEBUG] Excluded [Standalone below rating or ratings-count threshold]: Arthur C. Clarke - The Deep Range
2026-08-11 21:00:31.501 -04:00 [DEBUG] Excluded [Standalone below rating or ratings-count threshold]: Arthur C. Clarke - The Fountains of Paradise
2026-08-11 21:00:31.502 -04:00 [DEBUG] Excluded [Standalone below rating or ratings-count threshold]: Arthur C. Clarke - The Ghost from the Grand Banks
2026-08-11 21:00:31.503 -04:00 [DEBUG] Excluded [Standalone below rating or ratings-count threshold]: Arthur C. Clarke - The Hammer of God
2026-08-11 21:00:31.505 -04:00 [DEBUG] Excluded [Standalone below rating or ratings-count threshold]: Arthur C. Clarke - The Last Theorem
2026-08-11 21:00:31.507 -04:00 [DEBUG] Excluded [Standalone below rating or ratings-count threshold]: Arthur C. Clarke - The Light of Other Days
2026-08-11 21:00:31.508 -04:00 [DEBUG] Excluded [Standalone below rating or ratings-count threshold]: Arthur C. Clarke - The Lion of Comarre and Against the Fall of Night
2026-08-11 21:00:31.510 -04:00 [DEBUG] Excluded [Standalone below rating or ratings-count threshold]: Arthur C. Clarke - The Lost Worlds of 2001
2026-08-11 21:00:31.511 -04:00 [DEBUG] Excluded [Standalone below rating or ratings-count threshold]: Arthur C. Clarke - The Sands of Mars
2026-08-11 21:00:31.524 -04:00 [DEBUG] Excluded [Standalone below rating or ratings-count threshold]: Arthur C. Clarke - The Sentinel
2026-08-11 21:00:31.526 -04:00 [DEBUG] Excluded [Standalone below rating or ratings-count threshold]: Arthur C. Clarke - The Sixth Science Fiction Megapack: 25 Modern Classic and Stories
2026-08-11 21:00:31.528 -04:00 [DEBUG] Excluded [Standalone below rating or ratings-count threshold]: Arthur C. Clarke - The Trigger
2026-08-11 21:00:31.529 -04:00 [DEBUG] Excluded [Standalone below rating or ratings-count threshold]: Arthur C. Clarke - The Wind From the Sun
2026-08-11 21:00:31.532 -04:00 [DEBUG] Excluded [Series below average or first-book ratings-count threshold]: Arthur C. Clarke - Firstborn
2026-08-11 21:00:31.533 -04:00 [DEBUG] Excluded [Series below average or first-book ratings-count threshold]: Arthur C. Clarke - Sunstorm
2026-08-11 21:00:31.534 -04:00 [DEBUG] Excluded [Series below average or first-book ratings-count threshold]: Arthur C. Clarke - Time's Eye
2026-08-11 21:00:31.536 -04:00 [DEBUG] Excluded [Series below average or first-book ratings-count threshold]: Arthur C. Clarke - Against Infinity
2026-08-11 21:00:31.538 -04:00 [DEBUG] Excluded [Series below average or first-book ratings-count threshold]: Arthur C. Clarke - History Lesson
2026-08-11 21:00:31.539 -04:00 [DEBUG] Excluded [Series below average or first-book ratings-count threshold]: Arthur C. Clarke - The Lion of Comarre & Other Stories
2026-08-11 21:00:31.541 -04:00 [DEBUG] Excluded [Series below average or first-book ratings-count threshold]: Arthur C. Clarke - Rescue Party
2026-08-11 21:00:31.550 -04:00 [DEBUG] Excluded [Series below average or first-book ratings-count threshold]: Mark Lawrence - Daughter of Crows
2026-08-11 21:00:31.561 -04:00 [DEBUG] Excluded [Standalone below rating or ratings-count threshold]: Oscar Wilde - A House of Pomegranates
2026-08-11 21:00:31.562 -04:00 [DEBUG] Excluded [Standalone below rating or ratings-count threshold]: Oscar Wilde - A Woman of No Importance
2026-08-11 21:00:31.564 -04:00 [DEBUG] Excluded [Standalone below rating or ratings-count threshold]: Oscar Wilde - Aforismi
2026-08-11 21:00:31.565 -04:00 [DEBUG] Excluded [Standalone below rating or ratings-count threshold]: Oscar Wilde - De Profundis, The Ballad of Reading Gaol & Other Writings
2026-08-11 21:00:31.566 -04:00 [DEBUG] Excluded [Standalone below rating or ratings-count threshold]: Oscar Wilde - Intentions
2026-08-11 21:00:31.568 -04:00 [DEBUG] Excluded [Standalone below rating or ratings-count threshold]: Oscar Wilde - Lady Windermere's Fan
2026-08-11 21:00:31.569 -04:00 [DEBUG] Excluded [Standalone below rating or ratings-count threshold]: Oscar Wilde - Lord Arthur Savile's Crime
2026-08-11 21:00:31.570 -04:00 [DEBUG] Excluded [Standalone below rating or ratings-count threshold]: Oscar Wilde - Lord Arthur Savile's Crime and Other Stories
2026-08-11 21:00:31.572 -04:00 [DEBUG] Excluded [Standalone below rating or ratings-count threshold]: Oscar Wilde - Obraz Doriana Graye / Cantervillské strašidlo
2026-08-11 21:00:31.574 -04:00 [DEBUG] Excluded [Standalone below rating or ratings-count threshold]: Oscar Wilde - Only Dull People Are Brilliant at Breakfast
2026-08-11 21:00:31.575 -04:00 [DEBUG] Excluded [Standalone below rating or ratings-count threshold]: Oscar Wilde - Salomé
2026-08-11 21:00:31.577 -04:00 [DEBUG] Excluded [Standalone below rating or ratings-count threshold]: Oscar Wilde - Selected Poems
2026-08-11 21:00:31.578 -04:00 [DEBUG] Excluded [Standalone below rating or ratings-count threshold]: Oscar Wilde - Teleny or the Reverse of the Medal
2026-08-11 21:00:31.580 -04:00 [DEBUG] Excluded [Standalone below rating or ratings-count threshold]: Oscar Wilde - The Birthday of the Infanta
2026-08-11 21:00:31.581 -04:00 [DEBUG] Excluded [Standalone below rating or ratings-count threshold]: Oscar Wilde - The Canterville Ghost
2026-08-11 21:00:31.582 -04:00 [DEBUG] Excluded [Standalone below rating or ratings-count threshold]: Oscar Wilde - The Canterville Ghost and Other Stories
2026-08-11 21:00:31.583 -04:00 [DEBUG] Excluded [Standalone below rating or ratings-count threshold]: Oscar Wilde - The Canterville Ghost The Happy Prince: And Other Stories
2026-08-11 21:00:31.585 -04:00 [DEBUG] Excluded [Standalone below rating or ratings-count threshold]: Oscar Wilde - The Decay of Lying
2026-08-11 21:00:31.586 -04:00 [DEBUG] Excluded [Standalone below rating or ratings-count threshold]: Oscar Wilde - The Devoted Friend
2026-08-11 21:00:31.587 -04:00 [DEBUG] Excluded [Standalone below rating or ratings-count threshold]: Oscar Wilde - The Duchess of Padua
2026-08-11 21:00:31.589 -04:00 [DEBUG] Excluded [Standalone below rating or ratings-count threshold]: Oscar Wilde - The Fisherman and His Soul
2026-08-11 21:00:31.591 -04:00 [DEBUG] Excluded [Standalone below rating or ratings-count threshold]: Oscar Wilde - The Model Millionaire stories
2026-08-11 21:00:31.594 -04:00 [DEBUG] Excluded [Standalone below rating or ratings-count threshold]: Oscar Wilde - The Portrait of Mr. W.H.
2026-08-11 21:00:31.596 -04:00 [DEBUG] Excluded [Standalone below rating or ratings-count threshold]: Oscar Wilde - The remarkable rocket
2026-08-11 21:00:31.597 -04:00 [DEBUG] Excluded [Standalone below rating or ratings-count threshold]: Oscar Wilde - The Soul of Man Under Socialism
2026-08-11 21:00:31.599 -04:00 [DEBUG] Excluded [Standalone below rating or ratings-count threshold]: Oscar Wilde - The Sphinx Without a Secret
2026-08-11 21:00:31.600 -04:00 [DEBUG] Excluded [Standalone below rating or ratings-count threshold]: Oscar Wilde - The Star Child : A Fable by Oscar Wilde
2026-08-11 21:00:31.601 -04:00 [DEBUG] Excluded [Standalone below rating or ratings-count threshold]: Oscar Wilde - Vera Or The Nihilists
2026-08-11 21:00:31.606 -04:00 [DEBUG] Excluded [Standalone below rating or ratings-count threshold]: Steven Erikson - Rejoice, A Knife to the Heart
2026-08-11 21:00:31.612 -04:00 [DEBUG] Excluded [Series below average or first-book ratings-count threshold]: Steven Erikson - Willful Child
2026-08-11 21:00:31.613 -04:00 [DEBUG] Excluded [Series below average or first-book ratings-count threshold]: Steven Erikson - Wrath of Betty
2026-08-11 21:00:31.619 -04:00 [DEBUG] Excluded [Standalone below rating or ratings-count threshold]: Margaret Atwood - Bluebeard's Egg
2026-08-11 21:00:31.621 -04:00 [DEBUG] Excluded [Standalone below rating or ratings-count threshold]: Margaret Atwood - Bodily Harm
2026-08-11 21:00:31.623 -04:00 [DEBUG] Excluded [Standalone below rating or ratings-count threshold]: Margaret Atwood - Cat's Eye
2026-08-11 21:00:31.627 -04:00 [DEBUG] Excluded [Standalone below rating or ratings-count threshold]: Margaret Atwood - Cut and Thirst
2026-08-11 21:00:31.628 -04:00 [DEBUG] Excluded [Standalone below rating or ratings-count threshold]: Margaret Atwood - Dancing Girls and Other Stories
2026-08-11 21:00:31.630 -04:00 [DEBUG] Excluded [Standalone below rating or ratings-count threshold]: Margaret Atwood - Dearly
2026-08-11 21:00:31.631 -04:00 [DEBUG] Excluded [Standalone below rating or ratings-count threshold]: Margaret Atwood - Death by Landscape
2026-08-11 21:00:31.632 -04:00 [DEBUG] Excluded [Standalone below rating or ratings-count threshold]: Margaret Atwood - Furies: Stories of the Wicked, Wild and Untamed
2026-08-11 21:00:31.633 -04:00 [DEBUG] Excluded [Standalone below rating or ratings-count threshold]: Margaret Atwood - Good Bones
2026-08-11 21:00:31.634 -04:00 [DEBUG] Excluded [Standalone below rating or ratings-count threshold]: Margaret Atwood - Good Bones and Simple Murders
2026-08-11 21:00:31.636 -04:00 [DEBUG] Excluded [Standalone below rating or ratings-count threshold]: Margaret Atwood - Hag-Seed
2026-08-11 21:00:31.638 -04:00 [DEBUG] Excluded [Standalone below rating or ratings-count threshold]: Margaret Atwood - Happy Endings
2026-08-11 21:00:31.641 -04:00 [DEBUG] Excluded [Standalone below rating or ratings-count threshold]: Margaret Atwood - In Other Worlds: SF and the Human Imagination
2026-08-11 21:00:31.644 -04:00 [DEBUG] Excluded [Standalone below rating or ratings-count threshold]: Margaret Atwood - Lady Oracle
2026-08-11 21:00:31.646 -04:00 [DEBUG] Excluded [Standalone below rating or ratings-count threshold]: Margaret Atwood - Life Before Man
2026-08-11 21:00:31.647 -04:00 [DEBUG] Excluded [Standalone below rating or ratings-count threshold]: Margaret Atwood - Moral Disorder and Other Stories
2026-08-11 21:00:31.649 -04:00 [DEBUG] Excluded [Standalone below rating or ratings-count threshold]: Margaret Atwood - Murder in the Dark: Short Fictions and Prose Poems
2026-08-11 21:00:31.651 -04:00 [DEBUG] Excluded [Standalone below rating or ratings-count threshold]: Margaret Atwood - My Evil Mother
2026-08-11 21:00:31.654 -04:00 [DEBUG] Excluded [Standalone below rating or ratings-count threshold]: Margaret Atwood - Negotiating with the Dead: A Writer on Writing
2026-08-11 21:00:31.658 -04:00 [DEBUG] Excluded [Standalone below rating or ratings-count threshold]: Margaret Atwood - Old Babes in the Wood: Stories
2026-08-11 21:00:31.661 -04:00 [DEBUG] Excluded [Standalone below rating or ratings-count threshold]: Margaret Atwood - Payback: Debt and the Shadow Side of Wealth
2026-08-11 21:00:31.662 -04:00 [DEBUG] Excluded [Standalone below rating or ratings-count threshold]: Margaret Atwood - Positron, Episodes 1 - 3
2026-08-11 21:00:31.664 -04:00 [DEBUG] Excluded [Standalone below rating or ratings-count threshold]: Margaret Atwood - Power Politics: Poems
2026-08-11 21:00:31.666 -04:00 [DEBUG] Excluded [Standalone below rating or ratings-count threshold]: Margaret Atwood - Stone Mattress: Nine Tales
2026-08-11 21:00:31.668 -04:00 [DEBUG] Excluded [Standalone below rating or ratings-count threshold]: Margaret Atwood - Surfacing
2026-08-11 21:00:31.670 -04:00 [DEBUG] Excluded [Standalone below rating or ratings-count threshold]: Margaret Atwood - Survival: A Thematic Guide to Canadian Literature
2026-08-11 21:00:31.675 -04:00 [DEBUG] Excluded [Standalone below rating or ratings-count threshold]: Margaret Atwood - The Blind Assassin
2026-08-11 21:00:31.678 -04:00 [DEBUG] Excluded [Standalone below rating or ratings-count threshold]: Margaret Atwood - The Circle Game: Poems
2026-08-11 21:00:31.680 -04:00 [DEBUG] Excluded [Standalone below rating or ratings-count threshold]: Margaret Atwood - The Door
2026-08-11 21:00:31.681 -04:00 [DEBUG] Excluded [Standalone below rating or ratings-count threshold]: Margaret Atwood - The Edible Woman
2026-08-11 21:00:31.683 -04:00 [DEBUG] Excluded [Standalone below rating or ratings-count threshold]: Margaret Atwood - The Heart Goes Last
2026-08-11 21:00:31.684 -04:00 [DEBUG] Excluded [Standalone below rating or ratings-count threshold]: Margaret Atwood - The Journals of Susanna Moodie
2026-08-11 21:00:31.685 -04:00 [DEBUG] Excluded [Standalone below rating or ratings-count threshold]: Margaret Atwood - The Penelopiad
2026-08-11 21:00:31.686 -04:00 [DEBUG] Excluded [Standalone below rating or ratings-count threshold]: Margaret Atwood - The Robber Bride
2026-08-11 21:00:31.688 -04:00 [DEBUG] Excluded [Standalone below rating or ratings-count threshold]: Margaret Atwood - The Tent
2026-08-11 21:00:31.690 -04:00 [DEBUG] Excluded [Standalone below rating or ratings-count threshold]: Margaret Atwood - Wilderness Tips
2026-08-11 21:00:31.693 -04:00 [DEBUG] Excluded [Series below average or first-book ratings-count threshold]: Margaret Atwood - Angel Catbird
2026-08-11 21:00:31.694 -04:00 [DEBUG] Excluded [Series below average or first-book ratings-count threshold]: Margaret Atwood - Choke Collar
2026-08-11 21:00:31.696 -04:00 [DEBUG] Excluded [Series below average or first-book ratings-count threshold]: Margaret Atwood - Erase Me
2026-08-11 21:00:31.697 -04:00 [DEBUG] Excluded [Series below average or first-book ratings-count threshold]: Margaret Atwood - I'm Starved for You
2026-08-11 21:00:31.706 -04:00 [DEBUG] Excluded [Standalone below rating or ratings-count threshold]: Leo Tolstoy - A Calendar of Wisdom: Daily Thoughts to Nourish the Soul
2026-08-11 21:00:31.708 -04:00 [DEBUG] Excluded [Standalone below rating or ratings-count threshold]: Leo Tolstoy - A Letter to a Hindu
2026-08-11 21:00:31.709 -04:00 [DEBUG] Excluded [Standalone below rating or ratings-count threshold]: Leo Tolstoy - A Prisoner in the Caucasus
2026-08-11 21:00:31.710 -04:00 [DEBUG] Excluded [Standalone below rating or ratings-count threshold]: Leo Tolstoy - After the Ball
2026-08-11 21:00:31.712 -04:00 [DEBUG] Excluded [Standalone below rating or ratings-count threshold]: Leo Tolstoy - Alyosha the Pot
2026-08-11 21:00:31.713 -04:00 [DEBUG] Excluded [Standalone below rating or ratings-count threshold]: Leo Tolstoy - Childhood
2026-08-11 21:00:31.715 -04:00 [DEBUG] Excluded [Standalone below rating or ratings-count threshold]: Leo Tolstoy - Childhood, Boyhood, Youth
2026-08-11 21:00:31.716 -04:00 [DEBUG] Excluded [Standalone below rating or ratings-count threshold]: Leo Tolstoy - Father Sergius
2026-08-11 21:00:31.717 -04:00 [DEBUG] Excluded [Standalone below rating or ratings-count threshold]: Leo Tolstoy - God Sees the Truth, but Waits
2026-08-11 21:00:31.718 -04:00 [DEBUG] Excluded [Standalone below rating or ratings-count threshold]: Leo Tolstoy - Hadji Murád
2026-08-11 21:00:31.720 -04:00 [DEBUG] Excluded [Standalone below rating or ratings-count threshold]: Leo Tolstoy - İnsan Ne İle Yaşar?
2026-08-11 21:00:31.723 -04:00 [DEBUG] Excluded [Standalone below rating or ratings-count threshold]: Leo Tolstoy - Ivan the Fool
2026-08-11 21:00:31.725 -04:00 [DEBUG] Excluded [Standalone below rating or ratings-count threshold]: Leo Tolstoy - Kholstomer
2026-08-11 21:00:31.726 -04:00 [DEBUG] Excluded [Standalone below rating or ratings-count threshold]: Leo Tolstoy - La tormenta de nieve
2026-08-11 21:00:31.727 -04:00 [DEBUG] Excluded [Standalone below rating or ratings-count threshold]: Leo Tolstoy - Polikuchka
2026-08-11 21:00:31.729 -04:00 [DEBUG] Excluded [Standalone below rating or ratings-count threshold]: Leo Tolstoy - Sonata Kreutzer. Moartea lui Ivan Ilici
2026-08-11 21:00:31.730 -04:00 [DEBUG] Excluded [Standalone below rating or ratings-count threshold]: Leo Tolstoy - The Cossacks
2026-08-11 21:00:31.731 -04:00 [DEBUG] Excluded [Standalone below rating or ratings-count threshold]: Leo Tolstoy - The Cossacks and Other Stories
2026-08-11 21:00:31.733 -04:00 [DEBUG] Excluded [Standalone below rating or ratings-count threshold]: Leo Tolstoy - The Devil
2026-08-11 21:00:31.734 -04:00 [DEBUG] Excluded [Standalone below rating or ratings-count threshold]: Leo Tolstoy - The Forged Coupon
2026-08-11 21:00:31.735 -04:00 [DEBUG] Excluded [Standalone below rating or ratings-count threshold]: Leo Tolstoy - The Kreutzer Sonata
2026-08-11 21:00:31.736 -04:00 [DEBUG] Excluded [Standalone below rating or ratings-count threshold]: Leo Tolstoy - The Kreutzer Sonata and Other Short Stories
2026-08-11 21:00:31.738 -04:00 [DEBUG] Excluded [Standalone below rating or ratings-count threshold]: Leo Tolstoy - The Sebastopol Sketches
2026-08-11 21:00:31.739 -04:00 [DEBUG] Excluded [Standalone below rating or ratings-count threshold]: Leo Tolstoy - Three Deaths
2026-08-11 21:00:31.741 -04:00 [DEBUG] Excluded [Standalone below rating or ratings-count threshold]: Leo Tolstoy - Three Questions
2026-08-11 21:00:31.743 -04:00 [DEBUG] Excluded [Standalone below rating or ratings-count threshold]: Leo Tolstoy - What Is Art?
2026-08-11 21:00:31.744 -04:00 [DEBUG] Excluded [Standalone below rating or ratings-count threshold]: Leo Tolstoy - Wojna i pokój. Tom I i II
2026-08-11 21:00:31.746 -04:00 [DEBUG] Excluded [Standalone below rating or ratings-count threshold]: Leo Tolstoy - Семейное счастие
2026-08-11 21:00:31.747 -04:00 [DEBUG] Excluded [Standalone below rating or ratings-count threshold]: Leo Tolstoy - حكم النبي محمد ﷺ
2026-08-11 21:00:31.752 -04:00 [DEBUG] Excluded [Standalone below rating or ratings-count threshold]: V.E. Schwab - Bury Our Bones in the Midnight Soil
2026-08-11 21:00:31.754 -04:00 [DEBUG] Excluded [Standalone below rating or ratings-count threshold]: V.E. Schwab - Gallant
2026-08-11 21:00:31.756 -04:00 [DEBUG] Excluded [Standalone below rating or ratings-count threshold]: V.E. Schwab - Shades of Magic Vol. 1: The Steel Prince
2026-08-11 21:00:31.758 -04:00 [DEBUG] Excluded [Standalone below rating or ratings-count threshold]: V.E. Schwab - Shades of Magic Vol. 2: Night of Knives
2026-08-11 21:00:31.760 -04:00 [DEBUG] Excluded [Standalone below rating or ratings-count threshold]: V.E. Schwab - Shades of Magic Vol. 3: The Rebel Army
2026-08-11 21:00:31.763 -04:00 [DEBUG] Excluded [Series below average or first-book ratings-count threshold]: V.E. Schwab - Night of Knives #1
2026-08-11 21:00:31.764 -04:00 [DEBUG] Excluded [Series below average or first-book ratings-count threshold]: V.E. Schwab - The Steel Prince #1
2026-08-11 21:00:31.765 -04:00 [DEBUG] Excluded [Series below average or first-book ratings-count threshold]: V.E. Schwab - The Steel Prince #2
2026-08-11 21:00:31.766 -04:00 [DEBUG] Excluded [Series below average or first-book ratings-count threshold]: V.E. Schwab - The Steel Prince #3
2026-08-11 21:00:31.767 -04:00 [DEBUG] Excluded [Series below average or first-book ratings-count threshold]: V.E. Schwab - The Steel Prince #4
2026-08-11 21:00:31.777 -04:00 [DEBUG] Excluded [Standalone below rating or ratings-count threshold]: Robert A. Heinlein - All You Zombies and Other Stories
2026-08-11 21:00:31.778 -04:00 [DEBUG] Excluded [Standalone below rating or ratings-count threshold]: Robert A. Heinlein - And He Built a Crooked House
2026-08-11 21:00:31.779 -04:00 [DEBUG] Excluded [Standalone below rating or ratings-count threshold]: Robert A. Heinlein - Assignment in Eternity
2026-08-11 21:00:31.781 -04:00 [DEBUG] Excluded [Standalone below rating or ratings-count threshold]: Robert A. Heinlein - Between Planets
2026-08-11 21:00:31.782 -04:00 [DEBUG] Excluded [Standalone below rating or ratings-count threshold]: Robert A. Heinlein - Beyond This Horizon
2026-08-11 21:00:31.783 -04:00 [DEBUG] Excluded [Standalone below rating or ratings-count threshold]: Robert A. Heinlein - Double Star
2026-08-11 21:00:31.785 -04:00 [DEBUG] Excluded [Standalone below rating or ratings-count threshold]: Robert A. Heinlein - Expanded Universe
2026-08-11 21:00:31.786 -04:00 [DEBUG] Excluded [Standalone below rating or ratings-count threshold]: Robert A. Heinlein - Farmer in the Sky
2026-08-11 21:00:31.790 -04:00 [DEBUG] Excluded [Standalone below rating or ratings-count threshold]: Robert A. Heinlein - Farnham's Freehold
2026-08-11 21:00:31.791 -04:00 [DEBUG] Excluded [Standalone below rating or ratings-count threshold]: Robert A. Heinlein - For Us, the Living: A Comedy of Customs
2026-08-11 21:00:31.793 -04:00 [DEBUG] Excluded [Standalone below rating or ratings-count threshold]: Robert A. Heinlein - Friday
2026-08-11 21:00:31.794 -04:00 [DEBUG] Excluded [Standalone below rating or ratings-count threshold]: Robert A. Heinlein - Glory Road
2026-08-11 21:00:31.795 -04:00 [DEBUG] Excluded [Standalone below rating or ratings-count threshold]: Robert A. Heinlein - Grumbles From The Grave
2026-08-11 21:00:31.796 -04:00 [DEBUG] Excluded [Standalone below rating or ratings-count threshold]: Robert A. Heinlein - Have Space Suit—Will Travel
2026-08-11 21:00:31.798 -04:00 [DEBUG] Excluded [Standalone below rating or ratings-count threshold]: Robert A. Heinlein - I Will Fear No Evil
2026-08-11 21:00:31.799 -04:00 [DEBUG] Excluded [Standalone below rating or ratings-count threshold]: Robert A. Heinlein - Job: A Comedy of Justice
2026-08-11 21:00:31.800 -04:00 [DEBUG] Excluded [Standalone below rating or ratings-count threshold]: Robert A. Heinlein - Orphans of the Sky
2026-08-11 21:00:31.802 -04:00 [DEBUG] Excluded [Standalone below rating or ratings-count threshold]: Robert A. Heinlein - Podkayne of Mars
2026-08-11 21:00:31.803 -04:00 [DEBUG] Excluded [Standalone below rating or ratings-count threshold]: Robert A. Heinlein - Red Planet
2026-08-11 21:00:31.804 -04:00 [DEBUG] Excluded [Standalone below rating or ratings-count threshold]: Robert A. Heinlein - Requiem: New Collected Works and Tributes to the Grand Master
2026-08-11 21:00:31.806 -04:00 [DEBUG] Excluded [Standalone below rating or ratings-count threshold]: Robert A. Heinlein - Revolt in 2100
2026-08-11 21:00:31.808 -04:00 [DEBUG] Excluded [Standalone below rating or ratings-count threshold]: Robert A. Heinlein - Revolt in 2100/Methuselah's Children
2026-08-11 21:00:31.810 -04:00 [DEBUG] Excluded [Standalone below rating or ratings-count threshold]: Robert A. Heinlein - Rocket Ship Galileo
2026-08-11 21:00:31.811 -04:00 [DEBUG] Excluded [Standalone below rating or ratings-count threshold]: Robert A. Heinlein - Sixth Column
2026-08-11 21:00:31.812 -04:00 [DEBUG] Excluded [Standalone below rating or ratings-count threshold]: Robert A. Heinlein - Space Cadet
2026-08-11 21:00:31.814 -04:00 [DEBUG] Excluded [Standalone below rating or ratings-count threshold]: Robert A. Heinlein - Starman Jones
2026-08-11 21:00:31.815 -04:00 [DEBUG] Excluded [Standalone below rating or ratings-count threshold]: Robert A. Heinlein - Stranger in a Strange Land
2026-08-11 21:00:31.816 -04:00 [DEBUG] Excluded [Standalone below rating or ratings-count threshold]: Robert A. Heinlein - The Cat Who Walks Through Walls
2026-08-11 21:00:31.818 -04:00 [DEBUG] Excluded [Standalone below rating or ratings-count threshold]: Robert A. Heinlein - The Fantasies of Robert A. Heinlein
2026-08-11 21:00:31.819 -04:00 [DEBUG] Excluded [Standalone below rating or ratings-count threshold]: Robert A. Heinlein - The Green Hills of Earth
2026-08-11 21:00:31.820 -04:00 [DEBUG] Excluded [Standalone below rating or ratings-count threshold]: Robert A. Heinlein - The Man Who Sold the Moon
2026-08-11 21:00:31.824 -04:00 [DEBUG] Excluded [Standalone below rating or ratings-count threshold]: Robert A. Heinlein - The Number of the Beast
2026-08-11 21:00:31.826 -04:00 [DEBUG] Excluded [Standalone below rating or ratings-count threshold]: Robert A. Heinlein - The Puppet Masters
2026-08-11 21:00:31.827 -04:00 [DEBUG] Excluded [Standalone below rating or ratings-count threshold]: Robert A. Heinlein - The Roads Must Roll
2026-08-11 21:00:31.829 -04:00 [DEBUG] Excluded [Standalone below rating or ratings-count threshold]: Robert A. Heinlein - The Rolling Stones
2026-08-11 21:00:31.830 -04:00 [DEBUG] Excluded [Standalone below rating or ratings-count threshold]: Robert A. Heinlein - The Star Beast
2026-08-11 21:00:31.831 -04:00 [DEBUG] Excluded [Standalone below rating or ratings-count threshold]: Robert A. Heinlein - The Unpleasant Profession of Jonathan Hoag
2026-08-11 21:00:31.832 -04:00 [DEBUG] Excluded [Standalone below rating or ratings-count threshold]: Robert A. Heinlein - The Worlds of Robert A. Heinlein
2026-08-11 21:00:31.833 -04:00 [DEBUG] Excluded [Standalone below rating or ratings-count threshold]: Robert A. Heinlein - The Year of the Jackpot
2026-08-11 21:00:31.835 -04:00 [DEBUG] Excluded [Standalone below rating or ratings-count threshold]: Robert A. Heinlein - Time Enough for Love
2026-08-11 21:00:31.836 -04:00 [DEBUG] Excluded [Standalone below rating or ratings-count threshold]: Robert A. Heinlein - Time for the Stars
2026-08-11 21:00:31.837 -04:00 [DEBUG] Excluded [Standalone below rating or ratings-count threshold]: Robert A. Heinlein - To Sail Beyond the Sunset
2026-08-11 21:00:31.839 -04:00 [DEBUG] Excluded [Standalone below rating or ratings-count threshold]: Robert A. Heinlein - Tunnel in the Sky
2026-08-11 21:00:31.841 -04:00 [DEBUG] Excluded [Standalone below rating or ratings-count threshold]: Robert A. Heinlein - Variable Star
2026-08-11 21:00:31.842 -04:00 [DEBUG] Excluded [Standalone below rating or ratings-count threshold]: Robert A. Heinlein - Waldo and Magic, Inc
2026-08-11 21:00:31.843 -04:00 [DEBUG] Excluded [Standalone below rating or ratings-count threshold]: Robert A. Heinlein - We Also Walk Dogs
2026-08-11 21:00:31.845 -04:00 [DEBUG] Excluded [Series below average or first-book ratings-count threshold]: Robert A. Heinlein - The Menace from Earth
2026-08-11 21:00:31.848 -04:00 [DEBUG] Excluded [Standalone below rating or ratings-count threshold]: Zamil Akhtar - Lightblade
2026-08-11 21:00:31.849 -04:00 [DEBUG] Excluded [Standalone below rating or ratings-count threshold]: Zamil Akhtar - Song of a Dead Star
2026-08-11 21:00:31.856 -04:00 [DEBUG] Excluded [Standalone below rating or ratings-count threshold]: George Orwell - A Clergyman's Daughter
2026-08-11 21:00:31.858 -04:00 [DEBUG] Excluded [Standalone below rating or ratings-count threshold]: George Orwell - A Hanging
2026-08-11 21:00:31.859 -04:00 [DEBUG] Excluded [Standalone below rating or ratings-count threshold]: George Orwell - Books v. Cigarettes
2026-08-11 21:00:31.861 -04:00 [DEBUG] Excluded [Standalone below rating or ratings-count threshold]: George Orwell - Burmese Days
2026-08-11 21:00:31.862 -04:00 [DEBUG] Excluded [Standalone below rating or ratings-count threshold]: George Orwell - Can Socialists be Happy?
2026-08-11 21:00:31.863 -04:00 [DEBUG] Excluded [Standalone below rating or ratings-count threshold]: George Orwell - Coming up for Air
2026-08-11 21:00:31.864 -04:00 [DEBUG] Excluded [Standalone below rating or ratings-count threshold]: George Orwell - Decline of the English Murder
2026-08-11 21:00:31.866 -04:00 [DEBUG] Excluded [Standalone below rating or ratings-count threshold]: George Orwell - England Your England
2026-08-11 21:00:31.867 -04:00 [DEBUG] Excluded [Standalone below rating or ratings-count threshold]: George Orwell - Facing Unpleasant Facts: Narrative Essays
2026-08-11 21:00:31.868 -04:00 [DEBUG] Excluded [Standalone below rating or ratings-count threshold]: George Orwell - Inside the Whale and Other Essays
2026-08-11 21:00:31.870 -04:00 [DEBUG] Excluded [Standalone below rating or ratings-count threshold]: George Orwell - Keep the Aspidistra Flying
2026-08-11 21:00:31.871 -04:00 [DEBUG] Excluded [Standalone below rating or ratings-count threshold]: George Orwell - The Lion and the Unicorn: Socialism and the English Genius
2026-08-11 21:00:31.873 -04:00 [DEBUG] Excluded [Standalone below rating or ratings-count threshold]: George Orwell - The Road to Wigan Pier
2026-08-11 21:00:31.889 -04:00 [DEBUG] Excluded [Standalone below rating or ratings-count threshold]: Terry Pratchett - A Stroke of the Pen: The Lost Stories
2026-08-11 21:00:31.891 -04:00 [DEBUG] Excluded [Standalone below rating or ratings-count threshold]: Terry Pratchett - Dodger
2026-08-11 21:00:31.893 -04:00 [DEBUG] Excluded [Standalone below rating or ratings-count threshold]: Terry Pratchett - Dodger's Guide to London
2026-08-11 21:00:31.894 -04:00 [DEBUG] Excluded [Standalone below rating or ratings-count threshold]: Terry Pratchett - Dragons at Crumbling Castle: And Other Stories
2026-08-11 21:00:31.896 -04:00 [DEBUG] Excluded [Standalone below rating or ratings-count threshold]: Terry Pratchett - Father Christmas’s Fake Beard
2026-08-11 21:00:31.897 -04:00 [DEBUG] Excluded [Standalone below rating or ratings-count threshold]: Terry Pratchett - Lords und Ladies/Helle Barden
2026-08-11 21:00:31.899 -04:00 [DEBUG] Excluded [Standalone below rating or ratings-count threshold]: Terry Pratchett - Once More* *with footnotes
2026-08-11 21:00:31.900 -04:00 [DEBUG] Excluded [Standalone below rating or ratings-count threshold]: Terry Pratchett - Strata
2026-08-11 21:00:31.901 -04:00 [DEBUG] Excluded [Standalone below rating or ratings-count threshold]: Terry Pratchett - Terry Pratchett: The BBC Radio Drama Collection
2026-08-11 21:00:31.902 -04:00 [DEBUG] Excluded [Standalone below rating or ratings-count threshold]: Terry Pratchett - The Abominable Snowman: A Short Story from Dragons at Crumbling Castle
2026-08-11 21:00:31.904 -04:00 [DEBUG] Excluded [Standalone below rating or ratings-count threshold]: Terry Pratchett - The Carpet People
2026-08-11 21:00:31.906 -04:00 [DEBUG] Excluded [Standalone below rating or ratings-count threshold]: Terry Pratchett - The Compleat Discworld Atlas
2026-08-11 21:00:31.908 -04:00 [DEBUG] Excluded [Standalone below rating or ratings-count threshold]: Terry Pratchett - The Dark Side of the Sun
2026-08-11 21:00:31.909 -04:00 [DEBUG] Excluded [Standalone below rating or ratings-count threshold]: Terry Pratchett - The Discworld Companion: An Invaluable Guide for the Discerning Discworld Traveller
2026-08-11 21:00:31.911 -04:00 [DEBUG] Excluded [Standalone below rating or ratings-count threshold]: Terry Pratchett - The Discworld Graphic Novels: The Colour of Magic & The Light Fantastic
2026-08-11 21:00:31.915 -04:00 [DEBUG] Excluded [Standalone below rating or ratings-count threshold]: Terry Pratchett - The New Discworld Companion
2026-08-11 21:00:31.916 -04:00 [DEBUG] Excluded [Standalone below rating or ratings-count threshold]: Terry Pratchett - The Pratchett Portfolio
2026-08-11 21:00:31.918 -04:00 [DEBUG] Excluded [Standalone below rating or ratings-count threshold]: Terry Pratchett - The Time-travelling Caveman
2026-08-11 21:00:31.919 -04:00 [DEBUG] Excluded [Standalone below rating or ratings-count threshold]: Terry Pratchett - The Unadulterated Cat
2026-08-11 21:00:31.920 -04:00 [DEBUG] Excluded [Standalone below rating or ratings-count threshold]: Terry Pratchett - The Unseen University Challenge: Terry Pratchett's Discworld Quizbook
2026-08-11 21:00:31.922 -04:00 [DEBUG] Excluded [Standalone below rating or ratings-count threshold]: Terry Pratchett - The Witch's Vacuum Cleaner: And Other Stories
2026-08-11 21:00:31.924 -04:00 [DEBUG] Excluded [Standalone below rating or ratings-count threshold]: Terry Pratchett - Turntables of the Night
2026-08-11 21:00:31.926 -04:00 [DEBUG] Excluded [Standalone below rating or ratings-count threshold]: Terry Pratchett - Turtle Recall: The Discworld Companion . . . So Far
2026-08-11 21:00:31.937 -04:00 [DEBUG] Excluded [Series below average or first-book ratings-count threshold]: Terry Pratchett - Johnny and the Bomb
2026-08-11 21:00:31.939 -04:00 [DEBUG] Excluded [Series below average or first-book ratings-count threshold]: Terry Pratchett - Johnny and the Dead
2026-08-11 21:00:31.941 -04:00 [DEBUG] Excluded [Series below average or first-book ratings-count threshold]: Terry Pratchett - Only You Can Save Mankind
2026-08-11 21:00:31.942 -04:00 [DEBUG] Excluded [Series below average or first-book ratings-count threshold]: Terry Pratchett - The Long Cosmos
2026-08-11 21:00:31.944 -04:00 [DEBUG] Excluded [Series below average or first-book ratings-count threshold]: Terry Pratchett - The Long Earth
2026-08-11 21:00:31.945 -04:00 [DEBUG] Excluded [Series below average or first-book ratings-count threshold]: Terry Pratchett - The Long Mars
2026-08-11 21:00:31.946 -04:00 [DEBUG] Excluded [Series below average or first-book ratings-count threshold]: Terry Pratchett - The Long Utopia
2026-08-11 21:00:31.947 -04:00 [DEBUG] Excluded [Series below average or first-book ratings-count threshold]: Terry Pratchett - The Long War
2026-08-11 21:00:31.949 -04:00 [DEBUG] Excluded [Series below average or first-book ratings-count threshold]: Terry Pratchett - Darwin's Watch
2026-08-11 21:00:31.950 -04:00 [DEBUG] Excluded [Series below average or first-book ratings-count threshold]: Terry Pratchett - Judgement Day
2026-08-11 21:00:31.951 -04:00 [DEBUG] Excluded [Series below average or first-book ratings-count threshold]: Terry Pratchett - The Globe
2026-08-11 21:00:31.952 -04:00 [DEBUG] Excluded [Series below average or first-book ratings-count threshold]: Terry Pratchett - The Science of Discworld
2026-08-11 21:00:31.961 -04:00 [DEBUG] Excluded [Standalone below rating or ratings-count threshold]: Dan Simmons - Black Hills
2026-08-11 21:00:31.962 -04:00 [DEBUG] Excluded [Standalone below rating or ratings-count threshold]: Dan Simmons - Carrion Comfort
2026-08-11 21:00:31.964 -04:00 [DEBUG] Excluded [Standalone below rating or ratings-count threshold]: Dan Simmons - Darwin's Blade
2026-08-11 21:00:31.965 -04:00 [DEBUG] Excluded [Standalone below rating or ratings-count threshold]: Dan Simmons - Drood
2026-08-11 21:00:31.966 -04:00 [DEBUG] Excluded [Standalone below rating or ratings-count threshold]: Dan Simmons - Endymion 2
2026-08-11 21:00:31.967 -04:00 [DEBUG] Excluded [Standalone below rating or ratings-count threshold]: Dan Simmons - Endymion I
2026-08-11 21:00:31.969 -04:00 [DEBUG] Excluded [Standalone below rating or ratings-count threshold]: Dan Simmons - Flashback
2026-08-11 21:00:31.970 -04:00 [DEBUG] Excluded [Standalone below rating or ratings-count threshold]: Dan Simmons - Hypérion 2
2026-08-11 21:00:31.972 -04:00 [DEBUG] Excluded [Standalone below rating or ratings-count threshold]: Dan Simmons - L'Éveil d'Endymion 1
2026-08-11 21:00:31.973 -04:00 [DEBUG] Excluded [Standalone below rating or ratings-count threshold]: Dan Simmons - L'Éveil d'Endymion 2
2026-08-11 21:00:31.975 -04:00 [DEBUG] Excluded [Standalone below rating or ratings-count threshold]: Dan Simmons - Le Styx coule à l'envers
2026-08-11 21:00:31.976 -04:00 [DEBUG] Excluded [Standalone below rating or ratings-count threshold]: Dan Simmons - Lovedeath
2026-08-11 21:00:31.977 -04:00 [DEBUG] Excluded [Standalone below rating or ratings-count threshold]: Dan Simmons - Muse of Fire
2026-08-11 21:00:31.979 -04:00 [DEBUG] Excluded [Standalone below rating or ratings-count threshold]: Dan Simmons - Phases Of Gravity
2026-08-11 21:00:31.980 -04:00 [DEBUG] Excluded [Standalone below rating or ratings-count threshold]: Dan Simmons - Song of Kali
2026-08-11 21:00:31.984 -04:00 [DEBUG] Excluded [Standalone below rating or ratings-count threshold]: Dan Simmons - The Abominable
2026-08-11 21:00:31.986 -04:00 [DEBUG] Excluded [Standalone below rating or ratings-count threshold]: Dan Simmons - The Crook Factory
2026-08-11 21:00:31.987 -04:00 [DEBUG] Excluded [Standalone below rating or ratings-count threshold]: Dan Simmons - The Death of the Centaur
2026-08-11 21:00:31.990 -04:00 [DEBUG] Excluded [Standalone below rating or ratings-count threshold]: Dan Simmons - The Fifth Heart
2026-08-11 21:00:31.992 -04:00 [DEBUG] Excluded [Standalone below rating or ratings-count threshold]: Dan Simmons - The Guiding Nose of Ulfant Banderoz
2026-08-11 21:00:31.993 -04:00 [DEBUG] Excluded [Standalone below rating or ratings-count threshold]: Dan Simmons - The Hollow Man
2026-08-11 21:00:31.995 -04:00 [DEBUG] Excluded [Standalone below rating or ratings-count threshold]: Dan Simmons - This Year's Class Picture
2026-08-11 21:00:31.996 -04:00 [DEBUG] Excluded [Standalone below rating or ratings-count threshold]: Dan Simmons - Two Minutes Forty-Five Seconds
2026-08-11 21:00:31.998 -04:00 [DEBUG] Excluded [Standalone below rating or ratings-count threshold]: Dan Simmons - Worlds Enough & Time: Five Tales of Speculative Fiction
2026-08-11 21:00:32.001 -04:00 [DEBUG] Excluded [Series below average or first-book ratings-count threshold]: Dan Simmons - Hard as Nails
2026-08-11 21:00:32.002 -04:00 [DEBUG] Excluded [Series below average or first-book ratings-count threshold]: Dan Simmons - Hard Freeze
2026-08-11 21:00:32.004 -04:00 [DEBUG] Excluded [Series below average or first-book ratings-count threshold]: Dan Simmons - Hardcase
2026-08-11 21:00:32.010 -04:00 [DEBUG] Excluded [Standalone below rating or ratings-count threshold]: Rebecca Roanhorse - Falling Bodies
2026-08-11 21:00:32.012 -04:00 [DEBUG] Excluded [Standalone below rating or ratings-count threshold]: Rebecca Roanhorse - Phoenix Song Echo Comic Set 1-5 W/ Rated Comics Backer
2026-08-11 21:00:32.013 -04:00 [DEBUG] Excluded [Standalone below rating or ratings-count threshold]: Rebecca Roanhorse - Phoenix Song: Echo
2026-08-11 21:00:32.015 -04:00 [DEBUG] Excluded [Standalone below rating or ratings-count threshold]: Rebecca Roanhorse - River of Bones and Other Stories
2026-08-11 21:00:32.016 -04:00 [DEBUG] Excluded [Standalone below rating or ratings-count threshold]: Rebecca Roanhorse - Tread of Angels
2026-08-11 21:00:32.017 -04:00 [DEBUG] Excluded [Standalone below rating or ratings-count threshold]: Rebecca Roanhorse - Welcome to Your Authentic Indian Experience TM
2026-08-11 21:00:32.019 -04:00 [DEBUG] Excluded [Series below average or first-book ratings-count threshold]: Rebecca Roanhorse - Resistance Reborn
2026-08-11 21:00:32.023 -04:00 [DEBUG] Excluded [Standalone below rating or ratings-count threshold]: Mark Z. Danielewski - Clip 4
2026-08-11 21:00:32.024 -04:00 [DEBUG] Excluded [Standalone below rating or ratings-count threshold]: Mark Z. Danielewski - House of Leaves: Teleplays
2026-08-11 21:00:32.026 -04:00 [DEBUG] Excluded [Standalone below rating or ratings-count threshold]: Mark Z. Danielewski - Love is Not a Flame
2026-08-11 21:00:32.029 -04:00 [DEBUG] Excluded [Standalone below rating or ratings-count threshold]: Mark Z. Danielewski - Only Revolutions
2026-08-11 21:00:32.030 -04:00 [DEBUG] Excluded [Standalone below rating or ratings-count threshold]: Mark Z. Danielewski - The Fifty Year Sword
2026-08-11 21:00:32.031 -04:00 [DEBUG] Excluded [Standalone below rating or ratings-count threshold]: Mark Z. Danielewski - The Little Blue Kite
2026-08-11 21:00:32.033 -04:00 [DEBUG] Excluded [Standalone below rating or ratings-count threshold]: Mark Z. Danielewski - There's A Place For You
2026-08-11 21:00:32.038 -04:00 [DEBUG] Excluded [Standalone below rating or ratings-count threshold]: Tad Williams - Caliban's Hour
2026-08-11 21:00:32.039 -04:00 [DEBUG] Excluded [Standalone below rating or ratings-count threshold]: Tad Williams - Tailchaser's Song
2026-08-11 21:00:32.041 -04:00 [DEBUG] Excluded [Standalone below rating or ratings-count threshold]: Tad Williams - The Very Best of Tad Williams
2026-08-11 21:00:32.043 -04:00 [DEBUG] Excluded [Standalone below rating or ratings-count threshold]: Tad Williams - The War of the Flowers
2026-08-11 21:00:32.048 -04:00 [DEBUG] Excluded [Series below average or first-book ratings-count threshold]: Tad Williams - God Rest Ye Merry, Gentlepig
2026-08-11 21:00:32.050 -04:00 [DEBUG] Excluded [Series below average or first-book ratings-count threshold]: Tad Williams - Happy Hour in Hell
2026-08-11 21:00:32.051 -04:00 [DEBUG] Excluded [Series below average or first-book ratings-count threshold]: Tad Williams - Sleeping Late on Judgement Day
2026-08-11 21:00:32.053 -04:00 [DEBUG] Excluded [Series below average or first-book ratings-count threshold]: Tad Williams - The Dirty Streets of Heaven
2026-08-11 21:00:32.054 -04:00 [DEBUG] Excluded [Series below average or first-book ratings-count threshold]: Tad Williams - The Dragons of Ordinary Farm
2026-08-11 21:00:32.056 -04:00 [DEBUG] Excluded [Series below average or first-book ratings-count threshold]: Tad Williams - The Secrets of Ordinary Farm
2026-08-11 21:00:32.061 -04:00 [DEBUG] Excluded [Standalone below rating or ratings-count threshold]: Douglas Adams - Das Leben, das Universum & der ganze Rest/Mach's gut, & danke für den Fisch
2026-08-11 21:00:32.062 -04:00 [DEBUG] Excluded [Standalone below rating or ratings-count threshold]: Douglas Adams - Douglas Adams Live in Concert
2026-08-11 21:00:32.064 -04:00 [DEBUG] Excluded [Standalone below rating or ratings-count threshold]: Douglas Adams - The Deeper Meaning of Liff: A Dictionary of Things There Aren't Any Words for Yet—But There Ought to Be
2026-08-11 21:00:32.067 -04:00 [DEBUG] Excluded [Standalone below rating or ratings-count threshold]: Douglas Adams - The Hitchhiker's Guide to the Galaxy Radio Scripts: Tertiary, Quandary & Quintessential Phases
2026-08-11 21:00:32.069 -04:00 [DEBUG] Excluded [Standalone below rating or ratings-count threshold]: Douglas Adams - The Hitchhiker's Guide to the Galaxy: Quandary Phase
2026-08-11 21:00:32.070 -04:00 [DEBUG] Excluded [Standalone below rating or ratings-count threshold]: Douglas Adams - The Hitchhiker's Guide to the Galaxy: The Quintessential Phase
2026-08-11 21:00:32.072 -04:00 [DEBUG] Excluded [Standalone below rating or ratings-count threshold]: Douglas Adams - The Private Life of Genghis Khan
2026-08-11 21:00:32.074 -04:00 [DEBUG] Excluded [Standalone below rating or ratings-count threshold]: Douglas Adams - The Salmon of Doubt: Hitchhiking the Galaxy One Last Time
2026-08-11 21:00:32.077 -04:00 [DEBUG] Excluded [Series below average or first-book ratings-count threshold]: Douglas Adams - The Meaning of Liff
2026-08-11 21:00:32.085 -04:00 [DEBUG] Excluded [Standalone below rating or ratings-count threshold]: Raymond E. Feist - Faerie Tale
2026-08-11 21:00:32.086 -04:00 [DEBUG] Excluded [Standalone below rating or ratings-count threshold]: Raymond E. Feist - Midkemia: The Chronicles of Pug
2026-08-11 21:00:32.088 -04:00 [DEBUG] Excluded [Standalone below rating or ratings-count threshold]: Raymond E. Feist - The Wood Boy
2026-08-11 21:00:32.090 -04:00 [DEBUG] Excluded [Standalone below rating or ratings-count threshold]: Raymond E. Feist - The Wood Boy / The Burning Man
2026-08-11 21:00:32.095 -04:00 [DEBUG] Excluded [Series below average or first-book ratings-count threshold]: Raymond E. Feist - A Serva do Império
2026-08-11 21:00:32.100 -04:00 [DEBUG] Excluded [Series below average or first-book ratings-count threshold]: Raymond E. Feist - Jimmy and the Crawler
2026-08-11 21:00:32.101 -04:00 [DEBUG] Excluded [Series below average or first-book ratings-count threshold]: Raymond E. Feist - Krondor: Tear of the Gods
2026-08-11 21:00:32.102 -04:00 [DEBUG] Excluded [Series below average or first-book ratings-count threshold]: Raymond E. Feist - Krondor: The Assassins
2026-08-11 21:00:32.104 -04:00 [DEBUG] Excluded [Series below average or first-book ratings-count threshold]: Raymond E. Feist - Krondor: The Betrayal
2026-08-11 21:00:32.106 -04:00 [DEBUG] Excluded [Series below average or first-book ratings-count threshold]: Raymond E. Feist - De boodschapper
2026-08-11 21:00:32.111 -04:00 [DEBUG] Excluded [Standalone below rating or ratings-count threshold]: Bram Stoker - A Dream of Red Hands
2026-08-11 21:00:32.112 -04:00 [DEBUG] Excluded [Standalone below rating or ratings-count threshold]: Bram Stoker - Crooken Sands
2026-08-11 21:00:32.114 -04:00 [DEBUG] Excluded [Standalone below rating or ratings-count threshold]: Bram Stoker - Dracula's Guest
2026-08-11 21:00:32.115 -04:00 [DEBUG] Excluded [Standalone below rating or ratings-count threshold]: Bram Stoker - El entierro de las ratas y otros cuentos de horror
2026-08-11 21:00:32.116 -04:00 [DEBUG] Excluded [Standalone below rating or ratings-count threshold]: Bram Stoker - Gibbet Hill
2026-08-11 21:00:32.117 -04:00 [DEBUG] Excluded [Standalone below rating or ratings-count threshold]: Bram Stoker - Lair of the White Worm
2026-08-11 21:00:32.119 -04:00 [DEBUG] Excluded [Standalone below rating or ratings-count threshold]: Bram Stoker - The Burial of the Rats
2026-08-11 21:00:32.123 -04:00 [DEBUG] Excluded [Standalone below rating or ratings-count threshold]: Bram Stoker - The Dualitists; or, the Death Doom of the Double Born
2026-08-11 21:00:32.124 -04:00 [DEBUG] Excluded [Standalone below rating or ratings-count threshold]: Bram Stoker - The Essential Dracula
2026-08-11 21:00:32.126 -04:00 [DEBUG] Excluded [Standalone below rating or ratings-count threshold]: Bram Stoker - The Jewel of Seven Stars
2026-08-11 21:00:32.127 -04:00 [DEBUG] Excluded [Standalone below rating or ratings-count threshold]: Bram Stoker - The Judge's House
2026-08-11 21:00:32.128 -04:00 [DEBUG] Excluded [Standalone below rating or ratings-count threshold]: Bram Stoker - The Lady of the Shroud
2026-08-11 21:00:32.129 -04:00 [DEBUG] Excluded [Standalone below rating or ratings-count threshold]: Bram Stoker - The Man
2026-08-11 21:00:32.131 -04:00 [DEBUG] Excluded [Standalone below rating or ratings-count threshold]: Bram Stoker - The Mystery of the Sea
2026-08-11 21:00:32.132 -04:00 [DEBUG] Excluded [Standalone below rating or ratings-count threshold]: Bram Stoker - The Secret of the Growing Gold
2026-08-11 21:00:32.133 -04:00 [DEBUG] Excluded [Standalone below rating or ratings-count threshold]: Bram Stoker - The Snake's Pass
2026-08-11 21:00:32.135 -04:00 [DEBUG] Excluded [Standalone below rating or ratings-count threshold]: Bram Stoker - The Squaw
2026-08-11 21:00:32.136 -04:00 [DEBUG] Excluded [Standalone below rating or ratings-count threshold]: Bram Stoker - Under the Sunset
2026-08-11 21:00:32.140 -04:00 [INFO] Force-included 'T.H. White': bypassed ratings prefilter for 28 canonical book(s).
2026-08-11 21:00:32.147 -04:00 [DEBUG] Excluded [Standalone below rating or ratings-count threshold]: Aldous Huxley - After Many a Summer Dies the Swan
2026-08-11 21:00:32.148 -04:00 [DEBUG] Excluded [Standalone below rating or ratings-count threshold]: Aldous Huxley - Antic Hay
2026-08-11 21:00:32.150 -04:00 [DEBUG] Excluded [Standalone below rating or ratings-count threshold]: Aldous Huxley - Ape and Essence
2026-08-11 21:00:32.151 -04:00 [DEBUG] Excluded [Standalone below rating or ratings-count threshold]: Aldous Huxley - Brave New World
2026-08-11 21:00:32.153 -04:00 [DEBUG] Excluded [Standalone below rating or ratings-count threshold]: Aldous Huxley - Brave New World Revisited
2026-08-11 21:00:32.154 -04:00 [DEBUG] Excluded [Standalone below rating or ratings-count threshold]: Aldous Huxley - Collected Short Stories
2026-08-11 21:00:32.156 -04:00 [DEBUG] Excluded [Standalone below rating or ratings-count threshold]: Aldous Huxley - Crome Yellow
2026-08-11 21:00:32.157 -04:00 [DEBUG] Excluded [Standalone below rating or ratings-count threshold]: Aldous Huxley - Ends and Means
2026-08-11 21:00:32.159 -04:00 [DEBUG] Excluded [Standalone below rating or ratings-count threshold]: Aldous Huxley - Eyeless in Gaza
2026-08-11 21:00:32.160 -04:00 [DEBUG] Excluded [Standalone below rating or ratings-count threshold]: Aldous Huxley - Grey Eminence
2026-08-11 21:00:32.161 -04:00 [DEBUG] Excluded [Standalone below rating or ratings-count threshold]: Aldous Huxley - Heaven and Hell
2026-08-11 21:00:32.163 -04:00 [DEBUG] Excluded [Standalone below rating or ratings-count threshold]: Aldous Huxley - Island
2026-08-11 21:00:32.164 -04:00 [DEBUG] Excluded [Standalone below rating or ratings-count threshold]: Aldous Huxley - Jacob's Hands: A Fable
2026-08-11 21:00:32.165 -04:00 [DEBUG] Excluded [Standalone below rating or ratings-count threshold]: Aldous Huxley - Jesting Pilate
2026-08-11 21:00:32.166 -04:00 [DEBUG] Excluded [Standalone below rating or ratings-count threshold]: Aldous Huxley - Moksha: Writings on Psychedelics and the Visionary Experience
2026-08-11 21:00:32.167 -04:00 [DEBUG] Excluded [Standalone below rating or ratings-count threshold]: Aldous Huxley - Mortal Coils
2026-08-11 21:00:32.169 -04:00 [DEBUG] Excluded [Standalone below rating or ratings-count threshold]: Aldous Huxley - Music at Night and Other Essays
2026-08-11 21:00:32.170 -04:00 [DEBUG] Excluded [Standalone below rating or ratings-count threshold]: Aldous Huxley - Point Counter Point
2026-08-11 21:00:32.171 -04:00 [DEBUG] Excluded [Standalone below rating or ratings-count threshold]: Aldous Huxley - Psychedelics
2026-08-11 21:00:32.173 -04:00 [DEBUG] Excluded [Standalone below rating or ratings-count threshold]: Aldous Huxley - The Art of Seeing
2026-08-11 21:00:32.175 -04:00 [DEBUG] Excluded [Standalone below rating or ratings-count threshold]: Aldous Huxley - The Crows of Pearblossom
2026-08-11 21:00:32.179 -04:00 [DEBUG] Excluded [Standalone below rating or ratings-count threshold]: Aldous Huxley - The Devils of Loudun
2026-08-11 21:00:32.181 -04:00 [DEBUG] Excluded [Standalone below rating or ratings-count threshold]: Aldous Huxley - The Divine Within: Selected Writings on Enlightenment
2026-08-11 21:00:32.182 -04:00 [DEBUG] Excluded [Standalone below rating or ratings-count threshold]: Aldous Huxley - The Doors of Perception & Heaven and Hell
2026-08-11 21:00:32.183 -04:00 [DEBUG] Excluded [Standalone below rating or ratings-count threshold]: Aldous Huxley - The Gioconda Smile and Other Stories
2026-08-11 21:00:32.184 -04:00 [DEBUG] Excluded [Standalone below rating or ratings-count threshold]: Aldous Huxley - Those Barren Leaves
2026-08-11 21:00:32.185 -04:00 [DEBUG] Excluded [Standalone below rating or ratings-count threshold]: Aldous Huxley - Time Must Have a Stop
2026-08-11 21:00:32.190 -04:00 [DEBUG] Excluded [Standalone below rating or ratings-count threshold]: Leigh Bardugo - Móng Vuốt Quạ Đen (I): Sáu Kẻ Bất Hảo
2026-08-11 21:00:32.192 -04:00 [DEBUG] Excluded [Standalone below rating or ratings-count threshold]: Leigh Bardugo - The Familiar
2026-08-11 21:00:32.193 -04:00 [DEBUG] Excluded [Standalone below rating or ratings-count threshold]: Leigh Bardugo - The Invisible Parade
2026-08-11 21:00:32.195 -04:00 [DEBUG] Excluded [Standalone below rating or ratings-count threshold]: Leigh Bardugo - The Lives of Saints
2026-08-11 21:00:32.196 -04:00 [DEBUG] Excluded [Standalone below rating or ratings-count threshold]: Leigh Bardugo - Wonder Woman: Warbringer
2026-08-11 21:00:32.201 -04:00 [DEBUG] Excluded [Series below average or first-book ratings-count threshold]: Leigh Bardugo - Ruin and Rising
2026-08-11 21:00:32.203 -04:00 [DEBUG] Excluded [Series below average or first-book ratings-count threshold]: Leigh Bardugo - Shadow and Bone
2026-08-11 21:00:32.205 -04:00 [DEBUG] Excluded [Series below average or first-book ratings-count threshold]: Leigh Bardugo - Siege and Storm
2026-08-11 21:00:32.207 -04:00 [DEBUG] Excluded [Series below average or first-book ratings-count threshold]: Leigh Bardugo - The Tailor
2026-08-11 21:00:32.213 -04:00 [DEBUG] Excluded [Standalone below rating or ratings-count threshold]: Charles Dickens - A Child's Dream of a Star
2026-08-11 21:00:32.214 -04:00 [DEBUG] Excluded [Standalone below rating or ratings-count threshold]: Charles Dickens - A Child's History of England
2026-08-11 21:00:32.216 -04:00 [DEBUG] Excluded [Standalone below rating or ratings-count threshold]: Charles Dickens - A Christmas Tree
2026-08-11 21:00:32.217 -04:00 [DEBUG] Excluded [Standalone below rating or ratings-count threshold]: Charles Dickens - A House to Let
2026-08-11 21:00:32.218 -04:00 [DEBUG] Excluded [Standalone below rating or ratings-count threshold]: Charles Dickens - A Tale of Two Cities
2026-08-11 21:00:32.220 -04:00 [DEBUG] Excluded [Standalone below rating or ratings-count threshold]: Charles Dickens - American Notes for General Circulation
2026-08-11 21:00:32.224 -04:00 [DEBUG] Excluded [Standalone below rating or ratings-count threshold]: Charles Dickens - Barnaby Rudge
2026-08-11 21:00:32.225 -04:00 [DEBUG] Excluded [Standalone below rating or ratings-count threshold]: Charles Dickens - Bleak House, Volume I
2026-08-11 21:00:32.226 -04:00 [DEBUG] Excluded [Standalone below rating or ratings-count threshold]: Charles Dickens - Charles Dickens' Children Stories
2026-08-11 21:00:32.228 -04:00 [DEBUG] Excluded [Standalone below rating or ratings-count threshold]: Charles Dickens - Complete Ghost Stories
2026-08-11 21:00:32.229 -04:00 [DEBUG] Excluded [Standalone below rating or ratings-count threshold]: Charles Dickens - Cuentos de navidad
2026-08-11 21:00:32.230 -04:00 [DEBUG] Excluded [Standalone below rating or ratings-count threshold]: Charles Dickens - David Copperfield, Volume I of II
2026-08-11 21:00:32.231 -04:00 [DEBUG] Excluded [Standalone below rating or ratings-count threshold]: Charles Dickens - David Copperfield, Volume II of II
2026-08-11 21:00:32.232 -04:00 [DEBUG] Excluded [Standalone below rating or ratings-count threshold]: Charles Dickens - Doctor Marigold
2026-08-11 21:00:32.234 -04:00 [DEBUG] Excluded [Standalone below rating or ratings-count threshold]: Charles Dickens - Dombey and Son
2026-08-11 21:00:32.235 -04:00 [DEBUG] Excluded [Standalone below rating or ratings-count threshold]: Charles Dickens - Great Expectations
2026-08-11 21:00:32.236 -04:00 [DEBUG] Excluded [Standalone below rating or ratings-count threshold]: Charles Dickens - Hard Times
2026-08-11 21:00:32.238 -04:00 [DEBUG] Excluded [Standalone below rating or ratings-count threshold]: Charles Dickens - Martin Chuzzlewit
2026-08-11 21:00:32.239 -04:00 [DEBUG] Excluded [Standalone below rating or ratings-count threshold]: Charles Dickens - Nicholas Nickleby
2026-08-11 21:00:32.241 -04:00 [DEBUG] Excluded [Standalone below rating or ratings-count threshold]: Charles Dickens - No Thoroughfare
2026-08-11 21:00:32.243 -04:00 [DEBUG] Excluded [Standalone below rating or ratings-count threshold]: Charles Dickens - Oliver Twist
2026-08-11 21:00:32.244 -04:00 [DEBUG] Excluded [Standalone below rating or ratings-count threshold]: Charles Dickens - Pictures from Italy
2026-08-11 21:00:32.245 -04:00 [DEBUG] Excluded [Standalone below rating or ratings-count threshold]: Charles Dickens - Sketches by Boz
2026-08-11 21:00:32.246 -04:00 [DEBUG] Excluded [Standalone below rating or ratings-count threshold]: Charles Dickens - Stories for Christmas
2026-08-11 21:00:32.248 -04:00 [DEBUG] Excluded [Standalone below rating or ratings-count threshold]: Charles Dickens - The Battle of Life
2026-08-11 21:00:32.249 -04:00 [DEBUG] Excluded [Standalone below rating or ratings-count threshold]: Charles Dickens - The Chimes
2026-08-11 21:00:32.250 -04:00 [DEBUG] Excluded [Standalone below rating or ratings-count threshold]: Charles Dickens - The Cricket on the Hearth
2026-08-11 21:00:32.252 -04:00 [DEBUG] Excluded [Standalone below rating or ratings-count threshold]: Charles Dickens - The Great Winglebury Duel
2026-08-11 21:00:32.253 -04:00 [DEBUG] Excluded [Standalone below rating or ratings-count threshold]: Charles Dickens - The Haunted House
2026-08-11 21:00:32.258 -04:00 [DEBUG] Excluded [Standalone below rating or ratings-count threshold]: Charles Dickens - The Haunted Man and the Ghost's Bargain
2026-08-11 21:00:32.259 -04:00 [DEBUG] Excluded [Standalone below rating or ratings-count threshold]: Charles Dickens - The Mystery of Edwin Drood
2026-08-11 21:00:32.261 -04:00 [DEBUG] Excluded [Standalone below rating or ratings-count threshold]: Charles Dickens - The Old Curiosity Shop
2026-08-11 21:00:32.262 -04:00 [DEBUG] Excluded [Standalone below rating or ratings-count threshold]: Charles Dickens - The Pickwick Papers
2026-08-11 21:00:32.263 -04:00 [DEBUG] Excluded [Standalone below rating or ratings-count threshold]: Charles Dickens - The Signalman
2026-08-11 21:00:32.264 -04:00 [DEBUG] Excluded [Standalone below rating or ratings-count threshold]: Charles Dickens - The Story of the Goblins Who Stole a Sexton
2026-08-11 21:00:32.266 -04:00 [DEBUG] Excluded [Standalone below rating or ratings-count threshold]: Charles Dickens - The Trial For Murder
2026-08-11 21:00:32.267 -04:00 [DEBUG] Excluded [Standalone below rating or ratings-count threshold]: Charles Dickens - Three Ghost Stories
2026-08-11 21:00:32.268 -04:00 [DEBUG] Excluded [Standalone below rating or ratings-count threshold]: Charles Dickens - To Be Read at Dusk
2026-08-11 21:00:32.279 -04:00 [DEBUG] Excluded [Standalone below rating or ratings-count threshold]: Ursula K. Le Guin - Buffalo Gals and Other Animal Presences
2026-08-11 21:00:32.281 -04:00 [DEBUG] Excluded [Standalone below rating or ratings-count threshold]: Ursula K. Le Guin - Buffalo Gals, Won't You Come Out Tonight
2026-08-11 21:00:32.295 -04:00 [DEBUG] Excluded [Standalone below rating or ratings-count threshold]: Ursula K. Le Guin - Cat Dreams
2026-08-11 21:00:32.336 -04:00 [DEBUG] Excluded [Standalone below rating or ratings-count threshold]: Ursula K. Le Guin - Changing Planes
2026-08-11 21:00:32.348 -04:00 [DEBUG] Excluded [Standalone below rating or ratings-count threshold]: Ursula K. Le Guin - Cheek by Jowl: Talks and Essays on How and Why Fantasy Matters
2026-08-11 21:00:32.351 -04:00 [DEBUG] Excluded [Standalone below rating or ratings-count threshold]: Ursula K. Le Guin - City of Illusions
2026-08-11 21:00:32.353 -04:00 [DEBUG] Excluded [Standalone below rating or ratings-count threshold]: Ursula K. Le Guin - Coming of Age in Karhide
2026-08-11 21:00:32.354 -04:00 [DEBUG] Excluded [Standalone below rating or ratings-count threshold]: Ursula K. Le Guin - Dreams Must Explain Themselves
2026-08-11 21:00:32.356 -04:00 [DEBUG] Excluded [Standalone below rating or ratings-count threshold]: Ursula K. Le Guin - Finding My Elegy: New and Selected Poems 1960-2010
2026-08-11 21:00:32.358 -04:00 [DEBUG] Excluded [Standalone below rating or ratings-count threshold]: Ursula K. Le Guin - Hainish Novels & Stories, Vol. 1: Rocannon’s World / Planet of Exile / City of Illusions / The Left Hand of Darkness / The Dispossessed / Stories
2026-08-11 21:00:32.360 -04:00 [DEBUG] Excluded [Standalone below rating or ratings-count threshold]: Ursula K. Le Guin - Hainish Novels & Stories, Vol. 2: The Word for World Is Forest / Five Ways to Forgiveness / The Telling / Stories
2026-08-11 21:00:32.361 -04:00 [DEBUG] Excluded [Standalone below rating or ratings-count threshold]: Ursula K. Le Guin - Historias de Terramar
2026-08-11 21:00:32.363 -04:00 [DEBUG] Excluded [Standalone below rating or ratings-count threshold]: Ursula K. Le Guin - Late in the Day: Poems 2010–2014
2026-08-11 21:00:32.365 -04:00 [DEBUG] Excluded [Standalone below rating or ratings-count threshold]: Ursula K. Le Guin - Lavinia
2026-08-11 21:00:32.369 -04:00 [DEBUG] Excluded [Standalone below rating or ratings-count threshold]: Ursula K. Le Guin - Malafrena
2026-08-11 21:00:32.377 -04:00 [DEBUG] Excluded [Standalone below rating or ratings-count threshold]: Ursula K. Le Guin - Nine Lives
2026-08-11 21:00:32.380 -04:00 [DEBUG] Excluded [Standalone below rating or ratings-count threshold]: Ursula K. Le Guin - Orsinian Tales
2026-08-11 21:00:32.382 -04:00 [DEBUG] Excluded [Standalone below rating or ratings-count threshold]: Ursula K. Le Guin - Paradises Lost
2026-08-11 21:00:32.384 -04:00 [DEBUG] Excluded [Standalone below rating or ratings-count threshold]: Ursula K. Le Guin - Planet of Exile
2026-08-11 21:00:32.385 -04:00 [DEBUG] Excluded [Standalone below rating or ratings-count threshold]: Ursula K. Le Guin - Rocannon’s World
2026-08-11 21:00:32.386 -04:00 [DEBUG] Excluded [Standalone below rating or ratings-count threshold]: Ursula K. Le Guin - Searoad
2026-08-11 21:00:32.388 -04:00 [DEBUG] Excluded [Standalone below rating or ratings-count threshold]: Ursula K. Le Guin - She Unnames Them
2026-08-11 21:00:32.390 -04:00 [DEBUG] Excluded [Standalone below rating or ratings-count threshold]: Ursula K. Le Guin - Space Crone
2026-08-11 21:00:32.392 -04:00 [DEBUG] Excluded [Standalone below rating or ratings-count threshold]: Ursula K. Le Guin - The Beginning Place
2026-08-11 21:00:32.394 -04:00 [DEBUG] Excluded [Standalone below rating or ratings-count threshold]: Ursula K. Le Guin - The Catwings Collection (4 Volume Set)
2026-08-11 21:00:32.395 -04:00 [DEBUG] Excluded [Standalone below rating or ratings-count threshold]: Ursula K. Le Guin - The Compass Rose
2026-08-11 21:00:32.396 -04:00 [DEBUG] Excluded [Standalone below rating or ratings-count threshold]: Ursula K. Le Guin - The Day Before the Revolution
2026-08-11 21:00:32.397 -04:00 [DEBUG] Excluded [Standalone below rating or ratings-count threshold]: Ursula K. Le Guin - The Eye of the Heron
2026-08-11 21:00:32.399 -04:00 [DEBUG] Excluded [Standalone below rating or ratings-count threshold]: Ursula K. Le Guin - The New Atlantis
2026-08-11 21:00:32.400 -04:00 [DEBUG] Excluded [Standalone below rating or ratings-count threshold]: Ursula K. Le Guin - The Telling
2026-08-11 21:00:32.402 -04:00 [DEBUG] Excluded [Standalone below rating or ratings-count threshold]: Ursula K. Le Guin - The Wife's Story
2026-08-11 21:00:32.403 -04:00 [DEBUG] Excluded [Standalone below rating or ratings-count threshold]: Ursula K. Le Guin - The Wind's Twelve Quarters / The Compass Rose
2026-08-11 21:00:32.404 -04:00 [DEBUG] Excluded [Standalone below rating or ratings-count threshold]: Ursula K. Le Guin - The Word of Unbinding
2026-08-11 21:00:32.406 -04:00 [DEBUG] Excluded [Standalone below rating or ratings-count threshold]: Ursula K. Le Guin - Unlocking the Air and Other Stories
2026-08-11 21:00:32.408 -04:00 [DEBUG] Excluded [Standalone below rating or ratings-count threshold]: Ursula K. Le Guin - Ursula K. Le Guin: The Last Interview and Other Conversations
2026-08-11 21:00:32.410 -04:00 [DEBUG] Excluded [Standalone below rating or ratings-count threshold]: Ursula K. Le Guin - Ursula Le Guin Collection: Left Hand of Darkness, The Earthsea Quartet & The Dispossessed
2026-08-11 21:00:32.413 -04:00 [DEBUG] Excluded [Standalone below rating or ratings-count threshold]: Ursula K. Le Guin - Very Far Away from Anywhere Else
2026-08-11 21:00:32.414 -04:00 [DEBUG] Excluded [Standalone below rating or ratings-count threshold]: Ursula K. Le Guin - Winter's King
2026-08-11 21:00:32.419 -04:00 [DEBUG] Excluded [Series below average or first-book ratings-count threshold]: Ursula K. Le Guin - The Daughter of Odren
2026-08-11 21:00:32.420 -04:00 [DEBUG] Excluded [Series below average or first-book ratings-count threshold]: Ursula K. Le Guin - The Rule of Names
2026-08-11 21:00:32.422 -04:00 [DEBUG] Excluded [Series below average or first-book ratings-count threshold]: Ursula K. Le Guin - La costa más lejana / Tehanu
2026-08-11 21:00:32.424 -04:00 [DEBUG] Excluded [Series below average or first-book ratings-count threshold]: Ursula K. Le Guin - Wild Girls
2026-08-11 21:00:32.430 -04:00 [DEBUG] Excluded [Standalone below rating or ratings-count threshold]: Michael Crichton - Airframe
2026-08-11 21:00:32.432 -04:00 [DEBUG] Excluded [Standalone below rating or ratings-count threshold]: Michael Crichton - Airframe [In Japanese Language]
2026-08-11 21:00:32.433 -04:00 [DEBUG] Excluded [Standalone below rating or ratings-count threshold]: Michael Crichton - Congo/The Terminal Man
2026-08-11 21:00:32.434 -04:00 [DEBUG] Excluded [Standalone below rating or ratings-count threshold]: Michael Crichton - Disclosure
2026-08-11 21:00:32.435 -04:00 [DEBUG] Excluded [Standalone below rating or ratings-count threshold]: Michael Crichton - Dragon Teeth
2026-08-11 21:00:32.437 -04:00 [DEBUG] Excluded [Standalone below rating or ratings-count threshold]: Michael Crichton - Eruption
2026-08-11 21:00:32.438 -04:00 [DEBUG] Excluded [Standalone below rating or ratings-count threshold]: Michael Crichton - Jurassic Park: The Official Script Book: Complete with Annotations and Illustrations
2026-08-11 21:00:32.440 -04:00 [DEBUG] Excluded [Standalone below rating or ratings-count threshold]: Michael Crichton - Micro
2026-08-11 21:00:32.441 -04:00 [DEBUG] Excluded [Standalone below rating or ratings-count threshold]: Michael Crichton - Next
2026-08-11 21:00:32.443 -04:00 [DEBUG] Excluded [Standalone below rating or ratings-count threshold]: Michael Crichton - Pirate Latitudes
2026-08-11 21:00:32.448 -04:00 [DEBUG] Excluded [Standalone below rating or ratings-count threshold]: Michael Crichton - Prey
2026-08-11 21:00:32.449 -04:00 [DEBUG] Excluded [Standalone below rating or ratings-count threshold]: Michael Crichton - Rising Sun / Jurassic Park / Sphere
2026-08-11 21:00:32.451 -04:00 [DEBUG] Excluded [Standalone below rating or ratings-count threshold]: Michael Crichton - Rising Sun / The Andromeda Strain / Binary
2026-08-11 21:00:32.452 -04:00 [DEBUG] Excluded [Standalone below rating or ratings-count threshold]: Michael Crichton - State of Fear
2026-08-11 21:00:32.453 -04:00 [DEBUG] Excluded [Standalone below rating or ratings-count threshold]: Michael Crichton - The Andromeda Strain / The Terminal Man
2026-08-11 21:00:32.454 -04:00 [DEBUG] Excluded [Standalone below rating or ratings-count threshold]: Michael Crichton - The Lost World Storybook
2026-08-11 21:00:32.456 -04:00 [DEBUG] Excluded [Standalone below rating or ratings-count threshold]: Michael Crichton - The Michael Crichton Collection: Airframe / The Lost World / Timeline
2026-08-11 21:00:32.458 -04:00 [DEBUG] Excluded [Standalone below rating or ratings-count threshold]: Michael Crichton - The Michael Crichton Collection: Jurassic Park / The Lost World / The Andromeda Strain
2026-08-11 21:00:32.459 -04:00 [DEBUG] Excluded [Standalone below rating or ratings-count threshold]: Michael Crichton - The Movie Collection: Disclosure / Rising Sun / Jurassic Park
2026-08-11 21:00:32.461 -04:00 [DEBUG] Excluded [Standalone below rating or ratings-count threshold]: Michael Crichton - Timeline
2026-08-11 21:00:32.464 -04:00 [DEBUG] Excluded [Standalone below rating or ratings-count threshold]: Michael Crichton - Twister: The Original Screenplay
2026-08-11 21:00:32.466 -04:00 [DEBUG] Excluded [Standalone below rating or ratings-count threshold]: Michael Crichton - Two Complete Novels: Disclosure / Rising Sun
2026-08-11 21:00:32.467 -04:00 [DEBUG] Excluded [Standalone below rating or ratings-count threshold]: Michael Crichton - スフィア－球体－（上）
2026-08-11 21:00:32.469 -04:00 [DEBUG] Excluded [Series below average or first-book ratings-count threshold]: Michael Crichton - The Andromeda Evolution
2026-08-11 21:00:32.470 -04:00 [DEBUG] Excluded [Series below average or first-book ratings-count threshold]: Michael Crichton - The Lost World
2026-08-11 21:00:32.472 -04:00 [DEBUG] Excluded [Series below average or first-book ratings-count threshold]: Michael Crichton - ロスト・ワールド （下）
2026-08-11 21:00:32.480 -04:00 [DEBUG] Excluded [Standalone below rating or ratings-count threshold]: Glen Cook - An Empire Unacquainted with Defeat
2026-08-11 21:00:32.482 -04:00 [DEBUG] Excluded [Standalone below rating or ratings-count threshold]: Glen Cook - The Dragon Never Sleeps
2026-08-11 21:00:32.483 -04:00 [DEBUG] Excluded [Standalone below rating or ratings-count threshold]: Glen Cook - The Swordbearer
2026-08-11 21:00:32.485 -04:00 [DEBUG] Excluded [Standalone below rating or ratings-count threshold]: Glen Cook - The Tower of Fear
2026-08-11 21:00:32.491 -04:00 [DEBUG] Excluded [Series below average or first-book ratings-count threshold]: Glen Cook - Ceremony
2026-08-11 21:00:32.492 -04:00 [DEBUG] Excluded [Series below average or first-book ratings-count threshold]: Glen Cook - Doomstalker
2026-08-11 21:00:32.493 -04:00 [DEBUG] Excluded [Series below average or first-book ratings-count threshold]: Glen Cook - Warlock
2026-08-11 21:00:32.497 -04:00 [DEBUG] Excluded [Series below average or first-book ratings-count threshold]: Glen Cook - Passage at Arms
2026-08-11 21:00:32.499 -04:00 [DEBUG] Excluded [Series below average or first-book ratings-count threshold]: Glen Cook - Shadowline
2026-08-11 21:00:32.501 -04:00 [DEBUG] Excluded [Series below average or first-book ratings-count threshold]: Glen Cook - Starfishers
2026-08-11 21:00:32.502 -04:00 [DEBUG] Excluded [Series below average or first-book ratings-count threshold]: Glen Cook - Stars' End
2026-08-11 21:00:32.506 -04:00 [DEBUG] Excluded [Standalone below rating or ratings-count threshold]: Colson Whitehead - Apex Hides the Hurt
2026-08-11 21:00:32.508 -04:00 [DEBUG] Excluded [Standalone below rating or ratings-count threshold]: Colson Whitehead - John Henry Days
2026-08-11 21:00:32.509 -04:00 [DEBUG] Excluded [Standalone below rating or ratings-count threshold]: Colson Whitehead - Sag Harbor
2026-08-11 21:00:32.510 -04:00 [DEBUG] Excluded [Standalone below rating or ratings-count threshold]: Colson Whitehead - The Colossus of New York
2026-08-11 21:00:32.511 -04:00 [DEBUG] Excluded [Standalone below rating or ratings-count threshold]: Colson Whitehead - The Intuitionist
2026-08-11 21:00:32.513 -04:00 [DEBUG] Excluded [Standalone below rating or ratings-count threshold]: Colson Whitehead - The Noble Hustle: Poker, Beef Jerky, and Death
2026-08-11 21:00:32.514 -04:00 [DEBUG] Excluded [Standalone below rating or ratings-count threshold]: Colson Whitehead - Zone One
2026-08-11 21:00:32.522 -04:00 [DEBUG] Excluded [Standalone below rating or ratings-count threshold]: Garth Nix - A Confusion of Princes
2026-08-11 21:00:32.524 -04:00 [DEBUG] Excluded [Standalone below rating or ratings-count threshold]: Garth Nix - Angel Mage
2026-08-11 21:00:32.526 -04:00 [DEBUG] Excluded [Standalone below rating or ratings-count threshold]: Garth Nix - Asymmetrical
2026-08-11 21:00:32.528 -04:00 [DEBUG] Excluded [Standalone below rating or ratings-count threshold]: Garth Nix - Dislocation Space
2026-08-11 21:00:32.529 -04:00 [DEBUG] Excluded [Standalone below rating or ratings-count threshold]: Garth Nix - Doctor Crake Crosses the Wall
2026-08-11 21:00:32.530 -04:00 [DEBUG] Excluded [Standalone below rating or ratings-count threshold]: Garth Nix - Fire Above, Fire Below
2026-08-11 21:00:32.532 -04:00 [DEBUG] Excluded [Standalone below rating or ratings-count threshold]: Garth Nix - Frogkisser!
2026-08-11 21:00:32.533 -04:00 [DEBUG] Excluded [Standalone below rating or ratings-count threshold]: Garth Nix - Newt's Emerald
2026-08-11 21:00:32.534 -04:00 [DEBUG] Excluded [Standalone below rating or ratings-count threshold]: Garth Nix - One Beastly Beast: Two Aliens, Three Inventors, Four Fantastic Tales
2026-08-11 21:00:32.535 -04:00 [DEBUG] Excluded [Standalone below rating or ratings-count threshold]: Garth Nix - Shade's Children
2026-08-11 21:00:32.537 -04:00 [DEBUG] Excluded [Standalone below rating or ratings-count threshold]: Garth Nix - Sir Hereward and Mister Fitz: Stories of the Witch Knight and the Puppet Sorcerer
2026-08-11 21:00:32.538 -04:00 [DEBUG] Excluded [Standalone below rating or ratings-count threshold]: Garth Nix - Sir Hereward and Mister Fitz: Three Adventures
2026-08-11 21:00:32.540 -04:00 [DEBUG] Excluded [Standalone below rating or ratings-count threshold]: Garth Nix - The Calusari
2026-08-11 21:00:32.544 -04:00 [DEBUG] Excluded [Standalone below rating or ratings-count threshold]: Garth Nix - The Case of the Somewhat Mythic Sword
2026-08-11 21:00:32.545 -04:00 [DEBUG] Excluded [Standalone below rating or ratings-count threshold]: Garth Nix - The Keys To The Kingdom Collection: Mister Monday, Grim Tuesday, Drowned Wednesday, Sir Thursday, Lady Friday, Superior Saturday, Lord Sunday
2026-08-11 21:00:32.546 -04:00 [DEBUG] Excluded [Standalone below rating or ratings-count threshold]: Garth Nix - The Necessary Arthur
2026-08-11 21:00:32.548 -04:00 [DEBUG] Excluded [Standalone below rating or ratings-count threshold]: Garth Nix - The Ragwitch
2026-08-11 21:00:32.549 -04:00 [DEBUG] Excluded [Standalone below rating or ratings-count threshold]: Garth Nix - The Sisters of Saint Nicola of The Almost Perpetual Motion vs the Lurch
2026-08-11 21:00:32.550 -04:00 [DEBUG] Excluded [Standalone below rating or ratings-count threshold]: Garth Nix - To Hold the Bridge
2026-08-11 21:00:32.552 -04:00 [DEBUG] Excluded [Standalone below rating or ratings-count threshold]: Garth Nix - We Do Not Welcome Our Ten-Year-Old Overlord
2026-08-11 21:00:32.557 -04:00 [DEBUG] Excluded [Series below average or first-book ratings-count threshold]: Garth Nix - Have Sword, Will Travel
2026-08-11 21:00:32.558 -04:00 [DEBUG] Excluded [Series below average or first-book ratings-count threshold]: Garth Nix - Let Sleeping Dragons Lie
2026-08-11 21:00:32.560 -04:00 [DEBUG] Excluded [Series below average or first-book ratings-count threshold]: Garth Nix - Out of the Mirror, Darkness
2026-08-11 21:00:32.564 -04:00 [DEBUG] Excluded [Series below average or first-book ratings-count threshold]: Garth Nix - Above the Veil
2026-08-11 21:00:32.566 -04:00 [DEBUG] Excluded [Series below average or first-book ratings-count threshold]: Garth Nix - Aenir
2026-08-11 21:00:32.567 -04:00 [DEBUG] Excluded [Series below average or first-book ratings-count threshold]: Garth Nix - Castle
2026-08-11 21:00:32.568 -04:00 [DEBUG] Excluded [Series below average or first-book ratings-count threshold]: Garth Nix - Into Battle
2026-08-11 21:00:32.570 -04:00 [DEBUG] Excluded [Series below average or first-book ratings-count threshold]: Garth Nix - The Fall
2026-08-11 21:00:32.571 -04:00 [DEBUG] Excluded [Series below average or first-book ratings-count threshold]: Garth Nix - The Violet Keystone
2026-08-11 21:00:32.581 -04:00 [DEBUG] Excluded [Standalone below rating or ratings-count threshold]: Terry Brooks - Die Elfenkönigin von Shannara
2026-08-11 21:00:32.582 -04:00 [DEBUG] Excluded [Standalone below rating or ratings-count threshold]: Terry Brooks - Die Reiter von Shannara
2026-08-11 21:00:32.583 -04:00 [DEBUG] Excluded [Standalone below rating or ratings-count threshold]: Terry Brooks - Hook
2026-08-11 21:00:32.585 -04:00 [DEBUG] Excluded [Standalone below rating or ratings-count threshold]: Terry Brooks - Imaginary Friends
2026-08-11 21:00:32.586 -04:00 [DEBUG] Excluded [Standalone below rating or ratings-count threshold]: Terry Brooks - Set of Six Books
2026-08-11 21:00:32.587 -04:00 [DEBUG] Excluded [Standalone below rating or ratings-count threshold]: Terry Brooks - Small Magic: Short Fiction, 1977-2020
2026-08-11 21:00:32.589 -04:00 [DEBUG] Excluded [Standalone below rating or ratings-count threshold]: Terry Brooks - Street Freaks
2026-08-11 21:00:32.591 -04:00 [DEBUG] Excluded [Standalone below rating or ratings-count threshold]: Terry Brooks - Terry Brooks CD Collection: Armageddon's Children, The Elves of Cintra
2026-08-11 21:00:32.592 -04:00 [DEBUG] Excluded [Standalone below rating or ratings-count threshold]: Terry Brooks - Terry Brooks Starter Pack
2026-08-11 21:00:32.593 -04:00 [DEBUG] Excluded [Standalone below rating or ratings-count threshold]: Terry Brooks - The Heritage of Shannara Books One and Two: The Scions of Shannara, The Druid of Shannara
2026-08-11 21:00:32.602 -04:00 [DEBUG] Excluded [Series below average or first-book ratings-count threshold]: Terry Brooks - Die Dämonen von Shannara
2026-08-11 21:00:32.604 -04:00 [DEBUG] Excluded [Series below average or first-book ratings-count threshold]: Terry Brooks - Die Elfensteine von Shannara
2026-08-11 21:00:32.607 -04:00 [DEBUG] Excluded [Series below average or first-book ratings-count threshold]: Terry Brooks - A Princess of Landover
2026-08-11 21:00:32.609 -04:00 [DEBUG] Excluded [Series below average or first-book ratings-count threshold]: Terry Brooks - Magic Kingdom for Sale/Sold
2026-08-11 21:00:32.610 -04:00 [DEBUG] Excluded [Series below average or first-book ratings-count threshold]: Terry Brooks - The Black Unicorn
2026-08-11 21:00:32.611 -04:00 [DEBUG] Excluded [Series below average or first-book ratings-count threshold]: Terry Brooks - The Tangle Box
2026-08-11 21:00:32.612 -04:00 [DEBUG] Excluded [Series below average or first-book ratings-count threshold]: Terry Brooks - Witches' Brew
2026-08-11 21:00:32.614 -04:00 [DEBUG] Excluded [Series below average or first-book ratings-count threshold]: Terry Brooks - Wizard at Large
2026-08-11 21:00:32.615 -04:00 [DEBUG] Excluded [Series below average or first-book ratings-count threshold]: Terry Brooks - Star Wars: The Phantom Menace
2026-08-11 21:00:32.616 -04:00 [DEBUG] Excluded [Series below average or first-book ratings-count threshold]: Terry Brooks - The Darkling Child
2026-08-11 21:00:32.618 -04:00 [DEBUG] Excluded [Series below average or first-book ratings-count threshold]: Terry Brooks - The High Druid's Blade
2026-08-11 21:00:32.619 -04:00 [DEBUG] Excluded [Series below average or first-book ratings-count threshold]: Terry Brooks - The Sorcerer's Daughter
2026-08-11 21:00:32.623 -04:00 [DEBUG] Excluded [Series below average or first-book ratings-count threshold]: Terry Brooks - Dark Wraith of Shannara
2026-08-11 21:00:32.625 -04:00 [DEBUG] Excluded [Series below average or first-book ratings-count threshold]: Terry Brooks - Das Schwert von Shannara
2026-08-11 21:00:32.626 -04:00 [DEBUG] Excluded [Series below average or first-book ratings-count threshold]: Terry Brooks - First King of Shannara
2026-08-11 21:00:32.628 -04:00 [DEBUG] Excluded [Series below average or first-book ratings-count threshold]: Terry Brooks - Indomitable
2026-08-11 21:00:32.629 -04:00 [DEBUG] Excluded [Series below average or first-book ratings-count threshold]: Terry Brooks - The Elfstones of Shannara
2026-08-11 21:00:32.630 -04:00 [DEBUG] Excluded [Series below average or first-book ratings-count threshold]: Terry Brooks - The Sword of Shannara
2026-08-11 21:00:32.631 -04:00 [DEBUG] Excluded [Series below average or first-book ratings-count threshold]: Terry Brooks - The Wishsong of Shannara
2026-08-11 21:00:32.633 -04:00 [DEBUG] Excluded [Series below average or first-book ratings-count threshold]: Terry Brooks - Morgawr
2026-08-11 21:00:32.634 -04:00 [DEBUG] Excluded [Series below average or first-book ratings-count threshold]: Terry Brooks - Antrax
2026-08-11 21:00:32.635 -04:00 [DEBUG] Excluded [Series below average or first-book ratings-count threshold]: Terry Brooks - Ilse Witch
2026-08-11 21:00:32.636 -04:00 [DEBUG] Excluded [Series below average or first-book ratings-count threshold]: Terry Brooks - Warrior
2026-08-11 21:00:32.641 -04:00 [DEBUG] Excluded [Standalone below rating or ratings-count threshold]: Robert Jackson Bennett - American Elsewhere
2026-08-11 21:00:32.642 -04:00 [DEBUG] Excluded [Standalone below rating or ratings-count threshold]: Robert Jackson Bennett - In the Shadows of Men
2026-08-11 21:00:32.646 -04:00 [DEBUG] Excluded [Standalone below rating or ratings-count threshold]: Robert Jackson Bennett - Mr. Shivers
2026-08-11 21:00:32.647 -04:00 [DEBUG] Excluded [Standalone below rating or ratings-count threshold]: Robert Jackson Bennett - The Company Man
2026-08-11 21:00:32.649 -04:00 [DEBUG] Excluded [Standalone below rating or ratings-count threshold]: Robert Jackson Bennett - The Troupe
2026-08-11 21:00:32.650 -04:00 [DEBUG] Excluded [Standalone below rating or ratings-count threshold]: Robert Jackson Bennett - To Be Read Upon Your Waking
2026-08-11 21:00:32.651 -04:00 [DEBUG] Excluded [Standalone below rating or ratings-count threshold]: Robert Jackson Bennett - Vigilance
2026-08-11 21:00:32.654 -04:00 [DEBUG] Excluded [Series below average or first-book ratings-count threshold]: Robert Jackson Bennett - The Lion’s Tusk
2026-08-11 21:00:32.659 -04:00 [DEBUG] Excluded [Standalone below rating or ratings-count threshold]: Brian McClellan - War Cry
2026-08-11 21:00:32.667 -04:00 [DEBUG] Excluded [Standalone below rating or ratings-count threshold]: Christopher Moore - Cat's Karma
2026-08-11 21:00:32.668 -04:00 [DEBUG] Excluded [Standalone below rating or ratings-count threshold]: Christopher Moore - Coyote Blue
2026-08-11 21:00:32.670 -04:00 [DEBUG] Excluded [Standalone below rating or ratings-count threshold]: Christopher Moore - Der Lustmolch / Flossen weg!
2026-08-11 21:00:32.672 -04:00 [DEBUG] Excluded [Standalone below rating or ratings-count threshold]: Christopher Moore - Fluke: Or, I Know Why the Winged Whale Sings
2026-08-11 21:00:32.673 -04:00 [DEBUG] Excluded [Standalone below rating or ratings-count threshold]: Christopher Moore - Fool
2026-08-11 21:00:32.675 -04:00 [DEBUG] Excluded [Standalone below rating or ratings-count threshold]: Christopher Moore - Island of the Sequined Love Nun
2026-08-11 21:00:32.677 -04:00 [DEBUG] Excluded [Standalone below rating or ratings-count threshold]: Christopher Moore - Noir
2026-08-11 21:00:32.678 -04:00 [DEBUG] Excluded [Standalone below rating or ratings-count threshold]: Christopher Moore - Our Lady of the Fishnet Stockings
2026-08-11 21:00:32.679 -04:00 [DEBUG] Excluded [Standalone below rating or ratings-count threshold]: Christopher Moore - Pack: 6 Novelas
2026-08-11 21:00:32.680 -04:00 [DEBUG] Excluded [Standalone below rating or ratings-count threshold]: Christopher Moore - Sacré Bleu
2026-08-11 21:00:32.682 -04:00 [DEBUG] Excluded [Standalone below rating or ratings-count threshold]: Christopher Moore - Shakespeare for Squirrels
2026-08-11 21:00:32.683 -04:00 [DEBUG] Excluded [Standalone below rating or ratings-count threshold]: Christopher Moore - The Griff: A Graphic Novel
2026-08-11 21:00:32.687 -04:00 [DEBUG] Excluded [Standalone below rating or ratings-count threshold]: Christopher Moore - The Serpent of Venice
2026-08-11 21:00:32.690 -04:00 [DEBUG] Excluded [Series below average or first-book ratings-count threshold]: Christopher Moore - Bite Me
2026-08-11 21:00:32.692 -04:00 [DEBUG] Excluded [Series below average or first-book ratings-count threshold]: Christopher Moore - Bloodsucking Fiends
2026-08-11 21:00:32.693 -04:00 [DEBUG] Excluded [Series below average or first-book ratings-count threshold]: Christopher Moore - You Suck
2026-08-11 21:00:32.695 -04:00 [DEBUG] Excluded [Series below average or first-book ratings-count threshold]: Christopher Moore - Practical Demonkeeping
2026-08-11 21:00:32.696 -04:00 [DEBUG] Excluded [Series below average or first-book ratings-count threshold]: Christopher Moore - The Lust Lizard of Melancholy Cove
2026-08-11 21:00:32.697 -04:00 [DEBUG] Excluded [Series below average or first-book ratings-count threshold]: Christopher Moore - The Stupidest Angel: A Heartwarming Tale of Christmas Terror
2026-08-11 21:00:32.705 -04:00 [DEBUG] Excluded [Standalone below rating or ratings-count threshold]: John Scalzi - 3 Days, 9 Months, 27 Years
2026-08-11 21:00:32.707 -04:00 [DEBUG] Excluded [Standalone below rating or ratings-count threshold]: John Scalzi - A Very Scalzi Christmas
2026-08-11 21:00:32.709 -04:00 [DEBUG] Excluded [Standalone below rating or ratings-count threshold]: John Scalzi - Agent to the Stars
2026-08-11 21:00:32.710 -04:00 [DEBUG] Excluded [Standalone below rating or ratings-count threshold]: John Scalzi - An Election
2026-08-11 21:00:32.712 -04:00 [DEBUG] Excluded [Standalone below rating or ratings-count threshold]: John Scalzi - Constituent Service
2026-08-11 21:00:32.713 -04:00 [DEBUG] Excluded [Standalone below rating or ratings-count threshold]: John Scalzi - How I Proposed to My Wife: An Alien Sex Story
2026-08-11 21:00:32.714 -04:00 [DEBUG] Excluded [Standalone below rating or ratings-count threshold]: John Scalzi - Miniatures: The Very Short Fiction of John Scalzi
2026-08-11 21:00:32.715 -04:00 [DEBUG] Excluded [Standalone below rating or ratings-count threshold]: John Scalzi - Muse of Fire
2026-08-11 21:00:32.717 -04:00 [DEBUG] Excluded [Standalone below rating or ratings-count threshold]: John Scalzi - Redshirts
2026-08-11 21:00:32.718 -04:00 [DEBUG] Excluded [Standalone below rating or ratings-count threshold]: John Scalzi - Redshirts: Chapters 1-4
2026-08-11 21:00:32.719 -04:00 [DEBUG] Excluded [Standalone below rating or ratings-count threshold]: John Scalzi - The Android's Dream
2026-08-11 21:00:32.720 -04:00 [DEBUG] Excluded [Standalone below rating or ratings-count threshold]: John Scalzi - The God Engines
2026-08-11 21:00:32.722 -04:00 [DEBUG] Excluded [Standalone below rating or ratings-count threshold]: John Scalzi - The Kaiju Preservation Society
2026-08-11 21:00:32.724 -04:00 [DEBUG] Excluded [Standalone below rating or ratings-count threshold]: John Scalzi - The President's Brain is Missing
2026-08-11 21:00:32.725 -04:00 [DEBUG] Excluded [Standalone below rating or ratings-count threshold]: John Scalzi - The Tale of The Wicked
2026-08-11 21:00:32.727 -04:00 [DEBUG] Excluded [Standalone below rating or ratings-count threshold]: John Scalzi - When the Moon Hits Your Eye
2026-08-11 21:00:32.728 -04:00 [DEBUG] Excluded [Standalone below rating or ratings-count threshold]: John Scalzi - Your Hate Mail Will Be Graded: A Decade of Whatever, 1998-2008
2026-08-11 21:00:32.736 -04:00 [DEBUG] Excluded [Series below average or first-book ratings-count threshold]: John Scalzi - The Dead City
2026-08-11 21:00:32.746 -04:00 [DEBUG] Excluded [Standalone below rating or ratings-count threshold]: T.J. Klune - Flash Fire Sneak Peek
2026-08-11 21:00:32.748 -04:00 [DEBUG] Excluded [Standalone below rating or ratings-count threshold]: T.J. Klune - Horatio
2026-08-11 21:00:32.749 -04:00 [DEBUG] Excluded [Standalone below rating or ratings-count threshold]: T.J. Klune - In the Lives of Puppets
2026-08-11 21:00:32.750 -04:00 [DEBUG] Excluded [Standalone below rating or ratings-count threshold]: T.J. Klune - Le clan Bennett - L'intégrale
2026-08-11 21:00:32.752 -04:00 [DEBUG] Excluded [Standalone below rating or ratings-count threshold]: T.J. Klune - The House in the Cerulean Sea [Sneak Peek]
2026-08-11 21:00:32.753 -04:00 [DEBUG] Excluded [Standalone below rating or ratings-count threshold]: T.J. Klune - Under the Whispering Door: Sneak Peek
2026-08-11 21:00:32.761 -04:00 [DEBUG] Excluded [Series below average or first-book ratings-count threshold]: T.J. Klune - Jesus Goes to Hell on Vacation!
2026-08-11 21:00:32.762 -04:00 [DEBUG] Excluded [Series below average or first-book ratings-count threshold]: T.J. Klune - Burn
2026-08-11 21:00:32.764 -04:00 [DEBUG] Excluded [Series below average or first-book ratings-count threshold]: T.J. Klune - La Rivière des souvenirs
2026-08-11 21:00:32.766 -04:00 [DEBUG] Excluded [Series below average or first-book ratings-count threshold]: T.J. Klune - Les Courants de la destinée
2026-08-11 21:00:32.767 -04:00 [DEBUG] Excluded [Series below average or first-book ratings-count threshold]: T.J. Klune - Ghoul's Gym
2026-08-11 21:00:32.779 -04:00 [DEBUG] Excluded [Standalone below rating or ratings-count threshold]: Orson Scott Card - A Planet Called Treason
2026-08-11 21:00:32.780 -04:00 [DEBUG] Excluded [Standalone below rating or ratings-count threshold]: Orson Scott Card - A Town Divided by Christmas
2026-08-11 21:00:32.781 -04:00 [DEBUG] Excluded [Standalone below rating or ratings-count threshold]: Orson Scott Card - Duplex
2026-08-11 21:00:32.782 -04:00 [DEBUG] Excluded [Standalone below rating or ratings-count threshold]: Orson Scott Card - Enchantment
2026-08-11 21:00:32.784 -04:00 [DEBUG] Excluded [Standalone below rating or ratings-count threshold]: Orson Scott Card - Hart's Hope
2026-08-11 21:00:32.785 -04:00 [DEBUG] Excluded [Standalone below rating or ratings-count threshold]: Orson Scott Card - Homebody
2026-08-11 21:00:32.786 -04:00 [DEBUG] Excluded [Standalone below rating or ratings-count threshold]: Orson Scott Card - How to Write Science Fiction & Fantasy
2026-08-11 21:00:32.787 -04:00 [DEBUG] Excluded [Standalone below rating or ratings-count threshold]: Orson Scott Card - Invasive Procedures
2026-08-11 21:00:32.789 -04:00 [DEBUG] Excluded [Standalone below rating or ratings-count threshold]: Orson Scott Card - Keeper of Dreams: Short Fiction
2026-08-11 21:00:32.791 -04:00 [DEBUG] Excluded [Standalone below rating or ratings-count threshold]: Orson Scott Card - Lost Boys
2026-08-11 21:00:32.795 -04:00 [DEBUG] Excluded [Standalone below rating or ratings-count threshold]: Orson Scott Card - Magic Street
2026-08-11 21:00:32.796 -04:00 [DEBUG] Excluded [Standalone below rating or ratings-count threshold]: Orson Scott Card - Pastwatch: The Redemption of Christopher Columbus
2026-08-11 21:00:32.797 -04:00 [DEBUG] Excluded [Standalone below rating or ratings-count threshold]: Orson Scott Card - Saints
2026-08-11 21:00:32.798 -04:00 [DEBUG] Excluded [Standalone below rating or ratings-count threshold]: Orson Scott Card - Songmaster
2026-08-11 21:00:32.799 -04:00 [DEBUG] Excluded [Standalone below rating or ratings-count threshold]: Orson Scott Card - Space Boy
2026-08-11 21:00:32.801 -04:00 [DEBUG] Excluded [Standalone below rating or ratings-count threshold]: Orson Scott Card - Stone Tables
2026-08-11 21:00:32.802 -04:00 [DEBUG] Excluded [Standalone below rating or ratings-count threshold]: Orson Scott Card - The Folk of the Fringe
2026-08-11 21:00:32.803 -04:00 [DEBUG] Excluded [Standalone below rating or ratings-count threshold]: Orson Scott Card - The Treasure Box
2026-08-11 21:00:32.805 -04:00 [DEBUG] Excluded [Standalone below rating or ratings-count threshold]: Orson Scott Card - Treason
2026-08-11 21:00:32.807 -04:00 [DEBUG] Excluded [Standalone below rating or ratings-count threshold]: Orson Scott Card - Ultimate Iron Man, Vol. 1
2026-08-11 21:00:32.808 -04:00 [DEBUG] Excluded [Standalone below rating or ratings-count threshold]: Orson Scott Card - Ultimate Iron Man, Vol. 2
2026-08-11 21:00:32.810 -04:00 [DEBUG] Excluded [Standalone below rating or ratings-count threshold]: Orson Scott Card - Writing Fantasy & Science Fiction: How to Create Out-of-This-World Novels and Short Stories
2026-08-11 21:00:32.811 -04:00 [DEBUG] Excluded [Standalone below rating or ratings-count threshold]: Orson Scott Card - Wyrms
2026-08-11 21:00:32.812 -04:00 [DEBUG] Excluded [Standalone below rating or ratings-count threshold]: Orson Scott Card - Zanna's Gift: A Life in Christmases
2026-08-11 21:00:32.820 -04:00 [DEBUG] Excluded [Series below average or first-book ratings-count threshold]: Orson Scott Card - Empire
2026-08-11 21:00:32.822 -04:00 [DEBUG] Excluded [Series below average or first-book ratings-count threshold]: Orson Scott Card - Hidden Empire
2026-08-11 21:00:32.824 -04:00 [DEBUG] Excluded [Series below average or first-book ratings-count threshold]: Orson Scott Card - Children of the Fleet
2026-08-11 21:00:32.825 -04:00 [DEBUG] Excluded [Series below average or first-book ratings-count threshold]: Orson Scott Card - Earthborn
2026-08-11 21:00:32.826 -04:00 [DEBUG] Excluded [Series below average or first-book ratings-count threshold]: Orson Scott Card - Earthfall
2026-08-11 21:00:32.828 -04:00 [DEBUG] Excluded [Series below average or first-book ratings-count threshold]: Orson Scott Card - The Call of Earth
2026-08-11 21:00:32.829 -04:00 [DEBUG] Excluded [Series below average or first-book ratings-count threshold]: Orson Scott Card - The Memory of Earth
2026-08-11 21:00:32.830 -04:00 [DEBUG] Excluded [Series below average or first-book ratings-count threshold]: Orson Scott Card - The Ships of Earth
2026-08-11 21:00:32.832 -04:00 [DEBUG] Excluded [Series below average or first-book ratings-count threshold]: Orson Scott Card - Flux
2026-08-11 21:00:32.833 -04:00 [DEBUG] Excluded [Series below average or first-book ratings-count threshold]: Orson Scott Card - The Changed Man
2026-08-11 21:00:32.834 -04:00 [DEBUG] Excluded [Series below average or first-book ratings-count threshold]: Orson Scott Card - Lovelock
2026-08-11 21:00:32.835 -04:00 [DEBUG] Excluded [Series below average or first-book ratings-count threshold]: Orson Scott Card - Gatefather
2026-08-11 21:00:32.837 -04:00 [DEBUG] Excluded [Series below average or first-book ratings-count threshold]: Orson Scott Card - Stonefather
2026-08-11 21:00:32.838 -04:00 [DEBUG] Excluded [Series below average or first-book ratings-count threshold]: Orson Scott Card - The Gate Thief
2026-08-11 21:00:32.842 -04:00 [DEBUG] Excluded [Series below average or first-book ratings-count threshold]: Orson Scott Card - The Lost Gate
2026-08-11 21:00:32.844 -04:00 [DEBUG] Excluded [Series below average or first-book ratings-count threshold]: Orson Scott Card - Alvin Journeyman
2026-08-11 21:00:32.846 -04:00 [DEBUG] Excluded [Series below average or first-book ratings-count threshold]: Orson Scott Card - Heartfire
2026-08-11 21:00:32.847 -04:00 [DEBUG] Excluded [Series below average or first-book ratings-count threshold]: Orson Scott Card - Prentice Alvin
2026-08-11 21:00:32.848 -04:00 [DEBUG] Excluded [Series below average or first-book ratings-count threshold]: Orson Scott Card - Red Prophet
2026-08-11 21:00:32.849 -04:00 [DEBUG] Excluded [Series below average or first-book ratings-count threshold]: Orson Scott Card - Seventh Son
2026-08-11 21:00:32.850 -04:00 [DEBUG] Excluded [Series below average or first-book ratings-count threshold]: Orson Scott Card - The Crystal City
2026-08-11 21:00:32.853 -04:00 [DEBUG] Excluded [Series below average or first-book ratings-count threshold]: Orson Scott Card - Wakers
2026-08-11 21:00:32.854 -04:00 [DEBUG] Excluded [Series below average or first-book ratings-count threshold]: Orson Scott Card - Rachel & Leah
2026-08-11 21:00:32.855 -04:00 [DEBUG] Excluded [Series below average or first-book ratings-count threshold]: Orson Scott Card - Rebekah
2026-08-11 21:00:32.857 -04:00 [DEBUG] Excluded [Series below average or first-book ratings-count threshold]: Orson Scott Card - Sarah
2026-08-11 21:00:32.859 -04:00 [DEBUG] Excluded [Series below average or first-book ratings-count threshold]: Orson Scott Card - The Worthing Chronicle
2026-08-11 21:00:32.867 -04:00 [DEBUG] Excluded [Standalone below rating or ratings-count threshold]: C.S. Lewis - Poems
2026-08-11 21:00:32.868 -04:00 [DEBUG] Excluded [Standalone below rating or ratings-count threshold]: C.S. Lewis - Present Concerns: Journalistic Essays
2026-08-11 21:00:32.870 -04:00 [DEBUG] Excluded [Standalone below rating or ratings-count threshold]: C.S. Lewis - Reflections on the Psalms
2026-08-11 21:00:32.872 -04:00 [DEBUG] Excluded [Standalone below rating or ratings-count threshold]: C.S. Lewis - The Dark Tower: And Other Stories
2026-08-11 21:00:32.874 -04:00 [DEBUG] Excluded [Standalone below rating or ratings-count threshold]: C.S. Lewis - The Pilgrim's Regress
2026-08-11 21:00:32.876 -04:00 [DEBUG] Excluded [Standalone below rating or ratings-count threshold]: C.S. Lewis - The Search for God
2026-08-11 21:00:32.884 -04:00 [DEBUG] Excluded [Standalone below rating or ratings-count threshold]: Philip Pullman - Count Karlstein
2026-08-11 21:00:32.886 -04:00 [DEBUG] Excluded [Standalone below rating or ratings-count threshold]: Philip Pullman - I Was a Rat!
2026-08-11 21:00:32.887 -04:00 [DEBUG] Excluded [Standalone below rating or ratings-count threshold]: Philip Pullman - Spring-Heeled Jack
2026-08-11 21:00:32.889 -04:00 [DEBUG] Excluded [Standalone below rating or ratings-count threshold]: Philip Pullman - The Broken Bridge
2026-08-11 21:00:32.891 -04:00 [DEBUG] Excluded [Standalone below rating or ratings-count threshold]: Philip Pullman - The Butterfly Tattoo
2026-08-11 21:00:32.892 -04:00 [DEBUG] Excluded [Standalone below rating or ratings-count threshold]: Philip Pullman - The Collectors
2026-08-11 21:00:32.894 -04:00 [DEBUG] Excluded [Standalone below rating or ratings-count threshold]: Philip Pullman - The Firework-Maker's Daughter
2026-08-11 21:00:32.895 -04:00 [DEBUG] Excluded [Standalone below rating or ratings-count threshold]: Philip Pullman - The Good Man Jesus and the Scoundrel Christ
2026-08-11 21:00:32.896 -04:00 [DEBUG] Excluded [Standalone below rating or ratings-count threshold]: Philip Pullman - The Scarecrow and His Servant
2026-08-11 21:00:32.901 -04:00 [DEBUG] Excluded [Series below average or first-book ratings-count threshold]: Philip Pullman - The Ruby in the Smoke
2026-08-11 21:00:32.903 -04:00 [DEBUG] Excluded [Series below average or first-book ratings-count threshold]: Philip Pullman - The Shadow in the North
2026-08-11 21:00:32.905 -04:00 [DEBUG] Excluded [Series below average or first-book ratings-count threshold]: Philip Pullman - The Tiger in the Well
2026-08-11 21:00:32.906 -04:00 [DEBUG] Excluded [Series below average or first-book ratings-count threshold]: Philip Pullman - The Tin Princess
2026-08-11 21:00:32.908 -04:00 [DEBUG] Excluded [Series below average or first-book ratings-count threshold]: Philip Pullman - Mystery of the Ghost Ship
2026-08-11 21:00:32.914 -04:00 [DEBUG] Excluded [Standalone below rating or ratings-count threshold]: Michael Moorcock - Behold the Man
2026-08-11 21:00:32.916 -04:00 [DEBUG] Excluded [Standalone below rating or ratings-count threshold]: Michael Moorcock - Doctor Who: The Coming of the Terraphiles
2026-08-11 21:00:32.917 -04:00 [DEBUG] Excluded [Standalone below rating or ratings-count threshold]: Michael Moorcock - Gloriana, or The Unfulfill'd Queen
2026-08-11 21:00:32.918 -04:00 [DEBUG] Excluded [Standalone below rating or ratings-count threshold]: Michael Moorcock - The Final Programme
2026-08-11 21:00:32.919 -04:00 [DEBUG] Excluded [Standalone below rating or ratings-count threshold]: Michael Moorcock - The History of the Runestaff
2026-08-11 21:00:32.924 -04:00 [DEBUG] Excluded [Standalone below rating or ratings-count threshold]: Michael Moorcock - The Ice Schooner
2026-08-11 21:00:32.929 -04:00 [DEBUG] Excluded [Series below average or first-book ratings-count threshold]: Michael Moorcock - Count Brass
2026-08-11 21:00:32.930 -04:00 [DEBUG] Excluded [Series below average or first-book ratings-count threshold]: Michael Moorcock - The Quest for Tanelorn
2026-08-11 21:00:32.932 -04:00 [DEBUG] Excluded [Series below average or first-book ratings-count threshold]: Michael Moorcock - The Bull and the Spear
2026-08-11 21:00:32.934 -04:00 [DEBUG] Excluded [Series below average or first-book ratings-count threshold]: Michael Moorcock - The King of the Swords
2026-08-11 21:00:32.935 -04:00 [DEBUG] Excluded [Series below average or first-book ratings-count threshold]: Michael Moorcock - The Knight of the Swords
2026-08-11 21:00:32.936 -04:00 [DEBUG] Excluded [Series below average or first-book ratings-count threshold]: Michael Moorcock - The Oak and the Ram
2026-08-11 21:00:32.937 -04:00 [DEBUG] Excluded [Series below average or first-book ratings-count threshold]: Michael Moorcock - The Queen of the Swords
2026-08-11 21:00:32.939 -04:00 [DEBUG] Excluded [Series below average or first-book ratings-count threshold]: Michael Moorcock - The Sword and the Stallion
2026-08-11 21:00:32.941 -04:00 [DEBUG] Excluded [Series below average or first-book ratings-count threshold]: Michael Moorcock - An Alien Heat
2026-08-11 21:00:32.942 -04:00 [DEBUG] Excluded [Series below average or first-book ratings-count threshold]: Michael Moorcock - The End of All Songs
2026-08-11 21:00:32.943 -04:00 [DEBUG] Excluded [Series below average or first-book ratings-count threshold]: Michael Moorcock - The Hollow Lands
2026-08-11 21:00:32.945 -04:00 [DEBUG] Excluded [Series below average or first-book ratings-count threshold]: Michael Moorcock - The Dreamthief's Daughter: A Tale of the Albino
2026-08-11 21:00:32.946 -04:00 [DEBUG] Excluded [Series below average or first-book ratings-count threshold]: Michael Moorcock - Elric de Melniboné
2026-08-11 21:00:32.947 -04:00 [DEBUG] Excluded [Series below average or first-book ratings-count threshold]: Michael Moorcock - The Dragon in the Sword
2026-08-11 21:00:32.948 -04:00 [DEBUG] Excluded [Series below average or first-book ratings-count threshold]: Michael Moorcock - The Silver Warriors
2026-08-11 21:00:32.952 -04:00 [DEBUG] Excluded [Series below average or first-book ratings-count threshold]: Michael Moorcock - The Jewel in the Skull
2026-08-11 21:00:32.954 -04:00 [DEBUG] Excluded [Series below average or first-book ratings-count threshold]: Michael Moorcock - The Runestaff
2026-08-11 21:00:32.956 -04:00 [DEBUG] Excluded [Series below average or first-book ratings-count threshold]: Michael Moorcock - The Sword of the Dawn
2026-08-11 21:00:32.958 -04:00 [DEBUG] Excluded [Series below average or first-book ratings-count threshold]: Michael Moorcock - The Land Leviathan: A New Scientific Romance
2026-08-11 21:00:32.960 -04:00 [DEBUG] Excluded [Series below average or first-book ratings-count threshold]: Michael Moorcock - The Warlord of the Air
2026-08-11 21:00:32.962 -04:00 [DEBUG] Excluded [Series below average or first-book ratings-count threshold]: Michael Moorcock - The Champion of Garathorm
2026-08-11 21:00:32.964 -04:00 [DEBUG] Excluded [Series below average or first-book ratings-count threshold]: Michael Moorcock - The Mad God's Amulet
2026-08-11 21:00:32.965 -04:00 [DEBUG] Excluded [Series below average or first-book ratings-count threshold]: Michael Moorcock - The War Hound and the World's Pain
2026-08-11 21:00:32.967 -04:00 [DEBUG] Excluded [Standalone below rating or ratings-count threshold]: Christopher Buehlman - The Necromancer's House
2026-08-11 21:00:32.969 -04:00 [DEBUG] Excluded [Standalone below rating or ratings-count threshold]: Christopher Buehlman - The Suicide Motor Club
2026-08-11 21:00:32.970 -04:00 [DEBUG] Excluded [Standalone below rating or ratings-count threshold]: Christopher Buehlman - Those Across the River
2026-08-11 21:00:32.978 -04:00 [DEBUG] Excluded [Standalone below rating or ratings-count threshold]: T. Kingfisher - A House with Good Bones
2026-08-11 21:00:32.980 -04:00 [DEBUG] Excluded [Standalone below rating or ratings-count threshold]: T. Kingfisher - The Hollow Places
2026-08-11 21:00:32.982 -04:00 [DEBUG] Excluded [Standalone below rating or ratings-count threshold]: T. Kingfisher - The Seventh Bride
2026-08-11 21:00:32.983 -04:00 [DEBUG] Excluded [Standalone below rating or ratings-count threshold]: T. Kingfisher - The Twisted Ones
2026-08-11 21:00:32.984 -04:00 [DEBUG] Excluded [Standalone below rating or ratings-count threshold]: T. Kingfisher - Thornhedge
2026-08-11 21:00:32.992 -04:00 [DEBUG] Excluded [Standalone below rating or ratings-count threshold]: Gene Wolfe - A Borrowed Man
2026-08-11 21:00:32.994 -04:00 [DEBUG] Excluded [Standalone below rating or ratings-count threshold]: Gene Wolfe - Soldier of the Mist
2026-08-11 21:00:32.996 -04:00 [DEBUG] Excluded [Standalone below rating or ratings-count threshold]: Gene Wolfe - The Knight
2026-08-11 21:00:32.997 -04:00 [DEBUG] Excluded [Standalone below rating or ratings-count threshold]: Gene Wolfe - The Shadow of the Torturer
2026-08-11 21:00:32.998 -04:00 [DEBUG] Excluded [Standalone below rating or ratings-count threshold]: Gene Wolfe - The Sorcerer's House
2026-08-11 21:00:33.000 -04:00 [DEBUG] Excluded [Standalone below rating or ratings-count threshold]: Gene Wolfe - The Wizard
2026-08-11 21:00:33.001 -04:00 [DEBUG] Excluded [Standalone below rating or ratings-count threshold]: Gene Wolfe - There Are Doors
2026-08-11 21:00:33.014 -04:00 [DEBUG] Excluded [Standalone below rating or ratings-count threshold]: Anne McCaffrey - Black Horses for the King
2026-08-11 21:00:33.016 -04:00 [DEBUG] Excluded [Standalone below rating or ratings-count threshold]: Anne McCaffrey - Dragonrider
2026-08-11 21:00:33.017 -04:00 [DEBUG] Excluded [Standalone below rating or ratings-count threshold]: Anne McCaffrey - Get Off the Unicorn: Stories
2026-08-11 21:00:33.018 -04:00 [DEBUG] Excluded [Standalone below rating or ratings-count threshold]: Anne McCaffrey - If Wishes Were Horses
2026-08-11 21:00:33.020 -04:00 [DEBUG] Excluded [Standalone below rating or ratings-count threshold]: Anne McCaffrey - PartnerShip/The Ship Who Searched/The City Who Fought
2026-08-11 21:00:33.023 -04:00 [DEBUG] Excluded [Standalone below rating or ratings-count threshold]: Anne McCaffrey - Rescue Run
2026-08-11 21:00:33.025 -04:00 [DEBUG] Excluded [Standalone below rating or ratings-count threshold]: Anne McCaffrey - Restoree
2026-08-11 21:00:33.026 -04:00 [DEBUG] Excluded [Standalone below rating or ratings-count threshold]: Anne McCaffrey - Ring of Fear
2026-08-11 21:00:33.028 -04:00 [DEBUG] Excluded [Standalone below rating or ratings-count threshold]: Anne McCaffrey - Stitch in Snow
2026-08-11 21:00:33.029 -04:00 [DEBUG] Excluded [Standalone below rating or ratings-count threshold]: Anne McCaffrey - The Coelura
2026-08-11 21:00:33.030 -04:00 [DEBUG] Excluded [Standalone below rating or ratings-count threshold]: Anne McCaffrey - The Kilternan Legacy
2026-08-11 21:00:33.031 -04:00 [DEBUG] Excluded [Standalone below rating or ratings-count threshold]: Anne McCaffrey - The Lady
2026-08-11 21:00:33.033 -04:00 [DEBUG] Excluded [Standalone below rating or ratings-count threshold]: Anne McCaffrey - The Mark of Merlin
2026-08-11 21:00:33.034 -04:00 [DEBUG] Excluded [Standalone below rating or ratings-count threshold]: Anne McCaffrey - The Worlds of Anne McCaffrey
2026-08-11 21:00:33.035 -04:00 [DEBUG] Excluded [Standalone below rating or ratings-count threshold]: Anne McCaffrey - The Year of the Lucy
2026-08-11 21:00:33.036 -04:00 [DEBUG] Excluded [Standalone below rating or ratings-count threshold]: Anne McCaffrey - Three Women
2026-08-11 21:00:33.038 -04:00 [DEBUG] Excluded [Standalone below rating or ratings-count threshold]: Anne McCaffrey - Voorbij Tussen
2026-08-11 21:00:33.051 -04:00 [DEBUG] Excluded [Series below average or first-book ratings-count threshold]: Anne McCaffrey - Acorna: The Unicorn Girl
2026-08-11 21:00:33.052 -04:00 [DEBUG] Excluded [Series below average or first-book ratings-count threshold]: Anne McCaffrey - Acorna's People
2026-08-11 21:00:33.054 -04:00 [DEBUG] Excluded [Series below average or first-book ratings-count threshold]: Anne McCaffrey - Acorna's Quest
2026-08-11 21:00:33.056 -04:00 [DEBUG] Excluded [Series below average or first-book ratings-count threshold]: Anne McCaffrey - Acorna's Rebels
2026-08-11 21:00:33.057 -04:00 [DEBUG] Excluded [Series below average or first-book ratings-count threshold]: Anne McCaffrey - Acorna's Search
2026-08-11 21:00:33.058 -04:00 [DEBUG] Excluded [Series below average or first-book ratings-count threshold]: Anne McCaffrey - Acorna's Triumph
2026-08-11 21:00:33.060 -04:00 [DEBUG] Excluded [Series below average or first-book ratings-count threshold]: Anne McCaffrey - Acorna's World
2026-08-11 21:00:33.061 -04:00 [DEBUG] Excluded [Series below average or first-book ratings-count threshold]: Anne McCaffrey - First Warning: Acorna's Children
2026-08-11 21:00:33.062 -04:00 [DEBUG] Excluded [Series below average or first-book ratings-count threshold]: Anne McCaffrey - Second Wave: Acorna's Children
2026-08-11 21:00:33.063 -04:00 [DEBUG] Excluded [Series below average or first-book ratings-count threshold]: Anne McCaffrey - Third Watch: Acorna's Children
2026-08-11 21:00:33.065 -04:00 [DEBUG] Excluded [Series below average or first-book ratings-count threshold]: Anne McCaffrey - Dinosaur Planet
2026-08-11 21:00:33.067 -04:00 [DEBUG] Excluded [Series below average or first-book ratings-count threshold]: Anne McCaffrey - Dinosaur Planet Survivors
2026-08-11 21:00:33.070 -04:00 [DEBUG] Excluded [Series below average or first-book ratings-count threshold]: Anne McCaffrey - Crisis on Doona
2026-08-11 21:00:33.072 -04:00 [DEBUG] Excluded [Series below average or first-book ratings-count threshold]: Anne McCaffrey - Decision at Doona
2026-08-11 21:00:33.074 -04:00 [DEBUG] Excluded [Series below average or first-book ratings-count threshold]: Anne McCaffrey - Treaty at Doona
2026-08-11 21:00:33.076 -04:00 [DEBUG] Excluded [Series below average or first-book ratings-count threshold]: Anne McCaffrey - The Girl Who Heard Dragons
2026-08-11 21:00:33.078 -04:00 [DEBUG] Excluded [Series below average or first-book ratings-count threshold]: Anne McCaffrey - Power Lines
2026-08-11 21:00:33.079 -04:00 [DEBUG] Excluded [Series below average or first-book ratings-count threshold]: Anne McCaffrey - Power Play
2026-08-11 21:00:33.080 -04:00 [DEBUG] Excluded [Series below average or first-book ratings-count threshold]: Anne McCaffrey - Powers That Be
2026-08-11 21:00:33.081 -04:00 [DEBUG] Excluded [Series below average or first-book ratings-count threshold]: Anne McCaffrey - Sassinak
2026-08-11 21:00:33.082 -04:00 [DEBUG] Excluded [Series below average or first-book ratings-count threshold]: Anne McCaffrey - The Death of Sleep
2026-08-11 21:00:33.084 -04:00 [DEBUG] Excluded [Series below average or first-book ratings-count threshold]: Anne McCaffrey - Catacombs
2026-08-11 21:00:33.085 -04:00 [DEBUG] Excluded [Series below average or first-book ratings-count threshold]: Anne McCaffrey - Catalyst
2026-08-11 21:00:33.101 -04:00 [DEBUG] Excluded [Standalone below rating or ratings-count threshold]: H.P. Lovecraft - A Reminiscence of Dr. Samuel Johnson
2026-08-11 21:00:33.102 -04:00 [DEBUG] Excluded [Standalone below rating or ratings-count threshold]: H.P. Lovecraft - At the Mountains of Madness
2026-08-11 21:00:33.104 -04:00 [DEBUG] Excluded [Standalone below rating or ratings-count threshold]: H.P. Lovecraft - At the Mountains of Madness and Other Novels
2026-08-11 21:00:33.106 -04:00 [DEBUG] Excluded [Standalone below rating or ratings-count threshold]: H.P. Lovecraft - Azathoth
2026-08-11 21:00:33.107 -04:00 [DEBUG] Excluded [Standalone below rating or ratings-count threshold]: H.P. Lovecraft - Beyond the Wall of Sleep
2026-08-11 21:00:33.109 -04:00 [DEBUG] Excluded [Standalone below rating or ratings-count threshold]: H.P. Lovecraft - Celephaïs
2026-08-11 21:00:33.110 -04:00 [DEBUG] Excluded [Standalone below rating or ratings-count threshold]: H.P. Lovecraft - Cool Air
2026-08-11 21:00:33.111 -04:00 [DEBUG] Excluded [Standalone below rating or ratings-count threshold]: H.P. Lovecraft - Crawling Chaos: Selected Works 1920-1935
2026-08-11 21:00:33.113 -04:00 [DEBUG] Excluded [Standalone below rating or ratings-count threshold]: H.P. Lovecraft - Dagon
2026-08-11 21:00:33.114 -04:00 [DEBUG] Excluded [Standalone below rating or ratings-count threshold]: H.P. Lovecraft - El alquimista y otros relatos
2026-08-11 21:00:33.115 -04:00 [DEBUG] Excluded [Standalone below rating or ratings-count threshold]: H.P. Lovecraft - En las montañas de la locura y otros relatos
2026-08-11 21:00:33.117 -04:00 [DEBUG] Excluded [Standalone below rating or ratings-count threshold]: H.P. Lovecraft - Ex Oblivione
2026-08-11 21:00:33.118 -04:00 [DEBUG] Excluded [Standalone below rating or ratings-count threshold]: H.P. Lovecraft - Facts Concerning The Late Arthur Jermyn and his Family
2026-08-11 21:00:33.119 -04:00 [DEBUG] Excluded [Standalone below rating or ratings-count threshold]: H.P. Lovecraft - From Beyond
2026-08-11 21:00:33.120 -04:00 [DEBUG] Excluded [Standalone below rating or ratings-count threshold]: H.P. Lovecraft - Fungi from Yuggoth and Other Poems
2026-08-11 21:00:33.122 -04:00 [DEBUG] Excluded [Standalone below rating or ratings-count threshold]: H.P. Lovecraft - H.P. Lovecraft's Nyarlathotep
2026-08-11 21:00:33.124 -04:00 [DEBUG] Excluded [Standalone below rating or ratings-count threshold]: H.P. Lovecraft - He
2026-08-11 21:00:33.126 -04:00 [DEBUG] Excluded [Standalone below rating or ratings-count threshold]: H.P. Lovecraft - Herbert West—Reanimator
2026-08-11 21:00:33.127 -04:00 [DEBUG] Excluded [Standalone below rating or ratings-count threshold]: H.P. Lovecraft - History of the Necronomicon
2026-08-11 21:00:33.128 -04:00 [DEBUG] Excluded [Standalone below rating or ratings-count threshold]: H.P. Lovecraft - Hypnos
2026-08-11 21:00:33.129 -04:00 [DEBUG] Excluded [Standalone below rating or ratings-count threshold]: H.P. Lovecraft - Imprisoned with the Pharaohs
2026-08-11 21:00:33.131 -04:00 [DEBUG] Excluded [Standalone below rating or ratings-count threshold]: H.P. Lovecraft - In the Vault
2026-08-11 21:00:33.134 -04:00 [DEBUG] Excluded [Standalone below rating or ratings-count threshold]: H.P. Lovecraft - La llamada de Cthulhu
2026-08-11 21:00:33.135 -04:00 [DEBUG] Excluded [Standalone below rating or ratings-count threshold]: H.P. Lovecraft - La música de Erich Zann
2026-08-11 21:00:33.137 -04:00 [DEBUG] Excluded [Standalone below rating or ratings-count threshold]: H.P. Lovecraft - Macabre Stories
2026-08-11 21:00:33.139 -04:00 [DEBUG] Excluded [Standalone below rating or ratings-count threshold]: H.P. Lovecraft - Memory
2026-08-11 21:00:33.141 -04:00 [DEBUG] Excluded [Standalone below rating or ratings-count threshold]: H.P. Lovecraft - More Annotated H.P. Lovecraft
2026-08-11 21:00:33.142 -04:00 [DEBUG] Excluded [Standalone below rating or ratings-count threshold]: H.P. Lovecraft - Narrativa completa (vol. I)
2026-08-11 21:00:33.143 -04:00 [DEBUG] Excluded [Standalone below rating or ratings-count threshold]: H.P. Lovecraft - Narrativa completa (vol. II)
2026-08-11 21:00:33.145 -04:00 [DEBUG] Excluded [Standalone below rating or ratings-count threshold]: H.P. Lovecraft - Old Bugs
2026-08-11 21:00:33.146 -04:00 [DEBUG] Excluded [Standalone below rating or ratings-count threshold]: H.P. Lovecraft - Pickman's Model
2026-08-11 21:00:33.147 -04:00 [DEBUG] Excluded [Standalone below rating or ratings-count threshold]: H.P. Lovecraft - Polaris
2026-08-11 21:00:33.148 -04:00 [DEBUG] Excluded [Standalone below rating or ratings-count threshold]: H.P. Lovecraft - Supernatural Horror in Literature
2026-08-11 21:00:33.150 -04:00 [DEBUG] Excluded [Standalone below rating or ratings-count threshold]: H.P. Lovecraft - The Alchemist
2026-08-11 21:00:33.151 -04:00 [DEBUG] Excluded [Standalone below rating or ratings-count threshold]: H.P. Lovecraft - The Beast in the Cave
2026-08-11 21:00:33.152 -04:00 [DEBUG] Excluded [Standalone below rating or ratings-count threshold]: H.P. Lovecraft - The Book
2026-08-11 21:00:33.154 -04:00 [DEBUG] Excluded [Standalone below rating or ratings-count threshold]: H.P. Lovecraft - The Call of Cthulhu and Other Weird Stories
2026-08-11 21:00:33.156 -04:00 [DEBUG] Excluded [Standalone below rating or ratings-count threshold]: H.P. Lovecraft - The Cats of Ulthar
2026-08-11 21:00:33.158 -04:00 [DEBUG] Excluded [Standalone below rating or ratings-count threshold]: H.P. Lovecraft - The Classic Horror Stories
2026-08-11 21:00:33.159 -04:00 [DEBUG] Excluded [Standalone below rating or ratings-count threshold]: H.P. Lovecraft - The Curse of Yig
2026-08-11 21:00:33.161 -04:00 [DEBUG] Excluded [Standalone below rating or ratings-count threshold]: H.P. Lovecraft - The Descendant
2026-08-11 21:00:33.162 -04:00 [DEBUG] Excluded [Standalone below rating or ratings-count threshold]: H.P. Lovecraft - The Doom That Came to Sarnath
2026-08-11 21:00:33.164 -04:00 [DEBUG] Excluded [Standalone below rating or ratings-count threshold]: H.P. Lovecraft - The Dream-Quest of Unknown Kadath
2026-08-11 21:00:33.166 -04:00 [DEBUG] Excluded [Standalone below rating or ratings-count threshold]: H.P. Lovecraft - The Dreams in the Witch House
2026-08-11 21:00:33.176 -04:00 [DEBUG] Excluded [Standalone below rating or ratings-count threshold]: H.P. Lovecraft - The Dunwich Horror
2026-08-11 21:00:33.177 -04:00 [DEBUG] Excluded [Standalone below rating or ratings-count threshold]: H.P. Lovecraft - The Evil Clergyman
2026-08-11 21:00:33.179 -04:00 [DEBUG] Excluded [Standalone below rating or ratings-count threshold]: H.P. Lovecraft - The Festival
2026-08-11 21:00:33.181 -04:00 [DEBUG] Excluded [Standalone below rating or ratings-count threshold]: H.P. Lovecraft - The Horror at Red Hook
2026-08-11 21:00:33.183 -04:00 [DEBUG] Excluded [Standalone below rating or ratings-count threshold]: H.P. Lovecraft - The Hound
2026-08-11 21:00:33.185 -04:00 [DEBUG] Excluded [Standalone below rating or ratings-count threshold]: H.P. Lovecraft - The Lovecraft Compendium
2026-08-11 21:00:33.187 -04:00 [DEBUG] Excluded [Standalone below rating or ratings-count threshold]: H.P. Lovecraft - The Lurking Fear
2026-08-11 21:00:33.190 -04:00 [DEBUG] Excluded [Standalone below rating or ratings-count threshold]: H.P. Lovecraft - The Moon-Bog
2026-08-11 21:00:33.192 -04:00 [DEBUG] Excluded [Standalone below rating or ratings-count threshold]: H.P. Lovecraft - The Mound
2026-08-11 21:00:33.194 -04:00 [DEBUG] Excluded [Standalone below rating or ratings-count threshold]: H.P. Lovecraft - The Nameless City
2026-08-11 21:00:33.195 -04:00 [DEBUG] Excluded [Standalone below rating or ratings-count threshold]: H.P. Lovecraft - The Other Gods
2026-08-11 21:00:33.197 -04:00 [DEBUG] Excluded [Standalone below rating or ratings-count threshold]: H.P. Lovecraft - The Outsider
2026-08-11 21:00:33.198 -04:00 [DEBUG] Excluded [Standalone below rating or ratings-count threshold]: H.P. Lovecraft - The Picture in the House
2026-08-11 21:00:33.259 -04:00 [DEBUG] Excluded [Standalone below rating or ratings-count threshold]: H.P. Lovecraft - The Quest of Iranon
2026-08-11 21:00:33.261 -04:00 [DEBUG] Excluded [Standalone below rating or ratings-count threshold]: H.P. Lovecraft - The Rats in the Walls
2026-08-11 21:00:33.263 -04:00 [DEBUG] Excluded [Standalone below rating or ratings-count threshold]: H.P. Lovecraft - The Shadow Out of Time
2026-08-11 21:00:33.264 -04:00 [DEBUG] Excluded [Standalone below rating or ratings-count threshold]: H.P. Lovecraft - The Shunned House
2026-08-11 21:00:33.265 -04:00 [DEBUG] Excluded [Standalone below rating or ratings-count threshold]: H.P. Lovecraft - The Silver Key
2026-08-11 21:00:33.267 -04:00 [DEBUG] Excluded [Standalone below rating or ratings-count threshold]: H.P. Lovecraft - The Statement of Randolph Carter
2026-08-11 21:00:33.268 -04:00 [DEBUG] Excluded [Standalone below rating or ratings-count threshold]: H.P. Lovecraft - The Strange High House in the Mist
2026-08-11 21:00:33.269 -04:00 [DEBUG] Excluded [Standalone below rating or ratings-count threshold]: H.P. Lovecraft - The Street
2026-08-11 21:00:33.271 -04:00 [DEBUG] Excluded [Standalone below rating or ratings-count threshold]: H.P. Lovecraft - The Temple
2026-08-11 21:00:33.273 -04:00 [DEBUG] Excluded [Standalone below rating or ratings-count threshold]: H.P. Lovecraft - The Terrible Old Man
2026-08-11 21:00:33.277 -04:00 [DEBUG] Excluded [Standalone below rating or ratings-count threshold]: H.P. Lovecraft - The Tomb
2026-08-11 21:00:33.283 -04:00 [DEBUG] Excluded [Standalone below rating or ratings-count threshold]: H.P. Lovecraft - The Transition of Juan Romero
2026-08-11 21:00:33.286 -04:00 [DEBUG] Excluded [Standalone below rating or ratings-count threshold]: H.P. Lovecraft - The Tree
2026-08-11 21:00:33.289 -04:00 [DEBUG] Excluded [Standalone below rating or ratings-count threshold]: H.P. Lovecraft - The Unnamable
2026-08-11 21:00:33.291 -04:00 [DEBUG] Excluded [Standalone below rating or ratings-count threshold]: H.P. Lovecraft - The Watchers Out of Time: Fifteen soul-chilling tales by Lovecraft and Derleth
2026-08-11 21:00:33.293 -04:00 [DEBUG] Excluded [Standalone below rating or ratings-count threshold]: H.P. Lovecraft - The Whisperer in Darkness
2026-08-11 21:00:33.295 -04:00 [DEBUG] Excluded [Standalone below rating or ratings-count threshold]: H.P. Lovecraft - The White Ship
2026-08-11 21:00:33.296 -04:00 [DEBUG] Excluded [Standalone below rating or ratings-count threshold]: H.P. Lovecraft - Through the Gates of the Silver Key
2026-08-11 21:00:33.297 -04:00 [DEBUG] Excluded [Standalone below rating or ratings-count threshold]: H.P. Lovecraft - Wake Up Screaming
2026-08-11 21:00:33.299 -04:00 [DEBUG] Excluded [Standalone below rating or ratings-count threshold]: H.P. Lovecraft - What the Moon Brings
2026-08-11 21:00:33.311 -04:00 [DEBUG] Excluded [Standalone below rating or ratings-count threshold]: Arkady Strugatsky - Definitely Maybe
2026-08-11 21:00:33.312 -04:00 [DEBUG] Excluded [Standalone below rating or ratings-count threshold]: Arkady Strugatsky - Escape Attempt
2026-08-11 21:00:33.314 -04:00 [DEBUG] Excluded [Standalone below rating or ratings-count threshold]: Arkady Strugatsky - Noon: 22nd Century
2026-08-11 21:00:33.315 -04:00 [DEBUG] Excluded [Standalone below rating or ratings-count threshold]: Arkady Strugatsky - Roadside Picnic / Tale of the Troika
2026-08-11 21:00:33.317 -04:00 [DEBUG] Excluded [Standalone below rating or ratings-count threshold]: Arkady Strugatsky - The Dead Mountaineer's Inn
2026-08-11 21:00:33.318 -04:00 [DEBUG] Excluded [Standalone below rating or ratings-count threshold]: Arkady Strugatsky - The Final Circle of Paradise
2026-08-11 21:00:33.319 -04:00 [DEBUG] Excluded [Standalone below rating or ratings-count threshold]: Arkady Strugatsky - The Snail on the Slope
2026-08-11 21:00:33.321 -04:00 [DEBUG] Excluded [Standalone below rating or ratings-count threshold]: Arkady Strugatsky - Второе нашествие марсиан
2026-08-11 21:00:33.323 -04:00 [DEBUG] Excluded [Standalone below rating or ratings-count threshold]: Arkady Strugatsky - Обитаемый остров. Жук в муравейнике
2026-08-11 21:00:33.324 -04:00 [DEBUG] Excluded [Standalone below rating or ratings-count threshold]: Arkady Strugatsky - Отягощенные злом
2026-08-11 21:00:33.326 -04:00 [DEBUG] Excluded [Standalone below rating or ratings-count threshold]: Arkady Strugatsky - Парень из преисподней
2026-08-11 21:00:33.327 -04:00 [DEBUG] Excluded [Standalone below rating or ratings-count threshold]: Arkady Strugatsky - Понедельник начинается в субботу. Сказка о Тройке (2 экз.)
2026-08-11 21:00:33.329 -04:00 [DEBUG] Excluded [Standalone below rating or ratings-count threshold]: Arkady Strugatsky - Путь на Амальтею
2026-08-11 21:00:33.330 -04:00 [DEBUG] Excluded [Standalone below rating or ratings-count threshold]: Arkady Strugatsky - Сказка о Тройке
2026-08-11 21:00:33.331 -04:00 [DEBUG] Excluded [Standalone below rating or ratings-count threshold]: Arkady Strugatsky - Стажеры
2026-08-11 21:00:33.332 -04:00 [DEBUG] Excluded [Standalone below rating or ratings-count threshold]: Arkady Strugatsky - Страна багровых туч
2026-08-11 21:00:33.334 -04:00 [DEBUG] Excluded [Standalone below rating or ratings-count threshold]: Arkady Strugatsky - Трудно быть богом. Попытка к бегству. Далекая радуга
2026-08-11 21:00:33.335 -04:00 [DEBUG] Excluded [Standalone below rating or ratings-count threshold]: Arkady Strugatsky - Хромая судьба
2026-08-11 21:00:33.343 -04:00 [DEBUG] Excluded [Standalone below rating or ratings-count threshold]: Jay Kristoff - Dark Knights of Steel: Allwinter
2026-08-11 21:00:33.353 -04:00 [DEBUG] Excluded [Standalone below rating or ratings-count threshold]: Roald Dahl - Ah, Sweet Mystery of Life
2026-08-11 21:00:33.356 -04:00 [DEBUG] Excluded [Standalone below rating or ratings-count threshold]: Roald Dahl - Cruelty
2026-08-11 21:00:33.357 -04:00 [DEBUG] Excluded [Standalone below rating or ratings-count threshold]: Roald Dahl - Deception
2026-08-11 21:00:33.359 -04:00 [DEBUG] Excluded [Standalone below rating or ratings-count threshold]: Roald Dahl - Dirty Beasts
2026-08-11 21:00:33.360 -04:00 [DEBUG] Excluded [Standalone below rating or ratings-count threshold]: Roald Dahl - Esio Trot
2026-08-11 21:00:33.362 -04:00 [DEBUG] Excluded [Standalone below rating or ratings-count threshold]: Roald Dahl - Fantastic Mr. Fox and Other Animal Stories
2026-08-11 21:00:33.364 -04:00 [DEBUG] Excluded [Standalone below rating or ratings-count threshold]: Roald Dahl - La cata
2026-08-11 21:00:33.365 -04:00 [DEBUG] Excluded [Standalone below rating or ratings-count threshold]: Roald Dahl - Lust
2026-08-11 21:00:33.366 -04:00 [DEBUG] Excluded [Standalone below rating or ratings-count threshold]: Roald Dahl - Madness
2026-08-11 21:00:33.367 -04:00 [DEBUG] Excluded [Standalone below rating or ratings-count threshold]: Roald Dahl - Man from the South
2026-08-11 21:00:33.369 -04:00 [DEBUG] Excluded [Standalone below rating or ratings-count threshold]: Roald Dahl - More Tales Of The Unexpected
2026-08-11 21:00:33.370 -04:00 [DEBUG] Excluded [Standalone below rating or ratings-count threshold]: Roald Dahl - My Uncle Oswald
2026-08-11 21:00:33.371 -04:00 [DEBUG] Excluded [Standalone below rating or ratings-count threshold]: Roald Dahl - Over to You: Ten Stories of Flyers and Flying
2026-08-11 21:00:33.373 -04:00 [DEBUG] Excluded [Standalone below rating or ratings-count threshold]: Roald Dahl - Rhyme Stew
2026-08-11 21:00:33.375 -04:00 [DEBUG] Excluded [Standalone below rating or ratings-count threshold]: Roald Dahl - Roald Dahl's Revolting Recipes
2026-08-11 21:00:33.377 -04:00 [DEBUG] Excluded [Standalone below rating or ratings-count threshold]: Roald Dahl - Someone Like You
2026-08-11 21:00:33.378 -04:00 [DEBUG] Excluded [Standalone below rating or ratings-count threshold]: Roald Dahl - Switch Bitch
2026-08-11 21:00:33.379 -04:00 [DEBUG] Excluded [Standalone below rating or ratings-count threshold]: Roald Dahl - The BFG / Matilda / George's Marvellous Medicine
2026-08-11 21:00:33.381 -04:00 [DEBUG] Excluded [Standalone below rating or ratings-count threshold]: Roald Dahl - The Bookseller
2026-08-11 21:00:33.384 -04:00 [DEBUG] Excluded [Standalone below rating or ratings-count threshold]: Roald Dahl - The Enormous Crocodile
2026-08-11 21:00:33.386 -04:00 [DEBUG] Excluded [Standalone below rating or ratings-count threshold]: Roald Dahl - The Giraffe and the Pelly and Me
2026-08-11 21:00:33.387 -04:00 [DEBUG] Excluded [Standalone below rating or ratings-count threshold]: Roald Dahl - The Landlady
2026-08-11 21:00:33.389 -04:00 [DEBUG] Excluded [Standalone below rating or ratings-count threshold]: Roald Dahl - The Magic Finger
2026-08-11 21:00:33.391 -04:00 [DEBUG] Excluded [Standalone below rating or ratings-count threshold]: Roald Dahl - The Minpins
2026-08-11 21:00:33.392 -04:00 [DEBUG] Excluded [Standalone below rating or ratings-count threshold]: Roald Dahl - The Missing Golden Ticket and Other Splendiferous Secrets
2026-08-11 21:00:33.394 -04:00 [DEBUG] Excluded [Standalone below rating or ratings-count threshold]: Roald Dahl - The Twits
2026-08-11 21:00:33.395 -04:00 [DEBUG] Excluded [Standalone below rating or ratings-count threshold]: Roald Dahl - The Vicar of Nibbleswicke
2026-08-11 21:00:33.397 -04:00 [DEBUG] Excluded [Standalone below rating or ratings-count threshold]: Roald Dahl - The Wonderful Story of Henry Sugar
2026-08-11 21:00:33.402 -04:00 [DEBUG] Excluded [Standalone below rating or ratings-count threshold]: Peter V. Brett - Butter Cookies and Demon Claws
2026-08-11 21:00:33.408 -04:00 [DEBUG] Excluded [Series below average or first-book ratings-count threshold]: Peter V. Brett - Pustynny Książę. Księga I
2026-08-11 21:00:33.409 -04:00 [DEBUG] Excluded [Series below average or first-book ratings-count threshold]: Peter V. Brett - Pustynny Książę. Księga II
2026-08-11 21:00:33.411 -04:00 [DEBUG] Excluded [Series below average or first-book ratings-count threshold]: Peter V. Brett - Ukryta Królowa. Księga I
2026-08-11 21:00:33.414 -04:00 [DEBUG] Excluded [Standalone below rating or ratings-count threshold]: Ted Chiang - Anxiety Is the Dizziness of Freedom
2026-08-11 21:00:33.416 -04:00 [DEBUG] Excluded [Standalone below rating or ratings-count threshold]: Ted Chiang - Dacey's Patent Automatic Nanny
2026-08-11 21:00:33.417 -04:00 [DEBUG] Excluded [Standalone below rating or ratings-count threshold]: Ted Chiang - It’s 2059, and the Rich Kids Are Still Winning
2026-08-11 21:00:33.418 -04:00 [DEBUG] Excluded [Standalone below rating or ratings-count threshold]: Ted Chiang - Omphalos
2026-08-11 21:00:33.419 -04:00 [DEBUG] Excluded [Standalone below rating or ratings-count threshold]: Ted Chiang - Siedemdziesiąt dwie litery
2026-08-11 21:00:33.424 -04:00 [DEBUG] Excluded [Standalone below rating or ratings-count threshold]: Ted Chiang - The Lifecycle of Software Objects
2026-08-11 21:00:33.429 -04:00 [DEBUG] Excluded [Standalone below rating or ratings-count threshold]: Katherine Addison - The Angel of the Crows
2026-08-11 21:00:33.432 -04:00 [DEBUG] Excluded [Standalone below rating or ratings-count threshold]: Taylor Jenkins Reid - After I Do
2026-08-11 21:00:33.434 -04:00 [DEBUG] Excluded [Standalone below rating or ratings-count threshold]: Taylor Jenkins Reid - Evidence of the Affair
2026-08-11 21:00:33.435 -04:00 [DEBUG] Excluded [Standalone below rating or ratings-count threshold]: Taylor Jenkins Reid - Forever, Interrupted
2026-08-11 21:00:33.437 -04:00 [DEBUG] Excluded [Standalone below rating or ratings-count threshold]: Taylor Jenkins Reid - Maybe in Another Life
2026-08-11 21:00:33.444 -04:00 [DEBUG] Excluded [Standalone below rating or ratings-count threshold]: David Dalglish - A Land of Ash
2026-08-11 21:00:33.449 -04:00 [DEBUG] Excluded [Series below average or first-book ratings-count threshold]: David Dalglish - Dawn of Swords
2026-08-11 21:00:33.469 -04:00 [INFO] Force-included 'Harlan Ellison': bypassed ratings prefilter for 143 canonical book(s).
2026-08-11 21:00:33.478 -04:00 [DEBUG] Excluded [Standalone below rating or ratings-count threshold]: Bernard Cornwell - Fools and Mortals
2026-08-11 21:00:33.481 -04:00 [DEBUG] Excluded [Standalone below rating or ratings-count threshold]: Bernard Cornwell - Gallows Thief
2026-08-11 21:00:33.483 -04:00 [DEBUG] Excluded [Standalone below rating or ratings-count threshold]: Bernard Cornwell - Il tradimento
2026-08-11 21:00:33.484 -04:00 [DEBUG] Excluded [Standalone below rating or ratings-count threshold]: Bernard Cornwell - La torre in fiamme
2026-08-11 21:00:33.485 -04:00 [DEBUG] Excluded [Standalone below rating or ratings-count threshold]: Bernard Cornwell - Sharpe's Rifles / Sharpe's Eagle
2026-08-11 21:00:33.487 -04:00 [DEBUG] Excluded [Standalone below rating or ratings-count threshold]: Bernard Cornwell - Sharpe's Story
2026-08-11 21:00:33.488 -04:00 [DEBUG] Excluded [Standalone below rating or ratings-count threshold]: Bernard Cornwell - Stonehenge
2026-08-11 21:00:33.490 -04:00 [DEBUG] Excluded [Standalone below rating or ratings-count threshold]: Bernard Cornwell - The Fort
2026-08-11 21:00:33.492 -04:00 [DEBUG] Excluded [Standalone below rating or ratings-count threshold]: Bernard Cornwell - Uhtred's Feast: Inside The Last Kingdom World – Exclusive Stories and Anglo-Saxon Recipes with Viking Lore
2026-08-11 21:00:33.510 -04:00 [INFO] Force-included 'Dmitry Glukhovsky': bypassed ratings prefilter for 20 canonical book(s).
2026-08-11 21:00:33.515 -04:00 [DEBUG] Excluded [Standalone below rating or ratings-count threshold]: Anthony Ryan - The Feeding
2026-08-11 21:00:33.520 -04:00 [DEBUG] Excluded [Series below average or first-book ratings-count threshold]: Anthony Ryan - A Hymn to Gods Long Dead
2026-08-11 21:00:33.522 -04:00 [DEBUG] Excluded [Series below average or first-book ratings-count threshold]: Anthony Ryan - Slab City Blues
2026-08-11 21:00:33.523 -04:00 [DEBUG] Excluded [Series below average or first-book ratings-count threshold]: Anthony Ryan - The Ballad of Bad Jack
2026-08-11 21:00:33.532 -04:00 [DEBUG] Excluded [Standalone below rating or ratings-count threshold]: John Connolly - he
2026-08-11 21:00:33.533 -04:00 [DEBUG] Excluded [Standalone below rating or ratings-count threshold]: John Connolly - I Live Here
2026-08-11 21:00:33.535 -04:00 [DEBUG] Excluded [Standalone below rating or ratings-count threshold]: John Connolly - Night and Day
2026-08-11 21:00:33.537 -04:00 [DEBUG] Excluded [Standalone below rating or ratings-count threshold]: John Connolly - On The Anatomization of an Unknown Man (1637) by Frans Mier
2026-08-11 21:00:33.538 -04:00 [DEBUG] Excluded [Standalone below rating or ratings-count threshold]: John Connolly - The John Connolly Reader's Companion: A Collection of Excerpts
2026-08-11 21:00:33.540 -04:00 [DEBUG] Excluded [Standalone below rating or ratings-count threshold]: John Connolly - The Underbury Witches
2026-08-11 21:00:33.542 -04:00 [DEBUG] Excluded [Standalone below rating or ratings-count threshold]: John Connolly - The Wanderer in Unknown Realms
2026-08-11 21:00:33.544 -04:00 [DEBUG] Excluded [Standalone below rating or ratings-count threshold]: John Connolly - Thrill Rides: The Emily Bestler Books Thriller Sampler
2026-08-11 21:00:33.551 -04:00 [DEBUG] Excluded [Series below average or first-book ratings-count threshold]: John Connolly - The Book of Lost Things
2026-08-11 21:00:33.553 -04:00 [DEBUG] Excluded [Series below average or first-book ratings-count threshold]: John Connolly - The Land of Lost Things
2026-08-11 21:00:33.562 -04:00 [DEBUG] Excluded [Standalone below rating or ratings-count threshold]: Lois McMaster Bujold - Proto Zoa
2026-08-11 21:00:33.563 -04:00 [DEBUG] Excluded [Standalone below rating or ratings-count threshold]: Lois McMaster Bujold - The Sharing Knife / Beguilement and Legacy
2026-08-11 21:00:33.565 -04:00 [DEBUG] Excluded [Standalone below rating or ratings-count threshold]: Lois McMaster Bujold - The Spirit Ring
2026-08-11 21:00:33.576 -04:00 [DEBUG] Excluded [Standalone below rating or ratings-count threshold]: qntm - Film Maker
2026-08-11 21:00:33.578 -04:00 [DEBUG] Excluded [Standalone below rating or ratings-count threshold]: qntm - Five Five Five Five Five
2026-08-11 21:00:33.579 -04:00 [DEBUG] Excluded [Standalone below rating or ratings-count threshold]: qntm - Gorge
2026-08-11 21:00:33.581 -04:00 [DEBUG] Excluded [Standalone below rating or ratings-count threshold]: qntm - I Don't Know Timmy, Being God is a Big Responsibility
2026-08-11 21:00:33.582 -04:00 [DEBUG] Excluded [Standalone below rating or ratings-count threshold]: qntm - Lena
2026-08-11 21:00:33.583 -04:00 [DEBUG] Excluded [Standalone below rating or ratings-count threshold]: qntm - sam513 & Valuable Humans in Transit
2026-08-11 21:00:33.584 -04:00 [DEBUG] Excluded [Standalone below rating or ratings-count threshold]: qntm - The Frame-By-Frame
2026-08-11 21:00:33.586 -04:00 [DEBUG] Excluded [Standalone below rating or ratings-count threshold]: qntm - The Last-but-One Question
2026-08-11 21:00:33.599 -04:00 [DEBUG] Excluded [Standalone below rating or ratings-count threshold]: L.E. Modesitt Jr. - Adiamante
2026-08-11 21:00:33.601 -04:00 [DEBUG] Excluded [Standalone below rating or ratings-count threshold]: L.E. Modesitt Jr. - Gravity Dreams
2026-08-11 21:00:33.602 -04:00 [DEBUG] Excluded [Standalone below rating or ratings-count threshold]: L.E. Modesitt Jr. - Haze
2026-08-11 21:00:33.603 -04:00 [DEBUG] Excluded [Standalone below rating or ratings-count threshold]: L.E. Modesitt Jr. - The Eternity Artifact
2026-08-11 21:00:33.605 -04:00 [DEBUG] Excluded [Standalone below rating or ratings-count threshold]: L.E. Modesitt Jr. - The Octagonal Raven
2026-08-11 21:00:33.615 -04:00 [DEBUG] Excluded [Series below average or first-book ratings-count threshold]: L.E. Modesitt Jr. - Darksong Rising
2026-08-11 21:00:33.617 -04:00 [DEBUG] Excluded [Series below average or first-book ratings-count threshold]: L.E. Modesitt Jr. - Shadowsinger
2026-08-11 21:00:33.619 -04:00 [DEBUG] Excluded [Series below average or first-book ratings-count threshold]: L.E. Modesitt Jr. - The Shadow Sorceress
2026-08-11 21:00:33.620 -04:00 [DEBUG] Excluded [Series below average or first-book ratings-count threshold]: L.E. Modesitt Jr. - The Soprano Sorceress
2026-08-11 21:00:33.622 -04:00 [DEBUG] Excluded [Series below average or first-book ratings-count threshold]: L.E. Modesitt Jr. - The Spellsong War
2026-08-11 21:00:33.634 -04:00 [DEBUG] Excluded [Standalone below rating or ratings-count threshold]: Kentaro Miura - Berserk Max 14
2026-08-11 21:00:33.636 -04:00 [DEBUG] Excluded [Standalone below rating or ratings-count threshold]: Kentaro Miura - Berserk Max, Band 18
2026-08-11 21:00:33.637 -04:00 [DEBUG] Excluded [Standalone below rating or ratings-count threshold]: Kentaro Miura - Berserk Official Guidebook
2026-08-11 21:00:33.640 -04:00 [DEBUG] Excluded [Standalone below rating or ratings-count threshold]: Kentaro Miura - Dur-an-ki
2026-08-11 21:00:33.642 -04:00 [DEBUG] Excluded [Standalone below rating or ratings-count threshold]: Kentaro Miura - Gigantomachia
2026-08-11 21:00:33.644 -04:00 [DEBUG] Excluded [Standalone below rating or ratings-count threshold]: Kentaro Miura - Japan
2026-08-11 21:00:33.645 -04:00 [DEBUG] Excluded [Standalone below rating or ratings-count threshold]: Kentaro Miura - Maximum Berserk 11
2026-08-11 21:00:33.646 -04:00 [DEBUG] Excluded [Standalone below rating or ratings-count threshold]: Kentaro Miura - Maximum Berserk, Vol. 15
2026-08-11 21:00:33.650 -04:00 [DEBUG] Excluded [Standalone below rating or ratings-count threshold]: Kentaro Miura - The Legend of Mother Sarah: Tunnel Town
2026-08-11 21:00:33.651 -04:00 [DEBUG] Excluded [Standalone below rating or ratings-count threshold]: Kentaro Miura - ベルセルク 43 [Berserk 43]
2026-08-11 21:00:33.661 -04:00 [DEBUG] Excluded [Standalone below rating or ratings-count threshold]: Marion Zimmer Bradley - Black Trillium
2026-08-11 21:00:33.663 -04:00 [DEBUG] Excluded [Standalone below rating or ratings-count threshold]: Marion Zimmer Bradley - Darkover Landfall
2026-08-11 21:00:33.666 -04:00 [DEBUG] Excluded [Standalone below rating or ratings-count threshold]: Marion Zimmer Bradley - Lady of the Trillium
2026-08-11 21:00:33.668 -04:00 [DEBUG] Excluded [Standalone below rating or ratings-count threshold]: Marion Zimmer Bradley - Le nebbie di Avalon. Parte prima
2026-08-11 21:00:33.670 -04:00 [DEBUG] Excluded [Standalone below rating or ratings-count threshold]: Marion Zimmer Bradley - Lythande
2026-08-11 21:00:33.672 -04:00 [DEBUG] Excluded [Standalone below rating or ratings-count threshold]: Marion Zimmer Bradley - Star of Danger
2026-08-11 21:00:33.673 -04:00 [DEBUG] Excluded [Standalone below rating or ratings-count threshold]: Marion Zimmer Bradley - Stormqueen!
2026-08-11 21:00:33.675 -04:00 [DEBUG] Excluded [Standalone below rating or ratings-count threshold]: Marion Zimmer Bradley - The Bloody Sun
2026-08-11 21:00:33.678 -04:00 [DEBUG] Excluded [Standalone below rating or ratings-count threshold]: Marion Zimmer Bradley - The Colors of Space
2026-08-11 21:00:33.679 -04:00 [DEBUG] Excluded [Standalone below rating or ratings-count threshold]: Marion Zimmer Bradley - The Planet Savers
2026-08-11 21:00:33.680 -04:00 [DEBUG] Excluded [Standalone below rating or ratings-count threshold]: Marion Zimmer Bradley - The Sword of Aldones
2026-08-11 21:00:33.681 -04:00 [DEBUG] Excluded [Standalone below rating or ratings-count threshold]: Marion Zimmer Bradley - Tiger Burning Bright
2026-08-11 21:00:33.687 -04:00 [DEBUG] Excluded [Series below average or first-book ratings-count threshold]: Marion Zimmer Bradley - A Flame in Hali
2026-08-11 21:00:33.693 -04:00 [DEBUG] Excluded [Series below average or first-book ratings-count threshold]: Marion Zimmer Bradley - Rediscovery
2026-08-11 21:00:33.695 -04:00 [DEBUG] Excluded [Series below average or first-book ratings-count threshold]: Marion Zimmer Bradley - Hunters of the Red Moon
2026-08-11 21:00:33.696 -04:00 [DEBUG] Excluded [Series below average or first-book ratings-count threshold]: Marion Zimmer Bradley - Ghostlight
2026-08-11 21:00:33.697 -04:00 [DEBUG] Excluded [Series below average or first-book ratings-count threshold]: Marion Zimmer Bradley - Gravelight
2026-08-11 21:00:33.699 -04:00 [DEBUG] Excluded [Series below average or first-book ratings-count threshold]: Marion Zimmer Bradley - Witchlight
2026-08-11 21:00:33.702 -04:00 [DEBUG] Excluded [Standalone below rating or ratings-count threshold]: Carl Sagan - Communication with Extraterrestrial Intelligence
2026-08-11 21:00:33.704 -04:00 [DEBUG] Excluded [Standalone below rating or ratings-count threshold]: Carl Sagan - Conversations with Carl Sagan
2026-08-11 21:00:33.706 -04:00 [DEBUG] Excluded [Standalone below rating or ratings-count threshold]: Carl Sagan - Life in the Universe: Essays
2026-08-11 21:00:33.708 -04:00 [DEBUG] Excluded [Standalone below rating or ratings-count threshold]: Carl Sagan - Murmurs of Earth: The Voyager Interstellar Record
2026-08-11 21:00:33.710 -04:00 [DEBUG] Excluded [Standalone below rating or ratings-count threshold]: Carl Sagan - Planetary Exploration
2026-08-11 21:00:33.711 -04:00 [DEBUG] Excluded [Standalone below rating or ratings-count threshold]: Carl Sagan - Planets
2026-08-11 21:00:33.712 -04:00 [DEBUG] Excluded [Standalone below rating or ratings-count threshold]: Carl Sagan - Space Age Dreamer
2026-08-11 21:00:33.714 -04:00 [DEBUG] Excluded [Standalone below rating or ratings-count threshold]: Carl Sagan - The Burden of Skepticism
2026-08-11 21:00:33.718 -04:00 [DEBUG] Excluded [Standalone below rating or ratings-count threshold]: Carl Sagan - The Quest for Extraterrestrial Intelligence
2026-08-11 21:00:33.719 -04:00 [DEBUG] Excluded [Standalone below rating or ratings-count threshold]: Carl Sagan - Visions for the 21st Century
2026-08-11 21:00:33.721 -04:00 [DEBUG] Excluded [Standalone below rating or ratings-count threshold]: Carl Sagan - Wonder and Skepticism
2026-08-11 21:00:33.723 -04:00 [DEBUG] Excluded [Standalone below rating or ratings-count threshold]: Carl Sagan - কার্ল সাগান : অভিযাত্রী বিজ্ঞানী ও সংশয়ী দার্শনিক
2026-08-11 21:00:33.727 -04:00 [DEBUG] Excluded [Standalone below rating or ratings-count threshold]: William Goldman - Absolute Power: The Screenplay (Applause Books)
2026-08-11 21:00:33.730 -04:00 [DEBUG] Excluded [Standalone below rating or ratings-count threshold]: William Goldman - Boys and Girls Together
2026-08-11 21:00:33.731 -04:00 [DEBUG] Excluded [Standalone below rating or ratings-count threshold]: William Goldman - Butch Cassidy and the Sundance Kid: Screenplay
2026-08-11 21:00:33.732 -04:00 [DEBUG] Excluded [Standalone below rating or ratings-count threshold]: William Goldman - Control
2026-08-11 21:00:33.734 -04:00 [DEBUG] Excluded [Standalone below rating or ratings-count threshold]: William Goldman - Edged Weapons
2026-08-11 21:00:33.735 -04:00 [DEBUG] Excluded [Standalone below rating or ratings-count threshold]: William Goldman - Father's Day
2026-08-11 21:00:33.736 -04:00 [DEBUG] Excluded [Standalone below rating or ratings-count threshold]: William Goldman - Four Screenplays with Essays: Marathon Man - Butch Cassidy and the Sundance Kid - The Princess Bride - Misery
2026-08-11 21:00:33.738 -04:00 [DEBUG] Excluded [Standalone below rating or ratings-count threshold]: William Goldman - Heat
2026-08-11 21:00:33.740 -04:00 [DEBUG] Excluded [Standalone below rating or ratings-count threshold]: William Goldman - Hype and Glory
2026-08-11 21:00:33.741 -04:00 [DEBUG] Excluded [Standalone below rating or ratings-count threshold]: William Goldman - Magic
2026-08-11 21:00:33.746 -04:00 [DEBUG] Excluded [Standalone below rating or ratings-count threshold]: William Goldman - No Way to Treat a Lady
2026-08-11 21:00:33.748 -04:00 [DEBUG] Excluded [Standalone below rating or ratings-count threshold]: William Goldman - Soldier in the Rain
2026-08-11 21:00:33.749 -04:00 [DEBUG] Excluded [Standalone below rating or ratings-count threshold]: William Goldman - The Big Picture: Who Killed Hollywood? and Other Essays
2026-08-11 21:00:33.750 -04:00 [DEBUG] Excluded [Standalone below rating or ratings-count threshold]: William Goldman - The Colour of Light
2026-08-11 21:00:33.752 -04:00 [DEBUG] Excluded [Standalone below rating or ratings-count threshold]: William Goldman - The Princess Bride Deluxe Limited Edition: S. Morgenstern's Classic Tale of True Love and High Adventure
2026-08-11 21:00:33.753 -04:00 [DEBUG] Excluded [Standalone below rating or ratings-count threshold]: William Goldman - The Season: A Candid Look At Broadway
2026-08-11 21:00:33.755 -04:00 [DEBUG] Excluded [Standalone below rating or ratings-count threshold]: William Goldman - The Silent Gondoliers
2026-08-11 21:00:33.756 -04:00 [DEBUG] Excluded [Standalone below rating or ratings-count threshold]: William Goldman - The Temple of Gold
2026-08-11 21:00:33.758 -04:00 [DEBUG] Excluded [Standalone below rating or ratings-count threshold]: William Goldman - The Thing of It Is
2026-08-11 21:00:33.760 -04:00 [DEBUG] Excluded [Standalone below rating or ratings-count threshold]: William Goldman - Tinsel
2026-08-11 21:00:33.761 -04:00 [DEBUG] Excluded [Standalone below rating or ratings-count threshold]: William Goldman - Wait Till Next Year: The Story of a Season When What Should've Happened Didn't, and What Could've Gone Wrong Did
2026-08-11 21:00:33.763 -04:00 [DEBUG] Excluded [Standalone below rating or ratings-count threshold]: William Goldman - William Goldman: Five Screenplays with Essays (Applause Books)
2026-08-11 21:00:33.764 -04:00 [DEBUG] Excluded [Standalone below rating or ratings-count threshold]: William Goldman - Your Turn to Curtsy, My Turn to Bow
2026-08-11 21:00:33.766 -04:00 [DEBUG] Excluded [Series below average or first-book ratings-count threshold]: William Goldman - Brothers
2026-08-11 21:00:33.772 -04:00 [DEBUG] Excluded [Standalone below rating or ratings-count threshold]: Joe Hill - 20th Century Ghosts
2026-08-11 21:00:33.774 -04:00 [DEBUG] Excluded [Standalone below rating or ratings-count threshold]: Joe Hill - Best New Horror
2026-08-11 21:00:33.778 -04:00 [DEBUG] Excluded [Standalone below rating or ratings-count threshold]: Joe Hill - By the Silver Water of Lake Champlain
2026-08-11 21:00:33.780 -04:00 [DEBUG] Excluded [Standalone below rating or ratings-count threshold]: Joe Hill - Dying is Easy
2026-08-11 21:00:33.782 -04:00 [DEBUG] Excluded [Standalone below rating or ratings-count threshold]: Joe Hill - Full Throttle
2026-08-11 21:00:33.783 -04:00 [DEBUG] Excluded [Standalone below rating or ratings-count threshold]: Joe Hill - Heart-Shaped Box
2026-08-11 21:00:33.785 -04:00 [DEBUG] Excluded [Standalone below rating or ratings-count threshold]: Joe Hill - Horns
2026-08-11 21:00:33.786 -04:00 [DEBUG] Excluded [Standalone below rating or ratings-count threshold]: Joe Hill - Jackknife
2026-08-11 21:00:33.787 -04:00 [DEBUG] Excluded [Standalone below rating or ratings-count threshold]: Joe Hill - Joe Hill: The Graphic Novel Collection
2026-08-11 21:00:33.789 -04:00 [DEBUG] Excluded [Standalone below rating or ratings-count threshold]: Joe Hill - Locke & Key
2026-08-11 21:00:33.791 -04:00 [DEBUG] Excluded [Standalone below rating or ratings-count threshold]: Joe Hill - Locke & Key: Dog Days
2026-08-11 21:00:33.793 -04:00 [DEBUG] Excluded [Standalone below rating or ratings-count threshold]: Joe Hill - Locke & Key: Grindhouse
2026-08-11 21:00:33.795 -04:00 [DEBUG] Excluded [Standalone below rating or ratings-count threshold]: Joe Hill - Locke & Key: Heaven and Earth
2026-08-11 21:00:33.796 -04:00 [DEBUG] Excluded [Standalone below rating or ratings-count threshold]: Joe Hill - Locke & Key: Small World
2026-08-11 21:00:33.798 -04:00 [DEBUG] Excluded [Standalone below rating or ratings-count threshold]: Joe Hill - Plunge
2026-08-11 21:00:33.799 -04:00 [DEBUG] Excluded [Standalone below rating or ratings-count threshold]: Joe Hill - Pop Art: A Gothic Horror Anthology of Ghost Stories, the Black Phone, and Supernatural Coming of Age
2026-08-11 21:00:33.801 -04:00 [DEBUG] Excluded [Standalone below rating or ratings-count threshold]: Joe Hill - Rain
2026-08-11 21:00:33.802 -04:00 [DEBUG] Excluded [Standalone below rating or ratings-count threshold]: Joe Hill - Strange Weather: Four Short Novels
2026-08-11 21:00:33.804 -04:00 [DEBUG] Excluded [Standalone below rating or ratings-count threshold]: Joe Hill - The Black Phone
2026-08-11 21:00:33.805 -04:00 [DEBUG] Excluded [Standalone below rating or ratings-count threshold]: Joe Hill - The Cape
2026-08-11 21:00:33.807 -04:00 [DEBUG] Excluded [Standalone below rating or ratings-count threshold]: Joe Hill - The Fireman
2026-08-11 21:00:33.811 -04:00 [DEBUG] Excluded [Standalone below rating or ratings-count threshold]: Joe Hill - The Pram
2026-08-11 21:00:33.812 -04:00 [DEBUG] Excluded [Standalone below rating or ratings-count threshold]: Joe Hill - Throttle
2026-08-11 21:00:33.814 -04:00 [DEBUG] Excluded [Standalone below rating or ratings-count threshold]: Joe Hill - Thumbprint
2026-08-11 21:00:33.818 -04:00 [DEBUG] Excluded [Standalone below rating or ratings-count threshold]: Joe Hill - Twittering from the Circus of the Dead
2026-08-11 21:00:33.820 -04:00 [DEBUG] Excluded [Standalone below rating or ratings-count threshold]: Joe Hill - Voluntary Committal
2026-08-11 21:00:33.822 -04:00 [DEBUG] Excluded [Standalone below rating or ratings-count threshold]: Joe Hill - Wolverton Station
2026-08-11 21:00:33.827 -04:00 [DEBUG] Excluded [Standalone below rating or ratings-count threshold]: Peter S. Beagle - A Dance for Emilia
2026-08-11 21:00:33.829 -04:00 [DEBUG] Excluded [Standalone below rating or ratings-count threshold]: Peter S. Beagle - A Fine and Private Place
2026-08-11 21:00:33.830 -04:00 [DEBUG] Excluded [Standalone below rating or ratings-count threshold]: Peter S. Beagle - Giant Bones
2026-08-11 21:00:33.832 -04:00 [DEBUG] Excluded [Standalone below rating or ratings-count threshold]: Peter S. Beagle - I See by My Outfit
2026-08-11 21:00:33.833 -04:00 [DEBUG] Excluded [Standalone below rating or ratings-count threshold]: Peter S. Beagle - I'm Afraid You've Got Dragons
2026-08-11 21:00:33.834 -04:00 [DEBUG] Excluded [Standalone below rating or ratings-count threshold]: Peter S. Beagle - In Calabria
2026-08-11 21:00:33.835 -04:00 [DEBUG] Excluded [Standalone below rating or ratings-count threshold]: Peter S. Beagle - Lila the Werewolf
2026-08-11 21:00:33.837 -04:00 [DEBUG] Excluded [Standalone below rating or ratings-count threshold]: Peter S. Beagle - Sleight of Hand
2026-08-11 21:00:33.839 -04:00 [DEBUG] Excluded [Standalone below rating or ratings-count threshold]: Peter S. Beagle - Summerlong
2026-08-11 21:00:33.841 -04:00 [DEBUG] Excluded [Standalone below rating or ratings-count threshold]: Peter S. Beagle - The Essential Peter S. Beagle, Volume I: Lila the Werewolf and Other Stories
2026-08-11 21:00:33.843 -04:00 [DEBUG] Excluded [Standalone below rating or ratings-count threshold]: Peter S. Beagle - The Fantasy Worlds of Peter Beagle
2026-08-11 21:00:33.847 -04:00 [DEBUG] Excluded [Standalone below rating or ratings-count threshold]: Peter S. Beagle - The Folk of the Air
2026-08-11 21:00:33.848 -04:00 [DEBUG] Excluded [Standalone below rating or ratings-count threshold]: Peter S. Beagle - The Innkeeper's Song
2026-08-11 21:00:33.850 -04:00 [DEBUG] Excluded [Standalone below rating or ratings-count threshold]: Peter S. Beagle - The Last Unicorn: The Lost Version
2026-08-11 21:00:33.851 -04:00 [DEBUG] Excluded [Standalone below rating or ratings-count threshold]: Peter S. Beagle - The Line Between
2026-08-11 21:00:33.853 -04:00 [DEBUG] Excluded [Standalone below rating or ratings-count threshold]: Peter S. Beagle - The Overneath
2026-08-11 21:00:33.854 -04:00 [DEBUG] Excluded [Standalone below rating or ratings-count threshold]: Peter S. Beagle - The Rhinoceros Who Quoted Nietzsche and Other Odd Acquaintances
2026-08-11 21:00:33.856 -04:00 [DEBUG] Excluded [Standalone below rating or ratings-count threshold]: Peter S. Beagle - The Story of Kao Yu
2026-08-11 21:00:33.858 -04:00 [DEBUG] Excluded [Standalone below rating or ratings-count threshold]: Peter S. Beagle - The Unicorn Sonata
2026-08-11 21:00:33.860 -04:00 [DEBUG] Excluded [Standalone below rating or ratings-count threshold]: Peter S. Beagle - The Way Home: Two Novellas from the World of The Last Unicorn
2026-08-11 21:00:33.862 -04:00 [DEBUG] Excluded [Standalone below rating or ratings-count threshold]: Peter S. Beagle - We Never Talk about My Brother
2026-08-11 21:00:33.866 -04:00 [DEBUG] Excluded [Standalone below rating or ratings-count threshold]: Liu Cixin - A View from the Stars: Stories and Essays
2026-08-11 21:00:33.867 -04:00 [DEBUG] Excluded [Standalone below rating or ratings-count threshold]: Liu Cixin - Ball Lightning
2026-08-11 21:00:33.869 -04:00 [DEBUG] Excluded [Standalone below rating or ratings-count threshold]: Liu Cixin - Curse 5.0
2026-08-11 21:00:33.871 -04:00 [DEBUG] Excluded [Standalone below rating or ratings-count threshold]: Liu Cixin - Devourer
2026-08-11 21:00:33.875 -04:00 [DEBUG] Excluded [Standalone below rating or ratings-count threshold]: Liu Cixin - Mountain
2026-08-11 21:00:33.877 -04:00 [DEBUG] Excluded [Standalone below rating or ratings-count threshold]: Liu Cixin - Of Ants and Dinosaurs
2026-08-11 21:00:33.878 -04:00 [DEBUG] Excluded [Standalone below rating or ratings-count threshold]: Liu Cixin - Sea of Dreams
2026-08-11 21:00:33.879 -04:00 [DEBUG] Excluded [Standalone below rating or ratings-count threshold]: Liu Cixin - Sun of China
2026-08-11 21:00:33.880 -04:00 [DEBUG] Excluded [Standalone below rating or ratings-count threshold]: Liu Cixin - Supernova Era
2026-08-11 21:00:33.881 -04:00 [DEBUG] Excluded [Standalone below rating or ratings-count threshold]: Liu Cixin - Taking Care of Gods
2026-08-11 21:00:33.883 -04:00 [DEBUG] Excluded [Standalone below rating or ratings-count threshold]: Liu Cixin - The Micro-Age
2026-08-11 21:00:33.885 -04:00 [DEBUG] Excluded [Standalone below rating or ratings-count threshold]: Liu Cixin - The Wages of Humanity
2026-08-11 21:00:33.886 -04:00 [DEBUG] Excluded [Standalone below rating or ratings-count threshold]: Liu Cixin - The Weight of Memories
2026-08-11 21:00:33.887 -04:00 [DEBUG] Excluded [Standalone below rating or ratings-count threshold]: Liu Cixin - To Hold Up the Sky
2026-08-11 21:00:33.889 -04:00 [DEBUG] Excluded [Standalone below rating or ratings-count threshold]: Liu Cixin - With Her Eyes
2026-08-11 21:00:33.890 -04:00 [DEBUG] Excluded [Standalone below rating or ratings-count threshold]: Liu Cixin - Yuanyuan's Bubbles
2026-08-11 21:00:33.892 -04:00 [DEBUG] Excluded [Standalone below rating or ratings-count threshold]: Liu Cixin - 时间移民
2026-08-11 21:00:33.896 -04:00 [DEBUG] Excluded [Standalone below rating or ratings-count threshold]: Nghi Vo - Don't Sleep with the Dead
2026-08-11 21:00:33.898 -04:00 [DEBUG] Excluded [Standalone below rating or ratings-count threshold]: Nghi Vo - Neither Witch nor Fairy
2026-08-11 21:00:33.899 -04:00 [DEBUG] Excluded [Standalone below rating or ratings-count threshold]: Nghi Vo - On the Fox Roads
2026-08-11 21:00:33.903 -04:00 [DEBUG] Excluded [Standalone below rating or ratings-count threshold]: Nghi Vo - Siren Queen
2026-08-11 21:00:33.904 -04:00 [DEBUG] Excluded [Standalone below rating or ratings-count threshold]: Nghi Vo - Stitched to Skin Like Family Is
2026-08-11 21:00:33.906 -04:00 [DEBUG] Excluded [Standalone below rating or ratings-count threshold]: Nghi Vo - The Chosen and the Beautiful
2026-08-11 21:00:33.908 -04:00 [DEBUG] Excluded [Standalone below rating or ratings-count threshold]: Nghi Vo - The City in Glass
2026-08-11 21:00:33.910 -04:00 [DEBUG] Excluded [Standalone below rating or ratings-count threshold]: Nghi Vo - The Ghost Years
2026-08-11 21:00:33.911 -04:00 [DEBUG] Excluded [Standalone below rating or ratings-count threshold]: Nghi Vo - The SEA Is Ours: Tales of Steampunk Southeast Asia
2026-08-11 21:00:33.913 -04:00 [DEBUG] Excluded [Series below average or first-book ratings-count threshold]: Nghi Vo - What the Dead Know
2026-08-11 21:00:33.918 -04:00 [DEBUG] Excluded [Standalone below rating or ratings-count threshold]: Richard Matheson - 7 Steps to Midnight
2026-08-11 21:00:33.919 -04:00 [DEBUG] Excluded [Standalone below rating or ratings-count threshold]: Richard Matheson - A Stir of Echoes
2026-08-11 21:00:33.922 -04:00 [DEBUG] Excluded [Standalone below rating or ratings-count threshold]: Richard Matheson - Born of Man & Woman
2026-08-11 21:00:33.923 -04:00 [DEBUG] Excluded [Standalone below rating or ratings-count threshold]: Richard Matheson - Button, Button: Uncanny Stories
2026-08-11 21:00:33.925 -04:00 [DEBUG] Excluded [Standalone below rating or ratings-count threshold]: Richard Matheson - Collected Stories, Vol. 1
2026-08-11 21:00:33.929 -04:00 [DEBUG] Excluded [Standalone below rating or ratings-count threshold]: Richard Matheson - Collected Stories, Vol. 2
2026-08-11 21:00:33.931 -04:00 [DEBUG] Excluded [Standalone below rating or ratings-count threshold]: Richard Matheson - Earthbound: An Erotic Ghost Story
2026-08-11 21:00:33.932 -04:00 [DEBUG] Excluded [Standalone below rating or ratings-count threshold]: Richard Matheson - Hell House
2026-08-11 21:00:33.934 -04:00 [DEBUG] Excluded [Standalone below rating or ratings-count threshold]: Richard Matheson - Hunted Past Reason
2026-08-11 21:00:33.935 -04:00 [DEBUG] Excluded [Standalone below rating or ratings-count threshold]: Richard Matheson - Journal of the Gun Years
2026-08-11 21:00:33.936 -04:00 [DEBUG] Excluded [Standalone below rating or ratings-count threshold]: Richard Matheson - Now You See It . . .
2026-08-11 21:00:33.938 -04:00 [DEBUG] Excluded [Standalone below rating or ratings-count threshold]: Richard Matheson - Other Kingdoms
2026-08-11 21:00:33.940 -04:00 [DEBUG] Excluded [Standalone below rating or ratings-count threshold]: Richard Matheson - Road Rage
2026-08-11 21:00:33.942 -04:00 [DEBUG] Excluded [Standalone below rating or ratings-count threshold]: Richard Matheson - Shadow on the Sun
2026-08-11 21:00:33.943 -04:00 [DEBUG] Excluded [Standalone below rating or ratings-count threshold]: Richard Matheson - Shock II
2026-08-11 21:00:33.945 -04:00 [DEBUG] Excluded [Standalone below rating or ratings-count threshold]: Richard Matheson - Shock!
2026-08-11 21:00:33.946 -04:00 [DEBUG] Excluded [Standalone below rating or ratings-count threshold]: Richard Matheson - Somewhere In Time
2026-08-11 21:00:33.947 -04:00 [DEBUG] Excluded [Standalone below rating or ratings-count threshold]: Richard Matheson - Steel: And Other Stories
2026-08-11 21:00:33.949 -04:00 [DEBUG] Excluded [Standalone below rating or ratings-count threshold]: Richard Matheson - The Beardless Warriors: A Novel of World War II
2026-08-11 21:00:33.950 -04:00 [DEBUG] Excluded [Standalone below rating or ratings-count threshold]: Richard Matheson - The Shores of Space
2026-08-11 21:00:33.952 -04:00 [DEBUG] Excluded [Standalone below rating or ratings-count threshold]: Richard Matheson - The Shrinking Man
2026-08-11 21:00:33.953 -04:00 [DEBUG] Excluded [Standalone below rating or ratings-count threshold]: Richard Matheson - Third from the Sun
2026-08-11 21:00:33.955 -04:00 [DEBUG] Excluded [Standalone below rating or ratings-count threshold]: Richard Matheson - What Dreams May Come
2026-08-11 21:00:33.962 -04:00 [DEBUG] Excluded [Standalone below rating or ratings-count threshold]: Michael J. Sullivan - Hollow World
2026-08-11 21:00:33.973 -04:00 [DEBUG] Excluded [Standalone below rating or ratings-count threshold]: Nnedi Okorafor - After the Rain
2026-08-11 21:00:33.975 -04:00 [DEBUG] Excluded [Standalone below rating or ratings-count threshold]: Nnedi Okorafor - Black Panther: Long Live the King
2026-08-11 21:00:33.977 -04:00 [DEBUG] Excluded [Standalone below rating or ratings-count threshold]: Nnedi Okorafor - Death of the Author
2026-08-11 21:00:33.978 -04:00 [DEBUG] Excluded [Standalone below rating or ratings-count threshold]: Nnedi Okorafor - Hello, Moto
2026-08-11 21:00:33.979 -04:00 [DEBUG] Excluded [Standalone below rating or ratings-count threshold]: Nnedi Okorafor - Ikenga
2026-08-11 21:00:33.980 -04:00 [DEBUG] Excluded [Standalone below rating or ratings-count threshold]: Nnedi Okorafor - Just Out of Jupiter's Reach
2026-08-11 21:00:33.982 -04:00 [DEBUG] Excluded [Standalone below rating or ratings-count threshold]: Nnedi Okorafor - Kabu Kabu
2026-08-11 21:00:33.983 -04:00 [DEBUG] Excluded [Standalone below rating or ratings-count threshold]: Nnedi Okorafor - Lagoon
2026-08-11 21:00:33.985 -04:00 [DEBUG] Excluded [Standalone below rating or ratings-count threshold]: Nnedi Okorafor - LaGuardia
2026-08-11 21:00:33.986 -04:00 [DEBUG] Excluded [Standalone below rating or ratings-count threshold]: Nnedi Okorafor - Noor
2026-08-11 21:00:33.987 -04:00 [DEBUG] Excluded [Standalone below rating or ratings-count threshold]: Nnedi Okorafor - Remote Control
2026-08-11 21:00:33.989 -04:00 [DEBUG] Excluded [Standalone below rating or ratings-count threshold]: Nnedi Okorafor - Shuri, Vol. 1: The Search for Black Panther
2026-08-11 21:00:33.991 -04:00 [DEBUG] Excluded [Standalone below rating or ratings-count threshold]: Nnedi Okorafor - Shuri, Vol. 2: 24/7 Vibranium
2026-08-11 21:00:33.993 -04:00 [DEBUG] Excluded [Standalone below rating or ratings-count threshold]: Nnedi Okorafor - Who Fears Death
2026-08-11 21:00:33.996 -04:00 [DEBUG] Excluded [Series below average or first-book ratings-count threshold]: Nnedi Okorafor - The Black Pages
2026-08-11 21:00:33.998 -04:00 [DEBUG] Excluded [Series below average or first-book ratings-count threshold]: Nnedi Okorafor - Like Thunder
2026-08-11 21:00:34.001 -04:00 [DEBUG] Excluded [Series below average or first-book ratings-count threshold]: Nnedi Okorafor - Shadow Speaker
2026-08-11 21:00:34.002 -04:00 [DEBUG] Excluded [Series below average or first-book ratings-count threshold]: Nnedi Okorafor - The Book of Phoenix
2026-08-11 21:00:34.011 -04:00 [DEBUG] Excluded [Standalone below rating or ratings-count threshold]: Patricia Briggs - The Hob's Bargain
2026-08-11 21:00:34.022 -04:00 [DEBUG] Excluded [Standalone below rating or ratings-count threshold]: Lewis Carroll - A Tangled Tale
2026-08-11 21:00:34.025 -04:00 [DEBUG] Excluded [Standalone below rating or ratings-count threshold]: Lewis Carroll - Alicia a través del espejo / La caza del Snark
2026-08-11 21:00:34.027 -04:00 [DEBUG] Excluded [Standalone below rating or ratings-count threshold]: Lewis Carroll - Feeding the Mind
2026-08-11 21:00:34.029 -04:00 [DEBUG] Excluded [Standalone below rating or ratings-count threshold]: Lewis Carroll - Lewis Carroll's Symbolic Logic
2026-08-11 21:00:34.032 -04:00 [DEBUG] Excluded [Standalone below rating or ratings-count threshold]: Lewis Carroll - O Frabjous Day!
2026-08-11 21:00:34.034 -04:00 [DEBUG] Excluded [Standalone below rating or ratings-count threshold]: Lewis Carroll - Phantasmagoria and Other Poems by Lewis Carroll, Poetry - English, Irish, Scottish, Welsh
2026-08-11 21:00:34.035 -04:00 [DEBUG] Excluded [Standalone below rating or ratings-count threshold]: Lewis Carroll - Sylvie and Bruno
2026-08-11 21:00:34.036 -04:00 [DEBUG] Excluded [Standalone below rating or ratings-count threshold]: Lewis Carroll - Sylvie and Bruno Concluded
2026-08-11 21:00:34.038 -04:00 [DEBUG] Excluded [Standalone below rating or ratings-count threshold]: Lewis Carroll - The Best of Lewis Carroll
2026-08-11 21:00:34.040 -04:00 [DEBUG] Excluded [Standalone below rating or ratings-count threshold]: Lewis Carroll - The Macmillan Alice Colouring Book (Macmillan Classic Colouring Books)
2026-08-11 21:00:34.042 -04:00 [DEBUG] Excluded [Standalone below rating or ratings-count threshold]: Lewis Carroll - The Walrus and the Carpenter
2026-08-11 21:00:34.044 -04:00 [DEBUG] Excluded [Standalone below rating or ratings-count threshold]: Lewis Carroll - The Wonderland Collection
2026-08-11 21:00:34.046 -04:00 [DEBUG] Excluded [Series below average or first-book ratings-count threshold]: Lewis Carroll - Lewis Carroll
2026-08-11 21:00:34.056 -04:00 [DEBUG] Excluded [Standalone below rating or ratings-count threshold]: Elizabeth Moon - Lunar Activity
2026-08-11 21:00:34.058 -04:00 [DEBUG] Excluded [Standalone below rating or ratings-count threshold]: Elizabeth Moon - Phases
2026-08-11 21:00:34.060 -04:00 [DEBUG] Excluded [Standalone below rating or ratings-count threshold]: Elizabeth Moon - The Speed of Dark
2026-08-11 21:00:34.062 -04:00 [DEBUG] Excluded [Standalone below rating or ratings-count threshold]: Elizabeth Moon - Trading in Danger / Remnant Population
2026-08-11 21:00:34.066 -04:00 [DEBUG] Excluded [Series below average or first-book ratings-count threshold]: Elizabeth Moon - Surrender None
2026-08-11 21:00:34.068 -04:00 [DEBUG] Excluded [Series below average or first-book ratings-count threshold]: Elizabeth Moon - Rules of Engagement, Part 1
2026-08-11 21:00:34.071 -04:00 [DEBUG] Excluded [Series below average or first-book ratings-count threshold]: Elizabeth Moon - Rules of Engagement, Part 2 of 2
2026-08-11 21:00:34.073 -04:00 [DEBUG] Excluded [Series below average or first-book ratings-count threshold]: Elizabeth Moon - Liar's Oath
2026-08-11 21:00:34.077 -04:00 [DEBUG] Excluded [Standalone below rating or ratings-count threshold]: Barbara Truelove - Crying Wolf
2026-08-11 21:00:34.087 -04:00 [DEBUG] Excluded [Standalone below rating or ratings-count threshold]: Margaret Weis - Darksword Adventures
2026-08-11 21:00:34.089 -04:00 [DEBUG] Excluded [Standalone below rating or ratings-count threshold]: Margaret Weis - Dragons of Deceit
2026-08-11 21:00:34.090 -04:00 [DEBUG] Excluded [Standalone below rating or ratings-count threshold]: Margaret Weis - Robot Blues
2026-08-11 21:00:34.093 -04:00 [DEBUG] Excluded [Standalone below rating or ratings-count threshold]: Margaret Weis - The Raistlin Chronicles
2026-08-11 21:00:34.102 -04:00 [DEBUG] Excluded [Series below average or first-book ratings-count threshold]: Margaret Weis - Shadow Raiders
2026-08-11 21:00:34.104 -04:00 [DEBUG] Excluded [Series below average or first-book ratings-count threshold]: Margaret Weis - Storm Riders
2026-08-11 21:00:34.105 -04:00 [DEBUG] Excluded [Series below average or first-book ratings-count threshold]: Margaret Weis - The Seventh Sigil
2026-08-11 21:00:34.109 -04:00 [DEBUG] Excluded [Series below average or first-book ratings-count threshold]: Margaret Weis - The Dragons of Chaos
2026-08-11 21:00:34.111 -04:00 [DEBUG] Excluded [Series below average or first-book ratings-count threshold]: Margaret Weis - The Doom Brigade
2026-08-11 21:00:34.114 -04:00 [DEBUG] Excluded [Series below average or first-book ratings-count threshold]: Margaret Weis - The Search for Magic
2026-08-11 21:00:34.115 -04:00 [DEBUG] Excluded [Series below average or first-book ratings-count threshold]: Margaret Weis - The Search for Power
2026-08-11 21:00:34.116 -04:00 [DEBUG] Excluded [Series below average or first-book ratings-count threshold]: Margaret Weis - The Cataclysm
2026-08-11 21:00:34.117 -04:00 [DEBUG] Excluded [Series below average or first-book ratings-count threshold]: Margaret Weis - The Reign of Istar
2026-08-11 21:00:34.119 -04:00 [DEBUG] Excluded [Series below average or first-book ratings-count threshold]: Margaret Weis - The War of the Lance
2026-08-11 21:00:34.120 -04:00 [DEBUG] Excluded [Series below average or first-book ratings-count threshold]: Margaret Weis - Heroes and Fools
2026-08-11 21:00:34.123 -04:00 [DEBUG] Excluded [Series below average or first-book ratings-count threshold]: Margaret Weis - Amber and Ashes
2026-08-11 21:00:34.125 -04:00 [DEBUG] Excluded [Series below average or first-book ratings-count threshold]: Margaret Weis - Amber and Blood
2026-08-11 21:00:34.129 -04:00 [DEBUG] Excluded [Series below average or first-book ratings-count threshold]: Margaret Weis - Amber and Iron
2026-08-11 21:00:34.131 -04:00 [DEBUG] Excluded [Series below average or first-book ratings-count threshold]: Margaret Weis - Dragons of Summer Flame
2026-08-11 21:00:34.132 -04:00 [DEBUG] Excluded [Series below average or first-book ratings-count threshold]: Margaret Weis - The Second Generation
2026-08-11 21:00:34.133 -04:00 [DEBUG] Excluded [Series below average or first-book ratings-count threshold]: Margaret Weis - Dragons of a Fallen Sun
2026-08-11 21:00:34.135 -04:00 [DEBUG] Excluded [Series below average or first-book ratings-count threshold]: Margaret Weis - Dragons of a Lost Star
2026-08-11 21:00:34.136 -04:00 [DEBUG] Excluded [Series below average or first-book ratings-count threshold]: Margaret Weis - Dragons of a Vanished Moon
2026-08-11 21:00:34.138 -04:00 [DEBUG] Excluded [Series below average or first-book ratings-count threshold]: Margaret Weis - A Rumor of Dragons
2026-08-11 21:00:34.140 -04:00 [DEBUG] Excluded [Series below average or first-book ratings-count threshold]: Margaret Weis - Night of the Dragons
2026-08-11 21:00:34.141 -04:00 [DEBUG] Excluded [Series below average or first-book ratings-count threshold]: Margaret Weis - A Dawn of Dragons
2026-08-11 21:00:34.143 -04:00 [DEBUG] Excluded [Series below average or first-book ratings-count threshold]: Margaret Weis - Hope's Flame
2026-08-11 21:00:34.145 -04:00 [DEBUG] Excluded [Series below average or first-book ratings-count threshold]: Margaret Weis - The Nightmare Lands
2026-08-11 21:00:34.146 -04:00 [DEBUG] Excluded [Series below average or first-book ratings-count threshold]: Margaret Weis - To the Gates of Palanthas
2026-08-11 21:00:34.148 -04:00 [DEBUG] Excluded [Series below average or first-book ratings-count threshold]: Margaret Weis - The Knights of the Black Earth
2026-08-11 21:00:34.149 -04:00 [DEBUG] Excluded [Series below average or first-book ratings-count threshold]: Margaret Weis - The Paladin of the Night
2026-08-11 21:00:34.151 -04:00 [DEBUG] Excluded [Series below average or first-book ratings-count threshold]: Margaret Weis - The Prophet of Akhran
2026-08-11 21:00:34.152 -04:00 [DEBUG] Excluded [Series below average or first-book ratings-count threshold]: Margaret Weis - The Will of the Wanderer
2026-08-11 21:00:34.154 -04:00 [DEBUG] Excluded [Series below average or first-book ratings-count threshold]: Margaret Weis - Guardians of the Lost
2026-08-11 21:00:34.155 -04:00 [DEBUG] Excluded [Series below average or first-book ratings-count threshold]: Margaret Weis - Journey Into the Void
2026-08-11 21:00:34.159 -04:00 [DEBUG] Excluded [Series below average or first-book ratings-count threshold]: Margaret Weis - Well of Darkness
2026-08-11 21:00:34.161 -04:00 [DEBUG] Excluded [Series below average or first-book ratings-count threshold]: Margaret Weis - Ghost Legion
2026-08-11 21:00:34.162 -04:00 [DEBUG] Excluded [Series below average or first-book ratings-count threshold]: Margaret Weis - King's Sacrifice
2026-08-11 21:00:34.163 -04:00 [DEBUG] Excluded [Series below average or first-book ratings-count threshold]: Margaret Weis - King's Test
2026-08-11 21:00:34.165 -04:00 [DEBUG] Excluded [Series below average or first-book ratings-count threshold]: Margaret Weis - The Lost King
2026-08-11 21:00:34.166 -04:00 [DEBUG] Excluded [Series below average or first-book ratings-count threshold]: Margaret Weis - The Mantle of Kendis-Dai
2026-08-11 21:00:34.168 -04:00 [DEBUG] Excluded [Series below average or first-book ratings-count threshold]: Margaret Weis - Doom of the Darksword
2026-08-11 21:00:34.169 -04:00 [DEBUG] Excluded [Series below average or first-book ratings-count threshold]: Margaret Weis - Forging the Darksword
2026-08-11 21:00:34.170 -04:00 [DEBUG] Excluded [Series below average or first-book ratings-count threshold]: Margaret Weis - Legacy of the Darksword
2026-08-11 21:00:34.172 -04:00 [DEBUG] Excluded [Series below average or first-book ratings-count threshold]: Margaret Weis - Triumph of the Darksword
2026-08-11 21:00:34.175 -04:00 [DEBUG] Excluded [Series below average or first-book ratings-count threshold]: Margaret Weis - Spymaster
2026-08-11 21:00:34.177 -04:00 [DEBUG] Excluded [Series below average or first-book ratings-count threshold]: Margaret Weis - Master of Dragons
2026-08-11 21:00:34.178 -04:00 [DEBUG] Excluded [Series below average or first-book ratings-count threshold]: Margaret Weis - Mistress of Dragons
2026-08-11 21:00:34.179 -04:00 [DEBUG] Excluded [Series below average or first-book ratings-count threshold]: Margaret Weis - The Dragon's Son
2026-08-11 21:00:34.188 -04:00 [DEBUG] Excluded [Standalone below rating or ratings-count threshold]: Hugh Howey - Glitch
2026-08-11 21:00:34.190 -04:00 [DEBUG] Excluded [Standalone below rating or ratings-count threshold]: Hugh Howey - Half Way Home
2026-08-11 21:00:34.192 -04:00 [DEBUG] Excluded [Standalone below rating or ratings-count threshold]: Hugh Howey - I, Zombie
2026-08-11 21:00:34.229 -04:00 [DEBUG] Excluded [Standalone below rating or ratings-count threshold]: Hugh Howey - Misty: The Proud Cloud
2026-08-11 21:00:34.255 -04:00 [DEBUG] Excluded [Standalone below rating or ratings-count threshold]: Hugh Howey - Peace in Amber
2026-08-11 21:00:34.258 -04:00 [DEBUG] Excluded [Standalone below rating or ratings-count threshold]: Hugh Howey - Promises of London
2026-08-11 21:00:34.260 -04:00 [DEBUG] Excluded [Standalone below rating or ratings-count threshold]: Hugh Howey - Second Suicide: A Short Story
2026-08-11 21:00:34.261 -04:00 [DEBUG] Excluded [Standalone below rating or ratings-count threshold]: Hugh Howey - The Box
2026-08-11 21:00:34.263 -04:00 [DEBUG] Excluded [Standalone below rating or ratings-count threshold]: Hugh Howey - The Hurricane
2026-08-11 21:00:34.264 -04:00 [DEBUG] Excluded [Standalone below rating or ratings-count threshold]: Hugh Howey - The Shell Collector
2026-08-11 21:00:34.265 -04:00 [DEBUG] Excluded [Standalone below rating or ratings-count threshold]: Hugh Howey - The Walk Up Nameless Ridge
2026-08-11 21:00:34.267 -04:00 [DEBUG] Excluded [Standalone below rating or ratings-count threshold]: Hugh Howey - Wayfinding - Food and Fitness
2026-08-11 21:00:34.279 -04:00 [INFO] Skipped individual detail pages for all 5111 canonical book(s).
2026-08-11 21:00:34.287 -04:00 [INFO] 'M.L. Wang' retained 2 book(s); author average 4.365.
2026-08-11 21:00:34.296 -04:00 [DEBUG] Excluded [Standalone below rating or ratings-count threshold]: Art Spiegelman - Raw Volume 2 Number 2: Required Reading for the Post-Literate
2026-08-11 21:00:34.298 -04:00 [INFO] 'Art Spiegelman' retained 4 book(s); author average 4.43.
2026-08-11 21:00:34.303 -04:00 [INFO] 'J. Zachary Pike' retained 3 book(s); author average 4.367.
2026-08-11 21:00:34.351 -04:00 [DEBUG] Excluded [Standalone below rating or ratings-count threshold]: Stephen King - Cycle of the Werewolf
2026-08-11 21:00:34.362 -04:00 [DEBUG] Excluded [Series below average or first-book ratings-count threshold]: Stephen King - Holly
2026-08-11 21:00:34.363 -04:00 [DEBUG] Excluded [Series below average or first-book ratings-count threshold]: Stephen King - If It Bleeds
2026-08-11 21:00:34.365 -04:00 [DEBUG] Excluded [Series below average or first-book ratings-count threshold]: Stephen King - Never Flinch
2026-08-11 21:00:34.366 -04:00 [DEBUG] Excluded [Series below average or first-book ratings-count threshold]: Stephen King - The Outsider
2026-08-11 21:00:34.368 -04:00 [DEBUG] Excluded [Series below average or first-book ratings-count threshold]: Stephen King - Gwendy's Button Box
2026-08-11 21:00:34.369 -04:00 [DEBUG] Excluded [Series below average or first-book ratings-count threshold]: Stephen King - Gwendy's Final Task
2026-08-11 21:00:34.373 -04:00 [INFO] 'Stephen King' retained 60 book(s); author average 4.232.
2026-08-11 21:00:34.386 -04:00 [DEBUG] Excluded [Standalone below rating or ratings-count threshold]: Kristin Hannah - The Kristin Hannah Collection: Volume 2: Winter Garden, Night Road, Home Front
2026-08-11 21:00:34.390 -04:00 [INFO] 'Kristin Hannah' retained 14 book(s); author average 4.29.
2026-08-11 21:00:34.402 -04:00 [INFO] 'John Gwynne' retained 11 book(s); author average 4.307.
2026-08-11 21:00:34.409 -04:00 [DEBUG] Excluded [Standalone below rating or ratings-count threshold]: Christopher Ruocchio - Tales of the Sun Eater, Volume 2
2026-08-11 21:00:34.414 -04:00 [INFO] 'Christopher Ruocchio' retained 8 book(s); author average 4.329.
2026-08-11 21:00:34.444 -04:00 [INFO] 'Will Wight' retained 34 book(s); author average 4.346.
2026-08-11 21:00:34.483 -04:00 [DEBUG] Excluded [Standalone below rating or ratings-count threshold]: Alan Moore - Tom Strong, Book 1
2026-08-11 21:00:34.485 -04:00 [DEBUG] Excluded [Standalone below rating or ratings-count threshold]: Alan Moore - Tom Strong, Book 2
2026-08-11 21:00:34.486 -04:00 [DEBUG] Excluded [Standalone below rating or ratings-count threshold]: Alan Moore - Tom Strong, Book 3
2026-08-11 21:00:34.487 -04:00 [DEBUG] Excluded [Standalone below rating or ratings-count threshold]: Alan Moore - Tom Strong, Book 4
2026-08-11 21:00:34.489 -04:00 [DEBUG] Excluded [Standalone below rating or ratings-count threshold]: Alan Moore - V for Vendetta #10 (of 10)
2026-08-11 21:00:34.490 -04:00 [DEBUG] Excluded [Standalone below rating or ratings-count threshold]: Alan Moore - V for Vendetta #2
2026-08-11 21:00:34.492 -04:00 [DEBUG] Excluded [Standalone below rating or ratings-count threshold]: Alan Moore - V for Vendetta #3 (of 10)
2026-08-11 21:00:34.493 -04:00 [DEBUG] Excluded [Standalone below rating or ratings-count threshold]: Alan Moore - V for Vendetta #4 (of 10)
2026-08-11 21:00:34.494 -04:00 [DEBUG] Excluded [Standalone below rating or ratings-count threshold]: Alan Moore - V for Vendetta #7 (of 10)
2026-08-11 21:00:34.495 -04:00 [DEBUG] Excluded [Standalone below rating or ratings-count threshold]: Alan Moore - Vertigo Essentials: The League of Extraordinary Gentlemen #1
2026-08-11 21:00:34.497 -04:00 [DEBUG] Excluded [Standalone below rating or ratings-count threshold]: Alan Moore - Watchmen #10: Two Riders Were Approaching
2026-08-11 21:00:34.498 -04:00 [DEBUG] Excluded [Standalone below rating or ratings-count threshold]: Alan Moore - Watchmen #11: Look upon my works, Ye mighty...
2026-08-11 21:00:34.500 -04:00 [DEBUG] Excluded [Standalone below rating or ratings-count threshold]: Alan Moore - Watchmen #12: A Stronger Loving World
2026-08-11 21:00:34.503 -04:00 [DEBUG] Excluded [Standalone below rating or ratings-count threshold]: Alan Moore - Watchmen #5: Fearful Symmetry
2026-08-11 21:00:34.505 -04:00 [DEBUG] Excluded [Standalone below rating or ratings-count threshold]: Alan Moore - Watchmen #6: The Abyss Gazes Also
2026-08-11 21:00:34.506 -04:00 [DEBUG] Excluded [Standalone below rating or ratings-count threshold]: Alan Moore - Watchmen #7: A Brother To Dragons
2026-08-11 21:00:34.508 -04:00 [DEBUG] Excluded [Standalone below rating or ratings-count threshold]: Alan Moore - Watchmen #8: Old Ghosts
2026-08-11 21:00:34.509 -04:00 [DEBUG] Excluded [Standalone below rating or ratings-count threshold]: Alan Moore - Watchmen #9: The Darkness of Mere Being
2026-08-11 21:00:34.511 -04:00 [INFO] 'Alan Moore' retained 34 book(s); author average 4.244.
2026-08-11 21:00:34.516 -04:00 [INFO] 'James Islington' retained 5 book(s); author average 4.322.
2026-08-11 21:00:34.540 -04:00 [DEBUG] Excluded [Standalone below rating or ratings-count threshold]: Martha Wells - The Books of the Raksura: The Complete Raksura Series
2026-08-11 21:00:34.544 -04:00 [DEBUG] Excluded [Series below average or first-book ratings-count threshold]: Martha Wells - The Death of the Necromancer
2026-08-11 21:00:34.546 -04:00 [DEBUG] Excluded [Series below average or first-book ratings-count threshold]: Martha Wells - The Element of Fire
2026-08-11 21:00:34.548 -04:00 [DEBUG] Excluded [Series below average or first-book ratings-count threshold]: Martha Wells - The Dark Earth Below
2026-08-11 21:00:34.550 -04:00 [DEBUG] Excluded [Series below average or first-book ratings-count threshold]: Martha Wells - The Edge of Worlds
2026-08-11 21:00:34.551 -04:00 [DEBUG] Excluded [Series below average or first-book ratings-count threshold]: Martha Wells - The Falling World
2026-08-11 21:00:34.552 -04:00 [DEBUG] Excluded [Series below average or first-book ratings-count threshold]: Martha Wells - The Harbors of the Sun
2026-08-11 21:00:34.556 -04:00 [DEBUG] Excluded [Series below average or first-book ratings-count threshold]: Martha Wells - Queen Demon
2026-08-11 21:00:34.558 -04:00 [DEBUG] Excluded [Series below average or first-book ratings-count threshold]: Martha Wells - Witch King
2026-08-11 21:00:34.559 -04:00 [INFO] 'Martha Wells' retained 23 book(s); author average 4.199.
2026-08-11 21:00:34.569 -04:00 [DEBUG] Excluded [Series below average or first-book ratings-count threshold]: Fonda Lee - Cross Fire
2026-08-11 21:00:34.570 -04:00 [DEBUG] Excluded [Series below average or first-book ratings-count threshold]: Fonda Lee - Exo
2026-08-11 21:00:34.573 -04:00 [INFO] 'Fonda Lee' retained 6 book(s); author average 4.263.
2026-08-11 21:00:34.581 -04:00 [INFO] 'Simon Stålenhag' retained 4 book(s); author average 4.27.
2026-08-11 21:00:34.585 -04:00 [INFO] 'Andy Weir' retained 3 book(s); author average 4.377.
2026-08-11 21:00:34.594 -04:00 [INFO] 'Antoine de Saint-Exupéry' retained 4 book(s); author average 4.243.
2026-08-11 21:00:34.599 -04:00 [INFO] 'R.F. Kuang' retained 5 book(s); author average 4.272.
2026-08-11 21:00:34.632 -04:00 [DEBUG] Excluded [Series below average or first-book ratings-count threshold]: Adrian Tchaikovsky - Made Things
2026-08-11 21:00:34.634 -04:00 [DEBUG] Excluded [Series below average or first-book ratings-count threshold]: Adrian Tchaikovsky - Precious Little Things
2026-08-11 21:00:34.637 -04:00 [INFO] 'Adrian Tchaikovsky' retained 38 book(s); author average 4.153.
2026-08-11 21:00:34.647 -04:00 [INFO] 'Tamsyn Muir' retained 7 book(s); author average 4.284.
2026-08-11 21:00:34.650 -04:00 [INFO] 'Madeline Miller' retained 2 book(s); author average 4.26.
2026-08-11 21:00:34.657 -04:00 [INFO] 'Evan Winter' retained 2 book(s); author average 4.34.
2026-08-11 21:00:34.669 -04:00 [INFO] 'Dennis E. Taylor' retained 10 book(s); author average 4.264.
2026-08-11 21:00:34.681 -04:00 [DEBUG] Excluded [Standalone below rating or ratings-count threshold]: Brent Weeks - The Way of Shadows: The Graphic Novel (The Night Angel Trilogy, 1)
2026-08-11 21:00:34.685 -04:00 [INFO] 'Brent Weeks' retained 12 book(s); author average 4.249.
2026-08-11 21:00:34.694 -04:00 [INFO] 'David Foster Wallace' retained 10 book(s); author average 4.222.
2026-08-11 21:00:34.708 -04:00 [DEBUG] Excluded [Standalone below rating or ratings-count threshold]: Patrick Rothfuss - Rick and Morty vs. Dungeons & Dragons #1
2026-08-11 21:00:34.710 -04:00 [DEBUG] Excluded [Standalone below rating or ratings-count threshold]: Patrick Rothfuss - Rick and Morty vs. Dungeons & Dragons #2
2026-08-11 21:00:34.711 -04:00 [DEBUG] Excluded [Standalone below rating or ratings-count threshold]: Patrick Rothfuss - Rick and Morty vs. Dungeons & Dragons #3
2026-08-11 21:00:34.712 -04:00 [DEBUG] Excluded [Standalone below rating or ratings-count threshold]: Patrick Rothfuss - Rick and Morty vs. Dungeons & Dragons #4
2026-08-11 21:00:34.716 -04:00 [INFO] 'Patrick Rothfuss' retained 10 book(s); author average 4.287.
2026-08-11 21:00:34.765 -04:00 [DEBUG] Excluded [Series below average or first-book ratings-count threshold]: Brandon Sanderson - Elantris
2026-08-11 21:00:34.766 -04:00 [DEBUG] Excluded [Series below average or first-book ratings-count threshold]: Brandon Sanderson - The Hope of Elantris
2026-08-11 21:00:34.773 -04:00 [INFO] 'Brandon Sanderson' retained 67 book(s); author average 4.29.
2026-08-11 21:00:34.807 -04:00 [INFO] 'J.R.R. Tolkien' retained 41 book(s); author average 4.192.
2026-08-11 21:00:34.840 -04:00 [INFO] 'Robert Jordan' retained 33 book(s); author average 4.158.
2026-08-11 21:00:34.865 -04:00 [INFO] 'James S.A. Corey' retained 22 book(s); author average 4.198.
2026-08-11 21:00:34.881 -04:00 [DEBUG] Excluded [Standalone below rating or ratings-count threshold]: Joe Abercrombie - The Shattered Sea Trilogy
2026-08-11 21:00:34.887 -04:00 [INFO] 'Joe Abercrombie' retained 16 book(s); author average 4.292.
2026-08-11 21:00:34.919 -04:00 [INFO] 'Fyodor Dostoevsky' retained 36 book(s); author average 4.222.
2026-08-11 21:00:34.941 -04:00 [DEBUG] Excluded [Standalone below rating or ratings-count threshold]: N.K. Jemisin - Far Sector #2
2026-08-11 21:00:34.943 -04:00 [DEBUG] Excluded [Standalone below rating or ratings-count threshold]: N.K. Jemisin - Far Sector #3
2026-08-11 21:00:34.944 -04:00 [DEBUG] Excluded [Standalone below rating or ratings-count threshold]: N.K. Jemisin - Far Sector #4
2026-08-11 21:00:34.945 -04:00 [DEBUG] Excluded [Standalone below rating or ratings-count threshold]: N.K. Jemisin - Far Sector #5
2026-08-11 21:00:34.947 -04:00 [DEBUG] Excluded [Standalone below rating or ratings-count threshold]: N.K. Jemisin - Far Sector #6
2026-08-11 21:00:34.948 -04:00 [DEBUG] Excluded [Standalone below rating or ratings-count threshold]: N.K. Jemisin - Far Sector #7
2026-08-11 21:00:34.949 -04:00 [DEBUG] Excluded [Standalone below rating or ratings-count threshold]: N.K. Jemisin - Far Sector #8
2026-08-11 21:00:34.950 -04:00 [DEBUG] Excluded [Standalone below rating or ratings-count threshold]: N.K. Jemisin - Far Sector #9
2026-08-11 21:00:34.956 -04:00 [DEBUG] Excluded [Series below average or first-book ratings-count threshold]: N.K. Jemisin - The City Born Great
2026-08-11 21:00:34.959 -04:00 [DEBUG] Excluded [Series below average or first-book ratings-count threshold]: N.K. Jemisin - The City We Became
2026-08-11 21:00:34.961 -04:00 [DEBUG] Excluded [Series below average or first-book ratings-count threshold]: N.K. Jemisin - The World We Make
2026-08-11 21:00:34.963 -04:00 [INFO] 'N.K. Jemisin' retained 14 book(s); author average 4.147.
2026-08-11 21:00:34.986 -04:00 [DEBUG] Excluded [Standalone below rating or ratings-count threshold]: Ray Bradbury - Stories Volume 1
2026-08-11 21:00:34.989 -04:00 [INFO] 'Ray Bradbury' retained 25 book(s); author average 4.156.
2026-08-11 21:00:35.021 -04:00 [DEBUG] Excluded [Series below average or first-book ratings-count threshold]: George R.R. Martin - Ogień i krew. Część 1
2026-08-11 21:00:35.023 -04:00 [DEBUG] Excluded [Series below average or first-book ratings-count threshold]: George R.R. Martin - Ogień i krew. Część 2
2026-08-11 21:00:35.027 -04:00 [INFO] 'George R.R. Martin' retained 34 book(s); author average 4.295.
2026-08-11 21:00:35.031 -04:00 [DEBUG] Excluded [Standalone below rating or ratings-count threshold]: Nicholas Eames - Barbaric: Wrong Kind of Righteous #1
2026-08-11 21:00:35.035 -04:00 [INFO] 'Nicholas Eames' retained 2 book(s); author average 4.21.
2026-08-11 21:00:35.040 -04:00 [INFO] 'Stieg Larsson' retained 3 book(s); author average 4.23.
2026-08-11 21:00:35.103 -04:00 [DEBUG] Excluded [Standalone below rating or ratings-count threshold]: Neil Gaiman - The Sandman #11: Moving In (The Doll's House Part 2)
2026-08-11 21:00:35.105 -04:00 [DEBUG] Excluded [Standalone below rating or ratings-count threshold]: Neil Gaiman - The Sandman #9: Tales in the Sand
2026-08-11 21:00:35.107 -04:00 [DEBUG] Excluded [Standalone below rating or ratings-count threshold]: Neil Gaiman - The Sandman Universe #1
2026-08-11 21:00:35.110 -04:00 [DEBUG] Excluded [Standalone below rating or ratings-count threshold]: Neil Gaiman - The Sandman: Overture #3
2026-08-11 21:00:35.114 -04:00 [INFO] 'Neil Gaiman' retained 79 book(s); author average 4.27.
2026-08-11 21:00:35.130 -04:00 [DEBUG] Excluded [Standalone below rating or ratings-count threshold]: Neal Stephenson - Cimarronin: A Samurai in New Spain #1
2026-08-11 21:00:35.131 -04:00 [DEBUG] Excluded [Standalone below rating or ratings-count threshold]: Neal Stephenson - Cimarronin: A Samurai in New Spain #2
2026-08-11 21:00:35.133 -04:00 [DEBUG] Excluded [Standalone below rating or ratings-count threshold]: Neal Stephenson - Cimarronin: A Samurai in New Spain #3
2026-08-11 21:00:35.134 -04:00 [DEBUG] Excluded [Standalone below rating or ratings-count threshold]: Neal Stephenson - Cimarronin: Fall of the Cross #1
2026-08-11 21:00:35.139 -04:00 [INFO] 'Neal Stephenson' retained 15 book(s); author average 4.202.
2026-08-11 21:00:35.146 -04:00 [INFO] 'Scott Lynch' retained 5 book(s); author average 4.188.
2026-08-11 21:00:35.165 -04:00 [INFO] 'Ken Follett' retained 20 book(s); author average 4.284.
2026-08-11 21:00:35.185 -04:00 [INFO] 'Octavia E. Butler' retained 16 book(s); author average 4.162.
2026-08-11 21:00:35.223 -04:00 [INFO] 'Robin Hobb' retained 42 book(s); author average 4.391.
2026-08-11 21:00:35.242 -04:00 [DEBUG] Excluded [Standalone below rating or ratings-count threshold]: Alexandre Dumas - D'ARTAGNAN ROMANCES: The Three Musketeers, Twenty Years After, The Vicomte de Bragelonne, Ten Years Later, Louise de la Valliere, The Man in the Iron Mask ... Romances: FLT Classics Series Book 7)
2026-08-11 21:00:35.247 -04:00 [DEBUG] Excluded [Series below average or first-book ratings-count threshold]: Alexandre Dumas - Louise de La Vallière
2026-08-11 21:00:35.248 -04:00 [DEBUG] Excluded [Series below average or first-book ratings-count threshold]: Alexandre Dumas - Ten Years Later
2026-08-11 21:00:35.250 -04:00 [DEBUG] Excluded [Series below average or first-book ratings-count threshold]: Alexandre Dumas - The Man in the Iron Mask
2026-08-11 21:00:35.251 -04:00 [DEBUG] Excluded [Series below average or first-book ratings-count threshold]: Alexandre Dumas - The Vicomte de Bragelonne
2026-08-11 21:00:35.254 -04:00 [INFO] 'Alexandre Dumas' retained 18 book(s); author average 4.381.
2026-08-11 21:00:35.281 -04:00 [DEBUG] Excluded [Standalone below rating or ratings-count threshold]: Philip K. Dick - The Valis Trilogy: The Complete Collection of Philip K. Dick's Award-Winning VALIS Series
2026-08-11 21:00:35.284 -04:00 [INFO] 'Philip K. Dick' retained 21 book(s); author average 4.154.
2026-08-11 21:00:35.292 -04:00 [INFO] 'Ken Liu' retained 7 book(s); author average 4.264.
2026-08-11 21:00:35.311 -04:00 [DEBUG] Excluded [Standalone below rating or ratings-count threshold]: James Clavell - Gai-Jin Part 1 Of 3
2026-08-11 21:00:35.313 -04:00 [DEBUG] Excluded [Standalone below rating or ratings-count threshold]: James Clavell - Gai-Jin Part 2 Of 3
2026-08-11 21:00:35.314 -04:00 [DEBUG] Excluded [Standalone below rating or ratings-count threshold]: James Clavell - Gai-Jin Part 3 Of 3
2026-08-11 21:00:35.316 -04:00 [DEBUG] Excluded [Standalone below rating or ratings-count threshold]: James Clavell - Noble House, Volume 2
2026-08-11 21:00:35.317 -04:00 [DEBUG] Excluded [Standalone below rating or ratings-count threshold]: James Clavell - Shogun Part 1 Of 3
2026-08-11 21:00:35.319 -04:00 [DEBUG] Excluded [Standalone below rating or ratings-count threshold]: James Clavell - Shogun Part 2 Of 3
2026-08-11 21:00:35.320 -04:00 [DEBUG] Excluded [Standalone below rating or ratings-count threshold]: James Clavell - Shogun Part 3 Of 3
2026-08-11 21:00:35.322 -04:00 [DEBUG] Excluded [Standalone below rating or ratings-count threshold]: James Clavell - Tai-Pan Part 1 Of 2
2026-08-11 21:00:35.323 -04:00 [DEBUG] Excluded [Standalone below rating or ratings-count threshold]: James Clavell - Tai-Pan, Part 2 Of 2
2026-08-11 21:00:35.327 -04:00 [INFO] 'James Clavell' retained 10 book(s); author average 4.249.
2026-08-11 21:00:35.359 -04:00 [DEBUG] Excluded [Standalone below rating or ratings-count threshold]: Jim Butcher - Jim Butcher's The Dresden Files: Welcome to the Jungle #1
2026-08-11 21:00:35.370 -04:00 [INFO] 'Jim Butcher' retained 46 book(s); author average 4.265.
2026-08-11 21:00:35.402 -04:00 [DEBUG] Excluded [Standalone below rating or ratings-count threshold]: Isaac Asimov - Lucky Starr and the Oceans of Venus (The Lucky Starr Series)
2026-08-11 21:00:35.411 -04:00 [DEBUG] Excluded [Series below average or first-book ratings-count threshold]: Isaac Asimov - Banquets of the Black Widowers
2026-08-11 21:00:35.412 -04:00 [DEBUG] Excluded [Series below average or first-book ratings-count threshold]: Isaac Asimov - Casebook of the Black Widowers
2026-08-11 21:00:35.413 -04:00 [DEBUG] Excluded [Series below average or first-book ratings-count threshold]: Isaac Asimov - More Tales of the Black Widowers
2026-08-11 21:00:35.415 -04:00 [DEBUG] Excluded [Series below average or first-book ratings-count threshold]: Isaac Asimov - Puzzles of the Black Widowers
2026-08-11 21:00:35.416 -04:00 [DEBUG] Excluded [Series below average or first-book ratings-count threshold]: Isaac Asimov - Tales of the Black Widowers
2026-08-11 21:00:35.417 -04:00 [DEBUG] Excluded [Series below average or first-book ratings-count threshold]: Isaac Asimov - The Return of the Black Widowers
2026-08-11 21:00:35.419 -04:00 [INFO] 'Isaac Asimov' retained 39 book(s); author average 4.203.
2026-08-11 21:00:35.435 -04:00 [INFO] 'Samantha Shannon' retained 14 book(s); author average 4.167.
2026-08-11 21:00:35.472 -04:00 [DEBUG] Excluded [Standalone below rating or ratings-count threshold]: Arthur Conan Doyle - Sherlock Holmes, Volume 1: A Study in Scarlet & Other Sherlock Holmes Stories
2026-08-11 21:00:35.473 -04:00 [DEBUG] Excluded [Standalone below rating or ratings-count threshold]: Arthur Conan Doyle - The Adventure of the Greek Interpreter (The Memoirs of Sherlock Holmes, #9 ) (Sherlock Holmes)
2026-08-11 21:00:35.481 -04:00 [DEBUG] Excluded [Series below average or first-book ratings-count threshold]: Arthur Conan Doyle - Silver Blaze
2026-08-11 21:00:35.482 -04:00 [DEBUG] Excluded [Series below average or first-book ratings-count threshold]: Arthur Conan Doyle - The Adventure of the Crooked Man
2026-08-11 21:00:35.483 -04:00 [DEBUG] Excluded [Series below average or first-book ratings-count threshold]: Arthur Conan Doyle - The Adventure of the Reigate Squire
2026-08-11 21:00:35.485 -04:00 [DEBUG] Excluded [Series below average or first-book ratings-count threshold]: Arthur Conan Doyle - The Adventure of the Stockbroker's Clerk
2026-08-11 21:00:35.486 -04:00 [DEBUG] Excluded [Series below average or first-book ratings-count threshold]: Arthur Conan Doyle - The Adventure of the Yellow Face: A Sherlock Holmes Short Story
2026-08-11 21:00:35.487 -04:00 [DEBUG] Excluded [Series below average or first-book ratings-count threshold]: Arthur Conan Doyle - The Musgrave Ritual - a Sherlock Holmes Short Story
2026-08-11 21:00:35.490 -04:00 [DEBUG] Excluded [Series below average or first-book ratings-count threshold]: Arthur Conan Doyle - Sherlock Holmes: Misteri Patung Napoleon
2026-08-11 21:00:35.492 -04:00 [DEBUG] Excluded [Series below average or first-book ratings-count threshold]: Arthur Conan Doyle - The Adventure of Black Peter - a Sherlock Holmes Short Story
2026-08-11 21:00:35.494 -04:00 [DEBUG] Excluded [Series below average or first-book ratings-count threshold]: Arthur Conan Doyle - The Adventure of Charles Augustus Milverton - a Sherlock Holmes Short Story
2026-08-11 21:00:35.495 -04:00 [DEBUG] Excluded [Series below average or first-book ratings-count threshold]: Arthur Conan Doyle - The Adventure of the Empty House: A Sherlock Holmes Short Story
2026-08-11 21:00:35.496 -04:00 [DEBUG] Excluded [Series below average or first-book ratings-count threshold]: Arthur Conan Doyle - The Adventure of the Missing Three-Quarter
2026-08-11 21:00:35.498 -04:00 [DEBUG] Excluded [Series below average or first-book ratings-count threshold]: Arthur Conan Doyle - The Adventure of the Norwood Builder - a Sherlock Holmes Short Story
2026-08-11 21:00:35.499 -04:00 [DEBUG] Excluded [Series below average or first-book ratings-count threshold]: Arthur Conan Doyle - The Adventure Of The Three Students
2026-08-11 21:00:35.501 -04:00 [INFO] 'Arthur Conan Doyle' retained 33 book(s); author average 4.28.
2026-08-11 21:00:35.508 -04:00 [INFO] 'Susanna Clarke' retained 1 book(s); author average 4.2.
2026-08-11 21:00:35.515 -04:00 [DEBUG] Excluded [Standalone below rating or ratings-count threshold]: Blake Crouch - The Fear Trilogy - Three Thriller Novels: Run, Snowbound, Abandon
2026-08-11 21:00:35.516 -04:00 [DEBUG] Excluded [Standalone below rating or ratings-count threshold]: Blake Crouch - The Pain of Others (Letty Dobesh Book 1)
2026-08-11 21:00:35.519 -04:00 [INFO] 'Blake Crouch' retained 6 book(s); author average 4.088.
2026-08-11 21:00:35.536 -04:00 [INFO] 'Guy Gavriel Kay' retained 15 book(s); author average 4.167.
2026-08-11 21:00:35.612 -04:00 [DEBUG] Excluded [Standalone below rating or ratings-count threshold]: Agatha Christie - The Affair at the Victory Ball: a Hercule Poirot Short Story #4
2026-08-11 21:00:35.613 -04:00 [DEBUG] Excluded [Standalone below rating or ratings-count threshold]: Agatha Christie - The Chocolate Box: a Hercule Poirot Short Story #1
2026-08-11 21:00:35.615 -04:00 [DEBUG] Excluded [Standalone below rating or ratings-count threshold]: Agatha Christie - The Kidnapped Prime Minister: a Hercule Poirot Short Story #2
2026-08-11 21:00:35.633 -04:00 [DEBUG] Excluded [Series below average or first-book ratings-count threshold]: Agatha Christie - After the Funeral
2026-08-11 21:00:35.634 -04:00 [DEBUG] Excluded [Series below average or first-book ratings-count threshold]: Agatha Christie - Appointment with Death
2026-08-11 21:00:35.636 -04:00 [DEBUG] Excluded [Series below average or first-book ratings-count threshold]: Agatha Christie - Black Coffee: A Mystery Play in Three Acts
2026-08-11 21:00:35.637 -04:00 [DEBUG] Excluded [Series below average or first-book ratings-count threshold]: Agatha Christie - Cards on the Table
2026-08-11 21:00:35.638 -04:00 [DEBUG] Excluded [Series below average or first-book ratings-count threshold]: Agatha Christie - Cat Among the Pigeons
2026-08-11 21:00:35.640 -04:00 [DEBUG] Excluded [Series below average or first-book ratings-count threshold]: Agatha Christie - Curtain
2026-08-11 21:00:35.642 -04:00 [DEBUG] Excluded [Series below average or first-book ratings-count threshold]: Agatha Christie - Dead Man's Folly
2026-08-11 21:00:35.644 -04:00 [DEBUG] Excluded [Series below average or first-book ratings-count threshold]: Agatha Christie - Dead Man's Mirror: a Hercule Poirot Short Story
2026-08-11 21:00:35.645 -04:00 [DEBUG] Excluded [Series below average or first-book ratings-count threshold]: Agatha Christie - Death in the Clouds
2026-08-11 21:00:35.647 -04:00 [DEBUG] Excluded [Series below average or first-book ratings-count threshold]: Agatha Christie - Death on the Nile
2026-08-11 21:00:35.648 -04:00 [DEBUG] Excluded [Series below average or first-book ratings-count threshold]: Agatha Christie - Double Sin and Other Stories
2026-08-11 21:00:35.650 -04:00 [DEBUG] Excluded [Series below average or first-book ratings-count threshold]: Agatha Christie - Dumb Witness
2026-08-11 21:00:35.651 -04:00 [DEBUG] Excluded [Series below average or first-book ratings-count threshold]: Agatha Christie - Elephants Can Remember
2026-08-11 21:00:35.652 -04:00 [DEBUG] Excluded [Series below average or first-book ratings-count threshold]: Agatha Christie - Evil Under the Sun
2026-08-11 21:00:35.654 -04:00 [DEBUG] Excluded [Series below average or first-book ratings-count threshold]: Agatha Christie - Five Little Pigs
2026-08-11 21:00:35.655 -04:00 [DEBUG] Excluded [Series below average or first-book ratings-count threshold]: Agatha Christie - Hallowe'en Party
2026-08-11 21:00:35.657 -04:00 [DEBUG] Excluded [Series below average or first-book ratings-count threshold]: Agatha Christie - Hercule Poirot and the Greenshore Folly
2026-08-11 21:00:35.659 -04:00 [DEBUG] Excluded [Series below average or first-book ratings-count threshold]: Agatha Christie - Hercule Poirot's Christmas
2026-08-11 21:00:35.661 -04:00 [DEBUG] Excluded [Series below average or first-book ratings-count threshold]: Agatha Christie - Hickory Dickory Dock
2026-08-11 21:00:35.662 -04:00 [DEBUG] Excluded [Series below average or first-book ratings-count threshold]: Agatha Christie - How Does Your Garden Grow?: a Hercule Poirot Short Story
2026-08-11 21:00:35.664 -04:00 [DEBUG] Excluded [Series below average or first-book ratings-count threshold]: Agatha Christie - Lord Edgware Dies
2026-08-11 21:00:35.665 -04:00 [DEBUG] Excluded [Series below average or first-book ratings-count threshold]: Agatha Christie - Mrs. McGinty's Dead
2026-08-11 21:00:35.666 -04:00 [DEBUG] Excluded [Series below average or first-book ratings-count threshold]: Agatha Christie - Murder in Mesopotamia
2026-08-11 21:00:35.669 -04:00 [DEBUG] Excluded [Series below average or first-book ratings-count threshold]: Agatha Christie - Murder in the Mews
2026-08-11 21:00:35.671 -04:00 [DEBUG] Excluded [Series below average or first-book ratings-count threshold]: Agatha Christie - Murder in the Mews: a Hercule Poirot Short Story
2026-08-11 21:00:35.673 -04:00 [DEBUG] Excluded [Series below average or first-book ratings-count threshold]: Agatha Christie - Murder on the Orient Express
2026-08-11 21:00:35.675 -04:00 [DEBUG] Excluded [Series below average or first-book ratings-count threshold]: Agatha Christie - One, Two, Buckle My Shoe
2026-08-11 21:00:35.676 -04:00 [DEBUG] Excluded [Series below average or first-book ratings-count threshold]: Agatha Christie - Peril at End House
2026-08-11 21:00:35.678 -04:00 [DEBUG] Excluded [Series below average or first-book ratings-count threshold]: Agatha Christie - Poirot Investigates
2026-08-11 21:00:35.680 -04:00 [DEBUG] Excluded [Series below average or first-book ratings-count threshold]: Agatha Christie - Poirot's Early Cases: 18 Hercule Poirot Mysteries
2026-08-11 21:00:35.681 -04:00 [DEBUG] Excluded [Series below average or first-book ratings-count threshold]: Agatha Christie - Problem at Sea: a Hercule Poirot Short Story
2026-08-11 21:00:35.682 -04:00 [DEBUG] Excluded [Series below average or first-book ratings-count threshold]: Agatha Christie - Sad Cypress
2026-08-11 21:00:35.683 -04:00 [DEBUG] Excluded [Series below average or first-book ratings-count threshold]: Agatha Christie - Taken at the Flood
2026-08-11 21:00:35.685 -04:00 [DEBUG] Excluded [Series below average or first-book ratings-count threshold]: Agatha Christie - The A.B.C. Murders
2026-08-11 21:00:35.686 -04:00 [DEBUG] Excluded [Series below average or first-book ratings-count threshold]: Agatha Christie - The Adventure of Johnnie Waverly: a Hercule Poirot Short Story
2026-08-11 21:00:35.688 -04:00 [DEBUG] Excluded [Series below average or first-book ratings-count threshold]: Agatha Christie - The Adventure of the Christmas Pudding
2026-08-11 21:00:35.690 -04:00 [DEBUG] Excluded [Series below average or first-book ratings-count threshold]: Agatha Christie - The Adventure of the Clapham Cook: a Hercule Poirot Short Story
2026-08-11 21:00:35.692 -04:00 [DEBUG] Excluded [Series below average or first-book ratings-count threshold]: Agatha Christie - The Adventure of the Egyptian Tomb: a Hercule Poirot Short Story
2026-08-11 21:00:35.694 -04:00 [DEBUG] Excluded [Series below average or first-book ratings-count threshold]: Agatha Christie - The Adventure of the Italian Nobleman: a Hercule Poirot Short Story
2026-08-11 21:00:35.695 -04:00 [DEBUG] Excluded [Series below average or first-book ratings-count threshold]: Agatha Christie - The Adventure of The Western Star: a Hercule Poirot Short Story
2026-08-11 21:00:35.697 -04:00 [DEBUG] Excluded [Series below average or first-book ratings-count threshold]: Agatha Christie - The Big Four
2026-08-11 21:00:35.698 -04:00 [DEBUG] Excluded [Series below average or first-book ratings-count threshold]: Agatha Christie - The Case of the Missing Will: a Hercule Poirot Short Story
2026-08-11 21:00:35.700 -04:00 [DEBUG] Excluded [Series below average or first-book ratings-count threshold]: Agatha Christie - The Clocks
2026-08-11 21:00:35.701 -04:00 [DEBUG] Excluded [Series below average or first-book ratings-count threshold]: Agatha Christie - The Cornish Mystery: a Hercule Poirot Short Story
2026-08-11 21:00:35.702 -04:00 [DEBUG] Excluded [Series below average or first-book ratings-count threshold]: Agatha Christie - The Disappearance of Mr. Davenheim: a Hercule Poirot Short Story
2026-08-11 21:00:35.703 -04:00 [DEBUG] Excluded [Series below average or first-book ratings-count threshold]: Agatha Christie - The Dream: a Hercule Poirot Short Story
2026-08-11 21:00:35.705 -04:00 [DEBUG] Excluded [Series below average or first-book ratings-count threshold]: Agatha Christie - The Hollow
2026-08-11 21:00:35.706 -04:00 [DEBUG] Excluded [Series below average or first-book ratings-count threshold]: Agatha Christie - The Incredible Theft: a Hercule Poirot Short Story
2026-08-11 21:00:35.708 -04:00 [DEBUG] Excluded [Series below average or first-book ratings-count threshold]: Agatha Christie - The Jewel Robbery at the Grand Metropolitan: a Hercule Poirot Short Story
2026-08-11 21:00:35.711 -04:00 [DEBUG] Excluded [Series below average or first-book ratings-count threshold]: Agatha Christie - The King of Clubs: a Hercule Poirot Short Story
2026-08-11 21:00:35.712 -04:00 [DEBUG] Excluded [Series below average or first-book ratings-count threshold]: Agatha Christie - The Labours of Hercules
2026-08-11 21:00:35.714 -04:00 [DEBUG] Excluded [Series below average or first-book ratings-count threshold]: Agatha Christie - The Lost Mine: a Hercule Poirot Short Story
2026-08-11 21:00:35.715 -04:00 [DEBUG] Excluded [Series below average or first-book ratings-count threshold]: Agatha Christie - The Market Basing Mystery: a Hercule Poirot Short Story
2026-08-11 21:00:35.716 -04:00 [DEBUG] Excluded [Series below average or first-book ratings-count threshold]: Agatha Christie - The Million Dollar Bond Robbery: a Hercule Poirot Short Story
2026-08-11 21:00:35.717 -04:00 [DEBUG] Excluded [Series below average or first-book ratings-count threshold]: Agatha Christie - The Murder of Roger Ackroyd
2026-08-11 21:00:35.718 -04:00 [DEBUG] Excluded [Series below average or first-book ratings-count threshold]: Agatha Christie - The Murder on the Links
2026-08-11 21:00:35.720 -04:00 [DEBUG] Excluded [Series below average or first-book ratings-count threshold]: Agatha Christie - The Mysterious Affair at Styles
2026-08-11 21:00:35.721 -04:00 [DEBUG] Excluded [Series below average or first-book ratings-count threshold]: Agatha Christie - The Mystery of Hunter's Lodge: a Hercule Poirot Short Story
2026-08-11 21:00:35.723 -04:00 [DEBUG] Excluded [Series below average or first-book ratings-count threshold]: Agatha Christie - The Mystery of the Blue Train
2026-08-11 21:00:35.724 -04:00 [DEBUG] Excluded [Series below average or first-book ratings-count threshold]: Agatha Christie - The Mystery of the Spanish Chest: a Hercule Poirot Short Story
2026-08-11 21:00:35.726 -04:00 [DEBUG] Excluded [Series below average or first-book ratings-count threshold]: Agatha Christie - The Plymouth Express: a Hercule Poirot Short Story
2026-08-11 21:00:35.728 -04:00 [DEBUG] Excluded [Series below average or first-book ratings-count threshold]: Agatha Christie - The Second Gong: A Hercule Poirot Short Story
2026-08-11 21:00:35.729 -04:00 [DEBUG] Excluded [Series below average or first-book ratings-count threshold]: Agatha Christie - The Submarine Plans: a Hercule Poirot Short Story
2026-08-11 21:00:35.730 -04:00 [DEBUG] Excluded [Series below average or first-book ratings-count threshold]: Agatha Christie - The Third-Floor Flat: a Hercule Poirot Short Story
2026-08-11 21:00:35.731 -04:00 [DEBUG] Excluded [Series below average or first-book ratings-count threshold]: Agatha Christie - The Tragedy at Marsdon Manor: a Hercule Poirot Short Story
2026-08-11 21:00:35.733 -04:00 [DEBUG] Excluded [Series below average or first-book ratings-count threshold]: Agatha Christie - The Under Dog and Other Stories
2026-08-11 21:00:35.734 -04:00 [DEBUG] Excluded [Series below average or first-book ratings-count threshold]: Agatha Christie - The Under Dog: a Hercule Poirot Short Story
2026-08-11 21:00:35.736 -04:00 [DEBUG] Excluded [Series below average or first-book ratings-count threshold]: Agatha Christie - Third Girl
2026-08-11 21:00:35.737 -04:00 [DEBUG] Excluded [Series below average or first-book ratings-count threshold]: Agatha Christie - Three Act Tragedy
2026-08-11 21:00:35.738 -04:00 [DEBUG] Excluded [Series below average or first-book ratings-count threshold]: Agatha Christie - Three Blind Mice and Other Stories
2026-08-11 21:00:35.740 -04:00 [DEBUG] Excluded [Series below average or first-book ratings-count threshold]: Agatha Christie - Triangle at Rhodes: a Hercule Poirot Short Story
2026-08-11 21:00:35.742 -04:00 [DEBUG] Excluded [Series below average or first-book ratings-count threshold]: Agatha Christie - Wasps' Nest: a Hercule Poirot Short Story
2026-08-11 21:00:35.743 -04:00 [DEBUG] Excluded [Series below average or first-book ratings-count threshold]: Agatha Christie - While the Light Lasts
2026-08-11 21:00:35.745 -04:00 [DEBUG] Excluded [Series below average or first-book ratings-count threshold]: Agatha Christie - Yellow Iris: a Hercule Poirot Short Story
2026-08-11 21:00:35.750 -04:00 [DEBUG] Excluded [Series below average or first-book ratings-count threshold]: Agatha Christie - 4:50 From Paddington
2026-08-11 21:00:35.751 -04:00 [DEBUG] Excluded [Series below average or first-book ratings-count threshold]: Agatha Christie - A Caribbean Mystery
2026-08-11 21:00:35.753 -04:00 [DEBUG] Excluded [Series below average or first-book ratings-count threshold]: Agatha Christie - A Christmas Tragedy: a Miss Marple Short Story
2026-08-11 21:00:35.755 -04:00 [DEBUG] Excluded [Series below average or first-book ratings-count threshold]: Agatha Christie - A Murder Is Announced
2026-08-11 21:00:35.756 -04:00 [DEBUG] Excluded [Series below average or first-book ratings-count threshold]: Agatha Christie - A Pocket Full of Rye
2026-08-11 21:00:35.758 -04:00 [DEBUG] Excluded [Series below average or first-book ratings-count threshold]: Agatha Christie - At Bertram's Hotel
2026-08-11 21:00:35.759 -04:00 [DEBUG] Excluded [Series below average or first-book ratings-count threshold]: Agatha Christie - Death by Drowning: a Miss Marple Short Story
2026-08-11 21:00:35.761 -04:00 [DEBUG] Excluded [Series below average or first-book ratings-count threshold]: Agatha Christie - Greenshaw's Folly: a Miss Marple Short Story
2026-08-11 21:00:35.762 -04:00 [DEBUG] Excluded [Series below average or first-book ratings-count threshold]: Agatha Christie - Miss Marple Tells a Story: a Miss Marple Short Story
2026-08-11 21:00:35.763 -04:00 [DEBUG] Excluded [Series below average or first-book ratings-count threshold]: Agatha Christie - Miss Marple's Final Cases
2026-08-11 21:00:35.764 -04:00 [DEBUG] Excluded [Series below average or first-book ratings-count threshold]: Agatha Christie - Murder at the Vicarage
2026-08-11 21:00:35.765 -04:00 [DEBUG] Excluded [Series below average or first-book ratings-count threshold]: Agatha Christie - Nemesis
2026-08-11 21:00:35.767 -04:00 [DEBUG] Excluded [Series below average or first-book ratings-count threshold]: Agatha Christie - Sanctuary: a Miss Marple Short Story
2026-08-11 21:00:35.768 -04:00 [DEBUG] Excluded [Series below average or first-book ratings-count threshold]: Agatha Christie - Sleeping Murder
2026-08-11 21:00:35.769 -04:00 [DEBUG] Excluded [Series below average or first-book ratings-count threshold]: Agatha Christie - The Affair at the Bungalow: a Miss Marple Short Story
2026-08-11 21:00:35.770 -04:00 [DEBUG] Excluded [Series below average or first-book ratings-count threshold]: Agatha Christie - The Blue Geranium: a Miss Marple Short Story
2026-08-11 21:00:35.772 -04:00 [DEBUG] Excluded [Series below average or first-book ratings-count threshold]: Agatha Christie - The Body in the Library
2026-08-11 21:00:35.773 -04:00 [DEBUG] Excluded [Series below average or first-book ratings-count threshold]: Agatha Christie - The Case of the Caretaker: a Miss Marple Short Story
2026-08-11 21:00:35.775 -04:00 [DEBUG] Excluded [Series below average or first-book ratings-count threshold]: Agatha Christie - The Case of the Perfect Maid: a Miss Marple Short Story
2026-08-11 21:00:35.776 -04:00 [DEBUG] Excluded [Series below average or first-book ratings-count threshold]: Agatha Christie - The Companion: a Miss Marple Short Story
2026-08-11 21:00:35.778 -04:00 [DEBUG] Excluded [Series below average or first-book ratings-count threshold]: Agatha Christie - The Four Suspects: a Miss Marple Short Story
2026-08-11 21:00:35.779 -04:00 [DEBUG] Excluded [Series below average or first-book ratings-count threshold]: Agatha Christie - The Idol House of Astarte: a Miss Marple Short Story
2026-08-11 21:00:35.780 -04:00 [DEBUG] Excluded [Series below average or first-book ratings-count threshold]: Agatha Christie - The Mirror Crack'd From Side to Side
2026-08-11 21:00:35.823 -04:00 [DEBUG] Excluded [Series below average or first-book ratings-count threshold]: Agatha Christie - The Moving Finger
2026-08-11 21:00:35.840 -04:00 [DEBUG] Excluded [Series below average or first-book ratings-count threshold]: Agatha Christie - The Tape-Measure Murder: a Miss Marple Short Story
2026-08-11 21:00:35.845 -04:00 [DEBUG] Excluded [Series below average or first-book ratings-count threshold]: Agatha Christie - The Thirteen Problems
2026-08-11 21:00:35.846 -04:00 [DEBUG] Excluded [Series below average or first-book ratings-count threshold]: Agatha Christie - The Thumb Mark of St. Peter: a Miss Marple Short Story
2026-08-11 21:00:35.847 -04:00 [DEBUG] Excluded [Series below average or first-book ratings-count threshold]: Agatha Christie - The Tuesday Night Club: a Miss Marple Short Story
2026-08-11 21:00:35.849 -04:00 [DEBUG] Excluded [Series below average or first-book ratings-count threshold]: Agatha Christie - They Do It With Mirrors
2026-08-11 21:00:35.850 -04:00 [INFO] 'Agatha Christie' retained 16 book(s); author average 4.209.
2026-08-11 21:00:35.874 -04:00 [DEBUG] Excluded [Series below average or first-book ratings-count threshold]: Andrzej Sapkowski - Miecz przeznaczenia
2026-08-11 21:00:35.875 -04:00 [DEBUG] Excluded [Series below average or first-book ratings-count threshold]: Andrzej Sapkowski - Pani Jeziora
2026-08-11 21:00:35.879 -04:00 [INFO] 'Andrzej Sapkowski' retained 17 book(s); author average 4.21.
2026-08-11 21:00:35.893 -04:00 [DEBUG] Excluded [Standalone below rating or ratings-count threshold]: Arthur C. Clarke - Hide and Seek (Arthur C. Clarke's Venus Prime, Book 3)
2026-08-11 21:00:35.895 -04:00 [DEBUG] Excluded [Series below average or first-book ratings-count threshold]: Arthur C. Clarke - Rama II
2026-08-11 21:00:35.897 -04:00 [DEBUG] Excluded [Series below average or first-book ratings-count threshold]: Arthur C. Clarke - Rama Revealed
2026-08-11 21:00:35.898 -04:00 [DEBUG] Excluded [Series below average or first-book ratings-count threshold]: Arthur C. Clarke - Rendezvous with Rama
2026-08-11 21:00:35.899 -04:00 [DEBUG] Excluded [Series below average or first-book ratings-count threshold]: Arthur C. Clarke - The Garden of Rama
2026-08-11 21:00:35.903 -04:00 [DEBUG] Excluded [Series below average or first-book ratings-count threshold]: Arthur C. Clarke - 2001: A Space Odyssey
2026-08-11 21:00:35.904 -04:00 [DEBUG] Excluded [Series below average or first-book ratings-count threshold]: Arthur C. Clarke - 2010: Odyssey Two
2026-08-11 21:00:35.906 -04:00 [DEBUG] Excluded [Series below average or first-book ratings-count threshold]: Arthur C. Clarke - 2061: Odyssey Three
2026-08-11 21:00:35.907 -04:00 [INFO] 'Arthur C. Clarke' retained 6 book(s); author average 4.103.
2026-08-11 21:00:35.930 -04:00 [INFO] 'Mark Lawrence' retained 25 book(s); author average 4.102.
2026-08-11 21:00:35.950 -04:00 [INFO] 'Oscar Wilde' retained 22 book(s); author average 4.2.
2026-08-11 21:00:35.969 -04:00 [DEBUG] Excluded [Series below average or first-book ratings-count threshold]: Steven Erikson - Blood Follows
2026-08-11 21:00:35.971 -04:00 [DEBUG] Excluded [Series below average or first-book ratings-count threshold]: Steven Erikson - Crack'd Pot Trail
2026-08-11 21:00:35.972 -04:00 [DEBUG] Excluded [Series below average or first-book ratings-count threshold]: Steven Erikson - The Fiends of Nightmaria
2026-08-11 21:00:35.974 -04:00 [DEBUG] Excluded [Series below average or first-book ratings-count threshold]: Steven Erikson - The Healthy Dead
2026-08-11 21:00:35.975 -04:00 [DEBUG] Excluded [Series below average or first-book ratings-count threshold]: Steven Erikson - The Lees of Laughter's End
2026-08-11 21:00:35.977 -04:00 [DEBUG] Excluded [Series below average or first-book ratings-count threshold]: Steven Erikson - The Wurms of Blearmouth
2026-08-11 21:00:35.979 -04:00 [INFO] 'Steven Erikson' retained 14 book(s); author average 4.356.
2026-08-11 21:00:35.993 -04:00 [DEBUG] Excluded [Standalone below rating or ratings-count threshold]: Margaret Atwood - Angel Catbird, Volume 2: To Castle Catula
2026-08-11 21:00:35.997 -04:00 [INFO] 'Margaret Atwood' retained 12 book(s); author average 4.15.
2026-08-11 21:00:36.018 -04:00 [DEBUG] Excluded [Standalone below rating or ratings-count threshold]: Leo Tolstoy - Anna Karenina, Vol 1 of 8
2026-08-11 21:00:36.020 -04:00 [INFO] 'Leo Tolstoy' retained 27 book(s); author average 4.175.
2026-08-11 21:00:36.032 -04:00 [DEBUG] Excluded [Standalone below rating or ratings-count threshold]: V.E. Schwab - V. E. Schwab's ExtraOrdinary #2
2026-08-11 21:00:36.033 -04:00 [DEBUG] Excluded [Standalone below rating or ratings-count threshold]: V.E. Schwab - V.E. Schwab's ExtraOrdinary #0
2026-08-11 21:00:36.035 -04:00 [DEBUG] Excluded [Standalone below rating or ratings-count threshold]: V.E. Schwab - V.E. Schwab's ExtraOrdinary #1
2026-08-11 21:00:36.042 -04:00 [DEBUG] Excluded [Series below average or first-book ratings-count threshold]: V.E. Schwab - ExtraOrdinary
2026-08-11 21:00:36.044 -04:00 [DEBUG] Excluded [Series below average or first-book ratings-count threshold]: V.E. Schwab - Vengeful
2026-08-11 21:00:36.045 -04:00 [DEBUG] Excluded [Series below average or first-book ratings-count threshold]: V.E. Schwab - Vicious
2026-08-11 21:00:36.046 -04:00 [DEBUG] Excluded [Series below average or first-book ratings-count threshold]: V.E. Schwab - Warm Up
2026-08-11 21:00:36.047 -04:00 [INFO] 'V.E. Schwab' retained 5 book(s); author average 4.184.
2026-08-11 21:00:36.061 -04:00 [INFO] 'Robert A. Heinlein' retained 10 book(s); author average 4.053.
2026-08-11 21:00:36.065 -04:00 [DEBUG] Excluded [Standalone below rating or ratings-count threshold]: Zamil Akhtar - Grimdark Magazine Issue #44
2026-08-11 21:00:36.067 -04:00 [INFO] 'Zamil Akhtar' retained 3 book(s); author average 4.1.
2026-08-11 21:00:36.077 -04:00 [INFO] 'George Orwell' retained 11 book(s); author average 4.136.
2026-08-11 21:00:36.123 -04:00 [DEBUG] Excluded [Standalone below rating or ratings-count threshold]: Terry Pratchett - The Johnny Maxwell Trilogy
2026-08-11 21:00:36.133 -04:00 [DEBUG] Excluded [Series below average or first-book ratings-count threshold]: Terry Pratchett - Diggers
2026-08-11 21:00:36.134 -04:00 [DEBUG] Excluded [Series below average or first-book ratings-count threshold]: Terry Pratchett - Truckers
2026-08-11 21:00:36.136 -04:00 [DEBUG] Excluded [Series below average or first-book ratings-count threshold]: Terry Pratchett - Wings
2026-08-11 21:00:36.151 -04:00 [INFO] 'Terry Pratchett' retained 73 book(s); author average 4.194.
2026-08-11 21:00:36.168 -04:00 [DEBUG] Excluded [Standalone below rating or ratings-count threshold]: Dan Simmons - O Terror - Volume 1
2026-08-11 21:00:36.169 -04:00 [DEBUG] Excluded [Standalone below rating or ratings-count threshold]: Dan Simmons - O Terror - Volume 2
2026-08-11 21:00:36.173 -04:00 [DEBUG] Excluded [Series below average or first-book ratings-count threshold]: Dan Simmons - A Winter Haunting
2026-08-11 21:00:36.175 -04:00 [DEBUG] Excluded [Series below average or first-book ratings-count threshold]: Dan Simmons - Children of the Night
2026-08-11 21:00:36.176 -04:00 [DEBUG] Excluded [Series below average or first-book ratings-count threshold]: Dan Simmons - Fires of Eden
2026-08-11 21:00:36.177 -04:00 [DEBUG] Excluded [Series below average or first-book ratings-count threshold]: Dan Simmons - Summer of Night
2026-08-11 21:00:36.178 -04:00 [INFO] 'Dan Simmons' retained 11 book(s); author average 4.107.
2026-08-11 21:00:36.190 -04:00 [DEBUG] Excluded [Standalone below rating or ratings-count threshold]: Rebecca Roanhorse - Marvel's Voices: Heritage (2022) #1
2026-08-11 21:00:36.191 -04:00 [DEBUG] Excluded [Standalone below rating or ratings-count threshold]: Rebecca Roanhorse - Marvel's Voices: Indigenous Voices #1
2026-08-11 21:00:36.193 -04:00 [DEBUG] Excluded [Standalone below rating or ratings-count threshold]: Rebecca Roanhorse - Phoenix Song: Echo (2021) #1 (of 5)
2026-08-11 21:00:36.194 -04:00 [DEBUG] Excluded [Standalone below rating or ratings-count threshold]: Rebecca Roanhorse - Phoenix Song: Echo (2021) #2 (of 5)
2026-08-11 21:00:36.195 -04:00 [DEBUG] Excluded [Standalone below rating or ratings-count threshold]: Rebecca Roanhorse - Phoenix Song: Echo (2021) #3 (of 5)
2026-08-11 21:00:36.197 -04:00 [DEBUG] Excluded [Standalone below rating or ratings-count threshold]: Rebecca Roanhorse - Phoenix Song: Echo (2021) #4 (of 5)
2026-08-11 21:00:36.198 -04:00 [DEBUG] Excluded [Standalone below rating or ratings-count threshold]: Rebecca Roanhorse - Phoenix Song: Echo (2021) #5 (of 5)
2026-08-11 21:00:36.203 -04:00 [INFO] 'Rebecca Roanhorse' retained 6 book(s); author average 4.1.
2026-08-11 21:00:36.212 -04:00 [INFO] 'Mark Z. Danielewski' retained 8 book(s); author average 4.188.
2026-08-11 21:00:36.227 -04:00 [DEBUG] Excluded [Standalone below rating or ratings-count threshold]: Tad Williams - Child of an Ancient City (Dragonflight Series)
2026-08-11 21:00:36.231 -04:00 [DEBUG] Excluded [Series below average or first-book ratings-count threshold]: Tad Williams - Shadowheart
2026-08-11 21:00:36.233 -04:00 [DEBUG] Excluded [Series below average or first-book ratings-count threshold]: Tad Williams - Shadowmarch
2026-08-11 21:00:36.234 -04:00 [DEBUG] Excluded [Series below average or first-book ratings-count threshold]: Tad Williams - Shadowplay
2026-08-11 21:00:36.235 -04:00 [DEBUG] Excluded [Series below average or first-book ratings-count threshold]: Tad Williams - Shadowrise
2026-08-11 21:00:36.237 -04:00 [INFO] 'Tad Williams' retained 14 book(s); author average 4.181.
2026-08-11 21:00:36.256 -04:00 [DEBUG] Excluded [Series below average or first-book ratings-count threshold]: Douglas Adams - Mostly Harmless
2026-08-11 21:00:36.258 -04:00 [DEBUG] Excluded [Series below average or first-book ratings-count threshold]: Douglas Adams - The Hitchhiker's Guide to the Galaxy
2026-08-11 21:00:36.259 -04:00 [DEBUG] Excluded [Series below average or first-book ratings-count threshold]: Douglas Adams - Young Zaphod Plays It Safe
2026-08-11 21:00:36.261 -04:00 [INFO] 'Douglas Adams' retained 14 book(s); author average 4.306.
2026-08-11 21:00:36.282 -04:00 [DEBUG] Excluded [Standalone below rating or ratings-count threshold]: Raymond E. Feist - Magician: Apprentice Riftwar Saga #1 (of 17)
2026-08-11 21:00:36.288 -04:00 [DEBUG] Excluded [Series below average or first-book ratings-count threshold]: Raymond E. Feist - Honored Enemy
2026-08-11 21:00:36.289 -04:00 [DEBUG] Excluded [Series below average or first-book ratings-count threshold]: Raymond E. Feist - Jimmy the Hand
2026-08-11 21:00:36.293 -04:00 [DEBUG] Excluded [Series below average or first-book ratings-count threshold]: Raymond E. Feist - Murder in LaMut
2026-08-11 21:00:36.296 -04:00 [DEBUG] Excluded [Series below average or first-book ratings-count threshold]: Raymond E. Feist - At the Gates of Darkness
2026-08-11 21:00:36.297 -04:00 [DEBUG] Excluded [Series below average or first-book ratings-count threshold]: Raymond E. Feist - Rides a Dread Legion
2026-08-11 21:00:36.301 -04:00 [INFO] 'Raymond E. Feist' retained 30 book(s); author average 4.19.
2026-08-11 21:00:36.305 -04:00 [INFO] 'Bram Stoker' retained 2 book(s); author average 4.115.
2026-08-11 21:00:36.333 -04:00 [INFO] Force-included 'T.H. White' with 28 book(s) after non-rating eligibility checks.
2026-08-11 21:00:36.334 -04:00 [INFO] 'T.H. White' retained 28 book(s); author average 3.746.
2026-08-11 21:00:36.339 -04:00 [INFO] 'Aldous Huxley' retained 2 book(s); author average 4.145.
2026-08-11 21:00:36.353 -04:00 [INFO] 'Leigh Bardugo' retained 13 book(s); author average 4.17.
2026-08-11 21:00:36.367 -04:00 [INFO] 'Charles Dickens' retained 13 book(s); author average 4.144.
2026-08-11 21:00:36.397 -04:00 [DEBUG] Excluded [Series below average or first-book ratings-count threshold]: Ursula K. Le Guin - Gifts
2026-08-11 21:00:36.398 -04:00 [DEBUG] Excluded [Series below average or first-book ratings-count threshold]: Ursula K. Le Guin - Powers
2026-08-11 21:00:36.400 -04:00 [DEBUG] Excluded [Series below average or first-book ratings-count threshold]: Ursula K. Le Guin - Voices
2026-08-11 21:00:36.406 -04:00 [DEBUG] Excluded [Series below average or first-book ratings-count threshold]: Ursula K. Le Guin - The Unreal and the Real: Selected Stories, Volume One: Where on Earth
2026-08-11 21:00:36.408 -04:00 [DEBUG] Excluded [Series below average or first-book ratings-count threshold]: Ursula K. Le Guin - The Unreal and the Real: Selected Stories, Volume Two: Outer Space, Inner Lands
2026-08-11 21:00:36.409 -04:00 [INFO] 'Ursula K. Le Guin' retained 34 book(s); author average 4.194.
2026-08-11 21:00:36.414 -04:00 [DEBUG] Excluded [Standalone below rating or ratings-count threshold]: Michael Crichton - ロスト・ワールド〈上〉(ジュラシック・パーク #2A)
2026-08-11 21:00:36.416 -04:00 [INFO] 'Michael Crichton' retained 3 book(s); author average 4.107.
2026-08-11 21:00:36.449 -04:00 [DEBUG] Excluded [Series below average or first-book ratings-count threshold]: Glen Cook - A Path to Coldness of Heart
2026-08-11 21:00:36.450 -04:00 [DEBUG] Excluded [Series below average or first-book ratings-count threshold]: Glen Cook - A Shadow of All Night Falling
2026-08-11 21:00:36.452 -04:00 [DEBUG] Excluded [Series below average or first-book ratings-count threshold]: Glen Cook - All Darkness Met
2026-08-11 21:00:36.453 -04:00 [DEBUG] Excluded [Series below average or first-book ratings-count threshold]: Glen Cook - An Ill Fate Marshalling
2026-08-11 21:00:36.454 -04:00 [DEBUG] Excluded [Series below average or first-book ratings-count threshold]: Glen Cook - October's Baby
2026-08-11 21:00:36.456 -04:00 [DEBUG] Excluded [Series below average or first-book ratings-count threshold]: Glen Cook - Reap the East Wind
2026-08-11 21:00:36.458 -04:00 [DEBUG] Excluded [Series below average or first-book ratings-count threshold]: Glen Cook - The Fire in His Hands
2026-08-11 21:00:36.459 -04:00 [DEBUG] Excluded [Series below average or first-book ratings-count threshold]: Glen Cook - With Mercy Toward None
2026-08-11 21:00:36.463 -04:00 [DEBUG] Excluded [Series below average or first-book ratings-count threshold]: Glen Cook - Lord of the Silent Kingdom
2026-08-11 21:00:36.464 -04:00 [DEBUG] Excluded [Series below average or first-book ratings-count threshold]: Glen Cook - Surrender to the Will of the Night
2026-08-11 21:00:36.466 -04:00 [DEBUG] Excluded [Series below average or first-book ratings-count threshold]: Glen Cook - The Tyranny of the Night
2026-08-11 21:00:36.467 -04:00 [DEBUG] Excluded [Series below average or first-book ratings-count threshold]: Glen Cook - Working God's Mischief
2026-08-11 21:00:36.470 -04:00 [INFO] 'Glen Cook' retained 27 book(s); author average 4.073.
2026-08-11 21:00:36.478 -04:00 [DEBUG] Excluded [Standalone below rating or ratings-count threshold]: Colson Whitehead - Electric Literature no. 2 (Volume 1)
2026-08-11 21:00:36.481 -04:00 [DEBUG] Excluded [Series below average or first-book ratings-count threshold]: Colson Whitehead - Cool Machine
2026-08-11 21:00:36.482 -04:00 [DEBUG] Excluded [Series below average or first-book ratings-count threshold]: Colson Whitehead - Crook Manifesto
2026-08-11 21:00:36.483 -04:00 [DEBUG] Excluded [Series below average or first-book ratings-count threshold]: Colson Whitehead - Harlem Shuffle
2026-08-11 21:00:36.484 -04:00 [INFO] 'Colson Whitehead' retained 2 book(s); author average 4.155.
2026-08-11 21:00:36.507 -04:00 [DEBUG] Excluded [Series below average or first-book ratings-count threshold]: Garth Nix - The Left-Handed Booksellers of London
2026-08-11 21:00:36.509 -04:00 [DEBUG] Excluded [Series below average or first-book ratings-count threshold]: Garth Nix - The Sinister Booksellers of Bath
2026-08-11 21:00:36.511 -04:00 [DEBUG] Excluded [Series below average or first-book ratings-count threshold]: Garth Nix - Drowned Wednesday
2026-08-11 21:00:36.513 -04:00 [DEBUG] Excluded [Series below average or first-book ratings-count threshold]: Garth Nix - Grim Tuesday
2026-08-11 21:00:36.514 -04:00 [DEBUG] Excluded [Series below average or first-book ratings-count threshold]: Garth Nix - Lady Friday
2026-08-11 21:00:36.515 -04:00 [DEBUG] Excluded [Series below average or first-book ratings-count threshold]: Garth Nix - Lord Sunday
2026-08-11 21:00:36.516 -04:00 [DEBUG] Excluded [Series below average or first-book ratings-count threshold]: Garth Nix - Mister Monday
2026-08-11 21:00:36.517 -04:00 [DEBUG] Excluded [Series below average or first-book ratings-count threshold]: Garth Nix - Sir Thursday
2026-08-11 21:00:36.518 -04:00 [DEBUG] Excluded [Series below average or first-book ratings-count threshold]: Garth Nix - Superior Saturday
2026-08-11 21:00:36.520 -04:00 [DEBUG] Excluded [Series below average or first-book ratings-count threshold]: Garth Nix - The Missing
2026-08-11 21:00:36.522 -04:00 [DEBUG] Excluded [Series below average or first-book ratings-count threshold]: Garth Nix - The Monster
2026-08-11 21:00:36.524 -04:00 [DEBUG] Excluded [Series below average or first-book ratings-count threshold]: Garth Nix - The Mystery
2026-08-11 21:00:36.525 -04:00 [DEBUG] Excluded [Series below average or first-book ratings-count threshold]: Garth Nix - Troubletwisters
2026-08-11 21:00:36.527 -04:00 [INFO] 'Garth Nix' retained 10 book(s); author average 4.144.
2026-08-11 21:00:36.559 -04:00 [DEBUG] Excluded [Series below average or first-book ratings-count threshold]: Terry Brooks - Child of Light
2026-08-11 21:00:36.561 -04:00 [DEBUG] Excluded [Series below average or first-book ratings-count threshold]: Terry Brooks - Daughter of Darkness
2026-08-11 21:00:36.563 -04:00 [INFO] 'Terry Brooks' retained 34 book(s); author average 4.108.
2026-08-11 21:00:36.573 -04:00 [DEBUG] Excluded [Standalone below rating or ratings-count threshold]: Robert Jackson Bennett - The Divine Cities Trilogy
2026-08-11 21:00:36.577 -04:00 [INFO] 'Robert Jackson Bennett' retained 9 book(s); author average 4.259.
2026-08-11 21:00:36.599 -04:00 [INFO] 'Brian McClellan' retained 21 book(s); author average 4.194.
2026-08-11 21:00:36.608 -04:00 [DEBUG] Excluded [Series below average or first-book ratings-count threshold]: Christopher Moore - A Dirty Job
2026-08-11 21:00:36.610 -04:00 [DEBUG] Excluded [Series below average or first-book ratings-count threshold]: Christopher Moore - Secondhand Souls
2026-08-11 21:00:36.611 -04:00 [INFO] 'Christopher Moore' retained 3 book(s); author average 4.123.
2026-08-11 21:00:36.640 -04:00 [DEBUG] Excluded [Series below average or first-book ratings-count threshold]: John Scalzi - Head On
2026-08-11 21:00:36.642 -04:00 [DEBUG] Excluded [Series below average or first-book ratings-count threshold]: John Scalzi - Lock In
2026-08-11 21:00:36.643 -04:00 [DEBUG] Excluded [Series below average or first-book ratings-count threshold]: John Scalzi - Unlocked: An Oral History of Haden's Syndrome
2026-08-11 21:00:36.647 -04:00 [DEBUG] Excluded [Series below average or first-book ratings-count threshold]: John Scalzi - After the Coup
2026-08-11 21:00:36.649 -04:00 [DEBUG] Excluded [Series below average or first-book ratings-count threshold]: John Scalzi - Old Man's War
2026-08-11 21:00:36.650 -04:00 [DEBUG] Excluded [Series below average or first-book ratings-count threshold]: John Scalzi - Questions for a Soldier
2026-08-11 21:00:36.651 -04:00 [DEBUG] Excluded [Series below average or first-book ratings-count threshold]: John Scalzi - The End of All Things
2026-08-11 21:00:36.652 -04:00 [DEBUG] Excluded [Series below average or first-book ratings-count threshold]: John Scalzi - The Ghost Brigades
2026-08-11 21:00:36.654 -04:00 [DEBUG] Excluded [Series below average or first-book ratings-count threshold]: John Scalzi - The Human Division
2026-08-11 21:00:36.655 -04:00 [DEBUG] Excluded [Series below average or first-book ratings-count threshold]: John Scalzi - The Last Colony
2026-08-11 21:00:36.657 -04:00 [DEBUG] Excluded [Series below average or first-book ratings-count threshold]: John Scalzi - The Sagan Diary
2026-08-11 21:00:36.658 -04:00 [DEBUG] Excluded [Series below average or first-book ratings-count threshold]: John Scalzi - The Shattering Peace
2026-08-11 21:00:36.660 -04:00 [DEBUG] Excluded [Series below average or first-book ratings-count threshold]: John Scalzi - Zoe's Tale
2026-08-11 21:00:36.664 -04:00 [INFO] 'John Scalzi' retained 27 book(s); author average 4.133.
2026-08-11 21:00:36.702 -04:00 [INFO] 'T.J. Klune' retained 41 book(s); author average 4.305.
2026-08-11 21:00:36.727 -04:00 [DEBUG] Excluded [Standalone below rating or ratings-count threshold]: Orson Scott Card - Laddertop Volume 1
2026-08-11 21:00:36.728 -04:00 [DEBUG] Excluded [Standalone below rating or ratings-count threshold]: Orson Scott Card - The Shadow Quintet: Ender's Shadow, Shadow of the Hegemon, Shadow Puppets, Shadow of the Giant, and Shadows in Flight (The Shadow Series)
2026-08-11 21:00:36.732 -04:00 [DEBUG] Excluded [Series below average or first-book ratings-count threshold]: Orson Scott Card - A War of Gifts
2026-08-11 21:00:36.733 -04:00 [DEBUG] Excluded [Series below average or first-book ratings-count threshold]: Orson Scott Card - Children of the Mind
2026-08-11 21:00:36.735 -04:00 [DEBUG] Excluded [Series below average or first-book ratings-count threshold]: Orson Scott Card - Ender in Exile
2026-08-11 21:00:36.736 -04:00 [DEBUG] Excluded [Series below average or first-book ratings-count threshold]: Orson Scott Card - Ender’s Game
2026-08-11 21:00:36.738 -04:00 [DEBUG] Excluded [Series below average or first-book ratings-count threshold]: Orson Scott Card - First Meetings in Ender's Universe
2026-08-11 21:00:36.739 -04:00 [DEBUG] Excluded [Series below average or first-book ratings-count threshold]: Orson Scott Card - Speaker for the Dead
2026-08-11 21:00:36.741 -04:00 [DEBUG] Excluded [Series below average or first-book ratings-count threshold]: Orson Scott Card - Xenocide
2026-08-11 21:00:36.743 -04:00 [DEBUG] Excluded [Series below average or first-book ratings-count threshold]: Orson Scott Card - Pathfinder
2026-08-11 21:00:36.744 -04:00 [DEBUG] Excluded [Series below average or first-book ratings-count threshold]: Orson Scott Card - Ruins
2026-08-11 21:00:36.745 -04:00 [DEBUG] Excluded [Series below average or first-book ratings-count threshold]: Orson Scott Card - Visitors
2026-08-11 21:00:36.748 -04:00 [DEBUG] Excluded [Series below average or first-book ratings-count threshold]: Orson Scott Card - Ender's Shadow
2026-08-11 21:00:36.750 -04:00 [DEBUG] Excluded [Series below average or first-book ratings-count threshold]: Orson Scott Card - Shadow of the Hegemon
2026-08-11 21:00:36.751 -04:00 [DEBUG] Excluded [Series below average or first-book ratings-count threshold]: Orson Scott Card - Shadow Puppets
2026-08-11 21:00:36.752 -04:00 [DEBUG] Excluded [Series below average or first-book ratings-count threshold]: Orson Scott Card - Shadows in Flight
2026-08-11 21:00:36.753 -04:00 [DEBUG] Excluded [Series below average or first-book ratings-count threshold]: Orson Scott Card - The Last Shadow
2026-08-11 21:00:36.755 -04:00 [INFO] 'Orson Scott Card' retained 14 book(s); author average 4.143.
2026-08-11 21:00:36.791 -04:00 [DEBUG] Excluded [Series below average or first-book ratings-count threshold]: C.S. Lewis - Out of the Silent Planet
2026-08-11 21:00:36.793 -04:00 [DEBUG] Excluded [Series below average or first-book ratings-count threshold]: C.S. Lewis - Perelandra
2026-08-11 21:00:36.795 -04:00 [DEBUG] Excluded [Series below average or first-book ratings-count threshold]: C.S. Lewis - That Hideous Strength
2026-08-11 21:00:36.797 -04:00 [INFO] 'C.S. Lewis' retained 41 book(s); author average 4.192.
2026-08-11 21:00:36.809 -04:00 [DEBUG] Excluded [Series below average or first-book ratings-count threshold]: Philip Pullman - Lyra's Oxford
2026-08-11 21:00:36.811 -04:00 [DEBUG] Excluded [Series below average or first-book ratings-count threshold]: Philip Pullman - Once Upon a Time in the North
2026-08-11 21:00:36.812 -04:00 [DEBUG] Excluded [Series below average or first-book ratings-count threshold]: Philip Pullman - Serpentine
2026-08-11 21:00:36.813 -04:00 [DEBUG] Excluded [Series below average or first-book ratings-count threshold]: Philip Pullman - The Amber Spyglass
2026-08-11 21:00:36.814 -04:00 [DEBUG] Excluded [Series below average or first-book ratings-count threshold]: Philip Pullman - The Golden Compass
2026-08-11 21:00:36.816 -04:00 [DEBUG] Excluded [Series below average or first-book ratings-count threshold]: Philip Pullman - The Imagination Chamber
2026-08-11 21:00:36.817 -04:00 [DEBUG] Excluded [Series below average or first-book ratings-count threshold]: Philip Pullman - The Subtle Knife
2026-08-11 21:00:36.819 -04:00 [DEBUG] Excluded [Series below average or first-book ratings-count threshold]: Philip Pullman - La Belle Sauvage
2026-08-11 21:00:36.820 -04:00 [DEBUG] Excluded [Series below average or first-book ratings-count threshold]: Philip Pullman - The Rose Field
2026-08-11 21:00:36.821 -04:00 [DEBUG] Excluded [Series below average or first-book ratings-count threshold]: Philip Pullman - The Secret Commonwealth
2026-08-11 21:00:36.823 -04:00 [INFO] 'Philip Pullman' retained 1 book(s); author average 4.12.
2026-08-11 21:00:36.841 -04:00 [DEBUG] Excluded [Series below average or first-book ratings-count threshold]: Michael Moorcock - Elric: The Sleeping Sorceress
2026-08-11 21:00:36.843 -04:00 [DEBUG] Excluded [Series below average or first-book ratings-count threshold]: Michael Moorcock - Elric: The Stealer of Souls
2026-08-11 21:00:36.845 -04:00 [DEBUG] Excluded [Series below average or first-book ratings-count threshold]: Michael Moorcock - A Nomad of the Time Streams
2026-08-11 21:00:36.846 -04:00 [DEBUG] Excluded [Series below average or first-book ratings-count threshold]: Michael Moorcock - Elric: Song of the Black Sword
2026-08-11 21:00:36.847 -04:00 [DEBUG] Excluded [Series below average or first-book ratings-count threshold]: Michael Moorcock - Hawkmoon
2026-08-11 21:00:36.849 -04:00 [DEBUG] Excluded [Series below average or first-book ratings-count threshold]: Michael Moorcock - The Dancers at the End of Time
2026-08-11 21:00:36.850 -04:00 [DEBUG] Excluded [Series below average or first-book ratings-count threshold]: Michael Moorcock - The Eternal Champion
2026-08-11 21:00:36.851 -04:00 [DEBUG] Excluded [Series below average or first-book ratings-count threshold]: Michael Moorcock - Von Bek
2026-08-11 21:00:36.853 -04:00 [DEBUG] Excluded [Series below average or first-book ratings-count threshold]: Michael Moorcock - Elric at the End of Time
2026-08-11 21:00:36.855 -04:00 [DEBUG] Excluded [Series below average or first-book ratings-count threshold]: Michael Moorcock - Elric of Melniboné
2026-08-11 21:00:36.856 -04:00 [DEBUG] Excluded [Series below average or first-book ratings-count threshold]: Michael Moorcock - Stormbringer
2026-08-11 21:00:36.858 -04:00 [DEBUG] Excluded [Series below average or first-book ratings-count threshold]: Michael Moorcock - The Bane of the Black Sword
2026-08-11 21:00:36.859 -04:00 [DEBUG] Excluded [Series below average or first-book ratings-count threshold]: Michael Moorcock - The Fortress of the Pearl
2026-08-11 21:00:36.861 -04:00 [DEBUG] Excluded [Series below average or first-book ratings-count threshold]: Michael Moorcock - The Revenge of the Rose
2026-08-11 21:00:36.862 -04:00 [DEBUG] Excluded [Series below average or first-book ratings-count threshold]: Michael Moorcock - The Sailor on the Seas of Fate
2026-08-11 21:00:36.863 -04:00 [DEBUG] Excluded [Series below average or first-book ratings-count threshold]: Michael Moorcock - The Vanishing Tower
2026-08-11 21:00:36.865 -04:00 [DEBUG] Excluded [Series below average or first-book ratings-count threshold]: Michael Moorcock - The Weird of the White Wolf
2026-08-11 21:00:36.866 -04:00 [INFO] 'Michael Moorcock' retained 3 book(s); author average 4.063.
2026-08-11 21:00:36.873 -04:00 [INFO] 'Christopher Buehlman' retained 4 book(s); author average 4.165.
2026-08-11 21:00:36.893 -04:00 [DEBUG] Excluded [Series below average or first-book ratings-count threshold]: T. Kingfisher - What Feasts at Night
2026-08-11 21:00:36.894 -04:00 [DEBUG] Excluded [Series below average or first-book ratings-count threshold]: T. Kingfisher - What Moves the Dead
2026-08-11 21:00:36.895 -04:00 [DEBUG] Excluded [Series below average or first-book ratings-count threshold]: T. Kingfisher - What Stalks the Deep
2026-08-11 21:00:36.897 -04:00 [INFO] 'T. Kingfisher' retained 21 book(s); author average 4.152.
2026-08-11 21:00:36.916 -04:00 [INFO] 'Gene Wolfe' retained 20 book(s); author average 4.167.
2026-08-11 21:00:36.957 -04:00 [DEBUG] Excluded [Standalone below rating or ratings-count threshold]: Anne McCaffrey - Anne McCaffrey Freedom Collection: Freedom's Landing, Freedom's Challenge, Freedom's Choice (Catteni Series)
2026-08-11 21:00:36.967 -04:00 [DEBUG] Excluded [Series below average or first-book ratings-count threshold]: Anne McCaffrey - Freedom's Challenge
2026-08-11 21:00:36.968 -04:00 [DEBUG] Excluded [Series below average or first-book ratings-count threshold]: Anne McCaffrey - Freedom's Choice
2026-08-11 21:00:36.970 -04:00 [DEBUG] Excluded [Series below average or first-book ratings-count threshold]: Anne McCaffrey - Freedom's Landing
2026-08-11 21:00:36.972 -04:00 [DEBUG] Excluded [Series below average or first-book ratings-count threshold]: Anne McCaffrey - Freedom's Ransom
2026-08-11 21:00:36.982 -04:00 [DEBUG] Excluded [Series below average or first-book ratings-count threshold]: Anne McCaffrey - Changelings
2026-08-11 21:00:36.983 -04:00 [DEBUG] Excluded [Series below average or first-book ratings-count threshold]: Anne McCaffrey - Deluge
2026-08-11 21:00:36.985 -04:00 [DEBUG] Excluded [Series below average or first-book ratings-count threshold]: Anne McCaffrey - Maelstrom
2026-08-11 21:00:36.986 -04:00 [INFO] 'Anne McCaffrey' retained 53 book(s); author average 4.115.
2026-08-11 21:00:37.015 -04:00 [DEBUG] Excluded [Standalone below rating or ratings-count threshold]: H.P. Lovecraft - The Dark Worlds of H.P. Lovecraft, Vol 1
2026-08-11 21:00:37.069 -04:00 [INFO] 'H.P. Lovecraft' retained 31 book(s); author average 4.194.
2026-08-11 21:00:37.076 -04:00 [INFO] 'Ryan Cahill' retained 7 book(s); author average 4.417.
2026-08-11 21:00:37.094 -04:00 [INFO] 'Arkady Strugatsky' retained 12 book(s); author average 4.186.
2026-08-11 21:00:37.111 -04:00 [DEBUG] Excluded [Series below average or first-book ratings-count threshold]: Jay Kristoff - Endsinger
2026-08-11 21:00:37.112 -04:00 [DEBUG] Excluded [Series below average or first-book ratings-count threshold]: Jay Kristoff - Kinslayer
2026-08-11 21:00:37.114 -04:00 [DEBUG] Excluded [Series below average or first-book ratings-count threshold]: Jay Kristoff - Praying For Rain
2026-08-11 21:00:37.115 -04:00 [DEBUG] Excluded [Series below average or first-book ratings-count threshold]: Jay Kristoff - Stormdancer
2026-08-11 21:00:37.116 -04:00 [DEBUG] Excluded [Series below average or first-book ratings-count threshold]: Jay Kristoff - The Last Stormdancer
2026-08-11 21:00:37.117 -04:00 [DEBUG] Excluded [Series below average or first-book ratings-count threshold]: Jay Kristoff - The Little Stormdancer
2026-08-11 21:00:37.119 -04:00 [INFO] 'Jay Kristoff' retained 9 book(s); author average 4.28.
2026-08-11 21:00:37.144 -04:00 [DEBUG] Excluded [Series below average or first-book ratings-count threshold]: Roald Dahl - Charlie and the Chocolate Factory
2026-08-11 21:00:37.146 -04:00 [DEBUG] Excluded [Series below average or first-book ratings-count threshold]: Roald Dahl - Charlie and the Great Glass Elevator
2026-08-11 21:00:37.148 -04:00 [INFO] 'Roald Dahl' retained 26 book(s); author average 4.19.
2026-08-11 21:00:37.170 -04:00 [INFO] 'Peter V. Brett' retained 23 book(s); author average 4.105.
2026-08-11 21:00:37.179 -04:00 [INFO] 'Ted Chiang' retained 6 book(s); author average 4.195.
2026-08-11 21:00:37.186 -04:00 [INFO] 'Katherine Addison' retained 7 book(s); author average 4.083.
2026-08-11 21:00:37.196 -04:00 [INFO] 'Taylor Jenkins Reid' retained 6 book(s); author average 4.187.
2026-08-11 21:00:37.218 -04:00 [INFO] 'David Dalglish' retained 26 book(s); author average 4.057.
2026-08-11 21:00:37.327 -04:00 [INFO] Force-included 'Harlan Ellison' with 143 book(s) after non-rating eligibility checks.
2026-08-11 21:00:37.329 -04:00 [INFO] 'Harlan Ellison' retained 143 book(s); author average 3.809.
2026-08-11 21:00:37.332 -04:00 [INFO] 'Morgan Ryan' retained 1 book(s); author average 4.07.
2026-08-11 21:00:37.377 -04:00 [DEBUG] Excluded [Series below average or first-book ratings-count threshold]: Bernard Cornwell - A Crowning Mercy
2026-08-11 21:00:37.378 -04:00 [DEBUG] Excluded [Series below average or first-book ratings-count threshold]: Bernard Cornwell - Fallen Angels
2026-08-11 21:00:37.385 -04:00 [INFO] 'Bernard Cornwell' retained 62 book(s); author average 4.237.
2026-08-11 21:00:37.394 -04:00 [INFO] 'S.A. Chakraborty' retained 6 book(s); author average 4.32.
2026-08-11 21:00:37.413 -04:00 [INFO] Force-included 'Dmitry Glukhovsky' with 20 book(s) after non-rating eligibility checks.
2026-08-11 21:00:37.414 -04:00 [INFO] 'Dmitry Glukhovsky' retained 20 book(s); author average 3.879.
2026-08-11 21:00:37.434 -04:00 [DEBUG] Excluded [Series below average or first-book ratings-count threshold]: Anthony Ryan - A Duel of Evils
2026-08-11 21:00:37.436 -04:00 [DEBUG] Excluded [Series below average or first-book ratings-count threshold]: Anthony Ryan - Blood Song
2026-08-11 21:00:37.437 -04:00 [DEBUG] Excluded [Series below average or first-book ratings-count threshold]: Anthony Ryan - Many Are the Dead
2026-08-11 21:00:37.438 -04:00 [DEBUG] Excluded [Series below average or first-book ratings-count threshold]: Anthony Ryan - Queen of Fire
2026-08-11 21:00:37.440 -04:00 [DEBUG] Excluded [Series below average or first-book ratings-count threshold]: Anthony Ryan - The Lady of Crows
2026-08-11 21:00:37.442 -04:00 [DEBUG] Excluded [Series below average or first-book ratings-count threshold]: Anthony Ryan - The Lord Collector
2026-08-11 21:00:37.443 -04:00 [DEBUG] Excluded [Series below average or first-book ratings-count threshold]: Anthony Ryan - Tower Lord
2026-08-11 21:00:37.446 -04:00 [INFO] 'Anthony Ryan' retained 17 book(s); author average 4.219.
2026-08-11 21:00:37.474 -04:00 [DEBUG] Excluded [Series below average or first-book ratings-count threshold]: John Connolly - Night Music
2026-08-11 21:00:37.475 -04:00 [DEBUG] Excluded [Series below average or first-book ratings-count threshold]: John Connolly - Nocturnes
2026-08-11 21:00:37.477 -04:00 [DEBUG] Excluded [Series below average or first-book ratings-count threshold]: John Connolly - The Creeps
2026-08-11 21:00:37.478 -04:00 [DEBUG] Excluded [Series below average or first-book ratings-count threshold]: John Connolly - The Gates
2026-08-11 21:00:37.480 -04:00 [DEBUG] Excluded [Series below average or first-book ratings-count threshold]: John Connolly - The Infernals
2026-08-11 21:00:37.483 -04:00 [DEBUG] Excluded [Series below average or first-book ratings-count threshold]: John Connolly - Conquest
2026-08-11 21:00:37.485 -04:00 [DEBUG] Excluded [Series below average or first-book ratings-count threshold]: John Connolly - Dominion
2026-08-11 21:00:37.486 -04:00 [DEBUG] Excluded [Series below average or first-book ratings-count threshold]: John Connolly - Empire
2026-08-11 21:00:37.487 -04:00 [INFO] 'John Connolly' retained 26 book(s); author average 4.165.
2026-08-11 21:00:37.529 -04:00 [INFO] 'Lois McMaster Bujold' retained 48 book(s); author average 4.207.
2026-08-11 21:00:37.536 -04:00 [INFO] 'qntm' retained 4 book(s); author average 4.098.
2026-08-11 21:00:37.575 -04:00 [DEBUG] Excluded [Series below average or first-book ratings-count threshold]: L.E. Modesitt Jr. - The Ethos Effect
2026-08-11 21:00:37.576 -04:00 [DEBUG] Excluded [Series below average or first-book ratings-count threshold]: L.E. Modesitt Jr. - The Parafaith War
2026-08-11 21:00:37.580 -04:00 [INFO] 'L.E. Modesitt Jr.' retained 47 book(s); author average 4.167.
2026-08-11 21:00:37.625 -04:00 [DEBUG] Excluded [Standalone below rating or ratings-count threshold]: Kentaro Miura - Berserk Maximum #13
2026-08-11 21:00:37.630 -04:00 [INFO] 'Kentaro Miura' retained 57 book(s); author average 4.65.
2026-08-11 21:00:37.655 -04:00 [DEBUG] Excluded [Series below average or first-book ratings-count threshold]: Marion Zimmer Bradley - Lady of Avalon
2026-08-11 21:00:37.657 -04:00 [DEBUG] Excluded [Series below average or first-book ratings-count threshold]: Marion Zimmer Bradley - Priestess of Avalon
2026-08-11 21:00:37.658 -04:00 [DEBUG] Excluded [Series below average or first-book ratings-count threshold]: Marion Zimmer Bradley - The Forest House
2026-08-11 21:00:37.659 -04:00 [DEBUG] Excluded [Series below average or first-book ratings-count threshold]: Marion Zimmer Bradley - The Mists of Avalon
2026-08-11 21:00:37.664 -04:00 [DEBUG] Excluded [Series below average or first-book ratings-count threshold]: Marion Zimmer Bradley - City of Sorcery
2026-08-11 21:00:37.665 -04:00 [DEBUG] Excluded [Series below average or first-book ratings-count threshold]: Marion Zimmer Bradley - Exile's Song
2026-08-11 21:00:37.667 -04:00 [DEBUG] Excluded [Series below average or first-book ratings-count threshold]: Marion Zimmer Bradley - Sharra's Exile
2026-08-11 21:00:37.668 -04:00 [DEBUG] Excluded [Series below average or first-book ratings-count threshold]: Marion Zimmer Bradley - The Alton Gift
2026-08-11 21:00:37.670 -04:00 [DEBUG] Excluded [Series below average or first-book ratings-count threshold]: Marion Zimmer Bradley - The Fall of Neskaya
2026-08-11 21:00:37.673 -04:00 [DEBUG] Excluded [Series below average or first-book ratings-count threshold]: Marion Zimmer Bradley - The Forbidden Tower
2026-08-11 21:00:37.675 -04:00 [DEBUG] Excluded [Series below average or first-book ratings-count threshold]: Marion Zimmer Bradley - The Heirs of Hammerfell
2026-08-11 21:00:37.676 -04:00 [DEBUG] Excluded [Series below average or first-book ratings-count threshold]: Marion Zimmer Bradley - The Heritage of Hastur
2026-08-11 21:00:37.678 -04:00 [DEBUG] Excluded [Series below average or first-book ratings-count threshold]: Marion Zimmer Bradley - The Shadow Matrix
2026-08-11 21:00:37.679 -04:00 [DEBUG] Excluded [Series below average or first-book ratings-count threshold]: Marion Zimmer Bradley - The Shattered Chain
2026-08-11 21:00:37.680 -04:00 [DEBUG] Excluded [Series below average or first-book ratings-count threshold]: Marion Zimmer Bradley - The Spell Sword
2026-08-11 21:00:37.681 -04:00 [DEBUG] Excluded [Series below average or first-book ratings-count threshold]: Marion Zimmer Bradley - The Winds of Darkover
2026-08-11 21:00:37.683 -04:00 [DEBUG] Excluded [Series below average or first-book ratings-count threshold]: Marion Zimmer Bradley - The World Wreckers
2026-08-11 21:00:37.684 -04:00 [DEBUG] Excluded [Series below average or first-book ratings-count threshold]: Marion Zimmer Bradley - Thendara House
2026-08-11 21:00:37.686 -04:00 [DEBUG] Excluded [Series below average or first-book ratings-count threshold]: Marion Zimmer Bradley - Traitor's Sun
2026-08-11 21:00:37.687 -04:00 [DEBUG] Excluded [Series below average or first-book ratings-count threshold]: Marion Zimmer Bradley - Two to Conquer
2026-08-11 21:00:37.688 -04:00 [DEBUG] Excluded [Series below average or first-book ratings-count threshold]: Marion Zimmer Bradley - Zandru's Forge
2026-08-11 21:00:37.693 -04:00 [INFO] 'Marion Zimmer Bradley' retained 7 book(s); author average 4.119.
2026-08-11 21:00:37.703 -04:00 [INFO] 'Carl Sagan' retained 11 book(s); author average 4.238.
2026-08-11 21:00:37.713 -04:00 [DEBUG] Excluded [Standalone below rating or ratings-count threshold]: William Goldman - The Ghost And the Darkness (Applause Screenplay Series)
2026-08-11 21:00:37.715 -04:00 [INFO] 'William Goldman' retained 4 book(s); author average 4.135.
2026-08-11 21:00:37.733 -04:00 [DEBUG] Excluded [Standalone below rating or ratings-count threshold]: Joe Hill - Basketful of Heads #1
2026-08-11 21:00:37.735 -04:00 [DEBUG] Excluded [Standalone below rating or ratings-count threshold]: Joe Hill - Locke & Key: Alpha #1
2026-08-11 21:00:37.737 -04:00 [DEBUG] Excluded [Standalone below rating or ratings-count threshold]: Joe Hill - Locke & Key: Omega #1 (of 5)
2026-08-11 21:00:37.739 -04:00 [DEBUG] Excluded [Standalone below rating or ratings-count threshold]: Joe Hill - The Wraith: Welcome To Christmasland #1
2026-08-11 21:00:37.741 -04:00 [INFO] 'Joe Hill' retained 18 book(s); author average 4.293.
2026-08-11 21:00:37.747 -04:00 [INFO] 'Peter S. Beagle' retained 4 book(s); author average 4.105.
2026-08-11 21:00:37.756 -04:00 [DEBUG] Excluded [Standalone below rating or ratings-count threshold]: Liu Cixin - The Longest Fall (Short Stories by Liu Cixin Book 12)
2026-08-11 21:00:37.759 -04:00 [INFO] 'Liu Cixin' retained 5 book(s); author average 4.23.
2026-08-11 21:00:37.770 -04:00 [INFO] 'Nghi Vo' retained 7 book(s); author average 4.089.
2026-08-11 21:00:37.777 -04:00 [INFO] 'Richard Matheson' retained 5 book(s); author average 4.056.
2026-08-11 21:00:37.799 -04:00 [INFO] 'Michael J. Sullivan' retained 24 book(s); author average 4.313.
2026-08-11 21:00:37.812 -04:00 [DEBUG] Excluded [Series below average or first-book ratings-count threshold]: Nnedi Okorafor - Binti
2026-08-11 21:00:37.813 -04:00 [DEBUG] Excluded [Series below average or first-book ratings-count threshold]: Nnedi Okorafor - Binti: Sacred Fire
2026-08-11 21:00:37.815 -04:00 [DEBUG] Excluded [Series below average or first-book ratings-count threshold]: Nnedi Okorafor - Home
2026-08-11 21:00:37.816 -04:00 [DEBUG] Excluded [Series below average or first-book ratings-count threshold]: Nnedi Okorafor - The Night Masquerade
2026-08-11 21:00:37.818 -04:00 [INFO] 'Nnedi Okorafor' retained 8 book(s); author average 4.106.
2026-08-11 21:00:37.850 -04:00 [DEBUG] Excluded [Standalone below rating or ratings-count threshold]: Patricia Briggs - Cry Wolf Volume 2 (Alpha and Omega Graphic Novel)
2026-08-11 21:00:37.851 -04:00 [DEBUG] Excluded [Standalone below rating or ratings-count threshold]: Patricia Briggs - Hopcross Jilly #1
2026-08-11 21:00:37.853 -04:00 [DEBUG] Excluded [Standalone below rating or ratings-count threshold]: Patricia Briggs - Hopcross Jilly #2
2026-08-11 21:00:37.854 -04:00 [DEBUG] Excluded [Standalone below rating or ratings-count threshold]: Patricia Briggs - Hopcross Jilly #3
2026-08-11 21:00:37.857 -04:00 [DEBUG] Excluded [Standalone below rating or ratings-count threshold]: Patricia Briggs - Hopcross Jilly #4
2026-08-11 21:00:37.862 -04:00 [DEBUG] Excluded [Standalone below rating or ratings-count threshold]: Patricia Briggs - Hopcross Jilly #5
2026-08-11 21:00:37.864 -04:00 [DEBUG] Excluded [Standalone below rating or ratings-count threshold]: Patricia Briggs - Hopcross Jilly #6 of 6
2026-08-11 21:00:37.865 -04:00 [DEBUG] Excluded [Standalone below rating or ratings-count threshold]: Patricia Briggs - Mercy Thompson: Homecoming Graphic Novel Issue #3
2026-08-11 21:00:37.867 -04:00 [DEBUG] Excluded [Standalone below rating or ratings-count threshold]: Patricia Briggs - Mercy Thompson: Homecoming Graphic Novel Issue #4
2026-08-11 21:00:37.868 -04:00 [DEBUG] Excluded [Standalone below rating or ratings-count threshold]: Patricia Briggs - Mercy Thompson: Moon Called Issue #6
2026-08-11 21:00:37.869 -04:00 [DEBUG] Excluded [Standalone below rating or ratings-count threshold]: Patricia Briggs - Patricia Briggs' Alpha & Omega: Cry Wolf # 1 of 4
2026-08-11 21:00:37.881 -04:00 [INFO] 'Patricia Briggs' retained 39 book(s); author average 4.261.
2026-08-11 21:00:37.896 -04:00 [DEBUG] Excluded [Standalone below rating or ratings-count threshold]: Lewis Carroll - 50 Masterpieces you have to read before you die vol: 2
2026-08-11 21:00:37.897 -04:00 [DEBUG] Excluded [Standalone below rating or ratings-count threshold]: Lewis Carroll - The Nursery Alice (Facsimile Classics Series)
2026-08-11 21:00:37.900 -04:00 [INFO] 'Lewis Carroll' retained 11 book(s); author average 4.109.
2026-08-11 21:00:37.934 -04:00 [DEBUG] Excluded [Standalone below rating or ratings-count threshold]: Elizabeth Moon - Hunting Party, Part 2
2026-08-11 21:00:37.939 -04:00 [DEBUG] Excluded [Standalone below rating or ratings-count threshold]: Elizabeth Moon - Once A Hero, Part 1
2026-08-11 21:00:37.940 -04:00 [DEBUG] Excluded [Standalone below rating or ratings-count threshold]: Elizabeth Moon - Once A Hero, Part 2
2026-08-11 21:00:37.942 -04:00 [DEBUG] Excluded [Standalone below rating or ratings-count threshold]: Elizabeth Moon - Sporting Chance, Part 1
2026-08-11 21:00:37.943 -04:00 [DEBUG] Excluded [Standalone below rating or ratings-count threshold]: Elizabeth Moon - Sporting Chance, Part 2
2026-08-11 21:00:37.944 -04:00 [DEBUG] Excluded [Standalone below rating or ratings-count threshold]: Elizabeth Moon - The Serrano Succession (The Serrano Legacy combo volumes Book 3)
2026-08-11 21:00:37.946 -04:00 [DEBUG] Excluded [Standalone below rating or ratings-count threshold]: Elizabeth Moon - Trading in Danger, Part 1
2026-08-11 21:00:37.947 -04:00 [DEBUG] Excluded [Standalone below rating or ratings-count threshold]: Elizabeth Moon - Trading in Danger, Part 2
2026-08-11 21:00:37.948 -04:00 [DEBUG] Excluded [Standalone below rating or ratings-count threshold]: Elizabeth Moon - Victory Conditions, Part 1
2026-08-11 21:00:37.949 -04:00 [DEBUG] Excluded [Standalone below rating or ratings-count threshold]: Elizabeth Moon - Victory Conditions, Part 2
2026-08-11 21:00:37.951 -04:00 [DEBUG] Excluded [Standalone below rating or ratings-count threshold]: Elizabeth Moon - Winning Colors, Part 1
2026-08-11 21:00:37.952 -04:00 [DEBUG] Excluded [Standalone below rating or ratings-count threshold]: Elizabeth Moon - Winning Colors, Part 2
2026-08-11 21:00:37.963 -04:00 [INFO] 'Elizabeth Moon' retained 32 book(s); author average 4.178.
2026-08-11 21:00:37.966 -04:00 [INFO] 'Barbara Truelove' retained 1 book(s); author average 4.05.
2026-08-11 21:00:37.987 -04:00 [DEBUG] Excluded [Standalone below rating or ratings-count threshold]: Margaret Weis - Rose of the Prophet Trilogy
2026-08-11 21:00:37.989 -04:00 [DEBUG] Excluded [Standalone below rating or ratings-count threshold]: Margaret Weis - The Art of the Dragonlance Saga
2026-08-11 21:00:37.991 -04:00 [DEBUG] Excluded [Standalone below rating or ratings-count threshold]: Margaret Weis - The Darksword Trilogy: Forging the Darksword, Doom of the Darksword and Triumph of the Darksword
2026-08-11 21:00:37.999 -04:00 [DEBUG] Excluded [Series below average or first-book ratings-count threshold]: Margaret Weis - Bones of the Dragon
2026-08-11 21:00:38.001 -04:00 [DEBUG] Excluded [Series below average or first-book ratings-count threshold]: Margaret Weis - Doom of the Dragon
2026-08-11 21:00:38.003 -04:00 [DEBUG] Excluded [Series below average or first-book ratings-count threshold]: Margaret Weis - Rage of the Dragon
2026-08-11 21:00:38.004 -04:00 [DEBUG] Excluded [Series below average or first-book ratings-count threshold]: Margaret Weis - Secret of the Dragon
2026-08-11 21:00:38.006 -04:00 [INFO] 'Margaret Weis' retained 19 book(s); author average 4.118.
2026-08-11 21:00:38.015 -04:00 [INFO] 'Antonia Hodgson' retained 5 book(s); author average 4.19.
2026-08-11 21:00:38.036 -04:00 [DEBUG] Excluded [Standalone below rating or ratings-count threshold]: Hugh Howey - Wayfinding Part 1: Rats and Rafts
2026-08-11 21:00:38.038 -04:00 [DEBUG] Excluded [Standalone below rating or ratings-count threshold]: Hugh Howey - Wayfinding Part 2: Hell and Heaven
2026-08-11 21:00:38.039 -04:00 [DEBUG] Excluded [Standalone below rating or ratings-count threshold]: Hugh Howey - Wayfinding Part 3: Hot & Cold
2026-08-11 21:00:38.041 -04:00 [DEBUG] Excluded [Standalone below rating or ratings-count threshold]: Hugh Howey - Wayfinding Part 4: Old World & New
2026-08-11 21:00:38.042 -04:00 [DEBUG] Excluded [Standalone below rating or ratings-count threshold]: Hugh Howey - Wayfinding Part 5: Consciousness and Subconsciousness
2026-08-11 21:00:38.044 -04:00 [DEBUG] Excluded [Standalone below rating or ratings-count threshold]: Hugh Howey - Wayfinding Part 6: Highs and Lows
2026-08-11 21:00:38.053 -04:00 [INFO] 'Hugh Howey' retained 28 book(s); author average 4.181.
2026-08-11 21:00:41.298 -04:00 [INFO] Reading-date estimation skipped in author-list-only mode.
2026-08-11 21:00:42.166 -04:00 [INFO] Completed successfully: 133 author(s), 2553 book(s), elapsed 00:05:12.7755942.
2026-08-11 21:00:42.168 -04:00 [INFO] Exclusions [Audio or dramatized adaptation]: 30
2026-08-11 21:00:42.170 -04:00 [INFO] Exclusions [Contributor-only credit]: 848
2026-08-11 21:00:42.171 -04:00 [INFO] Exclusions [Duplicate Goodreads work]: 6
2026-08-11 21:00:42.172 -04:00 [INFO] Exclusions [Duplicate title]: 24
2026-08-11 21:00:42.174 -04:00 [INFO] Exclusions [Missing publication year]: 1062
2026-08-11 21:00:42.176 -04:00 [INFO] Exclusions [Omnibus, box set, or multi-work collection]: 328
2026-08-11 21:00:42.177 -04:00 [INFO] Exclusions [Series below average or first-book ratings-count threshold]: 734
2026-08-11 21:00:42.179 -04:00 [INFO] Exclusions [Standalone below rating or ratings-count threshold]: 1824
