"Overall Rank","Author","Genre","Author Average","Title","Series Name","Series Number","Series Average","Publication Year","Pages","Average book rating","Review count","Estimated Reading Start Date","Estimated Reading End Date"
"1","Ryan Cahill","Fantasy","4.417","The Fall","The Bound and the Broken","0.5","4.417","2020","","4.13","10277","",""
"1","Ryan Cahill","Fantasy","4.417","Of Blood and Fire","The Bound and the Broken","1","4.417","2021","","4.05","26609","",""
"1","Ryan Cahill","Fantasy","4.417","Of Darkness and Light","The Bound and the Broken","2","4.417","2021","","4.42","15137","",""
"1","Ryan Cahill","Fantasy","4.417","The Exile","The Bound and the Broken","2.5","4.417","2022","","4.52","7668","",""
"1","Ryan Cahill","Fantasy","4.417","Of War and Ruin","The Bound and the Broken","3","4.417","2023","","4.63","11783","",""
"1","Ryan Cahill","Fantasy","4.417","The Ice","The Bound and the Broken","3.5","4.417","2023","","4.44","5411","",""
"1","Ryan Cahill","Fantasy","4.417","Of Empires and Dust","The Bound and the Broken","4","4.417","2025","","4.73","6978","",""
"2","Kentaro Miura","Manga","4.65","Berserk, Vol. 1","Berserk","1","4.58","1990","","4.49","73057","",""
"2","Kentaro Miura","Manga","4.65","Berserk, Vol. 2","Berserk","2","4.58","1991","","4.42","25930","",""
"2","Kentaro Miura","Manga","4.65","Berserk, Vol. 3","Berserk","3","4.58","1991","","4.55","23290","",""
"2","Kentaro Miura","Manga","4.65","Berserk, Vol. 4","Berserk","4","4.58","1992","","4.58","20360","",""
"2","Kentaro Miura","Manga","4.65","Berserk, Vol. 5","Berserk","5","4.58","1993","","4.61","18730","",""
"2","Kentaro Miura","Manga","4.65","Berserk, Vol. 6","Berserk","6","4.58","1993","","4.62","17074","",""
"2","Kentaro Miura","Manga","4.65","Berserk, Vol. 7","Berserk","7","4.58","1994","","4.61","16148","",""
"2","Kentaro Miura","Manga","4.65","Berserk, Vol. 8","Berserk","8","4.58","1994","","4.69","15315","",""
"2","Kentaro Miura","Manga","4.65","Berserk, Vol. 38","Berserk","38","4.58","2016","","4.65","5872","",""
"2","Kentaro Miura","Manga","4.65","Berserk, Vol. 10","","","","1995","","4.68","14140","",""
"2","Kentaro Miura","Manga","4.65","Berserk, Vol. 9","","","","1995","","4.68","14398","",""
"2","Kentaro Miura","Manga","4.65","Berserk, Vol. 11","","","","1996","","4.59","13094","",""
"2","Kentaro Miura","Manga","4.65","Berserk, Vol. 12","","","","1996","","4.76","13272","",""
"2","Kentaro Miura","Manga","4.65","Berserk, Vol. 13","","","","1997","","4.7","13230","",""
"2","Kentaro Miura","Manga","4.65","Berserk, Vol. 14","","","","1997","","4.54","12512","",""
"2","Kentaro Miura","Manga","4.65","Berserk, Vol. 15","","","","1998","","4.5","11571","",""
"2","Kentaro Miura","Manga","4.65","Berserk, Vol. 16","","","","1998","","4.54","10975","",""
"2","Kentaro Miura","Manga","4.65","Berserk, Vol. 17","","","","1999","","4.57","10559","",""
"2","Kentaro Miura","Manga","4.65","Berserk, Vol. 18","","","","1999","","4.56","10140","",""
"2","Kentaro Miura","Manga","4.65","Berserk, Vol. 19","","","","2000","","4.61","9970","",""
"2","Kentaro Miura","Manga","4.65","Berserk, Vol. 20","","","","2000","","4.62","9587","",""
"2","Kentaro Miura","Manga","4.65","Berserk, Vol. 21","","","","2001","","4.65","9475","",""
"2","Kentaro Miura","Manga","4.65","Berserk, Vol. 22","","","","2001","","4.65","9005","",""
"2","Kentaro Miura","Manga","4.65","Berserk, Vol. 23","","","","2002","","4.57","8612","",""
"2","Kentaro Miura","Manga","4.65","Berserk, Vol. 24","","","","2002","","4.56","8353","",""
"2","Kentaro Miura","Manga","4.65","Berserk, Vol. 25","","","","2003","","4.59","8161","",""
"2","Kentaro Miura","Manga","4.65","Berserk, Vol. 26","","","","2003","","4.69","8532","",""
"2","Kentaro Miura","Manga","4.65","Berserk, Vol. 27","","","","2004","","4.65","8015","",""
"2","Kentaro Miura","Manga","4.65","Berserk, Vol. 28","","","","2005","","4.61","7766","",""
"2","Kentaro Miura","Manga","4.65","Berserk, Vol. 29","","","","2005","","4.54","7570","",""
"2","Kentaro Miura","Manga","4.65","Berserk, Vol. 30","","","","2006","","4.58","7751","",""
"2","Kentaro Miura","Manga","4.65","Berserk, Vol. 31","","","","2006","","4.61","7303","",""
"2","Kentaro Miura","Manga","4.65","Berserk, Band 10","","","","2007","","4.85","1721","",""
"2","Kentaro Miura","Manga","4.65","Berserk, Band 9","","","","2007","","4.82","1774","",""
"2","Kentaro Miura","Manga","4.65","Berserk, Vol. 32","","","","2007","","4.61","7183","",""
"2","Kentaro Miura","Manga","4.65","Berserk, Vol. 33","","","","2008","","4.62","7103","",""
"2","Kentaro Miura","Manga","4.65","Berserk, Vol. 34","","","","2009","","4.68","7025","",""
"2","Kentaro Miura","Manga","4.65","Berserk, Vol. 35","","","","2010","","4.54","6795","",""
"2","Kentaro Miura","Manga","4.65","Berserk, Vol. 36","","","","2011","","4.55","6561","",""
"2","Kentaro Miura","Manga","4.65","Berserk, Vol. 37","","","","2013","","4.61","6432","",""
"2","Kentaro Miura","Manga","4.65","ベルセルク 39 [Berserk 39]","","","","2017","","4.72","5574","",""
"2","Kentaro Miura","Manga","4.65","ベルセルク 40 [Berserk 40]","","","","2018","","4.75","5566","",""
"2","Kentaro Miura","Manga","4.65","Berserk Deluxe Edition, Vol. 1","","","","2019","","4.6","20574","",""
"2","Kentaro Miura","Manga","4.65","Berserk Deluxe Edition, Vol. 2","","","","2019","","4.72","12444","",""
"2","Kentaro Miura","Manga","4.65","Berserk Deluxe Edition, Volume 3","","","","2019","","4.8","10101","",""
"2","Kentaro Miura","Manga","4.65","Berserk Deluxe Edition, Volume 4","","","","2020","","4.84","8659","",""
"2","Kentaro Miura","Manga","4.65","Berserk Deluxe Edition, Volume 5","","","","2020","","4.75","7693","",""
"2","Kentaro Miura","Manga","4.65","Berserk Deluxe Edition, Volume 6","","","","2020","","4.73","6440","",""
"2","Kentaro Miura","Manga","4.65","Berserk Deluxe Edition, Volume 7","","","","2021","","4.79","5843","",""
"2","Kentaro Miura","Manga","4.65","Berserk Deluxe Edition, Volume 9","","","","2021","","4.81","4739","",""
"2","Kentaro Miura","Manga","4.65","ベルセルク 41 [Berserk 41]","","","","2021","","4.8","4976","",""
"2","Kentaro Miura","Manga","4.65","Berserk Deluxe Edition Volume 12","","","","2022","","4.69","2681","",""
"2","Kentaro Miura","Manga","4.65","Berserk Deluxe Edition, Volume 10","","","","2022","","4.77","4188","",""
"2","Kentaro Miura","Manga","4.65","Berserk Deluxe Edition, Volume 11","","","","2022","","4.77","3364","",""
"2","Kentaro Miura","Manga","4.65","Berserk Deluxe Edition Volume 13","","","","2023","","4.78","2471","",""
"2","Kentaro Miura","Manga","4.65","Berserk Deluxe Edition Volume 14","","","","2023","","4.78","2133","",""
"2","Kentaro Miura","Manga","4.65","ベルセルク 42 [Berserk 42]","","","","2023","","4.38","2289","",""
"3","Robin Hobb","Fantasy","4.391","Assassin's Apprentice","Farseer Trilogy","1","4.24","1995","","4.2","437815","",""
"3","Robin Hobb","Fantasy","4.391","Royal Assassin","Farseer Trilogy","2","4.24","1996","","4.3","262753","",""
"3","Robin Hobb","Fantasy","4.391","Assassin's Quest","Farseer Trilogy","3","4.24","1997","","4.22","211462","",""
"3","Robin Hobb","Fantasy","4.391","L'Assassin du roi","L'Assassin royal","2","4.448","1996","","4.34","3125","",""
"3","Robin Hobb","Fantasy","4.391","Le Poison de la vengeance","L'Assassin royal","4","4.448","1997","","4.26","2590","",""
"3","Robin Hobb","Fantasy","4.391","La Voie magique","L'Assassin royal","5","4.448","1997","","4.38","2442","",""
"3","Robin Hobb","Fantasy","4.391","La Reine solitaire","L'Assassin royal","6","4.448","1997","","4.45","2335","",""
"3","Robin Hobb","Fantasy","4.391","La Secte maudite","L'Assassin royal","8","4.448","2001","","4.52","1501","",""
"3","Robin Hobb","Fantasy","4.391","Les secrets de Castelcerf","L'Assassin royal","9","4.448","2002","","4.42","1434","",""
"3","Robin Hobb","Fantasy","4.391","Serments et deuils","L'Assassin royal","10","4.448","2002","","4.49","1366","",""
"3","Robin Hobb","Fantasy","4.391","Le dragon des glaces","L'Assassin royal","11","4.448","2004","","4.4","1332","",""
"3","Robin Hobb","Fantasy","4.391","L'homme noir","L'Assassin royal","12","4.448","2004","","4.55","1305","",""
"3","Robin Hobb","Fantasy","4.391","Adieux et retrouvailles","L'Assassin royal","13","4.448","1997","","4.6","1281","",""
"3","Robin Hobb","Fantasy","4.391","La fille de l'assassin","L'Assassin royal","15; Le fou et l'assassin #1, part 2 of 2","4.448","2015","","4.52","741","",""
"3","Robin Hobb","Fantasy","4.391","Le vaisseau magique","Les aventuriers de la mer","1","4.4","1998","","4.16","1300","",""
"3","Robin Hobb","Fantasy","4.391","Le navire aux esclaves","Les aventuriers de la mer","2","4.4","2012","","4.31","1141","",""
"3","Robin Hobb","Fantasy","4.391","La conquête de la liberté","Les aventuriers de la mer","3","4.4","2004","","4.41","1050","",""
"3","Robin Hobb","Fantasy","4.391","Brumes et tempêtes","Les aventuriers de la mer","4","4.4","1999","","4.38","978","",""
"3","Robin Hobb","Fantasy","4.391","Prisons d'eau et de bois","Les aventuriers de la mer","5","4.4","1999","","4.38","912","",""
"3","Robin Hobb","Fantasy","4.391","L'éveil des eaux dormantes","Les aventuriers de la mer","6","4.4","1999","","4.49","892","",""
"3","Robin Hobb","Fantasy","4.391","Le seigneur des trois règnes","Les aventuriers de la mer","7","4.4","2000","","4.42","833","",""
"3","Robin Hobb","Fantasy","4.391","Ombres et flammes","Les aventuriers de la mer","8","4.4","1998","","4.49","833","",""
"3","Robin Hobb","Fantasy","4.391","Les marches du trône","Les aventuriers de la mer","9","4.4","2012","","4.56","805","",""
"3","Robin Hobb","Fantasy","4.391","Ship of Magic","Liveship Traders","1","4.317","1998","","4.25","114054","",""
"3","Robin Hobb","Fantasy","4.391","The Mad Ship","Liveship Traders","2","4.317","1999","","4.35","91479","",""
"3","Robin Hobb","Fantasy","4.391","Ship of Destiny","Liveship Traders","3","4.317","2000","","4.35","95582","",""
"3","Robin Hobb","Fantasy","4.391","L'Assassin royal : Première époque, 1","","","","2000","","4.59","1606","",""
"3","Robin Hobb","Fantasy","4.391","Le Prophète blanc","Assassin royal","7","4.36","2001","","4.36","1560","",""
"3","Robin Hobb","Fantasy","4.391","Fool's Errand","Tawny Man","1","4.433","2001","","4.4","112066","",""
"3","Robin Hobb","Fantasy","4.391","Golden Fool","Tawny Man","2","4.433","2002","","4.39","98351","",""
"3","Robin Hobb","Fantasy","4.391","Fool's Fate","Tawny Man","3","4.433","2003","","4.51","95106","",""
"3","Robin Hobb","Fantasy","4.391","The Dragon Keeper","Rain Wild Chronicles","1","4.09","2009","","3.96","57976","",""
"3","Robin Hobb","Fantasy","4.391","Dragon Haven","Rain Wild Chronicles","2","4.09","2010","","4.11","47790","",""
"3","Robin Hobb","Fantasy","4.391","City of Dragons","Rain Wild Chronicles","3","4.09","2011","","4.1","43883","",""
"3","Robin Hobb","Fantasy","4.391","Blood of Dragons","Rain Wild Chronicles","4","4.09","2013","","4.19","41915","",""
"3","Robin Hobb","Fantasy","4.391","The Liveship Traders Trilogy","","","","2012","","4.61","6921","",""
"3","Robin Hobb","Fantasy","4.391","The Complete Tawny Man Trilogy: Fool’s Errand, The Golden Fool, Fool’s Fate","","","","2013","","4.72","7288","",""
"3","Robin Hobb","Fantasy","4.391","The Willful Princess and the Piebald Prince","","","","2013","","4.08","12401","",""
"3","Robin Hobb","Fantasy","4.391","Fool's Assassin","The Fitz and the Fool","1","4.55","2014","","4.44","69365","",""
"3","Robin Hobb","Fantasy","4.391","Fool's Quest","The Fitz and the Fool","2","4.55","2015","","4.54","54251","",""
"3","Robin Hobb","Fantasy","4.391","Assassin's Fate","The Fitz and the Fool","3","4.55","2017","","4.67","52120","",""
"3","Robin Hobb","Fantasy","4.391","The Rain Wilds Chronicles: A Thrilling Fantasy Series About Dragons in a World That Needs and Fears Them","","","","2014","","4.56","4517","",""
"4","Andy Weir","Science Fiction","4.377","The Egg","","","","2009","","4.2","41937","",""
"4","Andy Weir","Science Fiction","4.377","The Martian","","","","2011","","4.42","1367330","",""
"4","Andy Weir","Science Fiction","4.377","Project Hail Mary","","","","2021","","4.51","1808277","",""
"5","J. Zachary Pike","Fantasy","4.367","Orconomics","The Dark Profit Saga","1","4.367","2014","","4.26","10827","",""
"5","J. Zachary Pike","Fantasy","4.367","Son of a Liche","The Dark Profit Saga","2","4.367","2018","","4.41","5416","",""
"5","J. Zachary Pike","Fantasy","4.367","Dragonfired","The Dark Profit Saga","3","4.367","2023","","4.43","2583","",""
"6","Art Spiegelman","Graphic Novel","4.43","The Complete Maus","","","","1980","","4.58","263590","",""
"6","Art Spiegelman","Graphic Novel","4.43","Maus I: A Survivor's Tale: My Father Bleeds History","Maus","1","4.41","1986","","4.39","384834","",""
"6","Art Spiegelman","Graphic Novel","4.43","Maus II: A Survivor's Tale: And Here My Troubles Began","Maus","2","4.41","1991","","4.43","160475","",""
"6","Art Spiegelman","Graphic Novel","4.43","MetaMaus: A Look Inside a Modern Classic, Maus","","","","2011","","4.32","3148","",""
"7","M.L. Wang","Fantasy","4.365","The Sword of Kaigen","","","","2019","","4.42","110029","",""
"7","M.L. Wang","Fantasy","4.365","Blood Over Bright Haven","","","","2023","","4.31","174567","",""
"8","Christopher Ruocchio","Science Fiction","4.329","Empire of Silence","The Sun Eater","1","4.329","2018","","3.93","64941","",""
"8","Christopher Ruocchio","Science Fiction","4.329","The Lesser Devil","The Sun Eater","1.5","4.329","2020","","3.85","9328","",""
"8","Christopher Ruocchio","Science Fiction","4.329","Howling Dark","The Sun Eater","2","4.329","2019","","4.32","35233","",""
"8","Christopher Ruocchio","Science Fiction","4.329","Demon in White","The Sun Eater","3","4.329","2020","","4.61","27132","",""
"8","Christopher Ruocchio","Science Fiction","4.329","Kingdoms of Death","The Sun Eater","4","4.329","2022","","4.46","21987","",""
"8","Christopher Ruocchio","Science Fiction","4.329","Ashes of Man","The Sun Eater","5","4.329","2022","","4.47","19514","",""
"8","Christopher Ruocchio","Science Fiction","4.329","Disquiet Gods","The Sun Eater","6","4.329","2024","","4.55","16794","",""
"8","Christopher Ruocchio","Science Fiction","4.329","Shadows Upon Time","The Sun Eater","7","4.329","2025","","4.44","12481","",""
"9","Steven Erikson","Fantasy","4.356","Gardens of the Moon","Malazan Book of the Fallen","1","4.358","1999","","3.94","143573","",""
"9","Steven Erikson","Fantasy","4.356","Deadhouse Gates","Malazan Book of the Fallen","2","4.358","2000","","4.28","87608","",""
"9","Steven Erikson","Fantasy","4.356","Memories of Ice","Malazan Book of the Fallen","3","4.358","2001","","4.48","69824","",""
"9","Steven Erikson","Fantasy","4.356","House of Chains","Malazan Book of the Fallen","4","4.358","2002","","4.34","57611","",""
"9","Steven Erikson","Fantasy","4.356","Midnight Tides","Malazan Book of the Fallen","5","4.358","2004","","4.43","49978","",""
"9","Steven Erikson","Fantasy","4.356","The Bonehunters","Malazan Book of the Fallen","6","4.358","2006","","4.5","47367","",""
"9","Steven Erikson","Fantasy","4.356","Reaper's Gale","Malazan Book of the Fallen","7","4.358","2007","","4.4","41320","",""
"9","Steven Erikson","Fantasy","4.356","Toll the Hounds","Malazan Book of the Fallen","8","4.358","2008","","4.38","39440","",""
"9","Steven Erikson","Fantasy","4.356","Dust of Dreams","Malazan Book of the Fallen","9","4.358","2009","","4.3","34651","",""
"9","Steven Erikson","Fantasy","4.356","The Crippled God","Malazan Book of the Fallen","10","4.358","2011","","4.53","35313","",""
"9","Steven Erikson","Fantasy","4.356","Forge of Darkness","The Kharkanas Trilogy","1","4.17","2012","","4.15","10310","",""
"9","Steven Erikson","Fantasy","4.356","Fall of Light","The Kharkanas Trilogy","2","4.17","2016","","4.19","4646","",""
"9","Steven Erikson","Fantasy","4.356","The God is Not Willing","Witness","1","4.535","2021","","4.59","5571","",""
"9","Steven Erikson","Fantasy","4.356","No Life Forsaken","Witness","2","4.535","2025","","4.48","1934","",""
"10","Alexandre Dumas","Classic Fiction","4.381","Los tres mosqueteros, 2","Les trois mousquetaires","2/2","4.27","1844","","4.27","1655","",""
"10","Alexandre Dumas","Classic Fiction","4.381","Les trois mousquetaires 1 (#1/2)","","","","1844","","4.2","3467","",""
"10","Alexandre Dumas","Classic Fiction","4.381","The Three Musketeers","","","","1844","","4.1","353969","",""
"10","Alexandre Dumas","Classic Fiction","4.381","Twenty Years After","Musketeers Trilogy","2","4.09","1845","","4.09","26447","",""
"10","Alexandre Dumas","Classic Fiction","4.381","Queen Margot","The Valois Trilogy","1","4.13","1845","","4.16","14970","",""
"10","Alexandre Dumas","Classic Fiction","4.381","Chicot the Jester","The Valois Trilogy","2","4.13","1846","","4.24","1651","",""
"10","Alexandre Dumas","Classic Fiction","4.381","The Forty-Five Guardsmen","The Valois Trilogy","3","4.13","1847","","3.99","1521","",""
"10","Alexandre Dumas","Classic Fiction","4.381","Contele de Monte Cristo, #1/4","Le comte de Monte-Cristo","1/4","4.592","1846","","4.63","1341","",""
"10","Alexandre Dumas","Classic Fiction","4.381","Contele de Monte Cristo, #2/4","Le comte de Monte-Cristo","2/4","4.592","1846","","4.5","656","",""
"10","Alexandre Dumas","Classic Fiction","4.381","Contele de Monte Cristo, #3/4","Le comte de Monte-Cristo","3/4","4.592","1846","","4.6","681","",""
"10","Alexandre Dumas","Classic Fiction","4.381","Contele de Monte Cristo, #4/4","Le comte de Monte-Cristo","4/4","4.592","1846","","4.64","694","",""
"10","Alexandre Dumas","Classic Fiction","4.381","Le Comte de Monte-Cristo I (#1/2)","","","","1846","","4.54","19610","",""
"10","Alexandre Dumas","Classic Fiction","4.381","Le Comte de Monte-Cristo II (#2/2)","","","","1846","","4.62","15139","",""
"10","Alexandre Dumas","Classic Fiction","4.381","The Count of Monte Cristo","","","","1846","","4.34","1073588","",""
"10","Alexandre Dumas","Classic Fiction","4.381","كونت مونت كريستو #2 [kunt munt kristu, 2/3] (Le comte de Monte-Cristo #2/3) (كونت مونت كريستو)","","","","1846","","4.56","1503","",""
"10","Alexandre Dumas","Classic Fiction","4.381","كونت مونت كريستو #3 [kunt munt kristu, 3/3] (Le comte de Monte-Cristo #3/3) (كونت مونت كريستو)","","","","1846","","4.65","1859","",""
"10","Alexandre Dumas","Classic Fiction","4.381","‫كونت مونت كريستو‬ 1# [Count of Monte Cristo, vol. 1 of 3]","","","","1846","","4.55","2058","",""
"10","Alexandre Dumas","Classic Fiction","4.381","Il visconte di Bragelonne","Trilogie des mousquetaires","3","4.17","1850","","4.17","1386","",""
"11","Will Wight","Fantasy","4.346","House of Blades","Traveler's Gate","1","4.14","2013","","4.07","18600","",""
"11","Will Wight","Fantasy","4.346","The Crimson Vault","Traveler's Gate","2","4.14","2013","","4.18","14083","",""
"11","Will Wight","Fantasy","4.346","City of Light","Traveler's Gate","3","4.14","2014","","4.17","12520","",""
"11","Will Wight","Fantasy","4.346","Tower of Winter","Traveler's Gate Chronicles","1","4.276","2013","","4.1","1208","",""
"11","Will Wight","Fantasy","4.346","Gardens of Mist","Traveler's Gate Chronicles","2","4.276","2013","","4.12","1036","",""
"11","Will Wight","Fantasy","4.346","The Lightning Wastes","Traveler's Gate Chronicles","3","4.276","2014","","4.21","1011","",""
"11","Will Wight","Fantasy","4.346","The White Flame","Traveler's Gate Chronicles","3.1","4.276","2018","","4.14","21","",""
"11","Will Wight","Fantasy","4.346","The Incarnation's Daughter","Traveler's Gate Chronicles","3.2","4.276","2016","","4.27","22","",""
"11","Will Wight","Fantasy","4.346","A Collection of Swords","Traveler's Gate Chronicles","3.3","4.276","2016","","4.48","23","",""
"11","Will Wight","Fantasy","4.346","The Reaping Dance","Traveler's Gate Chronicles","3.4","4.276","2016","","4.42","19","",""
"11","Will Wight","Fantasy","4.346","Steel Diplomacy","Traveler's Gate Chronicles","3.5","4.276","2016","","4.47","17","",""
"11","Will Wight","Fantasy","4.346","Of Sea and Shadow","The Elder Empire: Sea","1","4.207","2014","","4.13","5936","",""
"11","Will Wight","Fantasy","4.346","Of Dawn and Darkness","The Elder Empire: Sea","2","4.207","2015","","4.18","4172","",""
"11","Will Wight","Fantasy","4.346","Of Kings and Killers","The Elder Empire: Sea","3","4.207","2020","","4.31","3369","",""
"11","Will Wight","Fantasy","4.346","Of Shadow and Sea","The Elder Empire: Shadow","1","4.15","2014","","4.03","5726","",""
"11","Will Wight","Fantasy","4.346","Of Darkness and Dawn","The Elder Empire: Shadow","2","4.15","2015","","4.16","4116","",""
"11","Will Wight","Fantasy","4.346","Of Killers and Kings","The Elder Empire: Shadow","3","4.15","2020","","4.26","3115","",""
"11","Will Wight","Fantasy","4.346","Unsouled","Cradle","1","4.508","2016","","4.14","61939","",""
"11","Will Wight","Fantasy","4.346","Soulsmith","Cradle","2","4.508","2016","","4.32","44914","",""
"11","Will Wight","Fantasy","4.346","Blackflame","Cradle","3","4.508","2017","","4.5","41312","",""
"11","Will Wight","Fantasy","4.346","Skysworn","Cradle","4","4.508","2017","","4.37","38790","",""
"11","Will Wight","Fantasy","4.346","Ghostwater","Cradle","5","4.508","2018","","4.55","37794","",""
"11","Will Wight","Fantasy","4.346","Underlord","Cradle","6","4.508","2019","","4.61","36935","",""
"11","Will Wight","Fantasy","4.346","Uncrowned","Cradle","7","4.508","2019","","4.56","35645","",""
"11","Will Wight","Fantasy","4.346","Wintersteel","Cradle","8","4.508","2020","","4.68","34953","",""
"11","Will Wight","Fantasy","4.346","Bloodline","Cradle","9","4.508","2021","","4.49","32475","",""
"11","Will Wight","Fantasy","4.346","Reaper","Cradle","10","4.508","2021","","4.66","31853","",""
"11","Will Wight","Fantasy","4.346","Dreadgod","Cradle","11","4.508","2022","","4.61","28692","",""
"11","Will Wight","Fantasy","4.346","Waybound","Cradle","12","4.508","2023","","4.61","25261","",""
"11","Will Wight","Fantasy","4.346","The Captain","The Last Horizon","1","4.385","2023","","4.27","10141","",""
"11","Will Wight","Fantasy","4.346","The Engineer","The Last Horizon","2","4.385","2023","","4.41","6383","",""
"11","Will Wight","Fantasy","4.346","The Knight","The Last Horizon","3","4.385","2024","","4.45","4845","",""
"11","Will Wight","Fantasy","4.346","The Pilot","The Last Horizon","4","4.385","2025","","4.41","3105","",""
"11","Will Wight","Fantasy","4.346","Threshold: Stories from Cradle","","","","2025","","4.43","5052","",""
"12","Douglas Adams","Science Fiction","4.306","The Hitchhiker's Guide to the Galaxy: Primary Phase","","","","1978","","4.5","2865","",""
"12","Douglas Adams","Science Fiction","4.306","The Hitch Hiker's Guide to the Galaxy: A Trilogy in Five Parts","","","","1979","","4.34","23116","",""
"12","Douglas Adams","Science Fiction","4.306","The Hitchhiker's Guide to the Galaxy: The Secondary Phase","Hitchhiker's Guide: Radio Play","2","4.42","1980","","4.42","1520","",""
"12","Douglas Adams","Science Fiction","4.306","The Restaurant at the End of the Universe","The Hitchhiker's Guide to the Galaxy","2","4.143","1980","","4.19","323845","",""
"12","Douglas Adams","Science Fiction","4.306","Life, the Universe and Everything","The Hitchhiker's Guide to the Galaxy","3","4.143","1982","","4.16","255418","",""
"12","Douglas Adams","Science Fiction","4.306","So Long, and Thanks for All the Fish","The Hitchhiker's Guide to the Galaxy","4","4.143","1984","","4.08","189014","",""
"12","Douglas Adams","Science Fiction","4.306","The Hitchhiker's Trilogy","","","","1985","","4.33","2010","",""
"12","Douglas Adams","Science Fiction","4.306","The Original Hitchhiker Radio Scripts","","","","1985","","4.54","1871","",""
"12","Douglas Adams","Science Fiction","4.306","The Hitchhiker's Guide to the Galaxy: A Trilogy in Four Parts","","","","1986","","4.5","36816","",""
"12","Douglas Adams","Science Fiction","4.306","Dirk Gently's Holistic Detective Agency","Dirk Gently","1","4","1987","","3.97","150695","",""
"12","Douglas Adams","Science Fiction","4.306","The Long Dark Tea-Time of the Soul","Dirk Gently","2","4","1988","","4.03","90281","",""
"12","Douglas Adams","Science Fiction","4.306","The More Than Complete Hitchhiker's Guide","","","","1989","","4.57","3786","",""
"12","Douglas Adams","Science Fiction","4.306","Last Chance to See","","","","1990","","4.32","26618","",""
"12","Douglas Adams","Science Fiction","4.306","The Hitchhiker's Guide to the Galaxy: Tertiary Phase","","","","2004","","4.34","1158","",""
"13","Evan Winter","Fantasy","4.34","The Rage of Dragons","The Burning","1","4.34","2017","","4.3","50535","",""
"13","Evan Winter","Fantasy","4.34","The Fires of Vengeance","The Burning","2","4.34","2020","","4.38","23591","",""
"14","Joe Hill","Horror","4.293","Locke & Key, Vol. 1: Welcome to Lovecraft","","","","2008","","4.15","100807","",""
"14","Joe Hill","Horror","4.293","Locke & Key: Welcome to Lovecraft #1","","","","2008","","4.11","11714","",""
"14","Joe Hill","Horror","4.293","Locke & Key, Vol. 2: Head Games","","","","2009","","4.31","47454","",""
"14","Joe Hill","Horror","4.293","Locke & Key, Vol. 3: Crown of Shadows","","","","2010","","4.39","41137","",""
"14","Joe Hill","Horror","4.293","Locke & Key, Vol. 4: Keys to the Kingdom","","","","2011","","4.37","36913","",""
"14","Joe Hill","Horror","4.293","Locke & Key: The Guide to Known Keys","","","","2011","","4.17","2750","",""
"14","Joe Hill","Horror","4.293","Locke & Key, Vol. 5: Clockworks","","","","2013","","4.46","34927","",""
"14","Joe Hill","Horror","4.293","NOS4A2","","","","2013","","4.07","150417","",""
"14","Joe Hill","Horror","4.293","Locke & Key, Vol. 6: Alpha & Omega","","","","2014","","4.48","32456","",""
"14","Joe Hill","Horror","4.293","Wraith","","","","2014","","4.07","5555","",""
"14","Joe Hill","Horror","4.293","Locke & Key: Master Edition, Volume One","","","","2015","","4.47","1808","",""
"14","Joe Hill","Horror","4.293","Locke & Key: Master Edition, Volume Three","","","","2016","","4.62","1079","",""
"14","Joe Hill","Horror","4.293","Locke & Key: Master Edition, Volume Two","","","","2016","","4.5","1255","",""
"14","Joe Hill","Horror","4.293","Dark Carousel","","","","2018","","4.13","1000","",""
"14","Joe Hill","Horror","4.293","Basketful of Heads","","","","2020","","4.09","7279","",""
"14","Joe Hill","Horror","4.293","Locke & Key: The Golden Age","","","","2022","","4.34","2199","",""
"14","Joe Hill","Horror","4.293","Ushers","","","","2024","","4.2","29797","",""
"14","Joe Hill","Horror","4.293","King Sorrow","","","","2025","","4.35","33403","",""
"15","James Islington","Fantasy","4.322","The Shadow of What Was Lost","The Licanius Trilogy","1","4.247","2014","","4.14","100957","",""
"15","James Islington","Fantasy","4.322","An Echo of Things to Come","The Licanius Trilogy","2","4.247","2017","","4.2","59815","",""
"15","James Islington","Fantasy","4.322","The Light of All That Falls","The Licanius Trilogy","3","4.247","2019","","4.4","46813","",""
"15","James Islington","Fantasy","4.322","The Will of the Many","Hierarchy","1","4.435","2023","","4.57","276671","",""
"15","James Islington","Fantasy","4.322","The Strength of the Few","Hierarchy","2","4.435","2025","","4.3","122706","",""
"16","Simon Stålenhag","Science Fiction","4.27","Tales from the Loop","Tales from the Loop","1","4.28","2014","","4.27","4903","",""
"16","Simon Stålenhag","Science Fiction","4.27","Things from the Flood","Tales from the Loop","2","4.28","2016","","4.29","2524","",""
"16","Simon Stålenhag","Science Fiction","4.27","The Electric State","","","","2017","","4.33","10115","",""
"16","Simon Stålenhag","Science Fiction","4.27","The Labyrinth","","","","2020","","4.19","2138","",""
"17","S.A. Chakraborty","Fantasy","4.32","The City of Brass","The Daevabad Trilogy","1","4.315","2017","","4.14","164818","",""
"17","S.A. Chakraborty","Fantasy","4.32","The Kingdom of Copper","The Daevabad Trilogy","2","4.315","2019","","4.38","97976","",""
"17","S.A. Chakraborty","Fantasy","4.32","The Empire of Gold","The Daevabad Trilogy","3","4.315","2020","","4.49","80838","",""
"17","S.A. Chakraborty","Fantasy","4.32","The River of Silver: Tales from the Daevabad Trilogy","The Daevabad Trilogy","3.5","4.315","2022","","4.25","14155","",""
"17","S.A. Chakraborty","Fantasy","4.32","The Adventures of Amina al-Sirafi","Amina al-Sirafi","1","4.33","2023","","4.24","89120","",""
"17","S.A. Chakraborty","Fantasy","4.32","The Tapestry of Fate","Amina al-Sirafi","2","4.33","2026","","4.42","7567","",""
"18","Kristin Hannah","Historical Fiction","4.29","Between Sisters","","","","2003","","4.1","141796","",""
"18","Kristin Hannah","Historical Fiction","4.29","The Things We Do for Love","","","","2004","","4.18","125916","",""
"18","Kristin Hannah","Historical Fiction","4.29","Magic Hour","","","","2006","","4.16","267961","",""
"18","Kristin Hannah","Historical Fiction","4.29","Firefly Lane","Firefly Lane","1","4.11","2008","","4.2","504664","",""
"18","Kristin Hannah","Historical Fiction","4.29","Fly Away","Firefly Lane","2","4.11","2013","","4.02","182090","",""
"18","Kristin Hannah","Historical Fiction","4.29","True Colors","","","","2009","","4.11","159756","",""
"18","Kristin Hannah","Historical Fiction","4.29","Winter Garden","","","","2010","","4.28","481785","",""
"18","Kristin Hannah","Historical Fiction","4.29","Night Road","","","","2011","","4.27","374688","",""
"18","Kristin Hannah","Historical Fiction","4.29","Home Front","","","","2012","","4.26","263766","",""
"18","Kristin Hannah","Historical Fiction","4.29","The Kristin Hannah Collection: Volume 1: Firefly Lane, True Colors, Fly Away","","","","2014","","4.49","1147","",""
"18","Kristin Hannah","Historical Fiction","4.29","The Nightingale","","","","2015","","4.65","2344102","",""
"18","Kristin Hannah","Historical Fiction","4.29","The Great Alone","","","","2018","","4.46","1330444","",""
"18","Kristin Hannah","Historical Fiction","4.29","The Four Winds","","","","2021","","4.3","1079349","",""
"18","Kristin Hannah","Historical Fiction","4.29","The Women","","","","2024","","4.58","1788027","",""
"19","Michael J. Sullivan","Fantasy","4.313","The Crown Conspiracy","The Riyria Revelations","1","4.35","2008","","4.18","27599","",""
"19","Michael J. Sullivan","Fantasy","4.313","Avempartha","The Riyria Revelations","2","4.35","2009","","4.29","16394","",""
"19","Michael J. Sullivan","Fantasy","4.313","Nyphron Rising","The Riyria Revelations","3","4.35","2009","","4.32","13219","",""
"19","Michael J. Sullivan","Fantasy","4.313","The Emerald Storm","The Riyria Revelations","4","4.35","2010","","4.28","11571","",""
"19","Michael J. Sullivan","Fantasy","4.313","Wintertide","The Riyria Revelations","5","4.35","2010","","4.46","12365","",""
"19","Michael J. Sullivan","Fantasy","4.313","Percepliquis","The Riyria Revelations","6","4.35","2012","","4.57","11857","",""
"19","Michael J. Sullivan","Fantasy","4.313","The Crown Tower","The Riyria Chronicles","1","4.278","2013","","4.33","44242","",""
"19","Michael J. Sullivan","Fantasy","4.313","The Viscount and the Witch","The Riyria Chronicles","1.5","4.278","2011","","4.23","6533","",""
"19","Michael J. Sullivan","Fantasy","4.313","The Rose and the Thorn","The Riyria Chronicles","2","4.278","2013","","4.4","31595","",""
"19","Michael J. Sullivan","Fantasy","4.313","The Jester","The Riyria Chronicles","2.5","4.278","2014","","3.94","6788","",""
"19","Michael J. Sullivan","Fantasy","4.313","Professional Integrity","The Riyria Chronicles","2.6","4.278","2015","","4.19","4388","",""
"19","Michael J. Sullivan","Fantasy","4.313","The Death of Dulgath","The Riyria Chronicles","3","4.278","2015","","4.37","21793","",""
"19","Michael J. Sullivan","Fantasy","4.313","The Disappearance of Winter's Daughter","The Riyria Chronicles","4","4.278","2017","","4.4","14046","",""
"19","Michael J. Sullivan","Fantasy","4.313","Drumindor","The Riyria Chronicles","5","4.278","2024","","4.36","4509","",""
"19","Michael J. Sullivan","Fantasy","4.313","Pile of Bones","The Legends of the First Empire","0.5","4.254","2019","","3.82","2354","",""
"19","Michael J. Sullivan","Fantasy","4.313","Age of Myth","The Legends of the First Empire","1","4.254","2016","","4.22","42326","",""
"19","Michael J. Sullivan","Fantasy","4.313","Age of Swords","The Legends of the First Empire","2","4.254","2017","","4.28","27263","",""
"19","Michael J. Sullivan","Fantasy","4.313","Age of War","The Legends of the First Empire","3","4.254","2018","","4.43","21878","",""
"19","Michael J. Sullivan","Fantasy","4.313","Age of Legend","The Legends of the First Empire","4","4.254","2019","","4.35","16335","",""
"19","Michael J. Sullivan","Fantasy","4.313","Age of Death","The Legends of the First Empire","5","4.254","2020","","4.28","13784","",""
"19","Michael J. Sullivan","Fantasy","4.313","Age of Empyre","The Legends of the First Empire","6","4.254","2020","","4.4","13243","",""
"19","Michael J. Sullivan","Fantasy","4.313","Nolyn","The Rise and Fall","1","4.467","2021","","4.18","8816","",""
"19","Michael J. Sullivan","Fantasy","4.313","Farilane","The Rise and Fall","2","4.467","2022","","4.58","6111","",""
"19","Michael J. Sullivan","Fantasy","4.313","Esrahaddon","The Rise and Fall","3","4.467","2023","","4.64","4989","",""
"20","Dennis E. Taylor","Science Fiction","4.264","Outland","Quantum Earth","1","4.075","2015","","4.1","12432","",""
"20","Dennis E. Taylor","Science Fiction","4.264","Earthside","Quantum Earth","2","4.075","2023","","4.05","5898","",""
"20","Dennis E. Taylor","Science Fiction","4.264","We Are Legion","We Are Bob) (Bobiverse","1","4.24","2016","","4.24","142382","",""
"20","Dennis E. Taylor","Science Fiction","4.264","For We Are Many","Bobiverse","2","4.338","2017","","4.36","81728","",""
"20","Dennis E. Taylor","Science Fiction","4.264","All These Worlds","Bobiverse","3","4.338","2017","","4.4","70715","",""
"20","Dennis E. Taylor","Science Fiction","4.264","Heaven's River","Bobiverse","4","4.338","2020","","4.28","41407","",""
"20","Dennis E. Taylor","Science Fiction","4.264","Not Till We Are Lost","Bobiverse","5","4.338","2024","","4.31","22730","",""
"20","Dennis E. Taylor","Science Fiction","4.264","The Bobiverse","","","","2018","","4.73","1805","",""
"20","Dennis E. Taylor","Science Fiction","4.264","The Singularity Trap","","","","2018","","4.05","15202","",""
"20","Dennis E. Taylor","Science Fiction","4.264","Roadkill","","","","2022","","4.12","7534","",""
"21","John Gwynne","Fantasy","4.307","Better to Live than to Die","The Faithful and the Fallen","0.5","4.232","2015","","3.52","281","",""
"21","John Gwynne","Fantasy","4.307","Malice","The Faithful and the Fallen","1","4.232","2012","","4.18","66227","",""
"21","John Gwynne","Fantasy","4.307","Valor","The Faithful and the Fallen","2","4.232","2014","","4.43","46324","",""
"21","John Gwynne","Fantasy","4.307","Ruin","The Faithful and the Fallen","3","4.232","2015","","4.5","38909","",""
"21","John Gwynne","Fantasy","4.307","Wrath","The Faithful and the Fallen","4","4.232","2016","","4.53","36211","",""
"21","John Gwynne","Fantasy","4.307","A Time of Dread","Of Blood and Bone","1","4.367","2018","","4.3","16625","",""
"21","John Gwynne","Fantasy","4.307","A Time of Blood","Of Blood and Bone","2","4.367","2019","","4.34","12848","",""
"21","John Gwynne","Fantasy","4.307","A Time of Courage","Of Blood and Bone","3","4.367","2020","","4.46","11828","",""
"21","John Gwynne","Fantasy","4.307","The Shadow of the Gods","The Bloodsworn Saga","1","4.373","2021","","4.18","114262","",""
"21","John Gwynne","Fantasy","4.307","The Hunger of the Gods","The Bloodsworn Saga","2","4.373","2022","","4.48","65197","",""
"21","John Gwynne","Fantasy","4.307","The Fury of the Gods","The Bloodsworn Saga","3","4.373","2024","","4.46","46731","",""
"22","Ken Follett","Historical Fiction","4.284","Eye of the Needle","","","","1978","","4.22","173572","",""
"22","Ken Follett","Historical Fiction","4.284","On Wings of Eagles","","","","1983","","4","16410","",""
"22","Ken Follett","Historical Fiction","4.284","The Evening and the Morning","Kingsbridge","0","4.312","2020","","4.39","139398","",""
"22","Ken Follett","Historical Fiction","4.284","The Pillars of the Earth","Kingsbridge","1","4.312","1989","","4.35","854476","",""
"22","Ken Follett","Historical Fiction","4.284","World Without End","Kingsbridge","2","4.312","2007","","4.33","283257","",""
"22","Ken Follett","Historical Fiction","4.284","A Column of Fire","Kingsbridge","3","4.312","2017","","4.27","130388","",""
"22","Ken Follett","Historical Fiction","4.284","The Armor of Light","Kingsbridge","4","4.312","2023","","4.22","64376","",""
"22","Ken Follett","Historical Fiction","4.284","Los pilares de la tierra I","","","","1989","","4.45","15661","",""
"22","Ken Follett","Historical Fiction","4.284","Os Pilares da Terra, Volume II","Os Pilares da Terra","2","4.51","1989","","4.51","3307","",""
"22","Ken Follett","Historical Fiction","4.284","A Dangerous Fortune","","","","1993","","4.17","58800","",""
"22","Ken Follett","Historical Fiction","4.284","A Place Called Freedom","","","","1995","","4.09","49379","",""
"22","Ken Follett","Historical Fiction","4.284","Jackdaws","","","","2001","","4.09","45013","",""
"22","Ken Follett","Historical Fiction","4.284","Hornet Flight","","","","2002","","4.02","30348","",""
"22","Ken Follett","Historical Fiction","4.284","Fall of Giants","The Century Trilogy","1","4.31","2005","","4.33","354449","",""
"22","Ken Follett","Historical Fiction","4.284","Winter of the World","The Century Trilogy","2","4.31","2012","","4.39","182323","",""
"22","Ken Follett","Historical Fiction","4.284","Edge of Eternity","The Century Trilogy","3","4.31","2014","","4.21","121663","",""
"22","Ken Follett","Historical Fiction","4.284","Um Mundo Sem Fim, Volume I","","","","2007","","4.42","1306","",""
"22","Ken Follett","Historical Fiction","4.284","Um Mundo Sem Fim, Volume II","","","","2007","","4.49","1139","",""
"22","Ken Follett","Historical Fiction","4.284","Trilogía The Century: La caída de los gigantes / El invierno del mundo / El umbral de la eternidad","","","","2014","","4.64","2165","",""
"22","Ken Follett","Historical Fiction","4.284","Never","","","","2021","","4.09","75885","",""
"23","T.J. Klune","Fantasy","4.305","Bear, Otter, and the Kid","Bear, Otter, and the Kid","1","4.39","2011","","4.17","15803","",""
"23","T.J. Klune","Fantasy","4.305","Who We Are","Bear, Otter, and the Kid","2","4.39","2012","","4.44","8380","",""
"23","T.J. Klune","Fantasy","4.305","The Art of Breathing","Bear, Otter, and the Kid","3","4.39","2014","","4.4","6364","",""
"23","T.J. Klune","Fantasy","4.305","The Long and Winding Road","Bear, Otter, and the Kid","4","4.39","2017","","4.55","3791","",""
"23","T.J. Klune","Fantasy","4.305","Sandy and Paul’s Gay Porno Adventure","At First Sight","0.5","4.328","2016","","4.26","511","",""
"23","T.J. Klune","Fantasy","4.305","Tell Me It's Real","At First Sight","1","4.328","2013","","4.22","9128","",""
"23","T.J. Klune","Fantasy","4.305","The Queen & the Homo Jock King","At First Sight","2","4.328","2016","","4.39","4376","",""
"23","T.J. Klune","Fantasy","4.305","Until You","At First Sight","3","4.328","2017","","4.42","2742","",""
"23","T.J. Klune","Fantasy","4.305","Why We Fight","At First Sight","4","4.328","2019","","4.35","2034","",""
"23","T.J. Klune","Fantasy","4.305","Into This River I Drown","","","","2013","","4.14","4577","",""
"23","T.J. Klune","Fantasy","4.305","John & Jackie","","","","2014","","4.49","1180","",""
"23","T.J. Klune","Fantasy","4.305","How to Be a Normal Person","How to Be","1","4.36","2015","","4.29","7954","",""
"23","T.J. Klune","Fantasy","4.305","How to Be a Movie Star","How to Be","2","4.36","2019","","4.43","2983","",""
"23","T.J. Klune","Fantasy","4.305","The Lightning-Struck Heart","Tales From Verania","1","4.403","2015","","4.36","17941","",""
"23","T.J. Klune","Fantasy","4.305","The Tragic Life of Lady Tina DeSilva","Tales From Verania","1.5","4.403","2015","","4.13","935","",""
"23","T.J. Klune","Fantasy","4.305","A Destiny of Dragons","Tales From Verania","2","4.403","2017","","4.4","8082","",""
"23","T.J. Klune","Fantasy","4.305","The Consumption of Magic","Tales From Verania","3","4.403","2017","","4.57","6235","",""
"23","T.J. Klune","Fantasy","4.305","A Wish Upon the Stars","Tales From Verania","4","4.403","2018","","4.63","5724","",""
"23","T.J. Klune","Fantasy","4.305","Fairytales From Verania","Tales From Verania","4.5","4.403","2021","","4.34","1552","",""
"23","T.J. Klune","Fantasy","4.305","The Damning Stone","Tales From Verania","5","4.403","2022","","4.39","3032","",""
"23","T.J. Klune","Fantasy","4.305","Wolfsong","Green Creek","1","4.34","2016","","4.18","118760","",""
"23","T.J. Klune","Fantasy","4.305","Ravensong","Green Creek","2","4.34","2018","","4.37","55966","",""
"23","T.J. Klune","Fantasy","4.305","Lovesong","Green Creek","2.5","4.34","2018","","4.33","8980","",""
"23","T.J. Klune","Fantasy","4.305","Heartsong","Green Creek","3","4.34","2019","","4.5","41619","",""
"23","T.J. Klune","Fantasy","4.305","Feralsong","Green Creek","3.5","4.34","2020","","4.34","6653","",""
"23","T.J. Klune","Fantasy","4.305","Lovesong Part II","Green Creek","3.6","4.34","2020","","4.17","4791","",""
"23","T.J. Klune","Fantasy","4.305","Brothersong","Green Creek","4","4.34","2020","","4.49","34254","",""
"23","T.J. Klune","Fantasy","4.305","Withered + Sere","Immemorial Year","1","4.345","2016","","4.19","1407","",""
"23","T.J. Klune","Fantasy","4.305","Crisped + Sere","Immemorial Year","2","4.345","2016","","4.5","936","",""
"23","T.J. Klune","Fantasy","4.305","Murmuration","","","","2016","","4.21","2328","",""
"23","T.J. Klune","Fantasy","4.305","Olive Juice","","","","2017","","4.39","1603","",""
"23","T.J. Klune","Fantasy","4.305","Blasphemy!","","","","2018","","4.01","1945","",""
"23","T.J. Klune","Fantasy","4.305","The Bones Beneath My Skin","","","","2018","","4.07","49457","",""
"23","T.J. Klune","Fantasy","4.305","The House in the Cerulean Sea","Cerulean Chronicles","1","4.225","2020","","4.35","1087233","",""
"23","T.J. Klune","Fantasy","4.305","Somewhere Beyond the Sea","Cerulean Chronicles","2","4.225","2024","","4.1","235134","",""
"23","T.J. Klune","Fantasy","4.305","The Extraordinaries","","","","2020","","4.04","26951","",""
"23","T.J. Klune","Fantasy","4.305","Flash Fire","The Extraordinaries","2","4.17","2021","","4.19","12807","",""
"23","T.J. Klune","Fantasy","4.305","Heat Wave","The Extraordinaries","3","4.17","2023","","4.15","8160","",""
"23","T.J. Klune","Fantasy","4.305","Under the Whispering Door","","","","2021","","4.1","339224","",""
"23","T.J. Klune","Fantasy","4.305","Reduce! Reuse! Recycle!","","","","2024","","4.26","1342","",""
"23","T.J. Klune","Fantasy","4.305","We Burned So Bright","","","","2026","","4.19","39886","",""
"24","Carl Sagan","Science Fiction","4.238","Carl Sagan's Cosmic Connection: An Extraterrestrial Perspective","","","","1973","","4.25","2224","",""
"24","Carl Sagan","Science Fiction","4.238","The Dragons of Eden: Speculations on the Evolution of Human Intelligence","","","","1977","","4.19","21785","",""
"24","Carl Sagan","Science Fiction","4.238","Broca's Brain: Reflections on the Romance of Science","","","","1979","","4.05","10975","",""
"24","Carl Sagan","Science Fiction","4.238","Cosmos","","","","1980","","4.4","162988","",""
"24","Carl Sagan","Science Fiction","4.238","Comet","","","","1985","","4.12","1201","",""
"24","Carl Sagan","Science Fiction","4.238","Contact","","","","1985","","4.15","155792","",""
"24","Carl Sagan","Science Fiction","4.238","Shadows of Forgotten Ancestors","","","","1992","","4.26","6292","",""
"24","Carl Sagan","Science Fiction","4.238","Pale Blue Dot: A Vision of the Human Future in Space","","","","1994","","4.33","40704","",""
"24","Carl Sagan","Science Fiction","4.238","The Demon-Haunted World: Science as a Candle in the Dark","","","","1995","","4.28","82754","",""
"24","Carl Sagan","Science Fiction","4.238","Billions & Billions: Thoughts on Life and Death at the Brink of the Millennium","","","","1997","","4.3","18012","",""
"24","Carl Sagan","Science Fiction","4.238","The Varieties of Scientific Experience: A Personal View of the Search for God","","","","2006","","4.29","10836","",""
"25","George R.R. Martin","Fantasy","4.295","Sandkings","","","","1981","","4.22","6524","",""
"25","George R.R. Martin","Fantasy","4.295","Tuf Voyaging","","","","1986","","4.11","13698","",""
"25","George R.R. Martin","Fantasy","4.295","A Game Of Thrones preview","","","","1996","","4.57","13891","",""
"25","George R.R. Martin","Fantasy","4.295","A Game of Thrones","A Song of Ice and Fire","1","4.424","1996","","4.45","2803905","",""
"25","George R.R. Martin","Fantasy","4.295","A Clash of Kings","A Song of Ice and Fire","2","4.424","1998","","4.42","1046754","",""
"25","George R.R. Martin","Fantasy","4.295","A Storm of Swords","A Song of Ice and Fire","3","4.424","2000","","4.55","867713","",""
"25","George R.R. Martin","Fantasy","4.295","A Storm of Swords 2: Blood and Gold","A Song of Ice and Fire","3, Part 2 of 2","4.424","2000","","4.55","106929","",""
"25","George R.R. Martin","Fantasy","4.295","A Storm of Swords: Steel and Snow","A Song of Ice and Fire","3.1","4.424","2000","","4.47","92394","",""
"25","George R.R. Martin","Fantasy","4.295","A Feast for Crows","A Song of Ice and Fire","4","4.424","2005","","4.18","809821","",""
"25","George R.R. Martin","Fantasy","4.295","A Dance with Dragons","A Song of Ice and Fire","5","4.424","2011","","4.34","753417","",""
"25","George R.R. Martin","Fantasy","4.295","A Dance with Dragons 2: After the Feast","A Song of Ice and Fire","5, Part 2 of 2","4.424","2011","","4.43","33689","",""
"25","George R.R. Martin","Fantasy","4.295","Die Herren von Winterfell","Das Lied von Eis und Feuer","1","4.32","1996","","4.27","44820","",""
"25","George R.R. Martin","Fantasy","4.295","Das Erbe von Winterfell","Das Lied von Eis und Feuer","2","4.32","1996","","4.46","13787","",""
"25","George R.R. Martin","Fantasy","4.295","Der Thron der Sieben Königreiche","Das Lied von Eis und Feuer","3","4.32","2000","","4.36","11230","",""
"25","George R.R. Martin","Fantasy","4.295","Die Saat des goldenen Löwen","Das Lied von Eis und Feuer","4","4.32","1998","","4.4","12500","",""
"25","George R.R. Martin","Fantasy","4.295","Zeit der Krähen","Das Lied von Eis und Feuer","7","4.32","2005","","4.17","10011","",""
"25","George R.R. Martin","Fantasy","4.295","Die dunkle Königin","Das Lied von Eis und Feuer","8","4.32","2005","","4.26","7014","",""
"25","George R.R. Martin","Fantasy","4.295","Le Trône de fer","Le trône de fer","1","4.23","2006","","4.2","1832","",""
"25","George R.R. Martin","Fantasy","4.295","Le donjon rouge","Le trône de fer","2","4.23","2012","","4.31","1083","",""
"25","George R.R. Martin","Fantasy","4.295","La bataille des rois","Le trône de fer","3","4.23","2006","","4.16","810","",""
"25","George R.R. Martin","Fantasy","4.295","L'ombre maléfique","Le trône de fer","4","4.23","1998","","4.25","720","",""
"25","George R.R. Martin","Fantasy","4.295","L'invincible forteresse","Le trône de fer","5","4.23","1998","","4.23","733","",""
"25","George R.R. Martin","Fantasy","4.295","The Hedge Knight","The Tales of Dunk and Egg","1","4.23","1998","","4.32","33513","",""
"25","George R.R. Martin","Fantasy","4.295","The Sworn Sword","The Tales of Dunk and Egg","2","4.23","2003","","4.11","22221","",""
"25","George R.R. Martin","Fantasy","4.295","The Mystery Knight","The Tales of Dunk and Egg","3","4.23","2010","","4.26","21818","",""
"25","George R.R. Martin","Fantasy","4.295","Tempesta di spade","Le Cronache del Ghiaccio e del Fuoco","5","4.233","2000","","4.35","1816","",""
"25","George R.R. Martin","Fantasy","4.295","Il portale delle tenebre","Le Cronache del Ghiaccio e del Fuoco","7","4.233","2000","","4.46","1510","",""
"25","George R.R. Martin","Fantasy","4.295","I guerrieri del ghiaccio","Le Cronache del Ghiaccio e del Fuoco","10","4.233","2011","","4.05","1528","",""
"25","George R.R. Martin","Fantasy","4.295","I fuochi di Valyria","Le Cronache del Ghiaccio e del Fuoco","11","4.233","2011","","4.07","1412","",""
"25","George R.R. Martin","Fantasy","4.295","Dreamsongs, Volume II","","","","2003","","4.04","2721","",""
"25","George R.R. Martin","Fantasy","4.295","The Lands of Ice and Fire: Maps from King's Landing to Across the Narrow Sea","","","","2012","","4.43","1714","",""
"25","George R.R. Martin","Fantasy","4.295","The World of Ice & Fire: The Untold History of Westeros and the Game of Thrones","","","","2014","","4.26","43060","",""
"25","George R.R. Martin","Fantasy","4.295","Fire & Blood","A Targaryen History","1","4.06","2018","","4.06","154974","",""
"25","George R.R. Martin","Fantasy","4.295","The Rise of the Dragon: An Illustrated History of the Targaryen Dynasty, Volume One","","","","2022","","4.25","4064","",""
"26","Arthur Conan Doyle","Mystery","4.28","A Study in Scarlet / The Hound of the Baskervilles","","","","1887","","4.05","2880","",""
"26","Arthur Conan Doyle","Mystery","4.28","A Study in Scarlet","Sherlock Holmes","1","4.141","1887","","4.13","508522","",""
"26","Arthur Conan Doyle","Mystery","4.28","The Sign of Four","Sherlock Holmes","2","4.141","1890","","3.88","184762","",""
"26","Arthur Conan Doyle","Mystery","4.28","The Adventures of Sherlock Holmes","Sherlock Holmes","3","4.141","1892","","4.3","333010","",""
"26","Arthur Conan Doyle","Mystery","4.28","The Memoirs of Sherlock Holmes","Sherlock Holmes","4","4.141","1893","","4.29","107939","",""
"26","Arthur Conan Doyle","Mystery","4.28","The Hound of the Baskervilles","Sherlock Holmes","5","4.141","1902","","4.13","401308","",""
"26","Arthur Conan Doyle","Mystery","4.28","The Return of Sherlock Holmes","Sherlock Holmes","6","4.141","1904","","4.27","72537","",""
"26","Arthur Conan Doyle","Mystery","4.28","The Valley of Fear","Sherlock Holmes","7","4.141","1914","","3.95","57761","",""
"26","Arthur Conan Doyle","Mystery","4.28","His Last Bow","Sherlock Holmes","8","4.141","1917","","4.22","48392","",""
"26","Arthur Conan Doyle","Mystery","4.28","The Case-Book of Sherlock Holmes","Sherlock Holmes","9","4.141","1927","","4.1","31862","",""
"26","Arthur Conan Doyle","Mystery","4.28","The Complete Sherlock Holmes","","","","1887","","4.51","219857","",""
"26","Arthur Conan Doyle","Mystery","4.28","The Original Illustrated Sherlock Holmes","","","","1891","","4.5","3180","",""
"26","Arthur Conan Doyle","Mystery","4.28","Las aventuras de Sherlock Holmes","","","","1892","","4.22","1233","",""
"26","Arthur Conan Doyle","Mystery","4.28","The Speckled Band","","","","1892","","4.01","15326","",""
"26","Arthur Conan Doyle","Mystery","4.28","The Complete Adventures and Memoirs of Sherlock Holmes","","","","1893","","4.32","8535","",""
"26","Arthur Conan Doyle","Mystery","4.28","The Hound of the Baskervilles & The Valley of Fear","","","","1902","","4.19","2928","",""
"26","Arthur Conan Doyle","Mystery","4.28","De complete avonturen van Sherlock Holmes: deel 1","","","","1905","","4.28","7558","",""
"26","Arthur Conan Doyle","Mystery","4.28","The Complete Sherlock Holmes and Tales of Terror and Mystery","","","","1908","","4.48","5269","",""
"26","Arthur Conan Doyle","Mystery","4.28","The Adventure of the Dying Detective - a Sherlock Holmes Short Story","","","","1913","","4.04","3591","",""
"26","Arthur Conan Doyle","Mystery","4.28","The Complete Sherlock Holmes: Volume II","","","","1914","","4.48","82518","",""
"26","Arthur Conan Doyle","Mystery","4.28","His Last Bow & The Case-Book of Sherlock Holmes","","","","1927","","4.05","1127","",""
"26","Arthur Conan Doyle","Mystery","4.28","Sherlock Holmes: The Complete Novels and Stories, Volume I","","","","1927","","4.47","27559","",""
"26","Arthur Conan Doyle","Mystery","4.28","The Complete Sherlock Holmes, Volume I","","","","1927","","4.49","30113","",""
"26","Arthur Conan Doyle","Mystery","4.28","Complete Works of Arthur Conan Doyle","","","","1928","","4.5","3184","",""
"26","Arthur Conan Doyle","Mystery","4.28","The New Annotated Sherlock Holmes, Vol. III: The Novels","","","","1966","","4.62","2459","",""
"26","Arthur Conan Doyle","Mystery","4.28","The Great Adventures of Sherlock Holmes","","","","1976","","4.08","1170","",""
"26","Arthur Conan Doyle","Mystery","4.28","The Best of Sherlock Holmes","","","","1977","","4.2","1646","",""
"26","Arthur Conan Doyle","Mystery","4.28","Sherlock Holmes: The Complete Novels and Stories, Volume II","","","","1986","","4.48","12476","",""
"26","Arthur Conan Doyle","Mystery","4.28","The Extraordinary Cases of Sherlock Holmes","","","","1988","","4.14","1061","",""
"26","Arthur Conan Doyle","Mystery","4.28","The New Annotated Sherlock Holmes, Vol. I: The Adventures of Sherlock Holmes / The Memoirs of Sherlock Holmes","","","","2001","","4.54","1375","",""
"26","Arthur Conan Doyle","Mystery","4.28","The New Annotated Sherlock Holmes 150th Anniversary: The Short Stories","","","","2004","","4.63","1521","",""
"26","Arthur Conan Doyle","Mystery","4.28","Sherlock Holmes: Perunding Detektif Pertama Dunia","","","","2008","","4.36","19961","",""
"26","Arthur Conan Doyle","Mystery","4.28","The Complete Novels of Sherlock Holmes","","","","2015","","4.34","3896","",""
"27","Joe Abercrombie","Fantasy","4.292","The Blade Itself","The First Law","1","4.317","2006","","4.22","332992","",""
"27","Joe Abercrombie","Fantasy","4.292","Before They Are Hanged","The First Law","2","4.317","2007","","4.36","231787","",""
"27","Joe Abercrombie","Fantasy","4.292","Last Argument of Kings","The First Law","3","4.317","2008","","4.37","213766","",""
"27","Joe Abercrombie","Fantasy","4.292","Best Served Cold","","","","2009","","4.25","117877","",""
"27","Joe Abercrombie","Fantasy","4.292","The Heroes","","","","2011","","4.35","81090","",""
"27","Joe Abercrombie","Fantasy","4.292","Red Country","","","","2012","","4.32","69591","",""
"27","Joe Abercrombie","Fantasy","4.292","The First Law Trilogy","","","","2012","","4.54","12199","",""
"27","Joe Abercrombie","Fantasy","4.292","Half a King","Shattered Sea","1","4.063","2014","","3.97","77020","",""
"27","Joe Abercrombie","Fantasy","4.292","Half the World","Shattered Sea","2","4.063","2015","","4.19","47192","",""
"27","Joe Abercrombie","Fantasy","4.292","Half a War","Shattered Sea","3","4.063","2015","","4.03","39022","",""
"27","Joe Abercrombie","Fantasy","4.292","Sharp Ends","","","","2016","","4.1","29165","",""
"27","Joe Abercrombie","Fantasy","4.292","A Little Hatred","The Age of Madness","1","4.547","2019","","4.45","65507","",""
"27","Joe Abercrombie","Fantasy","4.292","The Trouble with Peace","The Age of Madness","2","4.547","2020","","4.6","49454","",""
"27","Joe Abercrombie","Fantasy","4.292","The Wisdom of Crowds","The Age of Madness","3","4.547","2021","","4.59","44161","",""
"27","Joe Abercrombie","Fantasy","4.292","The Great Change","","","","2023","","4.13","2276","",""
"27","Joe Abercrombie","Fantasy","4.292","The Devils","The Devils","1","4.2","2025","","4.2","81769","",""
"28","Liu Cixin","Science Fiction","4.23","The Wandering Earth","","","","2000","","4.06","9064","",""
"28","Liu Cixin","Science Fiction","4.23","The Three-Body Problem","Remembrance of Earth’s Past","1","4.293","2006","","4.08","530754","",""
"28","Liu Cixin","Science Fiction","4.23","The Dark Forest","Remembrance of Earth’s Past","2","4.293","2008","","4.4","239372","",""
"28","Liu Cixin","Science Fiction","4.23","Death's End","Remembrance of Earth’s Past","3","4.293","2010","","4.4","185090","",""
"28","Liu Cixin","Science Fiction","4.23","The Wandering Earth: Classic Science Fiction Collection","","","","2013","","4.21","9696","",""
"29","Brandon Sanderson","Fantasy","4.29","The Eleventh Metal","Mistborn","0.5","4.271","2012","","3.69","41944","",""
"29","Brandon Sanderson","Fantasy","4.29","Mistborn: The Final Empire","Mistborn","1","4.271","2006","","4.48","1065597","",""
"29","Brandon Sanderson","Fantasy","4.29","The Well of Ascension","Mistborn","2","4.271","2007","","4.37","716267","",""
"29","Brandon Sanderson","Fantasy","4.29","The Hero of Ages","Mistborn","3","4.271","2008","","4.56","645573","",""
"29","Brandon Sanderson","Fantasy","4.29","O Herói das Eras 1","Mistborn","3, 1 of 2","4.271","2008","","4.47","623","",""
"29","Brandon Sanderson","Fantasy","4.29","O Herói das Eras 2","Mistborn","3, 2 of 2","4.271","2008","","4.67","574","",""
"29","Brandon Sanderson","Fantasy","4.29","Secret History","Mistborn","3.5","4.271","2016","","4.3","109714","",""
"29","Brandon Sanderson","Fantasy","4.29","The Alloy of Law","Mistborn","4","4.271","2011","","4.19","309843","",""
"29","Brandon Sanderson","Fantasy","4.29","Allomancer Jak and the Pits of Eltania","Mistborn","4.5","4.271","2014","","3.38","18769","",""
"29","Brandon Sanderson","Fantasy","4.29","Shadows of Self","Mistborn","5","4.271","2015","","4.26","224543","",""
"29","Brandon Sanderson","Fantasy","4.29","The Bands of Mourning","Mistborn","6","4.271","2016","","4.4","205286","",""
"29","Brandon Sanderson","Fantasy","4.29","The Lost Metal","Mistborn","7","4.271","2022","","4.48","133724","",""
"29","Brandon Sanderson","Fantasy","4.29","Alcatraz Versus the Evil Librarians","Alcatraz","1","4.075","2007","","3.92","37195","",""
"29","Brandon Sanderson","Fantasy","4.29","Alcatraz Versus the Knights of Crystallia","Alcatraz","3","4.075","2009","","4.13","16003","",""
"29","Brandon Sanderson","Fantasy","4.29","Alcatraz Versus the Shattered Lens","Alcatraz","4","4.075","2010","","4.13","13948","",""
"29","Brandon Sanderson","Fantasy","4.29","The Dark Talent","Alcatraz","5","4.075","2016","","4.12","10098","",""
"29","Brandon Sanderson","Fantasy","4.29","Alcatraz Versus the Scrivener's Bones","Alcatraz vs. the Evil Librarians","2","4.115","2008","","4.14","19341","",""
"29","Brandon Sanderson","Fantasy","4.29","Bastille vs. the Evil Librarians","Alcatraz vs. the Evil Librarians","6","4.115","2022","","4.09","6133","",""
"29","Brandon Sanderson","Fantasy","4.29","Defending Elysium","","","","2008","","4.03","10823","",""
"29","Brandon Sanderson","Fantasy","4.29","Warbreaker","","","","2009","","4.29","301438","",""
"29","Brandon Sanderson","Fantasy","4.29","The Way of Kings","The Stormlight Archive","1","4.563","2010","","4.66","718089","",""
"29","Brandon Sanderson","Fantasy","4.29","The Way of Kings, Part 1","The Stormlight Archive","1, Part 1 of 2","4.563","2010","","4.6","32592","",""
"29","Brandon Sanderson","Fantasy","4.29","The Way of Kings, Part 2","The Stormlight Archive","1, Part 2 of 2","4.563","2010","","4.77","26535","",""
"29","Brandon Sanderson","Fantasy","4.29","Words of Radiance","The Stormlight Archive","2","4.563","2014","","4.76","525726","",""
"29","Brandon Sanderson","Fantasy","4.29","Words of Radiance, Part 1","The Stormlight Archive","2, Part 1 of 2","4.563","2014","","4.69","16157","",""
"29","Brandon Sanderson","Fantasy","4.29","Words of Radiance, Part 2","The Stormlight Archive","2, Part 2 of 2","4.563","2014","","4.8","15088","",""
"29","Brandon Sanderson","Fantasy","4.29","Edgedancer","The Stormlight Archive","2.5","4.563","2016","","4.11","182108","",""
"29","Brandon Sanderson","Fantasy","4.29","Oathbringer","The Stormlight Archive","3","4.563","2017","","4.6","387497","",""
"29","Brandon Sanderson","Fantasy","4.29","Oathbringer Part One","The Stormlight Archive","3.1","4.563","2017","","4.46","11482","",""
"29","Brandon Sanderson","Fantasy","4.29","Oathbringer Part Two","The Stormlight Archive","3.2","4.563","2017","","4.62","10129","",""
"29","Brandon Sanderson","Fantasy","4.29","Dawnshard","The Stormlight Archive","3.5","4.563","2020","","4.32","147569","",""
"29","Brandon Sanderson","Fantasy","4.29","Rhythm of War","The Stormlight Archive","4","4.563","2020","","4.57","263130","",""
"29","Brandon Sanderson","Fantasy","4.29","Rhythm of War, Part One","The Stormlight Archive","4, Part 1","4.563","2020","","4.49","5626","",""
"29","Brandon Sanderson","Fantasy","4.29","Rhythm of War, Part Two","The Stormlight Archive","4, Part 2","4.563","2021","","4.63","5232","",""
"29","Brandon Sanderson","Fantasy","4.29","Wind and Truth","The Stormlight Archive","5","4.563","2024","","4.36","157925","",""
"29","Brandon Sanderson","Fantasy","4.29","The Alloy of Law Excerpt: Prologue - Chapter 6","","","","2011","","4.49","2499","",""
"29","Brandon Sanderson","Fantasy","4.29","Legion","Legion","1","4.12","2012","","4.12","44888","",""
"29","Brandon Sanderson","Fantasy","4.29","Skin Deep","Legion","2","4.12","2014","","4.12","22311","",""
"29","Brandon Sanderson","Fantasy","4.29","Lies of the Beholder","Legion","3","4.12","2018","","4.12","8440","",""
"29","Brandon Sanderson","Fantasy","4.29","The Emperor's Soul","","","","2012","","4.37","139978","",""
"29","Brandon Sanderson","Fantasy","4.29","Legion and The Emperor's Soul","","","","2013","","4.33","3317","",""
"29","Brandon Sanderson","Fantasy","4.29","Shadows for Silence in the Forests of Hell","","","","2013","","4.14","37542","",""
"29","Brandon Sanderson","Fantasy","4.29","Steelheart","The Reckoners","1","4.08","2013","","4.14","199671","",""
"29","Brandon Sanderson","Fantasy","4.29","Mitosis","The Reckoners","1.5","4.08","2013","","3.85","42779","",""
"29","Brandon Sanderson","Fantasy","4.29","Firefight","The Reckoners","2","4.08","2015","","4.25","115171","",""
"29","Brandon Sanderson","Fantasy","4.29","The Rithmatist","The Rithmatist","1","4.25","2013","","4.25","76552","",""
"29","Brandon Sanderson","Fantasy","4.29","Shadows Beneath: The Writing Excuses Anthology","","","","2014","","4.18","1920","",""
"29","Brandon Sanderson","Fantasy","4.29","Sixth of the Dusk","","","","2014","","4.19","33979","",""
"29","Brandon Sanderson","Fantasy","4.29","Perfect State","","","","2015","","4.03","16520","",""
"29","Brandon Sanderson","Fantasy","4.29","Arcanum Unbounded: The Cosmere Collection","","","","2016","","4.42","70080","",""
"29","Brandon Sanderson","Fantasy","4.29","Calamity","Reckoners","3","4.17","2016","","4.17","93668","",""
"29","Brandon Sanderson","Fantasy","4.29","Snapshot","","","","2017","","4.06","17809","",""
"29","Brandon Sanderson","Fantasy","4.29","Skyward","Skyward","1","4.194","2018","","4.46","173129","",""
"29","Brandon Sanderson","Fantasy","4.29","Starsight","Skyward","2","4.194","2019","","4.34","112918","",""
"29","Brandon Sanderson","Fantasy","4.29","Sunreach","Skyward","2.1","4.194","2021","","4.16","27288","",""
"29","Brandon Sanderson","Fantasy","4.29","ReDawn","Skyward","2.2","4.194","2021","","4.15","23625","",""
"29","Brandon Sanderson","Fantasy","4.29","Evershore","Skyward","2.3","4.194","2021","","4.34","21023","",""
"29","Brandon Sanderson","Fantasy","4.29","Cytonic","Skyward","3","4.194","2021","","4.05","70282","",""
"29","Brandon Sanderson","Fantasy","4.29","Hyperthief: A Tale of the Cytoverse","Skyward","3.1","4.194","2023","","3.75","1771","",""
"29","Brandon Sanderson","Fantasy","4.29","Defiant","Skyward","4","4.194","2023","","4.3","41849","",""
"29","Brandon Sanderson","Fantasy","4.29","Skyward Flight: The Collection: Sunreach / ReDawn / Evershore","","","","2022","","4.35","7662","",""
"29","Brandon Sanderson","Fantasy","4.29","Curso de escritura creativa","","","","2023","","4.29","1566","",""
"29","Brandon Sanderson","Fantasy","4.29","Tress of the Emerald Sea","Hoid's Travails","1","4.36","2023","","4.3","327015","",""
"29","Brandon Sanderson","Fantasy","4.29","Yumi and the Nightmare Painter","Hoid's Travails","2","4.36","2023","","4.42","131828","",""
"29","Brandon Sanderson","Fantasy","4.29","The Sunlit Man","","","","2023","","4.26","92804","",""
"29","Brandon Sanderson","Fantasy","4.29","Isles of the Emberdark","","","","2025","","4.48","42172","",""
"29","Brandon Sanderson","Fantasy","4.29","Tailored Realities","","","","2025","","4.03","7035","",""
"30","Madeline Miller","Historical Fiction","4.26","The Song of Achilles","","","","2011","","4.3","2148775","",""
"30","Madeline Miller","Historical Fiction","4.26","Circe","","","","2018","","4.22","1445364","",""
"31","Patrick Rothfuss","Fantasy","4.287","Jméno větru - kniha první","Kronika Královraha","1","4.19","2007","","4.19","1057","",""
"31","Patrick Rothfuss","Fantasy","4.287","The Narrow Road Between Desires","The Kingkiller Chronicle","0.6","4.238","2023","","4.02","37278","",""
"31","Patrick Rothfuss","Fantasy","4.287","The Name of the Wind","The Kingkiller Chronicle","1","4.238","2007","","4.52","1114199","",""
"31","Patrick Rothfuss","Fantasy","4.287","The Wise Man's Fear","The Kingkiller Chronicle","2","4.238","2011","","4.55","637298","",""
"31","Patrick Rothfuss","Fantasy","4.287","The Slow Regard of Silent Things","The Kingkiller Chronicle","2.5","4.238","2014","","3.86","163604","",""
"31","Patrick Rothfuss","Fantasy","4.287","The Thing Beneath the Bed","The Adventures of the Princess and Mr. Whiffle","1","4.28","2010","","4.27","6760","",""
"31","Patrick Rothfuss","Fantasy","4.287","The Dark of Deep Below","The Adventures of the Princess and Mr. Whiffle","2","4.28","2013","","4.29","1688","",""
"31","Patrick Rothfuss","Fantasy","4.287","Die Furcht des Weisen 1","Die Königsmörder-Chronik","2.1","4.52","2011","","4.54","7358","",""
"31","Patrick Rothfuss","Fantasy","4.287","Die Furcht des Weisen 2","Die Königsmörder-Chronik","2.2","4.52","2011","","4.5","6080","",""
"31","Patrick Rothfuss","Fantasy","4.287","Rick and Morty vs. Dungeons & Dragons","","","","2019","","4.13","2617","",""
"32","Isaac Asimov","Science Fiction","4.203","I, Robot","Robot","0.1","4.199","1950","","4.21","388635","",""
"32","Isaac Asimov","Science Fiction","4.203","The Rest of the Robots","Robot","0.2","4.199","1964","","4.09","8892","",""
"32","Isaac Asimov","Science Fiction","4.203","The Complete Robot","Robot","0.3","4.199","1982","","4.33","19805","",""
"32","Isaac Asimov","Science Fiction","4.203","Robot Dreams","Robot","0.4","4.199","1983","","4.17","13751","",""
"32","Isaac Asimov","Science Fiction","4.203","Robot Visions","Robot","0.5","4.199","1990","","4.23","11936","",""
"32","Isaac Asimov","Science Fiction","4.203","The Positronic Man","Robot","0.6","4.199","1992","","4.14","7418","",""
"32","Isaac Asimov","Science Fiction","4.203","The Caves of Steel","Robot","1","4.199","1953","","4.19","115316","",""
"32","Isaac Asimov","Science Fiction","4.203","The Naked Sun","Robot","2","4.199","1958","","4.2","65602","",""
"32","Isaac Asimov","Science Fiction","4.203","The Robots of Dawn","Robot","3","4.199","1983","","4.2","56577","",""
"32","Isaac Asimov","Science Fiction","4.203","Robots and Empire","Robot","4","4.199","1985","","4.23","37461","",""
"32","Isaac Asimov","Science Fiction","4.203","Foundation","Foundation","1","4.18","1951","","4.17","612635","",""
"32","Isaac Asimov","Science Fiction","4.203","Foundation and Empire","Foundation","2","4.18","1952","","4.22","232765","",""
"32","Isaac Asimov","Science Fiction","4.203","Second Foundation","Foundation","3","4.18","1953","","4.28","208182","",""
"32","Isaac Asimov","Science Fiction","4.203","Foundation's Edge","Foundation","4","4.18","1982","","4.19","101239","",""
"32","Isaac Asimov","Science Fiction","4.203","Foundation and Earth","Foundation","5","4.18","1986","","4.07","82512","",""
"32","Isaac Asimov","Science Fiction","4.203","Prelude to Foundation","Foundation","6","4.18","1988","","4.17","98791","",""
"32","Isaac Asimov","Science Fiction","4.203","Forward the Foundation","Foundation","7","4.18","1993","","4.16","63280","",""
"32","Isaac Asimov","Science Fiction","4.203","The End of Eternity","","","","1955","","4.24","64578","",""
"32","Isaac Asimov","Science Fiction","4.203","The Martian Way and Other Stories","","","","1955","","4","4868","",""
"32","Isaac Asimov","Science Fiction","4.203","The Last Question","","","","1956","","4.52","31568","",""
"32","Isaac Asimov","Science Fiction","4.203","Earth Is Room Enough","","","","1957","","4.05","10342","",""
"32","Isaac Asimov","Science Fiction","4.203","Profession","","","","1957","","4.45","1394","",""
"32","Isaac Asimov","Science Fiction","4.203","Nine Tomorrows","","","","1959","","4.16","5526","",""
"32","Isaac Asimov","Science Fiction","4.203","The Greeks: A Great Adventure","","","","1965","","4.23","1197","",""
"32","Isaac Asimov","Science Fiction","4.203","The Roman Republic","","","","1966","","4.27","1147","",""
"32","Isaac Asimov","Science Fiction","4.203","The Egyptians","","","","1967","","4.18","1329","",""
"32","Isaac Asimov","Science Fiction","4.203","The Roman Empire","","","","1967","","4.25","1187","",""
"32","Isaac Asimov","Science Fiction","4.203","Asimov's Guide to the Bible: The Old and New Testaments (2 Vol.)","","","","1968","","4.18","1298","",""
"32","Isaac Asimov","Science Fiction","4.203","Nightfall and Other Stories","","","","1969","","4.24","15601","",""
"32","Isaac Asimov","Science Fiction","4.203","The Gods Themselves","","","","1972","","4.08","70407","",""
"32","Isaac Asimov","Science Fiction","4.203","The Best of Isaac Asimov","","","","1973","","4.26","1334","",""
"32","Isaac Asimov","Science Fiction","4.203","The Bicentennial Man and Other Stories","","","","1976","","4.15","17179","",""
"32","Isaac Asimov","Science Fiction","4.203","The Last Answer","","","","1980","","4.14","2945","",""
"32","Isaac Asimov","Science Fiction","4.203","Foundation / Foundation and Empire / Second Foundation / The Stars, Like Dust / The Naked Sun / I, Robot","","","","1981","","4.4","5639","",""
"32","Isaac Asimov","Science Fiction","4.203","The Edge of Tomorrow","","","","1985","","4.01","1308","",""
"32","Isaac Asimov","Science Fiction","4.203","Nightfall","","","","1990","","4.06","38514","",""
"32","Isaac Asimov","Science Fiction","4.203","The Complete Stories, Vol. 1","","","","1990","","4.37","7950","",""
"32","Isaac Asimov","Science Fiction","4.203","The Complete Stories, Volume 2","","","","1990","","4.37","2667","",""
"32","Isaac Asimov","Science Fiction","4.203","I. Asimov: A Memoir","","","","1994","","4.05","3720","",""
"33","Tamsyn Muir","Fantasy","4.284","The Mysterious Study of Doctor Sex","The Locked Tomb","0.5","4.312","2020","","4.14","5800","",""
"33","Tamsyn Muir","Fantasy","4.284","Gideon the Ninth","The Locked Tomb","1","4.312","2019","","4.17","195457","",""
"33","Tamsyn Muir","Fantasy","4.284","Harrow the Ninth","The Locked Tomb","2","4.312","2020","","4.29","94390","",""
"33","Tamsyn Muir","Fantasy","4.284","As Yet Unsent","The Locked Tomb","2.5","4.312","2021","","4.34","4377","",""
"33","Tamsyn Muir","Fantasy","4.284","Nona the Ninth","The Locked Tomb","3","4.312","2022","","4.33","59715","",""
"33","Tamsyn Muir","Fantasy","4.284","The Unwanted Guest","The Locked Tomb","3.5","4.312","2023","","4.6","2420","",""
"33","Tamsyn Muir","Fantasy","4.284","Princess Floralinda and the Forty-Flight Tower","","","","2020","","4.12","9907","",""
"34","James Clavell","Historical Fiction","4.249","Shōgun","Asian Saga","1","4.189","1975","","4.41","219788","",""
"34","James Clavell","Historical Fiction","4.249","Tai-Pan","Asian Saga","2","4.189","1966","","4.31","60667","",""
"34","James Clavell","Historical Fiction","4.249","Gai-Jin","Asian Saga","3","4.189","1993","","3.91","19631","",""
"34","James Clavell","Historical Fiction","4.249","King Rat","Asian Saga","4","4.189","1962","","4.2","45571","",""
"34","James Clavell","Historical Fiction","4.249","Nobila casa vol.1","Asian Saga","4","4.189","1981","","4.33","270","",""
"34","James Clavell","Historical Fiction","4.249","Noble House","Asian Saga","5","4.189","1981","","4.28","43206","",""
"34","James Clavell","Historical Fiction","4.249","Whirlwind","Asian Saga","6","4.189","1986","","3.88","9066","",""
"34","James Clavell","Historical Fiction","4.249","Shōgun, Volume 1","","","","1975","","4.49","17828","",""
"34","James Clavell","Historical Fiction","4.249","Shōgun, Volume 2","","","","1975","","4.58","16387","",""
"34","James Clavell","Historical Fiction","4.249","The Children's Story","","","","1981","","4.1","2092","",""
"35","Jay Kristoff","Fantasy","4.28","Nevernight","The Nevernight Chronicle","1","4.323","2016","","4.22","119896","",""
"35","Jay Kristoff","Fantasy","4.28","Godsgrave","The Nevernight Chronicle","2","4.323","2017","","4.45","76183","",""
"35","Jay Kristoff","Fantasy","4.28","Darkdawn","The Nevernight Chronicle","3","4.323","2019","","4.3","60094","",""
"35","Jay Kristoff","Fantasy","4.28","LIFEL1K3","Lifelike","1","4.027","2018","","3.93","12953","",""
"35","Jay Kristoff","Fantasy","4.28","DEV1AT3","Lifelike","2","4.027","2019","","4.13","5003","",""
"35","Jay Kristoff","Fantasy","4.28","TRUEL1F3","Lifelike","3","4.027","2020","","4.02","3427","",""
"35","Jay Kristoff","Fantasy","4.28","Empire of the Vampire","Empire of the Vampire","1","4.49","2021","","4.34","92332","",""
"35","Jay Kristoff","Fantasy","4.28","Empire of the Damned","Empire of the Vampire","2","4.49","2024","","4.55","41514","",""
"35","Jay Kristoff","Fantasy","4.28","Empire of the Dawn","Empire of the Vampire","3","4.49","2025","","4.58","20853","",""
"36","Neal Stephenson","Science Fiction","4.202","Snow Crash","","","","1992","","4.01","302701","",""
"36","Neal Stephenson","Science Fiction","4.202","The Diamond Age: Or, a Young Lady's Illustrated Primer","","","","1995","","4.16","94010","",""
"36","Neal Stephenson","Science Fiction","4.202","Cryptonomicon","","","","1999","","4.23","118347","",""
"36","Neal Stephenson","Science Fiction","4.202","Currency (The Baroque Cycle, Book 7)","","","","2003","","4.39","1302","",""
"36","Neal Stephenson","Science Fiction","4.202","Quicksilver","The Baroque Cycle","1","4.18","2003","","3.92","43938","",""
"36","Neal Stephenson","Science Fiction","4.202","The Confusion","The Baroque Cycle","2","4.18","2004","","4.28","25494","",""
"36","Neal Stephenson","Science Fiction","4.202","The System of the World","The Baroque Cycle","3","4.18","2004","","4.34","23227","",""
"36","Neal Stephenson","Science Fiction","4.202","King of the Vagabonds (The Baroque Cycle, Book 2 of 8)","","","","2004","","4.17","2614","",""
"36","Neal Stephenson","Science Fiction","4.202","Solomon’s Gold (The Baroque Cycle, Book 6)","","","","2004","","4.32","1253","",""
"36","Neal Stephenson","Science Fiction","4.202","The Confusion, Part I (The Baroque Cycle, Vol. 2, Part 1)","","","","2004","","4.42","1219","",""
"36","Neal Stephenson","Science Fiction","4.202","Odalisque (The Baroque Cycle, Book 3)","","","","2005","","4.19","2110","",""
"36","Neal Stephenson","Science Fiction","4.202","Anathem","","","","2008","","4.17","76766","",""
"36","Neal Stephenson","Science Fiction","4.202","Reamde","","","","2011","","4","57826","",""
"36","Neal Stephenson","Science Fiction","4.202","The Confusion, Part II (The Baroque Cycle, Vol. 2, Part 2)","","","","2012","","4.43","1049","",""
"36","Neal Stephenson","Science Fiction","4.202","Seveneves","","","","2015","","4","127688","",""
"37","R.F. Kuang","Fantasy","4.272","The Poppy War","The Poppy War","1","4.308","2018","","4.15","541491","",""
"37","R.F. Kuang","Fantasy","4.272","The Dragon Republic","The Poppy War","2","4.308","2019","","4.33","247470","",""
"37","R.F. Kuang","Fantasy","4.272","The Drowning Faith","The Poppy War","2.5","4.308","2020","","4.49","32030","",""
"37","R.F. Kuang","Fantasy","4.272","The Burning God","The Poppy War","3","4.308","2020","","4.26","192341","",""
"37","R.F. Kuang","Fantasy","4.272","Babel","","","","2022","","4.13","533626","",""
"38","Alan Moore","Graphic Novel","4.244","V for Vendetta #1","","","","1982","","4.09","90923","",""
"38","Alan Moore","Graphic Novel","4.244","Swamp Thing, Vol. 1: Saga of the Swamp Thing","","","","1983","","4.24","29756","",""
"38","Alan Moore","Graphic Novel","4.244","Absolute Swamp Thing by Alan Moore Vol. 1","","","","1985","","4.52","1383","",""
"38","Alan Moore","Graphic Novel","4.244","For the Man Who Has Everything","","","","1985","","4.26","1244","",""
"38","Alan Moore","Graphic Novel","4.244","Swamp Thing, Vol. 2: Love and Death","","","","1985","","4.41","12519","",""
"38","Alan Moore","Graphic Novel","4.244","Swamp Thing, Vol. 3: The Curse","","","","1985","","4.38","10811","",""
"38","Alan Moore","Graphic Novel","4.244","Superman: Whatever Happened to the Man of Tomorrow? The Deluxe Edition","","","","1986","","4.08","3549","",""
"38","Alan Moore","Graphic Novel","4.244","Swamp Thing, Vol. 4: A Murder of Crows","","","","1986","","4.36","8821","",""
"38","Alan Moore","Graphic Novel","4.244","The Ballad of Halo Jones","","","","1986","","4.09","2164","",""
"38","Alan Moore","Graphic Novel","4.244","Watchmen #1: At Midnight, All The Agents…","","","","1986","","4.33","188603","",""
"38","Alan Moore","Graphic Novel","4.244","Watchmen #2: Absent Friends","","","","1986","","4.27","1325","",""
"38","Alan Moore","Graphic Novel","4.244","Watchmen #3: The Judge Of All The Earth","","","","1986","","4.25","1152","",""
"38","Alan Moore","Graphic Novel","4.244","Watchmen #4: Watchmaker","","","","1986","","4.53","1107","",""
"38","Alan Moore","Graphic Novel","4.244","Swamp Thing, Vol. 5: Earth to Earth","","","","1987","","4.37","7770","",""
"38","Alan Moore","Graphic Novel","4.244","Swamp Thing, Vol. 6: Reunion","","","","1987","","4.28","6352","",""
"38","Alan Moore","Graphic Novel","4.244","Watchmen","","","","1987","","4.39","605040","",""
"38","Alan Moore","Graphic Novel","4.244","Batman: The Killing Joke","","","","1988","","4.36","241545","",""
"38","Alan Moore","Graphic Novel","4.244","Miracleman, Book One: A Dream of Flying","","","","1990","","4.24","5038","",""
"38","Alan Moore","Graphic Novel","4.244","Miracleman, Book Two: The Red King Syndrome","","","","1990","","4.32","2951","",""
"38","Alan Moore","Graphic Novel","4.244","V for Vendetta","","","","1990","","4.26","330132","",""
"38","Alan Moore","Graphic Novel","4.244","Miracleman, Book Three: Olympus","","","","1991","","4.36","2621","",""
"38","Alan Moore","Graphic Novel","4.244","From Hell","","","","1999","","4.19","45941","",""
"38","Alan Moore","Graphic Novel","4.244","Top 10","","","","1999","","4.27","1164","",""
"38","Alan Moore","Graphic Novel","4.244","Top 10, Vol. 1","","","","2000","","4.11","10034","",""
"38","Alan Moore","Graphic Novel","4.244","Promethea, Vol. 2","","","","2001","","4.09","5532","",""
"38","Alan Moore","Graphic Novel","4.244","Top 10, Vol. 2","","","","2001","","4.27","5731","",""
"38","Alan Moore","Graphic Novel","4.244","Promethea, Vol. 3","","","","2002","","4.13","4625","",""
"38","Alan Moore","Graphic Novel","4.244","DC Universe: The Stories of Alan Moore","","","","2003","","4.12","3621","",""
"38","Alan Moore","Graphic Novel","4.244","Promethea, Vol. 4","","","","2003","","4.17","4796","",""
"38","Alan Moore","Graphic Novel","4.244","Promethea, Vol. 5","","","","2005","","4.23","4086","",""
"38","Alan Moore","Graphic Novel","4.244","Absolute Promethea, Book One","","","","2009","","4.22","1948","",""
"38","Alan Moore","Graphic Novel","4.244","Jerusalem","","","","2016","","4.03","3420","",""
"38","Alan Moore","Graphic Novel","4.244","Providence Act 2","","","","2017","","4.03","1872","",""
"38","Alan Moore","Graphic Novel","4.244","Providence Act 3","","","","2017","","4.06","1668","",""
"39","Neil Gaiman","Fantasy","4.27","Don't Panic: The Official Hitchhiker's Guide to the Galaxy Companion","","","","1986","","4.28","25426","",""
"39","Neil Gaiman","Fantasy","4.27","The Sandman #2: Imperfect Hosts","","","","1988","","4.27","1400","",""
"39","Neil Gaiman","Fantasy","4.27","The Sandman #4: Hope in Hell","","","","1988","","4.43","1179","",""
"39","Neil Gaiman","Fantasy","4.27","The Sandman, Vol. 1: Preludes & Nocturnes","","","","1988","","4.25","276059","",""
"39","Neil Gaiman","Fantasy","4.27","Angels and Visitations: A Miscellany","","","","1989","","4.12","1763","",""
"39","Neil Gaiman","Fantasy","4.27","The Sandman #1: Sleep of the Just","","","","1989","","4.15","14086","",""
"39","Neil Gaiman","Fantasy","4.27","The Sandman #6: 24 Hours","","","","1989","","4.28","1031","",""
"39","Neil Gaiman","Fantasy","4.27","The Sandman #8: The Sound of Her Wings","","","","1989","","4.57","1017","",""
"39","Neil Gaiman","Fantasy","4.27","The Absolute Sandman, Volume 1","","","","1990","","4.64","22859","",""
"39","Neil Gaiman","Fantasy","4.27","The Sandman, Vol. 2: The Doll's House","","","","1990","","4.43","111476","",""
"39","Neil Gaiman","Fantasy","4.27","The Sandman, Vol. 3: Dream Country","","","","1990","","4.24","125363","",""
"39","Neil Gaiman","Fantasy","4.27","The Sandman: Book One","","","","1990","","4.43","5256","",""
"39","Neil Gaiman","Fantasy","4.27","The Sandman, Vol. 4: Season of Mists","","","","1991","","4.53","81350","",""
"39","Neil Gaiman","Fantasy","4.27","Murder Mysteries","","","","1992","","4.06","5961","",""
"39","Neil Gaiman","Fantasy","4.27","The Absolute Sandman, Volume 2","","","","1992","","4.66","9276","",""
"39","Neil Gaiman","Fantasy","4.27","The Sandman, Vol. 5: A Game of You","","","","1992","","4.4","69290","",""
"39","Neil Gaiman","Fantasy","4.27","The Sandman: Book Two","","","","1992","","4.47","2261","",""
"39","Neil Gaiman","Fantasy","4.27","Death: The High Cost of Living","","","","1993","","4.2","41943","",""
"39","Neil Gaiman","Fantasy","4.27","The Absolute Sandman, Volume 3","","","","1993","","4.68","8122","",""
"39","Neil Gaiman","Fantasy","4.27","The Books of Magic","","","","1993","","4.09","18007","",""
"39","Neil Gaiman","Fantasy","4.27","The Sandman #5: Passengers","","","","1993","","4.19","1052","",""
"39","Neil Gaiman","Fantasy","4.27","The Sandman, Vol. 6: Fables & Reflections","","","","1993","","4.41","61699","",""
"39","Neil Gaiman","Fantasy","4.27","The Sandman, Vol. 7: Brief Lives","","","","1993","","4.54","61673","",""
"39","Neil Gaiman","Fantasy","4.27","The Sandman, Vol. 8: Worlds' End","","","","1993","","4.44","54817","",""
"39","Neil Gaiman","Fantasy","4.27","The Sandman: Book Three","","","","1993","","4.43","1371","",""
"39","Neil Gaiman","Fantasy","4.27","The Sandman, Vol. 9: The Kindly Ones","","","","1995","","4.58","52875","",""
"39","Neil Gaiman","Fantasy","4.27","Death: The Time of Your Life","","","","1996","","4.23","13605","",""
"39","Neil Gaiman","Fantasy","4.27","Neverwhere","London Below","1","4.16","1996","","4.16","568091","",""
"39","Neil Gaiman","Fantasy","4.27","The Absolute Sandman, Volume 4","","","","1996","","4.69","9016","",""
"39","Neil Gaiman","Fantasy","4.27","The Sandman, Vol. 10: The Wake","","","","1996","","4.51","52093","",""
"39","Neil Gaiman","Fantasy","4.27","The Sandman: Book Four","","","","1996","","4.55","1038","",""
"39","Neil Gaiman","Fantasy","4.27","Neil Gaiman and Charles Vess' Stardust #1","","","","1997","","4.3","9483","",""
"39","Neil Gaiman","Fantasy","4.27","Shoggoth's Old Peculiar","","","","1998","","4","1228","",""
"39","Neil Gaiman","Fantasy","4.27","Smoke and Mirrors: Short Fiction and Illusions","","","","1998","","4","73805","",""
"39","Neil Gaiman","Fantasy","4.27","Stardust","","","","1999","","4.09","488024","",""
"39","Neil Gaiman","Fantasy","4.27","The Sandman: The Dream Hunters","","","","1999","","4.41","21379","",""
"39","Neil Gaiman","Fantasy","4.27","American Gods","American Gods","1","4.013","2001","","4.1","1002784","",""
"39","Neil Gaiman","Fantasy","4.27","The Monarch of the Glen","American Gods","1.1","4.013","2006","","3.83","6564","",""
"39","Neil Gaiman","Fantasy","4.27","Black Dog","American Gods","1.2","4.013","2016","","4.11","2935","",""
"39","Neil Gaiman","Fantasy","4.27","Other People","","","","2001","","4","1121","",""
"39","Neil Gaiman","Fantasy","4.27","The Quotable Sandman","","","","2001","","4.52","4482","",""
"39","Neil Gaiman","Fantasy","4.27","Coraline","","","","2002","","4.13","801350","",""
"39","Neil Gaiman","Fantasy","4.27","A Study in Emerald","","","","2003","","4.15","9349","",""
"39","Neil Gaiman","Fantasy","4.27","The Sandman: Endless Nights","","","","2003","","4.32","30301","",""
"39","Neil Gaiman","Fantasy","4.27","The Wolves in the Walls","","","","2003","","4.03","18485","",""
"39","Neil Gaiman","Fantasy","4.27","Sandman. Tom 1. Sen sprawiedliwych","","","","2004","","4.22","10100","",""
"39","Neil Gaiman","Fantasy","4.27","The Neil Gaiman Audio Collection","","","","2004","","4.2","2327","",""
"39","Neil Gaiman","Fantasy","4.27","Anansi Boys","","","","2005","","4.04","231081","",""
"39","Neil Gaiman","Fantasy","4.27","The Dangerous Alphabet","","","","2008","","4.05","4496","",""
"39","Neil Gaiman","Fantasy","4.27","The Graveyard Book","","","","2008","","4.15","570706","",""
"39","Neil Gaiman","Fantasy","4.27","Blueberry Girl","","","","2009","","4.17","6363","",""
"39","Neil Gaiman","Fantasy","4.27","Coraline and Other Stories","","","","2009","","4.1","1997","",""
"39","Neil Gaiman","Fantasy","4.27","The Graveyard Book Graphic Novel, Volume 2","","","","2009","","4.31","7444","",""
"39","Neil Gaiman","Fantasy","4.27","Instructions","","","","2010","","4.24","7926","",""
"39","Neil Gaiman","Fantasy","4.27","The Absolute Sandman, Volume 5","","","","2011","","4.64","3461","",""
"39","Neil Gaiman","Fantasy","4.27","American Gods / Anansi Boys: Coffret, 2 volumes","","","","2012","","4.31","2612","",""
"39","Neil Gaiman","Fantasy","4.27","Click-Clack the Rattlebag","","","","2012","","4.07","2902","",""
"39","Neil Gaiman","Fantasy","4.27","Doctor Who: Nothing O'Clock","","","","2013","","4.18","3951","",""
"39","Neil Gaiman","Fantasy","4.27","Fortunately, the Milk","","","","2013","","4.05","68034","",""
"39","Neil Gaiman","Fantasy","4.27","Make Good Art","","","","2013","","4.28","9830","",""
"39","Neil Gaiman","Fantasy","4.27","Neverwhere: BBC Dramatisation","","","","2013","","4.32","5707","",""
"39","Neil Gaiman","Fantasy","4.27","The Ocean at the End of the Lane","","","","2013","","4.01","665283","",""
"39","Neil Gaiman","Fantasy","4.27","The Sandman: Overture #1","","","","2013","","4.26","4809","",""
"39","Neil Gaiman","Fantasy","4.27","The Graveyard Book Graphic Novel, Volume 1","","","","2014","","4.31","18339","",""
"39","Neil Gaiman","Fantasy","4.27","The Sandman: Overture #2","","","","2014","","4.52","1181","",""
"39","Neil Gaiman","Fantasy","4.27","How the Marquis Got His Coat Back","","","","2015","","4.04","14471","",""
"39","Neil Gaiman","Fantasy","4.27","The Sandman: Overture","","","","2015","","4.05","67092","",""
"39","Neil Gaiman","Fantasy","4.27","Norse Mythology","","","","2017","","4.1","348053","",""
"39","Neil Gaiman","Fantasy","4.27","American Gods, Vol. 1: Shadows","","","","2018","","4.15","4770","",""
"39","Neil Gaiman","Fantasy","4.27","Art Matters: Because Your Imagination Can Change the World","","","","2018","","4.27","20500","",""
"39","Neil Gaiman","Fantasy","4.27","American Gods, Vol. 2: My Ainsel","","","","2019","","4.2","1817","",""
"39","Neil Gaiman","Fantasy","4.27","Snow, Glass, Apples","","","","2019","","4.04","15368","",""
"39","Neil Gaiman","Fantasy","4.27","The Quite Nice and Fairly Accurate Good Omens Script Book","","","","2019","","4.63","12274","",""
"39","Neil Gaiman","Fantasy","4.27","American Gods, Vol. 3: The Moment of the Storm","","","","2020","","4.28","1137","",""
"39","Neil Gaiman","Fantasy","4.27","The Neil Gaiman Reader: Selected Fiction","","","","2020","","4.43","2194","",""
"39","Neil Gaiman","Fantasy","4.27","The Sandman: The Deluxe Edition, Book One","","","","2020","","4.36","1794","",""
"39","Neil Gaiman","Fantasy","4.27","Norse Mythology, Vol. 1","","","","2021","","4.09","1886","",""
"39","Neil Gaiman","Fantasy","4.27","Chivalry","","","","2022","","4.19","5817","",""
"39","Neil Gaiman","Fantasy","4.27","What You Need to Be Warm","","","","2023","","4.14","3959","",""
"40","Martha Wells","Science Fiction","4.199","The Wizard Hunters","The Fall of Ile-Rien","1","4.14","2003","","3.97","3697","",""
"40","Martha Wells","Science Fiction","4.199","The Ships of Air","The Fall of Ile-Rien","2","4.14","2004","","4.16","2668","",""
"40","Martha Wells","Science Fiction","4.199","The Gate of Gods","The Fall of Ile-Rien","3","4.14","2005","","4.29","2488","",""
"40","Martha Wells","Science Fiction","4.199","The Tale of Indigo and Cloud","Books of the Raksura","0.1","4.122","2014","","4.2","542","",""
"40","Martha Wells","Science Fiction","4.199","The Dead City","Books of the Raksura","0.3","4.122","2017","","4.1","203","",""
"40","Martha Wells","Science Fiction","4.199","The Cloud Roads","Books of the Raksura","1","4.122","2011","","3.98","16769","",""
"40","Martha Wells","Science Fiction","4.199","The Serpent Sea","Books of the Raksura","2","4.122","2012","","4.09","8864","",""
"40","Martha Wells","Science Fiction","4.199","The Siren Depths","Books of the Raksura","3","4.122","2012","","4.24","7318","",""
"40","Martha Wells","Science Fiction","4.199","Stories of the Raksura, Volume 2: The Dead City & The Dark Earth Below","","","","2011","","4.24","2221","",""
"40","Martha Wells","Science Fiction","4.199","Stories of the Raksura, Volume 1: The Falling World & The Tale of Indigo and Cloud","","","","2014","","4.18","2596","",""
"40","Martha Wells","Science Fiction","4.199","Compulsory","The Murderbot Diaries","0.5","4.245","2018","","4.29","16461","",""
"40","Martha Wells","Science Fiction","4.199","All Systems Red","The Murderbot Diaries","1","4.245","2017","","4.11","404189","",""
"40","Martha Wells","Science Fiction","4.199","Artificial Condition","The Murderbot Diaries","2","4.245","2018","","4.24","232979","",""
"40","Martha Wells","Science Fiction","4.199","Rapport: Friendship, Solidarity, Communion, Empathy","The Murderbot Diaries","2.5","4.245","2025","","4.13","12848","",""
"40","Martha Wells","Science Fiction","4.199","Rogue Protocol","The Murderbot Diaries","3","4.245","2018","","4.23","186664","",""
"40","Martha Wells","Science Fiction","4.199","Exit Strategy","The Murderbot Diaries","4","4.245","2018","","4.36","164325","",""
"40","Martha Wells","Science Fiction","4.199","Home: Habitat, Range, Niche, Territory","The Murderbot Diaries","4.5","4.245","2020","","4.1","33223","",""
"40","Martha Wells","Science Fiction","4.199","Network Effect","The Murderbot Diaries","5","4.245","2020","","4.46","137652","",""
"40","Martha Wells","Science Fiction","4.199","Fugitive Telemetry","The Murderbot Diaries","6","4.245","2021","","4.28","113773","",""
"40","Martha Wells","Science Fiction","4.199","System Collapse","The Murderbot Diaries","7","4.245","2023","","4.25","83707","",""
"40","Martha Wells","Science Fiction","4.199","Platform Decay","The Murderbot Diaries","8","4.245","2026","","4.24","30415","",""
"40","Martha Wells","Science Fiction","4.199","The Murderbot Diaries Vol. 1","","","","2017","","4.11","3239","",""
"40","Martha Wells","Science Fiction","4.199","The Murderbot Diaries Vol. 2","","","","2018","","4.32","1691","",""
"41","Jim Butcher","Fantasy","4.265","Restoration of Faith","The Dresden Files","0.5","4.253","2004","","3.97","6620","",""
"41","Jim Butcher","Fantasy","4.265","Storm Front","The Dresden Files","1","4.253","2000","","3.97","389795","",""
"41","Jim Butcher","Fantasy","4.265","Fool Moon","The Dresden Files","2","4.253","2001","","3.97","217543","",""
"41","Jim Butcher","Fantasy","4.265","Working for Bigfoot","The Dresden Files","2.5, 7.3, 11.2","4.253","2014","","4.29","12399","",""
"41","Jim Butcher","Fantasy","4.265","Grave Peril","The Dresden Files","3","4.253","2001","","4.13","183340","",""
"41","Jim Butcher","Fantasy","4.265","Summer Knight","The Dresden Files","4","4.253","2002","","4.26","165489","",""
"41","Jim Butcher","Fantasy","4.265","Death Masks","The Dresden Files","5","4.253","2003","","4.29","151018","",""
"41","Jim Butcher","Fantasy","4.265","Vignette","The Dresden Files","5.5","4.253","2008","","4.02","5479","",""
"41","Jim Butcher","Fantasy","4.265","Blood Rites","The Dresden Files","6","4.253","2004","","4.29","142192","",""
"41","Jim Butcher","Fantasy","4.265","Dead Beat","The Dresden Files","7","4.253","2005","","4.41","137290","",""
"41","Jim Butcher","Fantasy","4.265","Proven Guilty","The Dresden Files","8","4.253","2006","","4.39","131751","",""
"41","Jim Butcher","Fantasy","4.265","White Night","The Dresden Files","9","4.253","2007","","4.38","129784","",""
"41","Jim Butcher","Fantasy","4.265","Mike","The Dresden Files","9.5","4.253","2020","","3.81","940","",""
"41","Jim Butcher","Fantasy","4.265","Small Favor","The Dresden Files","10","4.253","2008","","4.43","119603","",""
"41","Jim Butcher","Fantasy","4.265","Backup","The Dresden Files","10.5","4.253","2008","","4.14","11065","",""
"41","Jim Butcher","Fantasy","4.265","Turn Coat","The Dresden Files","11","4.253","2009","","4.44","114486","",""
"41","Jim Butcher","Fantasy","4.265","Love Hurts","The Dresden Files","11.5","4.253","2011","","4.13","3297","",""
"41","Jim Butcher","Fantasy","4.265","Changes","The Dresden Files","12","4.253","2010","","4.51","125296","",""
"41","Jim Butcher","Fantasy","4.265","Journal","The Dresden Files","12.2","4.253","2020","","4.02","765","",""
"41","Jim Butcher","Fantasy","4.265","Side Jobs","The Dresden Files","12.5","4.253","2010","","4.25","59031","",""
"41","Jim Butcher","Fantasy","4.265","Ghost Story","The Dresden Files","13","4.253","2011","","4.24","107979","",""
"41","Jim Butcher","Fantasy","4.265","Goodbye","The Dresden Files","13.5","4.253","2020","","4.24","804","",""
"41","Jim Butcher","Fantasy","4.265","Cold Days","The Dresden Files","14","4.253","2012","","4.47","108707","",""
"41","Jim Butcher","Fantasy","4.265","Skin Game","The Dresden Files","15","4.253","2014","","4.56","94617","",""
"41","Jim Butcher","Fantasy","4.265","Job Placement","The Dresden Files","15.1","4.253","2020","","4.01","692","",""
"41","Jim Butcher","Fantasy","4.265","Everything the Light Touches","The Dresden Files","15.2","4.253","2020","","3.91","528","",""
"41","Jim Butcher","Fantasy","4.265","Brief Cases","The Dresden Files","15.5","4.253","2018","","4.4","24556","",""
"41","Jim Butcher","Fantasy","4.265","Peace Talks","The Dresden Files","16","4.253","2020","","4.23","57061","",""
"41","Jim Butcher","Fantasy","4.265","Battle Ground","The Dresden Files","17","4.253","2020","","4.43","51307","",""
"41","Jim Butcher","Fantasy","4.265","Christmas Eve","The Dresden Files","17.2","4.253","2018","","4.37","3386","",""
"41","Jim Butcher","Fantasy","4.265","The Law","The Dresden Files","17.2","4.253","2022","","4.35","15859","",""
"41","Jim Butcher","Fantasy","4.265","The Good People","The Dresden Files","17.3","4.253","2020","","4.24","746","",""
"41","Jim Butcher","Fantasy","4.265","Twelve Months","The Dresden Files","18","4.253","2026","","4.5","24116","",""
"41","Jim Butcher","Fantasy","4.265","Out Law","The Dresden Files","18.75","4.253","2026","","4.54","7215","",""
"41","Jim Butcher","Fantasy","4.265","Furies of Calderon","Codex Alera","1","4.32","2004","","4.13","115139","",""
"41","Jim Butcher","Fantasy","4.265","Academ's Fury","Codex Alera","2","4.32","2005","","4.27","75175","",""
"41","Jim Butcher","Fantasy","4.265","Cursor's Fury","Codex Alera","3","4.32","2006","","4.37","72292","",""
"41","Jim Butcher","Fantasy","4.265","Captain's Fury","Codex Alera","4","4.32","2007","","4.37","71135","",""
"41","Jim Butcher","Fantasy","4.265","Princeps' Fury","Codex Alera","5","4.32","2008","","4.38","68003","",""
"41","Jim Butcher","Fantasy","4.265","First Lord's Fury","Codex Alera","6","4.32","2009","","4.4","67156","",""
"41","Jim Butcher","Fantasy","4.265","Welcome to the Jungle","","","","2008","","4.11","16472","",""
"41","Jim Butcher","Fantasy","4.265","Mean Streets","","","","2009","","4.02","10366","",""
"41","Jim Butcher","Fantasy","4.265","The Codex Alera Complete Set","","","","2011","","4.62","1595","",""
"41","Jim Butcher","Fantasy","4.265","The Aeronaut's Windlass","The Cinder Spires","1","4.313","2015","","4.18","50229","",""
"41","Jim Butcher","Fantasy","4.265","Warriorborn","The Cinder Spires","1.5","4.313","2023","","4.4","5852","",""
"41","Jim Butcher","Fantasy","4.265","The Olympian Affair","The Cinder Spires","2","4.313","2023","","4.36","11021","",""
"42","Antoine de Saint-Exupéry","Children","4.243","Wind, Sand and Stars","","","","1939","","4.12","22083","",""
"42","Antoine de Saint-Exupéry","Children","4.243","The Little Prince","","","","1943","","4.34","2586171","",""
"42","Antoine de Saint-Exupéry","Children","4.243","The Little Prince & Letter to a Hostage","","","","1943","","4.4","13225","",""
"42","Antoine de Saint-Exupéry","Children","4.243","Citadelle","","","","1948","","4.11","2445","",""
"43","Ken Liu","Fantasy","4.264","The Man Who Ended History: A Documentary","","","","2011","","4.15","1298","",""
"43","Ken Liu","Fantasy","4.264","The Paper Menagerie","","","","2011","","4.56","5731","",""
"43","Ken Liu","Fantasy","4.264","The Grace of Kings","The Dandelion Dynasty","1","4.198","2015","","3.8","31583","",""
"43","Ken Liu","Fantasy","4.264","The Wall of Storms","The Dandelion Dynasty","2","4.198","2016","","4.34","10836","",""
"43","Ken Liu","Fantasy","4.264","The Veiled Throne","The Dandelion Dynasty","3","4.198","2021","","4.12","5573","",""
"43","Ken Liu","Fantasy","4.264","Speaking Bones","The Dandelion Dynasty","4","4.198","2022","","4.53","4678","",""
"43","Ken Liu","Fantasy","4.264","The Paper Menagerie and Other Stories","","","","2016","","4.35","40453","",""
"44","James S.A. Corey","Science Fiction","4.198","Leviathan Wakes","","","","2011","","4.31","336152","",""
"44","James S.A. Corey","Science Fiction","4.198","The Butcher of Anderson Station","The Expanse","1.5","4.171","2011","","4.02","28789","",""
"44","James S.A. Corey","Science Fiction","4.198","Caliban’s War","The Expanse","2","4.171","2012","","4.39","192341","",""
"44","James S.A. Corey","Science Fiction","4.198","Gods of Risk","The Expanse","2.5","4.171","2012","","3.73","26882","",""
"44","James S.A. Corey","Science Fiction","4.198","Drive","The Expanse","2.7","4.171","2012","","4.06","17736","",""
"44","James S.A. Corey","Science Fiction","4.198","Abaddon’s Gate","The Expanse","3","4.171","2013","","4.28","162261","",""
"44","James S.A. Corey","Science Fiction","4.198","The Churn","The Expanse","3.5","4.171","2014","","4.13","29735","",""
"44","James S.A. Corey","Science Fiction","4.198","Cibola Burn","The Expanse","4","4.171","2014","","4.24","134273","",""
"44","James S.A. Corey","Science Fiction","4.198","Nemesis Games","The Expanse","5","4.171","2015","","4.45","120945","",""
"44","James S.A. Corey","Science Fiction","4.198","The Vital Abyss","The Expanse","5.5","4.171","2015","","3.9","20145","",""
"44","James S.A. Corey","Science Fiction","4.198","Babylon’s Ashes","The Expanse","6","4.171","2016","","4.26","103961","",""
"44","James S.A. Corey","Science Fiction","4.198","Strange Dogs","The Expanse","6.5","4.171","2017","","4.1","19264","",""
"44","James S.A. Corey","Science Fiction","4.198","Persepolis Rising","The Expanse","7","4.171","2017","","4.38","91857","",""
"44","James S.A. Corey","Science Fiction","4.198","Auberon","The Expanse","7.5","4.171","2019","","4.2","15464","",""
"44","James S.A. Corey","Science Fiction","4.198","Tiamat's Wrath","The Expanse","8","4.171","2019","","4.57","86472","",""
"44","James S.A. Corey","Science Fiction","4.198","The Last Flight of the Cassandra","The Expanse","8.1","4.171","2019","","3.51","1200","",""
"44","James S.A. Corey","Science Fiction","4.198","Leviathan Falls","The Expanse","9","4.171","2021","","4.54","75124","",""
"44","James S.A. Corey","Science Fiction","4.198","The Sins of Our Fathers","The Expanse","9.5","4.171","2022","","4.14","9153","",""
"44","James S.A. Corey","Science Fiction","4.198","Memory's Legion","","","","2022","","4.36","11772","",""
"44","James S.A. Corey","Science Fiction","4.198","The Mercy of Gods","The Captive's War","1","4.26","2024","","4.15","44477","",""
"44","James S.A. Corey","Science Fiction","4.198","Livesuit","The Captive's War","1.5","4.26","2024","","4.31","13600","",""
"44","James S.A. Corey","Science Fiction","4.198","The Faith of Beasts","The Captive's War","2","4.26","2026","","4.32","12667","",""
"45","Fonda Lee","Fantasy","4.263","The Jade Setter of Janloon","The Green Bone Saga","0.5","4.314","2022","","4.27","5490","",""
"45","Fonda Lee","Fantasy","4.263","Jade Shards","The Green Bone Saga","0.75","4.314","2023","","4.27","4012","",""
"45","Fonda Lee","Fantasy","4.263","Jade City","The Green Bone Saga","1","4.314","2017","","4.05","125846","",""
"45","Fonda Lee","Fantasy","4.263","Jade War","The Green Bone Saga","2","4.314","2019","","4.37","64626","",""
"45","Fonda Lee","Fantasy","4.263","Jade Legacy","The Green Bone Saga","3","4.314","2021","","4.61","52201","",""
"45","Fonda Lee","Fantasy","4.263","The Last Contract of Isako","","","","2026","","4.01","9237","",""
"46","Bernard Cornwell","Historical Fiction","4.237","Sharpe's Tiger","Sharpe","1","4.216","1997","","4.14","30505","",""
"46","Bernard Cornwell","Historical Fiction","4.237","Sharpe's Triumph","Sharpe","2","4.216","1998","","4.15","20000","",""
"46","Bernard Cornwell","Historical Fiction","4.237","Sharpe's Fortress","Sharpe","3","4.216","1999","","4.22","16571","",""
"46","Bernard Cornwell","Historical Fiction","4.237","Sharpe's Trafalgar","Sharpe","4","4.216","2000","","4.14","15770","",""
"46","Bernard Cornwell","Historical Fiction","4.237","Sharpe's Prey","Sharpe","5","4.216","2000","","4.08","13491","",""
"46","Bernard Cornwell","Historical Fiction","4.237","Sharpe's Rifles","Sharpe","6","4.216","1988","","4.27","20378","",""
"46","Bernard Cornwell","Historical Fiction","4.237","Sharpe's Havoc","Sharpe","7","4.216","2003","","4.16","12820","",""
"46","Bernard Cornwell","Historical Fiction","4.237","Sharpe's Eagle","Sharpe","8","4.216","1981","","4.3","17909","",""
"46","Bernard Cornwell","Historical Fiction","4.237","Sharpe's Gold","Sharpe","9","4.216","1981","","4.13","14313","",""
"46","Bernard Cornwell","Historical Fiction","4.237","Sharpe's Escape","Sharpe","10","4.216","2004","","4.18","11028","",""
"46","Bernard Cornwell","Historical Fiction","4.237","Sharpe's Fury","Sharpe","11","4.216","2005","","4.14","10728","",""
"46","Bernard Cornwell","Historical Fiction","4.237","Sharpe's Battle","Sharpe","12","4.216","1995","","4.2","10687","",""
"46","Bernard Cornwell","Historical Fiction","4.237","Sharpe's Company","Sharpe","13","4.216","1982","","4.26","12501","",""
"46","Bernard Cornwell","Historical Fiction","4.237","Sharpe's Command","Sharpe","14","4.216","2023","","4.18","4502","",""
"46","Bernard Cornwell","Historical Fiction","4.237","Sharpe's Skirmish","Sharpe","14.5","4.216","1999","","4.06","3423","",""
"46","Bernard Cornwell","Historical Fiction","4.237","Sharpe's Sword","Sharpe","15","4.216","1983","","4.27","11787","",""
"46","Bernard Cornwell","Historical Fiction","4.237","Sharpe's Enemy","Sharpe","16","4.216","1984","","4.3","10889","",""
"46","Bernard Cornwell","Historical Fiction","4.237","Sharpe's Honor","Sharpe","17","4.216","1985","","4.24","9917","",""
"46","Bernard Cornwell","Historical Fiction","4.237","Sharpe's Regiment","Sharpe","18","4.216","1986","","4.29","9806","",""
"46","Bernard Cornwell","Historical Fiction","4.237","Sharpe's Siege","Sharpe","18","4.216","1987","","4.25","9441","",""
"46","Bernard Cornwell","Historical Fiction","4.237","Sharpe's Revenge","Sharpe","19","4.216","1989","","4.22","9126","",""
"46","Bernard Cornwell","Historical Fiction","4.237","Sharpe's Storm","Sharpe","19","4.216","2025","","4.32","2748","",""
"46","Bernard Cornwell","Historical Fiction","4.237","Sharpe's Waterloo","Sharpe","20","4.216","1990","","4.34","10683","",""
"46","Bernard Cornwell","Historical Fiction","4.237","Sharpe's Assassin","Sharpe","21","4.216","2021","","4.42","6871","",""
"46","Bernard Cornwell","Historical Fiction","4.237","Sharpe's Devil","Sharpe","22","4.216","1992","","4.14","8326","",""
"46","Bernard Cornwell","Historical Fiction","4.237","Sharpe's Ransom","Sharpe","22.5","4.216","1995","","4.22","1297","",""
"46","Bernard Cornwell","Historical Fiction","4.237","Redcoat","","","","1987","","4","4702","",""
"46","Bernard Cornwell","Historical Fiction","4.237","Wildtrack","","","","1988","","4.03","2150","",""
"46","Bernard Cornwell","Historical Fiction","4.237","Sea Lord","The Thrillers","2","4.07","1989","","4.08","2753","",""
"46","Bernard Cornwell","Historical Fiction","4.237","Stormchild","The Thrillers","4","4.07","1991","","4.05","2395","",""
"46","Bernard Cornwell","Historical Fiction","4.237","Scoundrel","The Thrillers","5","4.07","1992","","4.08","2814","",""
"46","Bernard Cornwell","Historical Fiction","4.237","Crackdown","","","","1990","","4.04","2296","",""
"46","Bernard Cornwell","Historical Fiction","4.237","Rebel","The Starbuck Chronicles","1","4.098","1993","","3.92","7883","",""
"46","Bernard Cornwell","Historical Fiction","4.237","Rebel / Copperhead","The Starbuck Chronicles","1, #2","4.098","1993","","4.12","276","",""
"46","Bernard Cornwell","Historical Fiction","4.237","Copperhead","The Starbuck Chronicles","2","4.098","1994","","4.07","5674","",""
"46","Bernard Cornwell","Historical Fiction","4.237","Battle Flag","The Starbuck Chronicles","3","4.098","1995","","4.15","4622","",""
"46","Bernard Cornwell","Historical Fiction","4.237","The Bloody Ground","The Starbuck Chronicles","4","4.098","1996","","4.23","5151","",""
"46","Bernard Cornwell","Historical Fiction","4.237","The Winter King","The Warlord Chronicles","1","4.373","1995","","4.26","57468","",""
"46","Bernard Cornwell","Historical Fiction","4.237","Enemy of God","The Warlord Chronicles","2","4.373","1996","","4.42","30457","",""
"46","Bernard Cornwell","Historical Fiction","4.237","Excalibur","The Warlord Chronicles","3","4.373","1997","","4.44","32410","",""
"46","Bernard Cornwell","Historical Fiction","4.237","The Archer's Tale","The Grail Quest","1","4.16","2000","","4.16","34638","",""
"46","Bernard Cornwell","Historical Fiction","4.237","Vagabond","The Grail Quest","2","4.16","2002","","4.14","21430","",""
"46","Bernard Cornwell","Historical Fiction","4.237","Heretic","The Grail Quest","3","4.16","2003","","4.19","19563","",""
"46","Bernard Cornwell","Historical Fiction","4.237","1356","The Grail Quest","4","4.16","2012","","4.15","16365","",""
"46","Bernard Cornwell","Historical Fiction","4.237","The Grail Quest Trilogy","","","","2002","","4.47","1822","",""
"46","Bernard Cornwell","Historical Fiction","4.237","Sharpe's Christmas: Two Short Stories","","","","2003","","4.14","3847","",""
"46","Bernard Cornwell","Historical Fiction","4.237","The Last Kingdom","The Saxon Stories","1","4.376","2004","","4.27","115732","",""
"46","Bernard Cornwell","Historical Fiction","4.237","The Pale Horseman","The Saxon Stories","2","4.376","2006","","4.32","63624","",""
"46","Bernard Cornwell","Historical Fiction","4.237","Lords of the North","The Saxon Stories","3","4.376","2007","","4.36","54074","",""
"46","Bernard Cornwell","Historical Fiction","4.237","Sword Song","The Saxon Stories","4","4.376","2007","","4.33","46890","",""
"46","Bernard Cornwell","Historical Fiction","4.237","The Burning Land","The Saxon Stories","5","4.376","2009","","4.31","42220","",""
"46","Bernard Cornwell","Historical Fiction","4.237","Death of Kings","The Saxon Stories","6","4.376","2011","","4.31","35058","",""
"46","Bernard Cornwell","Historical Fiction","4.237","The Pagan Lord","The Saxon Stories","7","4.376","2013","","4.37","31694","",""
"46","Bernard Cornwell","Historical Fiction","4.237","The Empty Throne","The Saxon Stories","8","4.376","2014","","4.39","28835","",""
"46","Bernard Cornwell","Historical Fiction","4.237","Warriors of the Storm","The Saxon Stories","9","4.376","2015","","4.42","26388","",""
"46","Bernard Cornwell","Historical Fiction","4.237","The Flame Bearer","The Saxon Stories","10","4.376","2016","","4.43","25025","",""
"46","Bernard Cornwell","Historical Fiction","4.237","War of the Wolf","The Saxon Stories","11","4.376","2018","","4.36","20599","",""
"46","Bernard Cornwell","Historical Fiction","4.237","Sword of Kings","The Saxon Stories","12","4.376","2019","","4.42","17976","",""
"46","Bernard Cornwell","Historical Fiction","4.237","War Lord","The Saxon Stories","13","4.376","2020","","4.6","16433","",""
"46","Bernard Cornwell","Historical Fiction","4.237","Agincourt","","","","2008","","4.16","32586","",""
"46","Bernard Cornwell","Historical Fiction","4.237","Warlord Chronicles","","","","2011","","4.66","1330","",""
"46","Bernard Cornwell","Historical Fiction","4.237","Waterloo: The True Story of Four Days, Three Armies and Three Battles","","","","2014","","4.24","9108","",""
"47","Patricia Briggs","Fantasy","4.261","Masques","Sianim","1 / Aralorn, #1","4.048","1993","","3.92","12526","",""
"47","Patricia Briggs","Fantasy","4.261","Steal the Dragon","Sianim","2","4.048","1995","","4.01","7391","",""
"47","Patricia Briggs","Fantasy","4.261","When Demons Walk","Sianim","3","4.048","1998","","4.14","7028","",""
"47","Patricia Briggs","Fantasy","4.261","Wolfsbane","Sianim","4; Aralorn, #2","4.048","2010","","4.12","10546","",""
"47","Patricia Briggs","Fantasy","4.261","Dragon Bones","Hurog","1","4.1","2002","","4.07","12276","",""
"47","Patricia Briggs","Fantasy","4.261","Dragon Blood","Hurog","2","4.1","2002","","4.13","9931","",""
"47","Patricia Briggs","Fantasy","4.261","Raven's Shadow","Raven","1","4.08","2004","","4.03","9249","",""
"47","Patricia Briggs","Fantasy","4.261","Raven's Strike","Raven","2","4.08","2005","","4.13","7306","",""
"47","Patricia Briggs","Fantasy","4.261","Shifting Shadows","Mercy Thompson","0.1, #0.5, #0.7, #0.9, #1.2, #1.8, #4.5, #5.5, #7.4, #8.5","4.357","2014","","4.4","23335","",""
"47","Patricia Briggs","Fantasy","4.261","Moon Called","Mercy Thompson","1","4.357","2006","","4.14","221622","",""
"47","Patricia Briggs","Fantasy","4.261","Blood Bound","Mercy Thompson","2","4.357","2007","","4.3","137665","",""
"47","Patricia Briggs","Fantasy","4.261","Iron Kissed","Mercy Thompson","3","4.357","2008","","4.34","132853","",""
"47","Patricia Briggs","Fantasy","4.261","Bone Crossed","Mercy Thompson","4","4.357","2010","","4.33","117437","",""
"47","Patricia Briggs","Fantasy","4.261","Silver Borne","Mercy Thompson","5","4.357","2010","","4.37","114599","",""
"47","Patricia Briggs","Fantasy","4.261","River Marked","Mercy Thompson","6","4.357","2011","","4.28","94750","",""
"47","Patricia Briggs","Fantasy","4.261","Frost Burned","Mercy Thompson","7","4.357","2013","","4.36","80467","",""
"47","Patricia Briggs","Fantasy","4.261","Night Broken","Mercy Thompson","8","4.357","2014","","4.42","69852","",""
"47","Patricia Briggs","Fantasy","4.261","Fire Touched","Mercy Thompson","9","4.357","2016","","4.38","55636","",""
"47","Patricia Briggs","Fantasy","4.261","Silence Fallen","Mercy Thompson","10","4.357","2017","","4.4","50542","",""
"47","Patricia Briggs","Fantasy","4.261","Storm Cursed","Mercy Thompson","11","4.357","2019","","4.43","40041","",""
"47","Patricia Briggs","Fantasy","4.261","Smoke Bitten","Mercy Thompson","12","4.357","2020","","4.43","36937","",""
"47","Patricia Briggs","Fantasy","4.261","Soul Taken","Mercy Thompson","13","4.357","2022","","4.43","29342","",""
"47","Patricia Briggs","Fantasy","4.261","Winter Lost","Mercy Thompson","14; Mercy Thompson World, #20","4.357","2024","","4.35","21341","",""
"47","Patricia Briggs","Fantasy","4.261","Alpha & Omega","Alpha & Omega","0.5","4.312","2007","","4.27","29809","",""
"47","Patricia Briggs","Fantasy","4.261","On the Prowl","Alpha & Omega","0.5","4.312","2007","","4.06","29729","",""
"47","Patricia Briggs","Fantasy","4.261","Call of the Hunt","Alpha & Omega","0.5-3","4.312","2012","","4.58","831","",""
"47","Patricia Briggs","Fantasy","4.261","Cry Wolf","Alpha & Omega","1","4.312","2008","","4.12","110789","",""
"47","Patricia Briggs","Fantasy","4.261","Hunting Ground","Alpha & Omega","2","4.312","2009","","4.28","74739","",""
"47","Patricia Briggs","Fantasy","4.261","Fair Game","Alpha & Omega","3","4.312","2012","","4.34","58325","",""
"47","Patricia Briggs","Fantasy","4.261","Dead Heat","Alpha & Omega","4","4.312","2015","","4.32","42106","",""
"47","Patricia Briggs","Fantasy","4.261","Burn Bright","Alpha & Omega","5","4.312","2018","","4.34","32189","",""
"47","Patricia Briggs","Fantasy","4.261","Wild Sign","Alpha & Omega","6","4.312","2021","","4.5","24864","",""
"47","Patricia Briggs","Fantasy","4.261","Mercy Thompson: Homecoming Graphic Novel Issue #1","","","","2008","","4.09","1534","",""
"47","Patricia Briggs","Fantasy","4.261","Mercy Thompson: Homecoming Graphic Novel Issue #2","","","","2008","","4.18","1043","",""
"47","Patricia Briggs","Fantasy","4.261","Alpha and Omega: Cry Wolf Volume One","","","","2009","","4.15","2016","",""
"47","Patricia Briggs","Fantasy","4.261","Homecoming","Mercy Thompson Graphic Novel","0","4.08","2009","","4.08","13082","",""
"47","Patricia Briggs","Fantasy","4.261","Patricia Briggs' Mercy Thompson: Moon Called","","","","2010","","4.42","5241","",""
"47","Patricia Briggs","Fantasy","4.261","Hopcross Jilly Vol. 1","","","","2015","","4.05","2761","",""
"47","Patricia Briggs","Fantasy","4.261","Blind Date with a Werewolf","","","","2025","","4.49","7751","",""
"48","Ted Chiang","Science Fiction","4.195","Tower of Babylon","","","","1990","","4.09","4079","",""
"48","Ted Chiang","Science Fiction","4.195","Hell is the Absence of God","","","","2001","","4.03","2906","",""
"48","Ted Chiang","Science Fiction","4.195","Stories of Your Life and Others","","","","2002","","4.25","131706","",""
"48","Ted Chiang","Science Fiction","4.195","The Merchant and the Alchemist's Gate","","","","2007","","4.38","6195","",""
"48","Ted Chiang","Science Fiction","4.195","The Great Silence","","","","2015","","4.15","1747","",""
"48","Ted Chiang","Science Fiction","4.195","Exhalation","","","","2019","","4.27","117208","",""
"49","Robert Jackson Bennett","Fantasy","4.259","City of Stairs","The Divine Cities","1","4.243","2014","","4.1","42950","",""
"49","Robert Jackson Bennett","Fantasy","4.259","City of Blades","The Divine Cities","2","4.243","2016","","4.21","21328","",""
"49","Robert Jackson Bennett","Fantasy","4.259","City of Miracles","The Divine Cities","3","4.243","2017","","4.42","16780","",""
"49","Robert Jackson Bennett","Fantasy","4.259","Foundryside","The Founders Trilogy","1","4.063","2018","","4.16","58768","",""
"49","Robert Jackson Bennett","Fantasy","4.259","Shorefall","The Founders Trilogy","2","4.063","2020","","4.03","27711","",""
"49","Robert Jackson Bennett","Fantasy","4.259","Locklands","The Founders Trilogy","3","4.063","2022","","4","16052","",""
"49","Robert Jackson Bennett","Fantasy","4.259","The Tainted Cup","Ana and Din Mysteries","1","4.47","2024","","4.29","104362","",""
"49","Robert Jackson Bennett","Fantasy","4.259","A Drop of Corruption","Ana and Din Mysteries","2","4.47","2025","","4.47","52620","",""
"49","Robert Jackson Bennett","Fantasy","4.259","A Trade of Blood","Ana and Din Mysteries","3","4.47","2026","","4.65","3157","",""
"50","Stephen King","Thriller","4.232","The Dark Man","","","","1969","","4.06","3331","",""
"50","Stephen King","Thriller","4.232","’Salem’s Lot","","","","1975","","4.1","681270","",""
"50","Stephen King","Thriller","4.232","The Shining","The Shining","1","4.205","1977","","4.28","1759536","",""
"50","Stephen King","Thriller","4.232","Doctor Sleep","The Shining","2","4.205","2013","","4.13","306696","",""
"50","Stephen King","Thriller","4.232","Le Fléau 1/2","","","","1978","","4.28","1881","",""
"50","Stephen King","Thriller","4.232","Le Fléau 2/2","","","","1978","","4.31","1596","",""
"50","Stephen King","Thriller","4.232","Night Shift","","","","1978","","4.04","203008","",""
"50","Stephen King","Thriller","4.232","Quitters, Inc.","","","","1978","","4.05","10150","",""
"50","Stephen King","Thriller","4.232","The Stand","","","","1978","","4.35","859122","",""
"50","Stephen King","Thriller","4.232","The Jaunt","","","","1981","","4.17","6725","",""
"50","Stephen King","Thriller","4.232","Creepshow","","","","1982","","4.07","39593","",""
"50","Stephen King","Thriller","4.232","The Little Sisters of Eluria","Dark Tower","0.5","4.148","1998","","4.17","22439","",""
"50","Stephen King","Thriller","4.232","The Gunslinger","Dark Tower","1","4.148","1982","","3.9","678754","",""
"50","Stephen King","Thriller","4.232","The Drawing of the Three","Dark Tower","2","4.148","1987","","4.24","299145","",""
"50","Stephen King","Thriller","4.232","The Waste Lands","Dark Tower","3","4.148","1991","","4.25","254695","",""
"50","Stephen King","Thriller","4.232","The Wind Through the Keyhole","Dark Tower","4.5","4.148","2012","","4.13","96464","",""
"50","Stephen King","Thriller","4.232","Wolves of the Calla","Dark Tower","5","4.148","2003","","4.2","207344","",""
"50","Stephen King","Thriller","4.232","Song of Susannah","Dark Tower","6","4.148","2004","","4","180575","",""
"50","Stephen King","Thriller","4.232","The Dark Tower","Dark Tower","7","4.148","2004","","4.29","194638","",""
"50","Stephen King","Thriller","4.232","Different Seasons","","","","1982","","4.36","225605","",""
"50","Stephen King","Thriller","4.232","Las cuatro estaciones: primavera/verano","","","","1982","","4.19","2427","",""
"50","Stephen King","Thriller","4.232","Rita Hayworth and Shawshank Redemption","","","","1982","","4.47","70531","",""
"50","Stephen King","Thriller","4.232","The Body","","","","1982","","4.03","43893","",""
"50","Stephen King","Thriller","4.232","Carrie / 'Salem's Lot / The Shining","","","","1983","","4.58","21357","",""
"50","Stephen King","Thriller","4.232","Pet Sematary","","","","1983","","4.09","727899","",""
"50","Stephen King","Thriller","4.232","Uncle Otto's Truck","","","","1983","","4.32","2773","",""
"50","Stephen King","Thriller","4.232","The Talisman","The Talisman","1","4.075","1984","","4.1","147068","",""
"50","Stephen King","Thriller","4.232","Black House","The Talisman","2","4.075","2001","","4.05","71885","",""
"50","Stephen King","Thriller","4.232","Selections from Skeleton Crew","","","","1985","","4.32","9603","",""
"50","Stephen King","Thriller","4.232","Ça, Tome 1","","","","1986","","4.2","3154","",""
"50","Stephen King","Thriller","4.232","Ça, Tome 2","","","","1986","","4.17","2302","",""
"50","Stephen King","Thriller","4.232","It","","","","1986","","4.24","1313008","",""
"50","Stephen King","Thriller","4.232","Misery","","","","1987","","4.22","853174","",""
"50","Stephen King","Thriller","4.232","It/The Eyes of the Dragon/Misery","","","","1988","","4.61","2962","",""
"50","Stephen King","Thriller","4.232","Dolores Claiborne/Insomnia/Rose Madder","","","","1996","","4.45","3385","",""
"50","Stephen King","Thriller","4.232","The Two Dead Girls","The Green Mile","1","4.523","1996","","4.5","38965","",""
"50","Stephen King","Thriller","4.232","The Mouse on the Mile","The Green Mile","2","4.523","1996","","4.47","18760","",""
"50","Stephen King","Thriller","4.232","Coffey's Hands","The Green Mile","3","4.523","1996","","4.51","19116","",""
"50","Stephen King","Thriller","4.232","The Bad Death of Eduard Delacroix","The Green Mile","4","4.523","1996","","4.54","19024","",""
"50","Stephen King","Thriller","4.232","Night Journey","The Green Mile","5","4.523","1996","","4.53","17379","",""
"50","Stephen King","Thriller","4.232","Coffey on the Mile","The Green Mile","6","4.523","1996","","4.59","18580","",""
"50","Stephen King","Thriller","4.232","The Green Mile","","","","1996","","4.49","376594","",""
"50","Stephen King","Thriller","4.232","Wizard and Glass","The Dark Tower","4","4.27","1997","","4.27","226498","",""
"50","Stephen King","Thriller","4.232","Jerusalem's Lot","","","","2000","","4.05","6033","",""
"50","Stephen King","Thriller","4.232","Secret Windows: Essays and Fiction on the Craft of Writing","","","","2000","","4.06","1893","",""
"50","Stephen King","Thriller","4.232","On Writing: A Memoir of the Craft","","","","2002","","4.34","326424","",""
"50","Stephen King","Thriller","4.232","The Talisman and Black House","","","","2002","","4.44","4341","",""
"50","Stephen King","Thriller","4.232","Under the Dome: Part One","","","","2009","","4.05","11690","",""
"50","Stephen King","Thriller","4.232","Under the Dome: Part Two","","","","2009","","4.08","4197","",""
"50","Stephen King","Thriller","4.232","11/22/63","","","","2011","","4.35","699713","",""
"50","Stephen King","Thriller","4.232","Full Dark, No Stars","","","","2011","","4.09","120034","",""
"50","Stephen King","Thriller","4.232","Guns","","","","2013","","4.19","10088","",""
"50","Stephen King","Thriller","4.232","Mr. Mercedes","Bill Hodges","1","4.04","2014","","4.04","389748","",""
"50","Stephen King","Thriller","4.232","Finders Keepers","Bill Hodges Trilogy","2","4.085","2015","","4.07","196618","",""
"50","Stephen King","Thriller","4.232","End of Watch","Bill Hodges Trilogy","3","4.085","2016","","4.1","163377","",""
"50","Stephen King","Thriller","4.232","The Institute","","","","2019","","4.19","357510","",""
"50","Stephen King","Thriller","4.232","Billy Summers","","","","2021","","4.17","201458","",""
"50","Stephen King","Thriller","4.232","Fairy Tale","","","","2022","","4.09","354716","",""
"50","Stephen King","Thriller","4.232","The Gwendy Collection: Gwendy's Button Box / Gwendy's Magic Feather / Gwendy's Final Task","","","","2022","","4.12","1480","",""
"50","Stephen King","Thriller","4.232","You Like It Darker","","","","2024","","4.17","96243","",""
"51","Brent Weeks","Fantasy","4.249","The Way of Shadows","Night Angel","1","4.307","2008","","4.15","178849","",""
"51","Brent Weeks","Fantasy","4.249","Shadow's Edge","Night Angel","2","4.307","2008","","4.25","110544","",""
"51","Brent Weeks","Fantasy","4.249","Beyond the Shadows","Night Angel","3","4.307","2008","","4.27","105107","",""
"51","Brent Weeks","Fantasy","4.249","Beyond the Shadows, Part 1 of 2","Night Angel","3, part 1","4.307","2008","","4.56","271","",""
"51","Brent Weeks","Fantasy","4.249","The Black Prism","Lightbringer","1","4.268","2010","","4.23","134109","",""
"51","Brent Weeks","Fantasy","4.249","The Blinding Knife","Lightbringer","2","4.268","2012","","4.41","95091","",""
"51","Brent Weeks","Fantasy","4.249","Gunner's Apprentice","Lightbringer","2.5","4.268","2014","","3.95","1374","",""
"51","Brent Weeks","Fantasy","4.249","The Broken Eye","Lightbringer","3","4.268","2014","","4.44","70359","",""
"51","Brent Weeks","Fantasy","4.249","The Blood Mirror","Lightbringer","4","4.268","2015","","4.32","54033","",""
"51","Brent Weeks","Fantasy","4.249","The Burning White","Lightbringer","5","4.268","2019","","4.26","38970","",""
"51","Brent Weeks","Fantasy","4.249","Perfect Shadow","","","","2011","","4.13","18886","",""
"51","Brent Weeks","Fantasy","4.249","Night Angel Nemesis","The Kylar Chronicles","1","4.02","2023","","4.02","6845","",""
"52","Arkady Strugatsky","Science Fiction","4.186","Далекая радуга","","","","1963","","4.16","1489","",""
"52","Arkady Strugatsky","Science Fiction","4.186","Hard to Be a God","","","","1964","","4.11","19460","",""
"52","Arkady Strugatsky","Science Fiction","4.186","Хищные вещи века. Чрезвычайные происшествия","","","","1964","","4.12","1452","",""
"52","Arkady Strugatsky","Science Fiction","4.186","Понедельник начинается в субботу","","","","1965","","4.13","18182","",""
"52","Arkady Strugatsky","Science Fiction","4.186","Обитаемый остров","","","","1968","","4.27","7235","",""
"52","Arkady Strugatsky","Science Fiction","4.186","Пикник на обочине. Отель «У погибшего альпиниста». Улитка на склоне","","","","1970","","4.54","1461","",""
"52","Arkady Strugatsky","Science Fiction","4.186","Малыш","","","","1971","","4.11","1775","",""
"52","Arkady Strugatsky","Science Fiction","4.186","Roadside Picnic","","","","1972","","4.11","94233","",""
"52","Arkady Strugatsky","Science Fiction","4.186","The Ugly Swans","","","","1972","","4.26","2013","",""
"52","Arkady Strugatsky","Science Fiction","4.186","Beetle in the Anthill","","","","1979","","4.24","3070","",""
"52","Arkady Strugatsky","Science Fiction","4.186","The Waves Extinguish the Wind","Maxim Kammerer","3","4.02","1984","","4.02","1621","",""
"52","Arkady Strugatsky","Science Fiction","4.186","The Doomed City","","","","1989","","4.16","6533","",""
"53","Anthony Ryan","Fantasy","4.219","The Waking Fire","The Draconis Memoria","1","4.127","2016","","4.05","15669","",""
"53","Anthony Ryan","Fantasy","4.219","The Legion of Flame","The Draconis Memoria","2","4.127","2017","","4.15","8988","",""
"53","Anthony Ryan","Fantasy","4.219","The Empire of Ashes","The Draconis Memoria","3","4.127","2018","","4.18","7028","",""
"53","Anthony Ryan","Fantasy","4.219","The Wolf's Call","Raven's Blade","1","4.25","2019","","4.28","9993","",""
"53","Anthony Ryan","Fantasy","4.219","The Black Song","Raven's Blade","2","4.25","2020","","4.22","7556","",""
"53","Anthony Ryan","Fantasy","4.219","A Pilgrimage of Swords","The Seven Swords","1","4.191","2019","","4","2900","",""
"53","Anthony Ryan","Fantasy","4.219","The Kraken's Tooth","The Seven Swords","2","4.191","2020","","4.11","1860","",""
"53","Anthony Ryan","Fantasy","4.219","City of Songs","The Seven Swords","3","4.191","2021","","4.21","1501","",""
"53","Anthony Ryan","Fantasy","4.219","To Blackfyre Keep","The Seven Swords","4","4.191","2022","","4.28","1231","",""
"53","Anthony Ryan","Fantasy","4.219","Across the Sorrow Sea","The Seven Swords","5","4.191","2023","","4.22","1040","",""
"53","Anthony Ryan","Fantasy","4.219","The Road of Storms","The Seven Swords","6","4.191","2024","","4.19","798","",""
"53","Anthony Ryan","Fantasy","4.219","The Infernus Gate","The Seven Swords","7","4.191","2025","","4.33","573","",""
"53","Anthony Ryan","Fantasy","4.219","The Pariah","Covenant of Steel","1","4.31","2021","","4.16","19163","",""
"53","Anthony Ryan","Fantasy","4.219","The Martyr","Covenant of Steel","2","4.31","2022","","4.36","11461","",""
"53","Anthony Ryan","Fantasy","4.219","The Traitor","Covenant of Steel","3","4.31","2023","","4.41","8807","",""
"53","Anthony Ryan","Fantasy","4.219","A Tide of Black Steel","Age of Wrath","1","4.285","2024","","4.23","2963","",""
"53","Anthony Ryan","Fantasy","4.219","Born of an Iron Storm","Age of Wrath","2","4.285","2025","","4.34","1287","",""
"54","Stieg Larsson","Thriller","4.23","The Girl With the Dragon Tattoo","Millennium","1","4.23","2005","","4.18","3515814","",""
"54","Stieg Larsson","Thriller","4.23","The Girl Who Played with Fire","Millennium","2","4.23","2006","","4.26","1002708","",""
"54","Stieg Larsson","Thriller","4.23","The Girl Who Kicked the Hornet’s Nest","Millennium","3","4.23","2007","","4.25","787470","",""
"55","Andrzej Sapkowski","Fantasy","4.21","Wiedźmin","","","","1986","","4.61","1398","",""
"55","Andrzej Sapkowski","Fantasy","4.21","Zaklínač","Zaklínač I. Poslední přání","1/6","4.46","1986","","4.46","1201","",""
"55","Andrzej Sapkowski","Fantasy","4.21","El último deseo. La espada del destino","","","","1990","","4.3","3286","",""
"55","Andrzej Sapkowski","Fantasy","4.21","Crossroads of Ravens","The Witcher","0.1","4.144","2024","","4.02","19828","",""
"55","Andrzej Sapkowski","Fantasy","4.21","Season of Storms","The Witcher","0.2","4.144","2013","","3.98","76233","",""
"55","Andrzej Sapkowski","Fantasy","4.21","The Last Wish","The Witcher","0.5","4.144","1993","","4.14","433206","",""
"55","Andrzej Sapkowski","Fantasy","4.21","Sword of Destiny","The Witcher","0.7","4.144","1992","","4.27","232393","",""
"55","Andrzej Sapkowski","Fantasy","4.21","Blood of Elves","The Witcher","1","4.144","1994","","4.1","257309","",""
"55","Andrzej Sapkowski","Fantasy","4.21","The Time of Contempt","The Witcher","2","4.144","1995","","4.16","181203","",""
"55","Andrzej Sapkowski","Fantasy","4.21","Baptism of Fire","The Witcher","3","4.144","1996","","4.26","151998","",""
"55","Andrzej Sapkowski","Fantasy","4.21","The Tower of the Swallow","The Witcher","4","4.144","1997","","4.22","129546","",""
"55","Andrzej Sapkowski","Fantasy","4.21","La dama del lago vol. 1","La Saga de Geralt de Rivia","5","4.195","1999","","4.18","2656","",""
"55","Andrzej Sapkowski","Fantasy","4.21","La dama del lago Vol. 2","La Saga de Geralt de Rivia","5","4.195","1999","","4.21","2414","",""
"55","Andrzej Sapkowski","Fantasy","4.21","Narrenturm","Trylogia husycka","1","4.12","2002","","4.03","14321","",""
"55","Andrzej Sapkowski","Fantasy","4.21","Boży bojownicy","Trylogia husycka","2","4.12","2004","","4.19","8413","",""
"55","Andrzej Sapkowski","Fantasy","4.21","Lux perpetua","Trylogia husycka","3","4.12","2006","","4.14","7022","",""
"55","Andrzej Sapkowski","Fantasy","4.21","Andrzej Sapkowski's The Witcher: A Grain of Truth","","","","2022","","4.3","1458","",""
"56","Hugh Howey","Science Fiction","4.181","Molly Fyde and the Parsona Rescue","The Bern Saga","1","4.013","2009","","3.93","5574","",""
"56","Hugh Howey","Science Fiction","4.181","Molly Fyde and the Land of Light","The Bern Saga","2","4.013","2010","","4.08","3974","",""
"56","Hugh Howey","Science Fiction","4.181","Molly Fyde and the Blood of Billions","The Bern Saga","3","4.013","2010","","4.01","3560","",""
"56","Hugh Howey","Science Fiction","4.181","Molly Fyde and the Fight for Peace","The Bern Saga","4","4.013","2010","","4.03","3300","",""
"56","Hugh Howey","Science Fiction","4.181","The Plagiarist","","","","2011","","4","4185","",""
"56","Hugh Howey","Science Fiction","4.181","Wool","Wool","1","4.264","2011","","4.14","114168","",""
"56","Hugh Howey","Science Fiction","4.181","Proper Gauge","Wool","2","4.264","2011","","4.15","12932","",""
"56","Hugh Howey","Science Fiction","4.181","Casting Off","Wool","3","4.264","2011","","4.33","13915","",""
"56","Hugh Howey","Science Fiction","4.181","The Unraveling","Wool","4","4.264","2011","","4.35","10954","",""
"56","Hugh Howey","Science Fiction","4.181","The Stranded","Wool","5","4.264","2012","","4.35","10476","",""
"56","Hugh Howey","Science Fiction","4.181","First Shift: Legacy","Shift","1","4.263","2012","","4.22","18081","",""
"56","Hugh Howey","Science Fiction","4.181","Second Shift: Order","Shift","2","4.263","2012","","4.27","11821","",""
"56","Hugh Howey","Science Fiction","4.181","Third Shift: Pact","Shift","3","4.263","2013","","4.3","10359","",""
"56","Hugh Howey","Science Fiction","4.181","The Belt of the Buried Gods","Sand","1","4.294","2013","","4.18","1701","",""
"56","Hugh Howey","Science Fiction","4.181","Out of No Man's Land","Sand","2","4.294","2013","","4.24","1342","",""
"56","Hugh Howey","Science Fiction","4.181","Return to Danvar","Sand","3","4.294","2013","","4.35","1059","",""
"56","Hugh Howey","Science Fiction","4.181","Thunder Due East","Sand","4","4.294","2013","","4.37","989","",""
"56","Hugh Howey","Science Fiction","4.181","A Rap Upon Heaven's Gate","Sand","5","4.294","2014","","4.33","1007","",""
"56","Hugh Howey","Science Fiction","4.181","Shift","Silo","2","4.18","2013","","4.13","165385","",""
"56","Hugh Howey","Science Fiction","4.181","Dust","Silo","3","4.18","2013","","4.23","147852","",""
"56","Hugh Howey","Science Fiction","4.181","Sand","The Sand Chronicles","1","4.005","2014","","3.96","33924","",""
"56","Hugh Howey","Science Fiction","4.181","Across the Sand","The Sand Chronicles","2","4.005","2022","","4.05","6281","",""
"56","Hugh Howey","Science Fiction","4.181","Little Noises","Beacon 23","1","4.208","2015","","4.07","3217","",""
"56","Hugh Howey","Science Fiction","4.181","Pet Rocks","Beacon 23","2","4.208","2015","","4.19","2134","",""
"56","Hugh Howey","Science Fiction","4.181","Bounty","Beacon 23","3","4.208","2015","","4.2","1890","",""
"56","Hugh Howey","Science Fiction","4.181","Company","Beacon 23","4","4.208","2015","","4.29","1839","",""
"56","Hugh Howey","Science Fiction","4.181","Visitor","Beacon 23","5","4.208","2015","","4.29","1868","",""
"56","Hugh Howey","Science Fiction","4.181","Machine Learning: New and Collected Stories","","","","2017","","4.02","3589","",""
"57","Nicholas Eames","Fantasy","4.21","Kings of the Wyld","The Band","1","4.21","2017","","4.26","71421","",""
"57","Nicholas Eames","Fantasy","4.21","Bloody Rose","The Band","2","4.21","2018","","4.16","26004","",""
"58","David Foster Wallace","Humor","4.222","Infinite Jest","","","","1996","","4.25","105203","",""
"58","David Foster Wallace","Humor","4.222","A Supposedly Fun Thing I'll Never Do Again: Essays and Arguments","","","","1997","","4.12","56352","",""
"58","David Foster Wallace","Humor","4.222","The Depressed Person","","","","1998","","4.3","1246","",""
"58","David Foster Wallace","Humor","4.222","Oblivion","","","","2004","","4.07","16306","",""
"58","David Foster Wallace","Humor","4.222","Consider the Lobster and Other Essays","","","","2005","","4.18","55587","",""
"58","David Foster Wallace","Humor","4.222","This Is Water: Some Thoughts, Delivered on a Significant Occasion, about Living a Compassionate Life","","","","2009","","4.47","40261","",""
"58","David Foster Wallace","Humor","4.222","Something to Do with Paying Attention","","","","2011","","4.16","1974","",""
"58","David Foster Wallace","Humor","4.222","Conversations with David Foster Wallace (Literary Conversations Series)","","","","2012","","4.17","1351","",""
"58","David Foster Wallace","Humor","4.222","String Theory: David Foster Wallace on Tennis","","","","2014","","4.14","6279","",""
"58","David Foster Wallace","Humor","4.222","The David Foster Wallace Reader","","","","2014","","4.36","1059","",""
"59","Lois McMaster Bujold","Fantasy","4.207","Shards of Honour","Vorkosigan Saga","1","4.161","1986","","4.06","41274","",""
"59","Lois McMaster Bujold","Fantasy","4.207","The Warrior's Apprentice","Vorkosigan Saga","2","4.161","1986","","4.26","31009","",""
"59","Lois McMaster Bujold","Fantasy","4.207","Ethan of Athos","Vorkosigan Saga","3","4.161","1986","","3.81","17359","",""
"59","Lois McMaster Bujold","Fantasy","4.207","Falling Free","Vorkosigan Saga","4","4.161","1988","","3.84","23437","",""
"59","Lois McMaster Bujold","Fantasy","4.207","Brothers in Arms","Vorkosigan Saga","5","4.161","1989","","4.2","19792","",""
"59","Lois McMaster Bujold","Fantasy","4.207","The Mountains of Mourning","Vorkosigan Saga","5.1","4.161","1989","","4.29","9384","",""
"59","Lois McMaster Bujold","Fantasy","4.207","Labyrinth","Vorkosigan Saga","5.2","4.161","1989","","4.15","5235","",""
"59","Lois McMaster Bujold","Fantasy","4.207","Weatherman","Vorkosigan Saga","5.4","4.161","1990","","4.26","2183","",""
"59","Lois McMaster Bujold","Fantasy","4.207","The Vor Game","Vorkosigan Saga","6","4.161","1990","","4.27","27714","",""
"59","Lois McMaster Bujold","Fantasy","4.207","Barrayar","Vorkosigan Saga","7","4.161","1991","","4.3","31451","",""
"59","Lois McMaster Bujold","Fantasy","4.207","Mirror Dance","Vorkosigan Saga","8","4.161","1994","","4.32","23626","",""
"59","Lois McMaster Bujold","Fantasy","4.207","Cetaganda","Vorkosigan Saga","9","4.161","1995","","4.18","21703","",""
"59","Lois McMaster Bujold","Fantasy","4.207","Dreamweaver's Dilemma","Vorkosigan Saga","9.1","4.161","1996","","3.8","1652","",""
"59","Lois McMaster Bujold","Fantasy","4.207","Memory","Vorkosigan Saga","10","4.161","1996","","4.44","20132","",""
"59","Lois McMaster Bujold","Fantasy","4.207","Komarr","Vorkosigan Saga","11","4.161","1998","","4.3","18904","",""
"59","Lois McMaster Bujold","Fantasy","4.207","A Civil Campaign","Vorkosigan Saga","12","4.161","1999","","4.41","20654","",""
"59","Lois McMaster Bujold","Fantasy","4.207","Diplomatic Immunity","Vorkosigan Saga","13","4.161","2002","","4.2","17753","",""
"59","Lois McMaster Bujold","Fantasy","4.207","Winterfair Gifts","Vorkosigan Saga","13.1","4.161","2002","","4.16","9875","",""
"59","Lois McMaster Bujold","Fantasy","4.207","CryoBurn","Vorkosigan Saga","14","4.161","2010","","4.08","17211","",""
"59","Lois McMaster Bujold","Fantasy","4.207","Captain Vorpatril's Alliance","Vorkosigan Saga","15","4.161","2012","","4.21","17418","",""
"59","Lois McMaster Bujold","Fantasy","4.207","Gentleman Jole and the Red Queen","Vorkosigan Saga","16","4.161","2016","","3.84","10543","",""
"59","Lois McMaster Bujold","Fantasy","4.207","Borders of Infinity","Vorkosigan Saga [Publication]","5.1-5.3","4.26","1987","","4.26","12328","",""
"59","Lois McMaster Bujold","Fantasy","4.207","Vorkosigan's Game: The Vor Game \ Borders of Infinity","","","","1990","","4.44","2022","",""
"59","Lois McMaster Bujold","Fantasy","4.207","The Curse of Chalion","World of the Five Gods","1","4.087","2001","","4.18","44309","",""
"59","Lois McMaster Bujold","Fantasy","4.207","Paladin of Souls","World of the Five Gods","2","4.087","2003","","4.19","27864","",""
"59","Lois McMaster Bujold","Fantasy","4.207","The Hallowed Hunt","World of the Five Gods","3","4.087","2005","","3.89","13636","",""
"59","Lois McMaster Bujold","Fantasy","4.207","Beguilement","The Sharing Knife","1","4.002","2006","","3.76","13751","",""
"59","Lois McMaster Bujold","Fantasy","4.207","Legacy","The Sharing Knife","2","4.002","2007","","3.87","9364","",""
"59","Lois McMaster Bujold","Fantasy","4.207","Passage","The Sharing Knife","3","4.002","2008","","3.97","8250","",""
"59","Lois McMaster Bujold","Fantasy","4.207","Horizon","The Sharing Knife","4","4.002","2009","","4.07","7601","",""
"59","Lois McMaster Bujold","Fantasy","4.207","Knife Children","The Sharing Knife","4.5","4.002","2019","","4.34","2142","",""
"59","Lois McMaster Bujold","Fantasy","4.207","Penric’s Demon","Penric and Desdemona","1","4.343","2015","","4.2","13235","",""
"59","Lois McMaster Bujold","Fantasy","4.207","Penric and the Shaman","Penric and Desdemona","2","4.343","2016","","4.17","8850","",""
"59","Lois McMaster Bujold","Fantasy","4.207","Penric’s Mission","Penric and Desdemona","3","4.343","2016","","4.34","6981","",""
"59","Lois McMaster Bujold","Fantasy","4.207","Mira’s Last Dance","Penric and Desdemona","4","4.343","2017","","4.24","6387","",""
"59","Lois McMaster Bujold","Fantasy","4.207","Penric’s Fox","Penric and Desdemona","5","4.343","2017","","4.21","6810","",""
"59","Lois McMaster Bujold","Fantasy","4.207","The Prisoner of Limnos","Penric and Desdemona","6","4.343","2017","","4.32","5942","",""
"59","Lois McMaster Bujold","Fantasy","4.207","The Orphans of Raspay","Penric and Desdemona","7","4.343","2019","","4.29","5167","",""
"59","Lois McMaster Bujold","Fantasy","4.207","The Physicians of Vilnoc","Penric and Desdemona","8","4.343","2020","","4.31","4893","",""
"59","Lois McMaster Bujold","Fantasy","4.207","Masquerade in Lodi","Penric and Desdemona","9","4.343","2020","","4.27","4902","",""
"59","Lois McMaster Bujold","Fantasy","4.207","The Assassins of Thasalon","Penric and Desdemona","10","4.343","2021","","4.5","4700","",""
"59","Lois McMaster Bujold","Fantasy","4.207","Knot of Shadows","Penric and Desdemona","11","4.343","2021","","4.28","4065","",""
"59","Lois McMaster Bujold","Fantasy","4.207","Demon Daughter","Penric and Desdemona","12","4.343","2024","","4.47","3382","",""
"59","Lois McMaster Bujold","Fantasy","4.207","Penric and the Bandit","Penric and Desdemona","13","4.343","2024","","4.51","3421","",""
"59","Lois McMaster Bujold","Fantasy","4.207","The Adventure of the Demonic Ox","Penric and Desdemona","14","4.343","2025","","4.35","2589","",""
"59","Lois McMaster Bujold","Fantasy","4.207","Testimony of Mute Things","Penric and Desdemona","15","4.343","2025","","4.45","2364","",""
"59","Lois McMaster Bujold","Fantasy","4.207","Darksight Dare","Penric and Desdemona","16","4.343","2026","","4.58","1695","",""
"59","Lois McMaster Bujold","Fantasy","4.207","The Flowers of Vashnoi","","","","2018","","4.1","5449","",""
"60","Gene Wolfe","Science Fiction","4.167","The Fifth Head of Cerberus","","","","1972","","4","8878","",""
"60","Gene Wolfe","Science Fiction","4.167","Peace","","","","1975","","4.12","2763","",""
"60","Gene Wolfe","Science Fiction","4.167","The Island of Doctor Death and Other Stories and Other Stories","","","","1980","","4.16","1811","",""
"60","Gene Wolfe","Science Fiction","4.167","The Claw of the Conciliator","","","","1981","","4","19050","",""
"60","Gene Wolfe","Science Fiction","4.167","The Sword of the Lictor","The Book of the New Sun","3","4.23","1982","","4.23","13821","",""
"60","Gene Wolfe","Science Fiction","4.167","The Book of the New Sun","","","","1983","","4.25","4990","",""
"60","Gene Wolfe","Science Fiction","4.167","The Citadel of the Autarch","","","","1983","","4.26","11893","",""
"60","Gene Wolfe","Science Fiction","4.167","The Urth of the New Sun","","","","1987","","4.06","9705","",""
"60","Gene Wolfe","Science Fiction","4.167","Soldier of Arete","","","","1989","","4.13","1646","",""
"60","Gene Wolfe","Science Fiction","4.167","Nightside the Long Sun","","","","1993","","4.09","2673","",""
"60","Gene Wolfe","Science Fiction","4.167","Caldé of the Long Sun","","","","1994","","4.09","1910","",""
"60","Gene Wolfe","Science Fiction","4.167","Lake of the Long Sun","","","","1994","","4.26","2026","",""
"60","Gene Wolfe","Science Fiction","4.167","Shadow & Claw","","","","1994","","4.04","23743","",""
"60","Gene Wolfe","Science Fiction","4.167","Sword & Citadel","","","","1994","","4.36","15007","",""
"60","Gene Wolfe","Science Fiction","4.167","Exodus from the Long Sun","","","","1996","","4.11","1662","",""
"60","Gene Wolfe","Science Fiction","4.167","On Blue's Waters","","","","1999","","4.25","2215","",""
"60","Gene Wolfe","Science Fiction","4.167","In Green's Jungles","","","","2000","","4.32","1979","",""
"60","Gene Wolfe","Science Fiction","4.167","Return to the Whorl","","","","2001","","4.41","1860","",""
"60","Gene Wolfe","Science Fiction","4.167","Latro in the Mist","","","","2003","","4.2","1944","",""
"60","Gene Wolfe","Science Fiction","4.167","Soldier of Sidon","","","","2006","","4.01","1643","",""
"61","Susanna Clarke","Fantasy","4.2","Piranesi","","","","2020","","4.2","558532","",""
"62","Fyodor Dostoevsky","Classic Fiction","4.222","The Double and The Gambler","","","","1846","","4.12","3721","",""
"62","Fyodor Dostoevsky","Classic Fiction","4.222","White Nights","","","","1848","","4.06","431318","",""
"62","Fyodor Dostoevsky","Classic Fiction","4.222","The House of the Dead/Poor Folk","","","","1861","","4.04","1589","",""
"62","Fyodor Dostoevsky","Classic Fiction","4.222","The Insulted and Humiliated","","","","1861","","4.25","25972","",""
"62","Fyodor Dostoevsky","Classic Fiction","4.222","The House of the Dead","","","","1862","","4.05","38207","",""
"62","Fyodor Dostoevsky","Classic Fiction","4.222","Notes from the Underground / The Gambler","","","","1864","","4.11","1471","",""
"62","Fyodor Dostoevsky","Classic Fiction","4.222","Notes from Underground","","","","1864","","4.16","254946","",""
"62","Fyodor Dostoevsky","Classic Fiction","4.222","Notes from Underground & The Double","","","","1864","","4.14","8607","",""
"62","Fyodor Dostoevsky","Classic Fiction","4.222","Notes from Underground, White Nights, The Dream of a Ridiculous Man, and Selections from The House of the Dead","","","","1864","","4.19","79038","",""
"62","Fyodor Dostoevsky","Classic Fiction","4.222","Crime and Punishment","","","","1866","","4.29","1145472","",""
"62","Fyodor Dostoevsky","Classic Fiction","4.222","Crimen y castigo 1","","","","1866","","4.37","20835","",""
"62","Fyodor Dostoevsky","Classic Fiction","4.222","الجريمة والعقاب 2","أعمال دوستويفسكي الأدبية،","9","4.218","1866","","4.49","9221","",""
"62","Fyodor Dostoevsky","Classic Fiction","4.222","الأبله 2","أعمال دوستويفسكي الأدبية،","11","4.218","1869","","4.23","2260","",""
"62","Fyodor Dostoevsky","Classic Fiction","4.222","الشياطين 1","أعمال دوستويفسكي الأدبية،","12","4.218","1871","","4.12","1282","",""
"62","Fyodor Dostoevsky","Classic Fiction","4.222","الشياطين 2","أعمال دوستويفسكي الأدبية،","13","4.218","1872","","4.3","830","",""
"62","Fyodor Dostoevsky","Classic Fiction","4.222","المراهق 1","أعمال دوستويفسكي الأدبية،","14","4.218","1875","","3.85","840","",""
"62","Fyodor Dostoevsky","Classic Fiction","4.222","المراهق 2","أعمال دوستويفسكي الأدبية،","15","4.218","1875","","4.08","578","",""
"62","Fyodor Dostoevsky","Classic Fiction","4.222","الإخوة كارامازوف 2","أعمال دوستويفسكي الأدبية،","17","4.218","1879","","4.3","549","",""
"62","Fyodor Dostoevsky","Classic Fiction","4.222","الإخوة كارامازوف 3","أعمال دوستويفسكي الأدبية،","18","4.218","1879","","4.37","705","",""
"62","Fyodor Dostoevsky","Classic Fiction","4.222","الأبله، الجزء الأول","","","","1867","","4.11","3877","",""
"62","Fyodor Dostoevsky","Classic Fiction","4.222","The Idiot","","","","1869","","4.21","229779","",""
"62","Fyodor Dostoevsky","Classic Fiction","4.222","Demons","","","","1871","","4.31","67218","",""
"62","Fyodor Dostoevsky","Classic Fiction","4.222","A Gentle Creature and Other Stories","","","","1876","","4.09","2509","",""
"62","Fyodor Dostoevsky","Classic Fiction","4.222","A Dócil / O Sonho de um Homem Ridículo","","","","1877","","4.15","1852","",""
"62","Fyodor Dostoevsky","Classic Fiction","4.222","The Best Short Stories of Fyodor Dostoevsky","","","","1877","","4.23","4302","",""
"62","Fyodor Dostoevsky","Classic Fiction","4.222","The Dream of a Ridiculous Man","","","","1877","","4.03","46923","",""
"62","Fyodor Dostoevsky","Classic Fiction","4.222","Os Irmãos Karamázov I","","","","1879","","4.43","4877","",""
"62","Fyodor Dostoevsky","Classic Fiction","4.222","The Brothers Karamazov","","","","1879","","4.4","410578","",""
"62","Fyodor Dostoevsky","Classic Fiction","4.222","The Grand Inquisitor","","","","1879","","4.32","7702","",""
"62","Fyodor Dostoevsky","Classic Fiction","4.222","الإخوة كارامازوف #1","","","","1879","","4.25","4486","",""
"62","Fyodor Dostoevsky","Classic Fiction","4.222","الإخوة كارامازوف #2","","","","1879","","4.35","2839","",""
"62","Fyodor Dostoevsky","Classic Fiction","4.222","الإخوة كارامازوف، الجزء الثالث","","","","1880","","4.41","2388","",""
"62","Fyodor Dostoevsky","Classic Fiction","4.222","The Eternal Husband and Other Stories","","","","1890","","4.15","2802","",""
"62","Fyodor Dostoevsky","Classic Fiction","4.222","Notes from Underground & The Grand Inquisitor","","","","1960","","4.18","1004","",""
"62","Fyodor Dostoevsky","Classic Fiction","4.222","Crimen y castigo / Los hemanos Karamazov","","","","1965","","4.43","1103","",""
"62","Fyodor Dostoevsky","Classic Fiction","4.222","Great Short Works of Fyodor Dostoevsky","","","","1968","","4.42","1580","",""
"63","Brian McClellan","Fantasy","4.194","Siege of Tilpur","Powder Mage","0.0","4.115","2017","","4.15","1468","",""
"63","Brian McClellan","Fantasy","4.194","Forsworn","Powder Mage","0.1","4.115","2014","","4.03","3970","",""
"63","Brian McClellan","Fantasy","4.194","Servant of the Crown","Powder Mage","0.2","4.115","2014","","4.27","3570","",""
"63","Brian McClellan","Fantasy","4.194","Murder at the Kinnen Hotel","Powder Mage","0.3","4.115","2014","","4.15","2817","",""
"63","Brian McClellan","Fantasy","4.194","Hope's End","Powder Mage","0.4","4.115","2013","","3.97","2780","",""
"63","Brian McClellan","Fantasy","4.194","The Girl of Hrusch Avenue","Powder Mage","0.5","4.115","2013","","3.96","3207","",""
"63","Brian McClellan","Fantasy","4.194","Green-Eyed Vipers","Powder Mage","0.6","4.115","2015","","3.94","891","",""
"63","Brian McClellan","Fantasy","4.194","The Face in the Window","Powder Mage","0.7","4.115","2014","","4.02","2301","",""
"63","Brian McClellan","Fantasy","4.194","Ghosts of the Tristan Basin","Powder Mage","0.8","4.115","2016","","4.29","2148","",""
"63","Brian McClellan","Fantasy","4.194","Promise of Blood","Powder Mage","1","4.115","2013","","4.13","65834","",""
"63","Brian McClellan","Fantasy","4.194","Return to Honor","Powder Mage","1.5","4.115","2015","","3.87","2575","",""
"63","Brian McClellan","Fantasy","4.194","The Crimson Campaign","Powder Mage","2","4.115","2014","","4.35","44234","",""
"63","Brian McClellan","Fantasy","4.194","The Autumn Republic","Powder Mage","3","4.115","2015","","4.36","37973","",""
"63","Brian McClellan","Fantasy","4.194","In the Field Marshal's Shadow (Powder Mage 0.4-0.7+1.5)","","","","2015","","4.28","1774","",""
"63","Brian McClellan","Fantasy","4.194","The Mad Lancers","Gods of Blood and Powder","0.5","4.41","2017","","4.31","2364","",""
"63","Brian McClellan","Fantasy","4.194","Sins of Empire","Gods of Blood and Powder","1","4.41","2017","","4.4","20306","",""
"63","Brian McClellan","Fantasy","4.194","Wrath of Empire","Gods of Blood and Powder","2","4.41","2018","","4.49","14460","",""
"63","Brian McClellan","Fantasy","4.194","Blood of Empire","Gods of Blood and Powder","3","4.41","2019","","4.44","11737","",""
"63","Brian McClellan","Fantasy","4.194","Uncanny Collateral","Valkyrie Collections","1","4.135","2019","","4.04","3237","",""
"63","Brian McClellan","Fantasy","4.194","Blood Tally","Valkyrie Collections","2","4.135","2020","","4.23","1647","",""
"63","Brian McClellan","Fantasy","4.194","In the Shadow of Lightning","Glass Immortals","1","4.39","2022","","4.39","8828","",""
"64","Octavia E. Butler","Science Fiction","4.162","Wild Seed","Patternist","1","4.01","1980","","4.2","41510","",""
"64","Octavia E. Butler","Science Fiction","4.162","Mind of My Mind","Patternist","2","4.01","1977","","4.19","16565","",""
"64","Octavia E. Butler","Science Fiction","4.162","Clay's Ark","Patternist","3","4.01","1984","","3.84","12854","",""
"64","Octavia E. Butler","Science Fiction","4.162","Patternmaster","Patternist","4","4.01","1976","","4.02","11498","",""
"64","Octavia E. Butler","Science Fiction","4.162","Survivor","Patternist","4","4.01","1978","","3.8","1457","",""
"64","Octavia E. Butler","Science Fiction","4.162","Kindred","","","","1979","","4.31","291497","",""
"64","Octavia E. Butler","Science Fiction","4.162","Bloodchild","","","","1984","","4","7544","",""
"64","Octavia E. Butler","Science Fiction","4.162","Dawn","Xenogenesis","1","4.177","1987","","4.15","67703","",""
"64","Octavia E. Butler","Science Fiction","4.162","Adulthood Rites","Xenogenesis","2","4.177","1988","","4.19","30657","",""
"64","Octavia E. Butler","Science Fiction","4.162","Imago","Xenogenesis","3","4.177","1989","","4.19","26218","",""
"64","Octavia E. Butler","Science Fiction","4.162","Earthseed: Parable of the Sower and Parable of the Talents","","","","1990","","4.54","2262","",""
"64","Octavia E. Butler","Science Fiction","4.162","Parable of the Sower","Earthseed","1","4.25","1993","","4.18","292691","",""
"64","Octavia E. Butler","Science Fiction","4.162","Parable of the Talents","Earthseed","2","4.25","1998","","4.32","92253","",""
"64","Octavia E. Butler","Science Fiction","4.162","Bloodchild and Other Stories","","","","1995","","4.34","28514","",""
"64","Octavia E. Butler","Science Fiction","4.162","A Few Rules for Predicting the Future: An Essay","","","","2000","","4.27","2552","",""
"64","Octavia E. Butler","Science Fiction","4.162","Unexpected Stories","","","","2014","","4.05","4117","",""
"65","Terry Pratchett","Fantasy","4.194","The Color of Magic","Discworld","1; Rincewind, #1","4.186","1983","","3.99","431691","",""
"65","Terry Pratchett","Fantasy","4.194","The Light Fantastic","Discworld","2; Rincewind, #2","4.186","1986","","4.01","173304","",""
"65","Terry Pratchett","Fantasy","4.194","The Witches Trilogy","Discworld","3,6,12","4.186","1994","","4.59","1990","",""
"65","Terry Pratchett","Fantasy","4.194","Equal Rites","Discworld","3; Witches, #1","4.186","1987","","4.07","205160","",""
"65","Terry Pratchett","Fantasy","4.194","Death Trilogy: Mort / Reaper Man / Soul Music","Discworld","4, 11, 16","4.186","1998","","4.62","1274","",""
"65","Terry Pratchett","Fantasy","4.194","Mort","Discworld","4; Death, #1","4.186","1987","","4.24","279474","",""
"65","Terry Pratchett","Fantasy","4.194","Sourcery","Discworld","5; Rincewind, #3","4.186","1988","","3.92","113544","",""
"65","Terry Pratchett","Fantasy","4.194","Wyrd Sisters","Discworld","6; Witches, #2","4.186","1988","","4.16","134939","",""
"65","Terry Pratchett","Fantasy","4.194","Pyramids","Discworld","7","4.186","1989","","3.92","96930","",""
"65","Terry Pratchett","Fantasy","4.194","The Gods Trilogy","Discworld","7,13,20","4.186","2000","","4.57","538","",""
"65","Terry Pratchett","Fantasy","4.194","Guards! Guards!","Discworld","8; City Watch, #1","4.186","1989","","4.34","243997","",""
"65","Terry Pratchett","Fantasy","4.194","Eric","Discworld","9; Rincewind, #4","4.186","1990","","3.8","83750","",""
"65","Terry Pratchett","Fantasy","4.194","Moving Pictures","Discworld","10; Industrial Revolution, #1","4.186","1990","","3.97","90681","",""
"65","Terry Pratchett","Fantasy","4.194","Death and What Comes Next","Discworld","10.5; Death, #1.5","4.186","2002","","4.11","4298","",""
"65","Terry Pratchett","Fantasy","4.194","Reaper Man","Discworld","11; Death, #2","4.186","1991","","4.28","115902","",""
"65","Terry Pratchett","Fantasy","4.194","Witches Abroad","Discworld","12; Witches, #3","4.186","1991","","4.26","100402","",""
"65","Terry Pratchett","Fantasy","4.194","Small Gods","Discworld","13","4.186","1992","","4.32","136907","",""
"65","Terry Pratchett","Fantasy","4.194","Lords and Ladies","Discworld","14; Witches, #4","4.186","1992","","4.22","87749","",""
"65","Terry Pratchett","Fantasy","4.194","Theatre of Cruelty","Discworld","14.5; City Watch, #1.5","4.186","1993","","3.8","4985","",""
"65","Terry Pratchett","Fantasy","4.194","Men at Arms","Discworld","15; City Watch, #2","4.186","1993","","4.42","116150","",""
"65","Terry Pratchett","Fantasy","4.194","Soul Music","Discworld","16; Death, #3","4.186","1994","","4.06","88970","",""
"65","Terry Pratchett","Fantasy","4.194","Troll Bridge","Discworld","16.5","4.186","1992","","4.09","4342","",""
"65","Terry Pratchett","Fantasy","4.194","Interesting Times","Discworld","17; Rincewind, #5","4.186","1994","","4.15","61300","",""
"65","Terry Pratchett","Fantasy","4.194","Maskerade","Discworld","18; Witches, #5","4.186","1995","","4.14","70609","",""
"65","Terry Pratchett","Fantasy","4.194","Feet of Clay","Discworld","19; City Watch, #3","4.186","1996","","4.33","95676","",""
"65","Terry Pratchett","Fantasy","4.194","Hogfather","Discworld","20; Death, #4","4.186","1996","","4.26","106795","",""
"65","Terry Pratchett","Fantasy","4.194","Jingo","Discworld","21; City Watch, #4","4.186","1997","","4.19","75485","",""
"65","Terry Pratchett","Fantasy","4.194","The Last Continent","Discworld","22; Rincewind, #6","4.186","1998","","4","63248","",""
"65","Terry Pratchett","Fantasy","4.194","The Sea and Little Fishes","Discworld","22.5; Witches, #5.5","4.186","1998","","4.26","3245","",""
"65","Terry Pratchett","Fantasy","4.194","Carpe Jugulum","Discworld","23; Witches, #6","4.186","1998","","4.2","69344","",""
"65","Terry Pratchett","Fantasy","4.194","The Fifth Elephant","Discworld","24; City Watch, #5","4.186","1999","","4.32","81433","",""
"65","Terry Pratchett","Fantasy","4.194","The Truth","Discworld","25; Industrial Revolution, #2","4.186","2000","","4.41","25640","",""
"65","Terry Pratchett","Fantasy","4.194","Thief of Time","Discworld","26; Death, #5","4.186","2001","","4.28","79264","",""
"65","Terry Pratchett","Fantasy","4.194","The Last Hero","Discworld","27; Rincewind, #7","4.186","2001","","4.18","40437","",""
"65","Terry Pratchett","Fantasy","4.194","The Amazing Maurice and His Educated Rodents","Discworld","28","4.186","2001","","4.08","53818","",""
"65","Terry Pratchett","Fantasy","4.194","Night Watch","Discworld","29; City Watch, #6","4.186","2002","","4.5","120990","",""
"65","Terry Pratchett","Fantasy","4.194","The Wee Free Men","Discworld","30; Tiffany Aching, #1","4.186","2003","","4.3","122857","",""
"65","Terry Pratchett","Fantasy","4.194","Monstrous Regiment","Discworld","31; Industrial Revolution, #3","4.186","2003","","4.27","86591","",""
"65","Terry Pratchett","Fantasy","4.194","A Hat Full of Sky","Discworld","32; Tiffany Aching, #2","4.186","2004","","4.33","81606","",""
"65","Terry Pratchett","Fantasy","4.194","Going Postal","Discworld","33; Moist von Lipwig, #1","4.186","2004","","4.42","138916","",""
"65","Terry Pratchett","Fantasy","4.194","Thud!","Discworld","34; City Watch, #7","4.186","2005","","4.36","80872","",""
"65","Terry Pratchett","Fantasy","4.194","Where's My Cow?","Discworld","34.5","4.186","2005","","4.14","11340","",""
"65","Terry Pratchett","Fantasy","4.194","Wintersmith","Discworld","35; Tiffany Aching, #3","4.186","2006","","4.25","69114","",""
"65","Terry Pratchett","Fantasy","4.194","Making Money","Discworld","36; Moist Von Lipwig, #2","4.186","2007","","4.27","79556","",""
"65","Terry Pratchett","Fantasy","4.194","Unseen Academicals","Discworld","37; Rincewind, #8","4.186","2009","","4.02","59969","",""
"65","Terry Pratchett","Fantasy","4.194","A Collegiate Casting-Out of Devilish Devices","Discworld","37.5","4.186","2005","","3.83","1240","",""
"65","Terry Pratchett","Fantasy","4.194","I Shall Wear Midnight","Discworld","38; Tiffany Aching, #4","4.186","2010","","4.37","61707","",""
"65","Terry Pratchett","Fantasy","4.194","Snuff","Discworld","39; City Watch, #8","4.186","2011","","4.2","64672","",""
"65","Terry Pratchett","Fantasy","4.194","The World of Poo","Discworld","39.5","4.186","2012","","3.73","3890","",""
"65","Terry Pratchett","Fantasy","4.194","Raising Steam","Discworld","40; Moist von Lipwig, #3","4.186","2013","","4.03","46025","",""
"65","Terry Pratchett","Fantasy","4.194","Mrs Bradshaw's Handbook","Discworld","40.5; Discworld Companion Books","4.186","2014","","3.71","1672","",""
"65","Terry Pratchett","Fantasy","4.194","The Shepherd's Crown","Discworld","41; Tiffany Aching, #5","4.186","2015","","4.38","35148","",""
"65","Terry Pratchett","Fantasy","4.194","The First Discworld Novels: The Colour of Magic and the Light Fantastic","","","","1983","","4.15","7658","",""
"65","Terry Pratchett","Fantasy","4.194","The Bromeliad Trilogy","","","","1989","","4.11","7739","",""
"65","Terry Pratchett","Fantasy","4.194","Good Omens","","","","1990","","4.25","843234","",""
"65","Terry Pratchett","Fantasy","4.194","The Streets of Ankh-Morpork","","","","1993","","4.16","2224","",""
"65","Terry Pratchett","Fantasy","4.194","Mort: A Discworld Big Comic","","","","1994","","4.42","3669","",""
"65","Terry Pratchett","Fantasy","4.194","The Discworld Mapp: Being the Onlie True and Mostlie Accurate Mappe of the Fantastyk and Magical Dyscworlde","","","","1995","","4.11","2843","",""
"65","Terry Pratchett","Fantasy","4.194","A Tourist Guide to Lancre","","","","1998","","4.08","1722","",""
"65","Terry Pratchett","Fantasy","4.194","Death's Domain: A Discworld Mapp","","","","1999","","4.18","1381","",""
"65","Terry Pratchett","Fantasy","4.194","Nanny Ogg's Cookbook","","","","1999","","4.02","6983","",""
"65","Terry Pratchett","Fantasy","4.194","Rincewind the Wizzard","","","","1999","","4.23","1851","",""
"65","Terry Pratchett","Fantasy","4.194","The City Watch Trilogy","","","","1999","","4.7","1097","",""
"65","Terry Pratchett","Fantasy","4.194","The Rincewind Trilogy","","","","2001","","4.44","1079","",""
"65","Terry Pratchett","Fantasy","4.194","The Art of Discworld","","","","2004","","4.36","5246","",""
"65","Terry Pratchett","Fantasy","4.194","The Discworld Almanak: The Year of the Prawn","","","","2004","","4.07","1117","",""
"65","Terry Pratchett","Fantasy","4.194","The Wit and Wisdom of Discworld","","","","2007","","4.02","2594","",""
"65","Terry Pratchett","Fantasy","4.194","Nation","","","","2008","","4.11","38844","",""
"65","Terry Pratchett","Fantasy","4.194","The Folklore of Discworld","","","","2008","","4.02","3437","",""
"65","Terry Pratchett","Fantasy","4.194","A Blink of the Screen: Collected Shorter Fiction","","","","2012","","4.04","6991","",""
"65","Terry Pratchett","Fantasy","4.194","The Compleat Ankh-Morpork: City Guide","","","","2012","","4.34","1127","",""
"65","Terry Pratchett","Fantasy","4.194","A Slip of the Keyboard: Collected Non-Fiction","","","","2014","","4.24","6113","",""
"65","Terry Pratchett","Fantasy","4.194","Shaking Hands with Death","","","","2015","","4.47","1630","",""
"66","Agatha Christie","Mystery","4.209","The Witness for the Prosecution: an Agatha Christie Short Story","","","","1925","","4.12","4924","",""
"66","Agatha Christie","Mystery","4.209","And Then There Were None","","","","1939","","4.27","1696593","",""
"66","Agatha Christie","Mystery","4.209","Murder on the Nile","","","","1944","","4.18","3014","",""
"66","Agatha Christie","Mystery","4.209","Crooked House","","","","1949","","4.08","96827","",""
"66","Agatha Christie","Mystery","4.209","The Mousetrap and Other Plays","","","","1950","","4.04","6701","",""
"66","Agatha Christie","Mystery","4.209","13 For Luck","","","","1961","","4.02","1154","",""
"66","Agatha Christie","Mystery","4.209","The Golden Ball and Other Stories","","","","1971","","4.02","9289","",""
"66","Agatha Christie","Mystery","4.209","Agatha Christie: An Autobiography","","","","1977","","4.13","12913","",""
"66","Agatha Christie","Mystery","4.209","Five Complete Hercule Poirot Novels: ABC Murders / Cards on the Table / Death on the Nile / Murder on the Orient Express / Thirteen at Dinner","","","","1980","","4.54","4666","",""
"66","Agatha Christie","Mystery","4.209","The Mirror Crack'd / A Caribbean Mystery / Nemesis / What Mrs. McGillicuddy Saw! / The Body in the Library","","","","1980","","4.37","1374","",""
"66","Agatha Christie","Mystery","4.209","Witness for the Prosecution and Selected Plays","","","","1995","","4.07","4510","",""
"66","Agatha Christie","Mystery","4.209","Miss Marple: The Complete Short Stories","","","","1997","","4.2","15567","",""
"66","Agatha Christie","Mystery","4.209","Hercule Poirot: The Complete Short Stories","","","","1999","","4.36","11120","",""
"66","Agatha Christie","Mystery","4.209","Poirot In the Orient: Murder in Mesopotamia / Death on the Nile / Appointment with Death","","","","2001","","4.29","1297","",""
"66","Agatha Christie","Mystery","4.209","Miss Marple and Mystery: Over 50 Stories","","","","2011","","4.17","1200","",""
"66","Agatha Christie","Mystery","4.209","The Collection","","","","2012","","4.48","3348","",""
"67","Ursula K. Le Guin","Fantasy","4.194","A Wizard of Earthsea","","","","1968","","4.01","374546","",""
"67","Ursula K. Le Guin","Fantasy","4.194","The Left Hand of Darkness","","","","1969","","4.09","234989","",""
"67","Ursula K. Le Guin","Fantasy","4.194","The Tombs of Atuan","","","","1970","","4.14","140686","",""
"67","Ursula K. Le Guin","Fantasy","4.194","The Lathe of Heaven","","","","1971","","4.12","94362","",""
"67","Ursula K. Le Guin","Fantasy","4.194","The Farthest Shore","","","","1972","","4.13","130254","",""
"67","Ursula K. Le Guin","Fantasy","4.194","The Word for World Is Forest","","","","1972","","4.08","48581","",""
"67","Ursula K. Le Guin","Fantasy","4.194","The Ones Who Walk Away from Omelas","","","","1973","","4.37","57310","",""
"67","Ursula K. Le Guin","Fantasy","4.194","The Dispossessed","","","","1974","","4.26","161065","",""
"67","Ursula K. Le Guin","Fantasy","4.194","The Wind's Twelve Quarters","","","","1975","","4.06","8219","",""
"67","Ursula K. Le Guin","Fantasy","4.194","The Language of the Night: Essays on Writing, Science Fiction, and Fantasy","","","","1979","","4.28","2492","",""
"67","Ursula K. Le Guin","Fantasy","4.194","Always Coming Home","","","","1985","","4.07","4868","",""
"67","Ursula K. Le Guin","Fantasy","4.194","The Carrier Bag Theory of Fiction","","","","1986","","4.56","5081","",""
"67","Ursula K. Le Guin","Fantasy","4.194","Catwings","Catwings","1","4.175","1988","","4.13","10758","",""
"67","Ursula K. Le Guin","Fantasy","4.194","Catwings Return","Catwings","2","4.175","1989","","4.18","4059","",""
"67","Ursula K. Le Guin","Fantasy","4.194","Wonderful Alexander and the Catwings","Catwings","3","4.175","1994","","4.18","2728","",""
"67","Ursula K. Le Guin","Fantasy","4.194","Jane on Her Own","Catwings","4","4.175","1999","","4.21","2478","",""
"67","Ursula K. Le Guin","Fantasy","4.194","Dancing at the Edge of the World: Thoughts on Words, Women, Places","","","","1989","","4.12","1743","",""
"67","Ursula K. Le Guin","Fantasy","4.194","Tehanu","","","","1990","","4.07","62127","",""
"67","Ursula K. Le Guin","Fantasy","4.194","A Fisherman of the Inland Sea","","","","1994","","4.04","3644","",""
"67","Ursula K. Le Guin","Fantasy","4.194","Four Ways to Forgiveness","Hainish Cycle","7","4.265","1994","","4.2","5033","",""
"67","Ursula K. Le Guin","Fantasy","4.194","The Birthday of the World and Other Stories","Hainish Cycle","9","4.265","2002","","4.33","6378","",""
"67","Ursula K. Le Guin","Fantasy","4.194","Steering the Craft: Exercises and Discussions on Story Writing for the Lone Navigator or the Mutinous Crew","","","","1998","","4.24","6512","",""
"67","Ursula K. Le Guin","Fantasy","4.194","Kadınlar, Rüyalar, Ejderhalar","","","","1999","","4.54","1353","",""
"67","Ursula K. Le Guin","Fantasy","4.194","Tales from Earthsea","","","","2001","","4.09","34248","",""
"67","Ursula K. Le Guin","Fantasy","4.194","The Other Wind","","","","2001","","4.21","34414","",""
"67","Ursula K. Le Guin","Fantasy","4.194","The Wave in the Mind: Talks and Essays on the Writer, the Reader and the Imagination","","","","2004","","4.33","3016","",""
"67","Ursula K. Le Guin","Fantasy","4.194","The Unreal and the Real","","","","2013","","4.22","1125","",""
"67","Ursula K. Le Guin","Fantasy","4.194","The Found and the Lost: The Collected Novellas of Ursula K. Le Guin","","","","2016","","4.39","2020","",""
"67","Ursula K. Le Guin","Fantasy","4.194","Words Are My Matter: Writings About Life and Books, 2000-2016","","","","2016","","4.02","1738","",""
"67","Ursula K. Le Guin","Fantasy","4.194","Five Ways to Forgiveness","","","","2017","","4.4","1834","",""
"67","Ursula K. Le Guin","Fantasy","4.194","No Time To Spare: Thinking About What Matters","","","","2017","","4.01","8988","",""
"67","Ursula K. Le Guin","Fantasy","4.194","Vaster Than Empires and More Slow","","","","2017","","4.07","1182","",""
"67","Ursula K. Le Guin","Fantasy","4.194","So Far So Good: Final Poems: 2014-2018","","","","2018","","4.16","1667","",""
"67","Ursula K. Le Guin","Fantasy","4.194","Ursula K. Le Guin: Conversations on Writing","","","","2018","","4.28","2299","",""
"68","Ray Bradbury","Science Fiction","4.156","Frost and Fire","","","","1946","","4.13","1281","",""
"68","Ray Bradbury","Science Fiction","4.156","The Homecoming (Wonderfully Illustrated Short Pieces, 2)","","","","1946","","4.03","1105","",""
"68","Ray Bradbury","Science Fiction","4.156","Dark Carnival","","","","1947","","4.11","1032","",""
"68","Ray Bradbury","Science Fiction","4.156","The Martian Chronicles","","","","1950","","4.16","292572","",""
"68","Ray Bradbury","Science Fiction","4.156","The Veldt","","","","1950","","4.14","15489","",""
"68","Ray Bradbury","Science Fiction","4.156","There Will Come Soft Rains","","","","1950","","4.24","13097","",""
"68","Ray Bradbury","Science Fiction","4.156","A Sound of Thunder","","","","1951","","4.07","9335","",""
"68","Ray Bradbury","Science Fiction","4.156","The Fog Horn","","","","1951","","4.26","1217","",""
"68","Ray Bradbury","Science Fiction","4.156","The Illustrated Man","","","","1951","","4.13","110384","",""
"68","Ray Bradbury","Science Fiction","4.156","The Golden Apples of the Sun","","","","1953","","4.05","10893","",""
"68","Ray Bradbury","Science Fiction","4.156","The Martian Chronicles / The Illustrated Man / The Golden Apples of the Sun","","","","1953","","4.4","2189","",""
"68","Ray Bradbury","Science Fiction","4.156","All Summer in a Day","","","","1954","","4","6114","",""
"68","Ray Bradbury","Science Fiction","4.156","The October Country","","","","1955","","4.09","22157","",""
"68","Ray Bradbury","Science Fiction","4.156","Dandelion Wine","","","","1957","","4.09","81321","",""
"68","Ray Bradbury","Science Fiction","4.156","R is for Rocket","","","","1962","","4.12","5813","",""
"68","Ray Bradbury","Science Fiction","4.156","The Vintage Bradbury: The Greatest Stories by America's Most Distinguished Practioner of Speculative Fiction","","","","1965","","4.33","2186","",""
"68","Ray Bradbury","Science Fiction","4.156","S Is for Space","","","","1966","","4.09","3177","",""
"68","Ray Bradbury","Science Fiction","4.156","I Sing the Body Electric! & Other Stories","","","","1969","","4.04","13329","",""
"68","Ray Bradbury","Science Fiction","4.156","Zen in the Art of Writing: Releasing the Creative Genius Within You","","","","1973","","4.08","21922","",""
"68","Ray Bradbury","Science Fiction","4.156","Long After Midnight","","","","1976","","4","2860","",""
"68","Ray Bradbury","Science Fiction","4.156","The Stories of Ray Bradbury","","","","1980","","4.43","5592","",""
"68","Ray Bradbury","Science Fiction","4.156","A Sound of Thunder and Other Stories","","","","1990","","4.19","7594","",""
"68","Ray Bradbury","Science Fiction","4.156","A Medicine for Melancholy and Other Stories","","","","1998","","4.15","8067","",""
"68","Ray Bradbury","Science Fiction","4.156","Bradbury Stories: 100 of His Most Celebrated Tales","","","","2003","","4.41","6914","",""
"68","Ray Bradbury","Science Fiction","4.156","Summer Morning, Summer Night","","","","2008","","4.16","1144","",""
"69","C.S. Lewis","Fantasy","4.192","Space Trilogy: Out of the Silent Planet / Perelandra / That Hideous Strength","","","","1938","","4.19","12522","",""
"69","C.S. Lewis","Fantasy","4.192","The Problem of Pain","","","","1940","","4.13","76529","",""
"69","C.S. Lewis","Fantasy","4.192","A Preface to Paradise Lost","","","","1942","","4.26","1866","",""
"69","C.S. Lewis","Fantasy","4.192","The Screwtape Letters","Screwtape","1","4.27","1942","","4.27","547514","",""
"69","C.S. Lewis","Fantasy","4.192","The Screwtape Letters: Also Includes ""Screwtape Proposes a Toast""","","","","1942","","4.31","8269","",""
"69","C.S. Lewis","Fantasy","4.192","The Abolition of Man","","","","1943","","4.12","43100","",""
"69","C.S. Lewis","Fantasy","4.192","The Great Divorce","","","","1946","","4.32","193335","",""
"69","C.S. Lewis","Fantasy","4.192","Miracles","","","","1947","","4.05","21064","",""
"69","C.S. Lewis","Fantasy","4.192","The Weight of Glory","","","","1949","","4.39","27064","",""
"69","C.S. Lewis","Fantasy","4.192","The Lion, the Witch and the Wardrobe","Chronicles of Narnia","1","4.034","1950","","4.24","3217404","",""
"69","C.S. Lewis","Fantasy","4.192","Prince Caspian","Chronicles of Narnia","2","4.034","1951","","3.98","498012","",""
"69","C.S. Lewis","Fantasy","4.192","The Voyage of the Dawn Treader","Chronicles of Narnia","3","4.034","1952","","4.09","518515","",""
"69","C.S. Lewis","Fantasy","4.192","The Silver Chair","Chronicles of Narnia","4","4.034","1953","","3.95","339818","",""
"69","C.S. Lewis","Fantasy","4.192","The Horse and His Boy","Chronicles of Narnia","5","4.034","1954","","3.91","403607","",""
"69","C.S. Lewis","Fantasy","4.192","The Magician’s Nephew","Chronicles of Narnia","6","4.034","1955","","4.06","626029","",""
"69","C.S. Lewis","Fantasy","4.192","The Last Battle","Chronicles of Narnia","7","4.034","1956","","4.01","313963","",""
"69","C.S. Lewis","Fantasy","4.192","Tales of Narnia: Prince Caspian/The Voyage of the Dawn Treader","","","","1950","","4.12","2199","",""
"69","C.S. Lewis","Fantasy","4.192","Mere Christianity","","","","1952","","4.37","470980","",""
"69","C.S. Lewis","Fantasy","4.192","What Christians Believe","","","","1952","","4.34","1767","",""
"69","C.S. Lewis","Fantasy","4.192","Surprised by Joy: The Shape of My Early Life","","","","1955","","4.06","71044","",""
"69","C.S. Lewis","Fantasy","4.192","The Lion, the Witch and the Wardrobe / The Magician's Nephew","","","","1955","","4.27","2937","",""
"69","C.S. Lewis","Fantasy","4.192","The Silver Chair and The Last Battle","","","","1956","","4.32","1058","",""
"69","C.S. Lewis","Fantasy","4.192","Till We Have Faces","","","","1956","","4.2","85117","",""
"69","C.S. Lewis","Fantasy","4.192","The Four Loves","","","","1960","","4.17","71026","",""
"69","C.S. Lewis","Fantasy","4.192","The World's Last Night: And Other Essays","","","","1960","","4.22","2837","",""
"69","C.S. Lewis","Fantasy","4.192","A Grief Observed","","","","1961","","4.22","101169","",""
"69","C.S. Lewis","Fantasy","4.192","An Experiment in Criticism","","","","1961","","4.2","3464","",""
"69","C.S. Lewis","Fantasy","4.192","Letters to Malcolm: Chiefly on Prayer","","","","1964","","4.01","7015","",""
"69","C.S. Lewis","Fantasy","4.192","The Discarded Image: An Introduction to Medieval and Renaissance Literature","","","","1964","","4.28","3413","",""
"69","C.S. Lewis","Fantasy","4.192","Screwtape Proposes a Toast: And Other Pieces","","","","1965","","4.15","1146","",""
"69","C.S. Lewis","Fantasy","4.192","Letters to an American Lady","","","","1966","","4.11","1160","",""
"69","C.S. Lewis","Fantasy","4.192","Of Other Worlds: Essays and Stories","","","","1966","","4.13","1646","",""
"69","C.S. Lewis","Fantasy","4.192","God in the Dock: Essays on Theology and Ethics","","","","1971","","4.25","9067","",""
"69","C.S. Lewis","Fantasy","4.192","The Joyful Christian","","","","1977","","4.05","1205","",""
"69","C.S. Lewis","Fantasy","4.192","On Stories: And Other Essays on Literature","","","","1981","","4.28","1540","",""
"69","C.S. Lewis","Fantasy","4.192","Letters to Children","","","","1985","","4.24","2446","",""
"69","C.S. Lewis","Fantasy","4.192","C.S. Lewis Signature Classics","","","","2001","","4.46","4519","",""
"69","C.S. Lewis","Fantasy","4.192","Bread and Wine: Readings for Lent and Easter","","","","2002","","4.21","1594","",""
"69","C.S. Lewis","Fantasy","4.192","A Year with C.S. Lewis: Daily Readings from His Classic Works","","","","2003","","4.39","2560","",""
"69","C.S. Lewis","Fantasy","4.192","Mere Christianity and The Screwtape Letters","","","","2003","","4.43","2486","",""
"69","C.S. Lewis","Fantasy","4.192","The Reading Life: The Joy of Seeing New Worlds Through Others' Eyes","","","","2019","","4.1","2715","",""
"70","Oscar Wilde","Classic Fiction","4.2","Oscar Wilde: Short Stories","","","","1888","","4.23","2082","",""
"70","Oscar Wilde","Classic Fiction","4.2","The Complete Fairy Tales","","","","1888","","4.16","34253","",""
"70","Oscar Wilde","Classic Fiction","4.2","The Happy Prince","","","","1888","","4.19","38784","",""
"70","Oscar Wilde","Classic Fiction","4.2","The Nightingale and the Rose","","","","1888","","4.27","12843","",""
"70","Oscar Wilde","Classic Fiction","4.2","The Selfish Giant","","","","1888","","4.07","10522","",""
"70","Oscar Wilde","Classic Fiction","4.2","The Picture of Dorian Gray","","","","1890","","4.13","1983571","",""
"70","Oscar Wilde","Classic Fiction","4.2","The Uncensored Picture of Dorian Gray","","","","1890","","4.26","16831","",""
"70","Oscar Wilde","Classic Fiction","4.2","Complete Fairy Tales of Oscar Wilde","","","","1891","","4.15","1480","",""
"70","Oscar Wilde","Classic Fiction","4.2","The Critic As Artist: With Some Remarks on the Importance of Doing Nothing and Discussing Everything","","","","1891","","4.12","1507","",""
"70","Oscar Wilde","Classic Fiction","4.2","The Picture of Dorian Gray and Three Stories","","","","1891","","4.09","3346","",""
"70","Oscar Wilde","Classic Fiction","4.2","An Ideal Husband","","","","1893","","4.01","45299","",""
"70","Oscar Wilde","Classic Fiction","4.2","Complete Shorter Fiction","","","","1894","","4.11","4963","",""
"70","Oscar Wilde","Classic Fiction","4.2","The Importance of Being Earnest","","","","1895","","4.17","414650","",""
"70","Oscar Wilde","Classic Fiction","4.2","The Plays of Oscar Wilde","","","","1895","","4.34","2303","",""
"70","Oscar Wilde","Classic Fiction","4.2","The Ballad of Reading Gaol and Other Poems","","","","1896","","4.12","1917","",""
"70","Oscar Wilde","Classic Fiction","4.2","De Profundis","","","","1897","","4.22","27121","",""
"70","Oscar Wilde","Classic Fiction","4.2","The Ballad of Reading Gaol","","","","1898","","4.28","7967","",""
"70","Oscar Wilde","Classic Fiction","4.2","The Importance of Being Earnest and Other Plays","","","","1898","","4.23","52264","",""
"70","Oscar Wilde","Classic Fiction","4.2","The Picture of Dorian Gray and Other Writings","","","","1898","","4.17","8044","",""
"70","Oscar Wilde","Classic Fiction","4.2","Complete Works of Oscar Wilde","","","","1908","","4.47","15533","",""
"70","Oscar Wilde","Classic Fiction","4.2","Oscar Wilde's Wit and Wisdom: A Book of Quotations","","","","1998","","4.23","1480","",""
"70","Oscar Wilde","Classic Fiction","4.2","The Collected Oscar Wilde","","","","2011","","4.38","5735","",""
"71","J.R.R. Tolkien","Fantasy","4.192","The Hobbit, or There and Back Again","","","","1937","","4.3","4604014","",""
"71","J.R.R. Tolkien","Fantasy","4.192","The Hobbit, Part 2 of 2","","","","1937","","4.42","1771","",""
"71","J.R.R. Tolkien","Fantasy","4.192","The Hobbit, Part One","","","","1937","","4.32","386137","",""
"71","J.R.R. Tolkien","Fantasy","4.192","Leaf by Niggle","","","","1945","","4.27","9163","",""
"71","J.R.R. Tolkien","Fantasy","4.192","The Lay of Aotrou and Itroun","","","","1945","","4.03","1574","",""
"71","J.R.R. Tolkien","Fantasy","4.192","Der Herr der Ringe. Anhänge und Register","","","","1954","","4.13","1614","",""
"71","J.R.R. Tolkien","Fantasy","4.192","The Fellowship of the Ring","The Lord of the Rings","1","4.441","1954","","4.41","3226050","",""
"71","J.R.R. Tolkien","Fantasy","4.192","The Ring Sets Out","The Lord of the Rings","1","4.441","1954","","4.31","2428","",""
"71","J.R.R. Tolkien","Fantasy","4.192","The Ring Goes South","The Lord of the Rings","2","4.441","1954","","4.45","1881","",""
"71","J.R.R. Tolkien","Fantasy","4.192","The Two Towers","The Lord of the Rings","2","4.441","1954","","4.51","1172362","",""
"71","J.R.R. Tolkien","Fantasy","4.192","The Treason of Isengard","The Lord of the Rings","3","4.441","1954","","4.44","1098","",""
"71","J.R.R. Tolkien","Fantasy","4.192","The Return of the King","The Lord of the Rings","3","4.441","1955","","4.59","1082538","",""
"71","J.R.R. Tolkien","Fantasy","4.192","The Ring Goes East","The Lord of the Rings","4","4.441","1954","","4.38","982","",""
"71","J.R.R. Tolkien","Fantasy","4.192","Tree and Leaf: Includes Mythopoeia and The Homecoming of Beorhtnoth","","","","1964","","4.12","3438","",""
"71","J.R.R. Tolkien","Fantasy","4.192","Bilbo's Last Song","Middle Earth","4.5","4.2","1974","","4.2","6372","",""
"71","J.R.R. Tolkien","Fantasy","4.192","Letters from Father Christmas","","","","1976","","4.3","29829","",""
"71","J.R.R. Tolkien","Fantasy","4.192","The Silmarillion","","","","1977","","4.04","347428","",""
"71","J.R.R. Tolkien","Fantasy","4.192","Pictures by J.R.R. Tolkien","","","","1979","","4.53","1456","",""
"71","J.R.R. Tolkien","Fantasy","4.192","Unfinished Tales","","","","1980","","4.03","45642","",""
"71","J.R.R. Tolkien","Fantasy","4.192","The Letters of J.R.R. Tolkien","","","","1981","","4.23","7404","",""
"71","J.R.R. Tolkien","Fantasy","4.192","The Book of Lost Tales 1","The History of Middle-Earth","1","4.045","1983","","3.87","16906","",""
"71","J.R.R. Tolkien","Fantasy","4.192","The Book of Lost Tales 2","The History of Middle-Earth","2","4.045","1984","","3.91","9247","",""
"71","J.R.R. Tolkien","Fantasy","4.192","The Lays of Beleriand","The History of Middle-Earth","3","4.045","1985","","4.01","4325","",""
"71","J.R.R. Tolkien","Fantasy","4.192","The Shaping of Middle-Earth","The History of Middle-Earth","4","4.045","1986","","4.01","3476","",""
"71","J.R.R. Tolkien","Fantasy","4.192","The Lost Road and Other Writings","The History of Middle-Earth","5","4.045","1987","","3.98","3048","",""
"71","J.R.R. Tolkien","Fantasy","4.192","The Return of the Shadow: The History of The Lord of the Rings, Part One","The History of Middle-Earth","6","4.045","1988","","4.1","3465","",""
"71","J.R.R. Tolkien","Fantasy","4.192","The Treason of Isengard: The History of The Lord of the Rings, Part Two","The History of Middle-Earth","7","4.045","1989","","4.17","3686","",""
"71","J.R.R. Tolkien","Fantasy","4.192","The War of the Ring","The History of Middle-Earth","8","4.045","1990","","4.15","2985","",""
"71","J.R.R. Tolkien","Fantasy","4.192","Sauron Defeated: The History of The Lord of the Rings, Part Four","The History of Middle-Earth","9","4.045","1992","","4.02","3186","",""
"71","J.R.R. Tolkien","Fantasy","4.192","Morgoth's Ring","The History of Middle-Earth","10","4.045","1993","","4.18","2470","",""
"71","J.R.R. Tolkien","Fantasy","4.192","The War of the Jewels","The History of Middle-Earth","11","4.045","1994","","3.95","3872","",""
"71","J.R.R. Tolkien","Fantasy","4.192","The Peoples of Middle-Earth","The History of Middle-Earth","12","4.045","1996","","4.19","4881","",""
"71","J.R.R. Tolkien","Fantasy","4.192","Tolkien's World: Paintings of Middle-earth","","","","1992","","4.28","6331","",""
"71","J.R.R. Tolkien","Fantasy","4.192","The Maps of Tolkien's Middle-Earth","","","","1994","","4.15","7870","",""
"71","J.R.R. Tolkien","Fantasy","4.192","The Tolkien Reader","","","","1995","","4","5369","",""
"71","J.R.R. Tolkien","Fantasy","4.192","Tales from the Perilous Realm","","","","1997","","4.07","12324","",""
"71","J.R.R. Tolkien","Fantasy","4.192","The Children of Húrin","","","","2007","","4.06","96218","",""
"71","J.R.R. Tolkien","Fantasy","4.192","Tolkien On Fairy-stories","","","","2008","","4.32","5044","",""
"71","J.R.R. Tolkien","Fantasy","4.192","Beren and Lúthien","","","","2017","","4.06","26198","",""
"71","J.R.R. Tolkien","Fantasy","4.192","The Fall of Gondolin","","","","2018","","4.09","19223","",""
"71","J.R.R. Tolkien","Fantasy","4.192","The Fall of Númenor","","","","2022","","4.3","8058","",""
"72","Philip K. Dick","Science Fiction","4.154","Second Variety","","","","1953","","4","4654","",""
"72","Philip K. Dick","Science Fiction","4.154","The Three Stigmata of Palmer Eldritch","","","","1965","","4.01","45124","",""
"72","Philip K. Dick","Science Fiction","4.154","Do Androids Dream of Electric Sheep?","","","","1968","","4.09","531512","",""
"72","Philip K. Dick","Science Fiction","4.154","Ubik","","","","1969","","4.11","128062","",""
"72","Philip K. Dick","Science Fiction","4.154","A Scanner Darkly","","","","1977","","4.02","112920","",""
"72","Philip K. Dick","Science Fiction","4.154","The Best of Philip K. Dick","","","","1977","","4.24","1578","",""
"72","Philip K. Dick","Science Fiction","4.154","Selected Stories of Philip K. Dick","","","","1982","","4.26","4241","",""
"72","Philip K. Dick","Science Fiction","4.154","The Collected Stories of Philip K. Dick 1: The Short Happy Life of the Brown Oxford","","","","1987","","4.17","9813","",""
"72","Philip K. Dick","Science Fiction","4.154","The Collected Stories of Philip K. Dick 2: We Can Remember it for You Wholesale","","","","1987","","4.21","9387","",""
"72","Philip K. Dick","Science Fiction","4.154","The Collected Stories of Philip K. Dick 3: Second Variety","","","","1987","","4.22","4916","",""
"72","Philip K. Dick","Science Fiction","4.154","The Collected Stories of Philip K. Dick 4: The Minority Report","","","","1987","","4.11","14991","",""
"72","Philip K. Dick","Science Fiction","4.154","The Collected Stories of Philip K. Dick 5: The Eye of The Sibyl","","","","1987","","4.18","3391","",""
"72","Philip K. Dick","Science Fiction","4.154","The Shifting Realities of Philip K. Dick","","","","1995","","4.1","1047","",""
"72","Philip K. Dick","Science Fiction","4.154","The Philip K. Dick Reader","","","","1997","","4.28","3315","",""
"72","Philip K. Dick","Science Fiction","4.154","Five Great Novels: The Three Stigmata of Palmer Eldritch / Martian Time-Slip / Do Androids Dream of Electric Sheep? / Ubik / A Scanner Darkly","","","","2004","","4.33","2272","",""
"72","Philip K. Dick","Science Fiction","4.154","Four Novels of the 1960s","","","","2007","","4.38","2352","",""
"72","Philip K. Dick","Science Fiction","4.154","Do Androids Dream of Electric Sheep? 1","Do Androids Dream of Electric Sheep?","1","4.075","2011","","4.04","4638","",""
"72","Philip K. Dick","Science Fiction","4.154","Do Androids Dream of Electric Sheep? 2","Do Androids Dream of Electric Sheep?","2","4.075","2009","","4.11","615","",""
"72","Philip K. Dick","Science Fiction","4.154","The Exegesis of Philip K. Dick","","","","2011","","4.14","1110","",""
"72","Philip K. Dick","Science Fiction","4.154","The Philip K. Dick Megapack: 15 Classic Science Fiction Stories","","","","2013","","4.13","2066","",""
"72","Philip K. Dick","Science Fiction","4.154","Philip K. Dick's Electric Dreams","","","","2017","","4.11","5740","",""
"73","Raymond E. Feist","Fantasy","4.19","Magician: Apprentice","The Riftwar Saga","1","4.183","1982","","4.16","105312","",""
"73","Raymond E. Feist","Fantasy","4.19","Magician: Master","The Riftwar Saga","2","4.183","1982","","4.25","78161","",""
"73","Raymond E. Feist","Fantasy","4.19","Silverthorn","The Riftwar Saga","3","4.183","1985","","4.12","70105","",""
"73","Raymond E. Feist","Fantasy","4.19","A Darkness at Sethanon","The Riftwar Saga","4","4.183","1986","","4.2","73145","",""
"73","Raymond E. Feist","Fantasy","4.19","Magician: Apprentice Volume 1","Raymond E. Feist's Magician: Apprentice","1","4.45","1984","","4.45","25205","",""
"73","Raymond E. Feist","Fantasy","4.19","Daughter of the Empire","The Empire Trilogy","1","4.323","1987","","4.29","42836","",""
"73","Raymond E. Feist","Fantasy","4.19","Servant of the Empire","The Empire Trilogy","2","4.323","1990","","4.32","32813","",""
"73","Raymond E. Feist","Fantasy","4.19","Mistress of the Empire","The Empire Trilogy","3","4.323","1992","","4.36","28969","",""
"73","Raymond E. Feist","Fantasy","4.19","Prince of the Blood","Krondor's Sons","1","4.055","1989","","4.03","27788","",""
"73","Raymond E. Feist","Fantasy","4.19","The King's Buccaneer","Krondor's Sons","2","4.055","1992","","4.08","26535","",""
"73","Raymond E. Feist","Fantasy","4.19","Shadow of a Dark Queen","The Serpentwar Saga","1","4.082","1994","","4.09","32090","",""
"73","Raymond E. Feist","Fantasy","4.19","Rise of a Merchant Prince","The Serpentwar Saga","2","4.082","1995","","4.09","31394","",""
"73","Raymond E. Feist","Fantasy","4.19","Rage of a Demon King","The Serpentwar Saga","3","4.082","1997","","4.09","27925","",""
"73","Raymond E. Feist","Fantasy","4.19","Shards of a Broken Crown","The Serpentwar Saga","4","4.082","1998","","4.06","23889","",""
"73","Raymond E. Feist","Fantasy","4.19","Silverthorn / A Darkness at Sethanon","","","","2000","","4.56","1133","",""
"73","Raymond E. Feist","Fantasy","4.19","Talon of the Silver Hawk","Conclave of Shadows","1","4.063","2002","","4.08","19873","",""
"73","Raymond E. Feist","Fantasy","4.19","King of Foxes","Conclave of Shadows","2","4.063","2003","","4.04","16423","",""
"73","Raymond E. Feist","Fantasy","4.19","Exile's Return","Conclave of Shadows","3","4.063","2004","","4.07","16552","",""
"73","Raymond E. Feist","Fantasy","4.19","Flight of the Nighthawks","The Darkwar Saga","1","4.05","2004","","4","13868","",""
"73","Raymond E. Feist","Fantasy","4.19","Into a Dark Realm","The Darkwar Saga","2","4.05","2006","","4.05","12783","",""
"73","Raymond E. Feist","Fantasy","4.19","Wrath of a Mad God","The Darkwar Saga","3","4.05","2008","","4.1","12105","",""
"73","Raymond E. Feist","Fantasy","4.19","Magician: Apprentice, Volume 1 (Graphic Novel)","","","","2007","","4.48","1946","",""
"73","Raymond E. Feist","Fantasy","4.19","Magician: Apprentice, Volume 2","","","","2008","","4.46","2193","",""
"73","Raymond E. Feist","Fantasy","4.19","A Kingdom Besieged","The Chaoswar Saga","1","4.147","2011","","4.01","11513","",""
"73","Raymond E. Feist","Fantasy","4.19","A Crown Imperiled","The Chaoswar Saga","2","4.147","2011","","4.09","8427","",""
"73","Raymond E. Feist","Fantasy","4.19","Magician's End","The Chaoswar Saga","3","4.147","2013","","4.34","8896","",""
"73","Raymond E. Feist","Fantasy","4.19","King of Ashes","The Firemane Saga","1","4.163","2018","","4.17","13367","",""
"73","Raymond E. Feist","Fantasy","4.19","Queen of Storms","The Firemane Saga","2","4.163","2020","","4.26","8501","",""
"73","Raymond E. Feist","Fantasy","4.19","Master of Furies","The Firemane Saga","3","4.163","2022","","4.06","5794","",""
"73","Raymond E. Feist","Fantasy","4.19","A Darkness Returns","The Dragonwar Saga","1","4.34","2024","","4.34","1865","",""
"74","H.P. Lovecraft","Horror","4.194","The Doom That Came to Sarnath and Other Stories","","","","1920","","4.06","3791","",""
"74","H.P. Lovecraft","Horror","4.194","The Lurking Fear and Other Stories","","","","1923","","4.03","3794","",""
"74","H.P. Lovecraft","Horror","4.194","The Colour Out of Space","","","","1927","","4.05","22662","",""
"74","H.P. Lovecraft","Horror","4.194","The Colour Out of Space and others","","","","1927","","4.21","5254","",""
"74","H.P. Lovecraft","Horror","4.194","The Call of Cthulhu","","","","1928","","4.03","110531","",""
"74","H.P. Lovecraft","Horror","4.194","The Dreams in the Witch House and Other Weird Stories","","","","1933","","4.21","3708","",""
"74","H.P. Lovecraft","Horror","4.194","The Dream Cycle of H.P. Lovecraft: Dreams of Terror and Death","","","","1934","","4.23","7204","",""
"74","H.P. Lovecraft","Horror","4.194","Tales of H.P. Lovecraft","","","","1935","","4.18","6643","",""
"74","H.P. Lovecraft","Horror","4.194","The Shadow over Innsmouth","","","","1936","","4.09","29785","",""
"74","H.P. Lovecraft","Horror","4.194","The Thing on the Doorstep","","","","1937","","4.06","5479","",""
"74","H.P. Lovecraft","Horror","4.194","The Thing on the Doorstep and Other Weird Stories","","","","1937","","4.27","10207","",""
"74","H.P. Lovecraft","Horror","4.194","The Case of Charles Dexter Ward","","","","1941","","4.11","23940","",""
"74","H.P. Lovecraft","Horror","4.194","The Shadow Over Innsmouth and Other Stories of Horror","","","","1944","","4.23","2022","",""
"74","H.P. Lovecraft","Horror","4.194","The Best of H.P. Lovecraft: Bloodcurdling Tales of Horror and the Macabre","","","","1963","","4.3","30428","",""
"74","H.P. Lovecraft","Horror","4.194","The Dunwich Horror and Others","","","","1963","","4.18","16857","",""
"74","H.P. Lovecraft","Horror","4.194","The Tomb and Other Tales","","","","1965","","4.21","7494","",""
"74","H.P. Lovecraft","Horror","4.194","Los mitos de Cthulhu","","","","1969","","4.23","1758","",""
"74","H.P. Lovecraft","Horror","4.194","The Horror in the Museum","","","","1970","","4.04","3154","",""
"74","H.P. Lovecraft","Horror","4.194","At the Mountains of Madness and Other Tales of Terror","","","","1981","","4.25","25034","",""
"74","H.P. Lovecraft","Horror","4.194","Great Tales of Horror","","","","1991","","4.08","2384","",""
"74","H.P. Lovecraft","Horror","4.194","The Transition of H. P. Lovecraft: The Road to Madness","","","","1996","","4.31","9840","",""
"74","H.P. Lovecraft","Horror","4.194","The Annotated H.P. Lovecraft","","","","1997","","4.36","1563","",""
"74","H.P. Lovecraft","Horror","4.194","Tales","","","","2005","","4.33","2993","",""
"74","H.P. Lovecraft","Horror","4.194","The Whisperer in Darkness: Collected Stories Volume 1","","","","2007","","4.03","5047","",""
"74","H.P. Lovecraft","Horror","4.194","Νεκρονομικόν","","","","2008","","4.23","16724","",""
"74","H.P. Lovecraft","Horror","4.194","The Definitive H.P. Lovecraft: 67 Tales of Horror","","","","2009","","4.25","1215","",""
"74","H.P. Lovecraft","Horror","4.194","Complete Collection of H.P. Lovecraft - 150 eBooks with 100+ Audio Books Included","","","","2011","","4.4","1956","",""
"74","H.P. Lovecraft","Horror","4.194","Eldritch Tales: A Miscellany of the Macabre","","","","2011","","4.09","1023","",""
"74","H.P. Lovecraft","Horror","4.194","The Complete Cthulhu Mythos Tales","","","","2013","","4.22","1567","",""
"74","H.P. Lovecraft","Horror","4.194","The New Annotated H.P. Lovecraft","","","","2014","","4.41","1976","",""
"74","H.P. Lovecraft","Horror","4.194","The Complete Works of H.P. Lovecraft","","","","2020","","4.34","37772","",""
"75","Scott Lynch","Fantasy","4.188","The Lies of Locke Lamora","Gentleman Bastard","1","4.253","2006","","4.3","357227","",""
"75","Scott Lynch","Fantasy","4.188","Red Seas Under Red Skies","Gentleman Bastard","2","4.253","2007","","4.25","165046","",""
"75","Scott Lynch","Fantasy","4.188","The Republic of Thieves","Gentleman Bastard","3","4.253","2013","","4.21","124932","",""
"75","Scott Lynch","Fantasy","4.188","In the Stacks","","","","2010","","4.05","1553","",""
"75","Scott Lynch","Fantasy","4.188","A Year and a Day in Old Theradane","","","","2019","","4.13","1053","",""
"76","Adrian Tchaikovsky","Science Fiction","4.153","Empire in Black and Gold","Shadows of the Apt","1","4.105","2008","","3.78","13900","",""
"76","Adrian Tchaikovsky","Science Fiction","4.153","Dragonfly Falling","Shadows of the Apt","2","4.105","2009","","4","7642","",""
"76","Adrian Tchaikovsky","Science Fiction","4.153","Blood of the Mantis","Shadows of the Apt","3","4.105","2009","","3.98","5907","",""
"76","Adrian Tchaikovsky","Science Fiction","4.153","Salute the Dark","Shadows of the Apt","4","4.105","2010","","4.13","5013","",""
"76","Adrian Tchaikovsky","Science Fiction","4.153","The Scarab Path","Shadows of the Apt","5","4.105","2010","","4.14","4340","",""
"76","Adrian Tchaikovsky","Science Fiction","4.153","The Sea Watch","Shadows of the Apt","6","4.105","2011","","4","3643","",""
"76","Adrian Tchaikovsky","Science Fiction","4.153","Heirs of the Blade","Shadows of the Apt","7","4.105","2011","","4.13","3217","",""
"76","Adrian Tchaikovsky","Science Fiction","4.153","The Air War","Shadows of the Apt","8","4.105","2012","","4.16","2823","",""
"76","Adrian Tchaikovsky","Science Fiction","4.153","War Master's Gate","Shadows of the Apt","9","4.105","2013","","4.31","2511","",""
"76","Adrian Tchaikovsky","Science Fiction","4.153","Seal of the Worm","Shadows of the Apt","10","4.105","2014","","4.42","2522","",""
"76","Adrian Tchaikovsky","Science Fiction","4.153","Children of Time","Children of Time","1","4.15","2015","","4.3","193519","",""
"76","Adrian Tchaikovsky","Science Fiction","4.153","Children of Ruin","Children of Time","2","4.15","2019","","4.05","68955","",""
"76","Adrian Tchaikovsky","Science Fiction","4.153","Children of Memory","Children of Time","3","4.15","2022","","4","35903","",""
"76","Adrian Tchaikovsky","Science Fiction","4.153","Children of Strife","Children of Time","4","4.15","2026","","4.25","7054","",""
"76","Adrian Tchaikovsky","Science Fiction","4.153","Guns of the Dawn","","","","2015","","4.17","5508","",""
"76","Adrian Tchaikovsky","Science Fiction","4.153","The Tiger and the Wolf","Echoes of the Fall","1","4.06","2016","","3.97","5675","",""
"76","Adrian Tchaikovsky","Science Fiction","4.153","The Bear and the Serpent","Echoes of the Fall","2","4.06","2017","","4.09","2811","",""
"76","Adrian Tchaikovsky","Science Fiction","4.153","The Hyena and the Hawk","Echoes of the Fall","3","4.06","2018","","4.12","2079","",""
"76","Adrian Tchaikovsky","Science Fiction","4.153","Spiderlight","","","","2016","","4.13","5642","",""
"76","Adrian Tchaikovsky","Science Fiction","4.153","Dogs of War","Dogs of War","1","4.23","2017","","4.22","17578","",""
"76","Adrian Tchaikovsky","Science Fiction","4.153","Bear Head","Dogs of War","2","4.23","2021","","4.25","7903","",""
"76","Adrian Tchaikovsky","Science Fiction","4.153","Bee Speaker","Dogs of War","3","4.23","2025","","4.22","2714","",""
"76","Adrian Tchaikovsky","Science Fiction","4.153","Cage of Souls","","","","2019","","4.12","13649","",""
"76","Adrian Tchaikovsky","Science Fiction","4.153","Elder Race","Elder Race","1","4.08","2021","","4.08","27662","",""
"76","Adrian Tchaikovsky","Science Fiction","4.153","One Day All This Will Be Yours","","","","2021","","4.03","5662","",""
"76","Adrian Tchaikovsky","Science Fiction","4.153","Shards of Earth","The Final Architecture","1","4.227","2021","","4.17","36480","",""
"76","Adrian Tchaikovsky","Science Fiction","4.153","Eyes of the Void","The Final Architecture","2","4.227","2022","","4.19","21801","",""
"76","Adrian Tchaikovsky","Science Fiction","4.153","Lords of Uncreation","The Final Architecture","3","4.227","2023","","4.32","18038","",""
"76","Adrian Tchaikovsky","Science Fiction","4.153","Ogres","","","","2022","","4.23","4974","",""
"76","Adrian Tchaikovsky","Science Fiction","4.153","City of Last Chances","The Tyrant Philosophers","1","4.32","2022","","3.94","10470","",""
"76","Adrian Tchaikovsky","Science Fiction","4.153","House of Open Wounds","The Tyrant Philosophers","2","4.32","2023","","4.51","4987","",""
"76","Adrian Tchaikovsky","Science Fiction","4.153","Lives of Bitter Rain","The Tyrant Philosophers","2.5","4.32","2025","","4.18","1487","",""
"76","Adrian Tchaikovsky","Science Fiction","4.153","Days of Shattered Faith","The Tyrant Philosophers","3","4.32","2024","","4.39","3179","",""
"76","Adrian Tchaikovsky","Science Fiction","4.153","Pretenders to the Throne of God","The Tyrant Philosophers","4","4.32","2026","","4.58","1772","",""
"76","Adrian Tchaikovsky","Science Fiction","4.153","Service Model","","","","2024","","4.03","24144","",""
"76","Adrian Tchaikovsky","Science Fiction","4.153","Human Resources","","","","2025","","4.04","1299","",""
"76","Adrian Tchaikovsky","Science Fiction","4.153","Shroud","","","","2025","","4.15","15134","",""
"76","Adrian Tchaikovsky","Science Fiction","4.153","Green City Wars","","","","2026","","4.03","1609","",""
"77","V.E. Schwab","Fantasy","4.184","A Darker Shade of Magic","Shades of Magic","1","4.17","2015","","4.03","444597","",""
"77","V.E. Schwab","Fantasy","4.184","A Gathering of Shadows","Shades of Magic","2","4.17","2016","","4.19","243105","",""
"77","V.E. Schwab","Fantasy","4.184","A Conjuring of Light","Shades of Magic","3","4.17","2017","","4.29","201542","",""
"77","V.E. Schwab","Fantasy","4.184","The Invisible Life of Addie LaRue","","","","2020","","4.16","1612108","",""
"77","V.E. Schwab","Fantasy","4.184","The Fragile Threads of Power","Threads of Power","1","4.25","2023","","4.25","49346","",""
"78","Antonia Hodgson","Historical Fiction","4.19","The Devil in the Marshalsea","Thomas Hawkins","1","4.143","2014","","3.96","5246","",""
"78","Antonia Hodgson","Historical Fiction","4.19","The Last Confession of Thomas Hawkins","Thomas Hawkins","2","4.143","2015","","4.12","2117","",""
"78","Antonia Hodgson","Historical Fiction","4.19","A Death at Fountains Abbey","Thomas Hawkins","3","4.143","2016","","4.14","1537","",""
"78","Antonia Hodgson","Historical Fiction","4.19","The Silver Collar","Thomas Hawkins","4","4.143","2020","","4.35","854","",""
"78","Antonia Hodgson","Historical Fiction","4.19","The Raven Scholar","Eternal Path Trilogy","1","4.38","2025","","4.38","64002","",""
"79","Tad Williams","Fantasy","4.181","The Dragonbone Chair","Memory, Sorrow, and Thorn","1","4.13","1988","","3.97","79876","",""
"79","Tad Williams","Fantasy","4.181","Stone of Farewell","Memory, Sorrow, and Thorn","2","4.13","1990","","4.1","54232","",""
"79","Tad Williams","Fantasy","4.181","To Green Angel Tower","Memory, Sorrow, and Thorn","3","4.13","1993","","4.22","58112","",""
"79","Tad Williams","Fantasy","4.181","To Green Angel Tower, Part 2","Memory, Sorrow, and Thorn","3; Part 2","4.13","1993","","4.23","24664","",""
"79","Tad Williams","Fantasy","4.181","City of Golden Shadow","Otherland","1","4.05","1996","","3.93","29198","",""
"79","Tad Williams","Fantasy","4.181","River of Blue Fire","Otherland","2","4.05","1998","","4.04","17197","",""
"79","Tad Williams","Fantasy","4.181","Mountain of Black Glass","Otherland","3","4.05","1999","","4.08","16715","",""
"79","Tad Williams","Fantasy","4.181","Sea of Silver Light","Otherland","4","4.05","2001","","4.15","15086","",""
"79","Tad Williams","Fantasy","4.181","The Heart of What Was Lost","The Last King of Osten Ard","0.5","4.303","2017","","4.03","5200","",""
"79","Tad Williams","Fantasy","4.181","Brothers of the Wind","The Last King of Osten Ard","0.75","4.303","2021","","4.14","2119","",""
"79","Tad Williams","Fantasy","4.181","The Witchwood Crown","The Last King of Osten Ard","1","4.303","2017","","4.18","6321","",""
"79","Tad Williams","Fantasy","4.181","Empire of Grass","The Last King of Osten Ard","2","4.303","2019","","4.39","4217","",""
"79","Tad Williams","Fantasy","4.181","Into the Narrowdark","The Last King of Osten Ard","3","4.303","2022","","4.52","3128","",""
"79","Tad Williams","Fantasy","4.181","The Navigator's Children","The Last King of Osten Ard","4","4.303","2024","","4.56","2547","",""
"80","Margaret Atwood","Science Fiction","4.15","Selected Poems 1: 1965-1975","","","","1976","","4.15","1900","",""
"80","Margaret Atwood","Science Fiction","4.15","The Handmaid's Tale","","","","1985","","4.16","2541641","",""
"80","Margaret Atwood","Science Fiction","4.15","Selected Poems 2: 1976 - 1986","","","","1986","","4.2","1032","",""
"80","Margaret Atwood","Science Fiction","4.15","Morning in the Burned House: Poems","","","","1995","","4.11","3441","",""
"80","Margaret Atwood","Science Fiction","4.15","Alias Grace","","","","1996","","4.04","161201","",""
"80","Margaret Atwood","Science Fiction","4.15","Oryx and Crake","MaddAddam","1","4.033","2003","","4","294199","",""
"80","Margaret Atwood","Science Fiction","4.15","The Year of the Flood","MaddAddam","2","4.033","2009","","4.07","135524","",""
"80","Margaret Atwood","Science Fiction","4.15","MaddAddam","MaddAddam","3","4.033","2013","","4.03","84464","",""
"80","Margaret Atwood","Science Fiction","4.15","The MaddAddam Trilogy: Oryx and Crake / The Year of the Flood / MaddAddam","","","","2013","","4.52","4702","",""
"80","Margaret Atwood","Science Fiction","4.15","The Testaments","The Handmaid's Tale","2","4.2","2019","","4.2","460167","",""
"80","Margaret Atwood","Science Fiction","4.15","Burning Questions: Essays and Occasional Pieces, 2004 to 2021","","","","2022","","4.06","3072","",""
"80","Margaret Atwood","Science Fiction","4.15","Book of Lives: A Memoir of Sorts","","","","2025","","4.26","6968","",""
"81","Elizabeth Moon","Fantasy","4.178","Sheepfarmer's Daughter","The Deed of Paksenarrion","1","4.19","1988","","4.12","13937","",""
"81","Elizabeth Moon","Fantasy","4.178","Divided Allegiance","The Deed of Paksenarrion","2","4.19","1988","","4.18","7205","",""
"81","Elizabeth Moon","Fantasy","4.178","Oath of Gold","The Deed of Paksenarrion","3","4.19","1989","","4.27","8160","",""
"81","Elizabeth Moon","Fantasy","4.178","Hunting Party","The Serrano Legacy","1","4.114","1993","","3.89","6597","",""
"81","Elizabeth Moon","Fantasy","4.178","Sporting Chance","The Serrano Legacy","2","4.114","1994","","3.98","4375","",""
"81","Elizabeth Moon","Fantasy","4.178","Winning Colors","The Serrano Legacy","3","4.114","1995","","3.93","3476","",""
"81","Elizabeth Moon","Fantasy","4.178","Once a Hero","The Serrano Legacy","4","4.114","1997","","4.08","5491","",""
"81","Elizabeth Moon","Fantasy","4.178","Rules of Engagement","The Serrano Legacy","5","4.114","1998","","4.04","3946","",""
"81","Elizabeth Moon","Fantasy","4.178","Change of Command","The Serrano Legacy","6","4.114","1999","","4","3582","",""
"81","Elizabeth Moon","Fantasy","4.178","Change of Command, Part 1","The Serrano Legacy","6, Part 1","4.114","2009","","4.29","49","",""
"81","Elizabeth Moon","Fantasy","4.178","Against the Odds","The Serrano Legacy","7","4.114","2000","","4.07","3053","",""
"81","Elizabeth Moon","Fantasy","4.178","Against the Odds, Part 1","The Serrano Legacy","7, Part 1","4.114","2009","","4.46","54","",""
"81","Elizabeth Moon","Fantasy","4.178","Against the Odds, Part 2","The Serrano Legacy","7, Part 2","4.114","2009","","4.4","50","",""
"81","Elizabeth Moon","Fantasy","4.178","Remnant Population","","","","1996","","4.12","8079","",""
"81","Elizabeth Moon","Fantasy","4.178","Trading in Danger","Vatta's War","1","4.256","2003","","4","16588","",""
"81","Elizabeth Moon","Fantasy","4.178","Marque and Reprisal","Vatta's War","2","4.256","2004","","4.09","11604","",""
"81","Elizabeth Moon","Fantasy","4.178","Marque and Reprisal Part 1","Vatta's War","2, Part 1","4.256","2009","","4.38","102","",""
"81","Elizabeth Moon","Fantasy","4.178","Marque and Reprisal Part 2","Vatta's War","2, Part 2","4.256","2010","","4.33","148","",""
"81","Elizabeth Moon","Fantasy","4.178","Engaging the Enemy","Vatta's War","3","4.256","2006","","4.08","10451","",""
"81","Elizabeth Moon","Fantasy","4.178","Engaging the Enemy Part 1","Vatta's War","3, Part 1","4.256","2010","","4.38","81","",""
"81","Elizabeth Moon","Fantasy","4.178","Engaging the Enemy Part 2","Vatta's War","3, Part 2","4.256","2010","","4.37","139","",""
"81","Elizabeth Moon","Fantasy","4.178","Command Decision","Vatta's War","4","4.256","2007","","4.12","10702","",""
"81","Elizabeth Moon","Fantasy","4.178","Command Decision Part 1","Vatta's War","4, Part 1","4.256","2010","","4.48","133","",""
"81","Elizabeth Moon","Fantasy","4.178","Command Decision Part 2","Vatta's War","4, Part 2","4.256","2010","","4.49","86","",""
"81","Elizabeth Moon","Fantasy","4.178","Victory Conditions","Vatta's War","5","4.256","2008","","4.1","9627","",""
"81","Elizabeth Moon","Fantasy","4.178","Oath of Fealty","Paladin's Legacy","1","4.188","2010","","4.14","5201","",""
"81","Elizabeth Moon","Fantasy","4.178","Kings of the North","Paladin's Legacy","2","4.188","2011","","4.19","3830","",""
"81","Elizabeth Moon","Fantasy","4.178","Echoes of Betrayal","Paladin's Legacy","3","4.188","2012","","4.2","3440","",""
"81","Elizabeth Moon","Fantasy","4.178","Limits of Power","Paladin's Legacy","4","4.188","2013","","4.22","2924","",""
"81","Elizabeth Moon","Fantasy","4.178","Crown of Renewal","Paladin's Legacy","5","4.188","2014","","4.19","2749","",""
"81","Elizabeth Moon","Fantasy","4.178","Cold Welcome","Vatta's Peace","1","4.045","2017","","3.99","3789","",""
"81","Elizabeth Moon","Fantasy","4.178","Into the Fire","Vatta's Peace","2","4.045","2018","","4.1","2608","",""
"82","Roald Dahl","Children","4.19","Lamb to the Slaughter","","","","1953","","4.16","15212","",""
"82","Roald Dahl","Children","4.19","Kiss Kiss","","","","1959","","4.06","10685","",""
"82","Roald Dahl","Children","4.19","James and the Giant Peach","","","","1961","","4.04","526957","",""
"82","Roald Dahl","Children","4.19","Fantastic Mr. Fox","","","","1970","","4.08","151778","",""
"82","Roald Dahl","Children","4.19","Danny the Champion of the World","","","","1975","","4.1","74286","",""
"82","Roald Dahl","Children","4.19","The Wonderful Story of Henry Sugar and Six More","","","","1977","","4.12","25789","",""
"82","Roald Dahl","Children","4.19","The Best of Roald Dahl","","","","1978","","4.38","7446","",""
"82","Roald Dahl","Children","4.19","Tales of the Unexpected","","","","1979","","4.16","11269","",""
"82","Roald Dahl","Children","4.19","George's Marvellous Medicine","","","","1981","","4.02","101903","",""
"82","Roald Dahl","Children","4.19","Revolting Rhymes","","","","1982","","4.15","22143","",""
"82","Roald Dahl","Children","4.19","The BFG","","","","1982","","4.23","539105","",""
"82","Roald Dahl","Children","4.19","The Umbrella Man and Other Stories","","","","1982","","4.05","5337","",""
"82","Roald Dahl","Children","4.19","The Witches","","","","1983","","4.18","436500","",""
"82","Roald Dahl","Children","4.19","Boy: Tales of Childhood","Roald Dahl's Autobiography","1","4.07","1984","","4.07","75219","",""
"82","Roald Dahl","Children","4.19","Going Solo","Roald Dahl's Autobiography","2","4.07","1986","","4.07","34432","",""
"82","Roald Dahl","Children","4.19","Completely Unexpected Tales","","","","1986","","4.28","1352","",""
"82","Roald Dahl","Children","4.19","The Roald Dahl Collection","","","","1986","","4.63","1191","",""
"82","Roald Dahl","Children","4.19","Two Classics by Roald Dahl","","","","1987","","4.12","7203","",""
"82","Roald Dahl","Children","4.19","Matilda","","","","1988","","4.34","1145145","",""
"82","Roald Dahl","Children","4.19","The BFG: A Set of Plays","","","","1991","","4.45","7526","",""
"82","Roald Dahl","Children","4.19","The Roald Dahl Treasury","","","","1995","","4.41","2934","",""
"82","Roald Dahl","Children","4.19","George's Marvelous Medicine / The Twits / The BFG","","","","1997","","4.14","1911","",""
"82","Roald Dahl","Children","4.19","Skin and Other Stories","","","","2000","","4.02","8501","",""
"82","Roald Dahl","Children","4.19","Vile Verses","","","","2005","","4.16","1010","",""
"82","Roald Dahl","Children","4.19","The Collected Short Stories of Roald Dahl","","","","2006","","4.39","7885","",""
"82","Roald Dahl","Children","4.19","The Complete Short Stories: Volume One 1944-1953","","","","2012","","4.14","1341","",""
"83","Leigh Bardugo","Fantasy","4.17","Demon in the Wood","Grishaverse","0","4.01","2022","","4.09","52492","",""
"83","Leigh Bardugo","Fantasy","4.17","The Demon in the Wood","Grishaverse","0.1","4.01","2014","","3.91","35555","",""
"83","Leigh Bardugo","Fantasy","4.17","The Witch of Duva","Grishaverse","0.5","4.01","2012","","4.06","19604","",""
"83","Leigh Bardugo","Fantasy","4.17","The Language of Thorns: Midnight Tales and Dangerous Magic","Grishaverse","0.5, 2.5, 2.6","4.01","2017","","4.27","64756","",""
"83","Leigh Bardugo","Fantasy","4.17","The Too-Clever Fox","Grishaverse","2.5","4.01","2013","","3.91","12398","",""
"83","Leigh Bardugo","Fantasy","4.17","Little Knife","Grishaverse","2.6","4.01","2014","","3.82","8126","",""
"83","Leigh Bardugo","Fantasy","4.17","Six of Crows","Six of Crows","1","4.523","2015","","4.45","1205148","",""
"83","Leigh Bardugo","Fantasy","4.17","Crooked Kingdom","Six of Crows","2","4.523","2016","","4.56","802567","",""
"83","Leigh Bardugo","Fantasy","4.17","A Darker Shore: Letters from Ketterdam","Six of Crows","2.5","4.523","2026","","4.56","5371","",""
"83","Leigh Bardugo","Fantasy","4.17","King of Scars","King of Scars","1","4.24","2019","","4.15","238560","",""
"83","Leigh Bardugo","Fantasy","4.17","Rule of Wolves","King of Scars","2","4.24","2021","","4.33","182556","",""
"83","Leigh Bardugo","Fantasy","4.17","Ninth House","Ninth House Trilogy","1","4.05","2019","","4","419346","",""
"83","Leigh Bardugo","Fantasy","4.17","Hell Bent","Ninth House Trilogy","2","4.05","2023","","4.1","191144","",""
"84","Aldous Huxley","Science Fiction","4.145","Brave New World and Brave New World Revisited","","","","1932","","4.16","173392","",""
"84","Aldous Huxley","Science Fiction","4.145","The Perennial Philosophy","","","","1945","","4.13","6698","",""
"85","Guy Gavriel Kay","Fantasy","4.167","The Summer Tree","The Fionavar Tapestry","1","4.087","1984","","3.95","27241","",""
"85","Guy Gavriel Kay","Fantasy","4.167","The Wandering Fire","The Fionavar Tapestry","2","4.087","1986","","4.11","19411","",""
"85","Guy Gavriel Kay","Fantasy","4.167","The Darkest Road","The Fionavar Tapestry","3","4.087","1986","","4.2","19196","",""
"85","Guy Gavriel Kay","Fantasy","4.167","The Fionavar Tapestry","","","","1986","","4.24","7912","",""
"85","Guy Gavriel Kay","Fantasy","4.167","Tigana","","","","1990","","4.08","53235","",""
"85","Guy Gavriel Kay","Fantasy","4.167","A Song for Arbonne","","","","1992","","4.25","15986","",""
"85","Guy Gavriel Kay","Fantasy","4.167","The Lions of Al-Rassan","","","","1995","","4.3","27884","",""
"85","Guy Gavriel Kay","Fantasy","4.167","Sailing to Sarantium","The Sarantine Mosaic","1","4.255","1998","","4.2","17477","",""
"85","Guy Gavriel Kay","Fantasy","4.167","Lord of Emperors","The Sarantine Mosaic","2","4.255","2000","","4.31","14625","",""
"85","Guy Gavriel Kay","Fantasy","4.167","Under Heaven","Under Heaven","1","4.17","2010","","4.17","17257","",""
"85","Guy Gavriel Kay","Fantasy","4.167","River of Stars","Under Heaven","2","4.17","2013","","4.17","8096","",""
"85","Guy Gavriel Kay","Fantasy","4.167","Children of Earth and Sky","","","","2016","","4.16","8440","",""
"85","Guy Gavriel Kay","Fantasy","4.167","A Brightness Long Ago","","","","2019","","4.18","8721","",""
"85","Guy Gavriel Kay","Fantasy","4.167","All the Seas of the World","","","","2022","","4.17","5071","",""
"85","Guy Gavriel Kay","Fantasy","4.167","Written on the Dark","","","","2025","","4.01","3234","",""
"86","Mark Z. Danielewski","Horror","4.188","House of Leaves","","","","2000","","4.09","211360","",""
"86","Mark Z. Danielewski","Horror","4.188","The Whalestoe Letters","","","","2000","","4.08","3002","",""
"86","Mark Z. Danielewski","Horror","4.188","One Rainy Day in May","The Familiar","1","4.202","2015","","3.65","4274","",""
"86","Mark Z. Danielewski","Horror","4.188","Into the Forest","The Familiar","2","4.202","2015","","4.18","1624","",""
"86","Mark Z. Danielewski","Horror","4.188","Honeysuckle & Pain","The Familiar","3","4.202","2016","","4.35","1099","",""
"86","Mark Z. Danielewski","Horror","4.188","Hades","The Familiar","4","4.202","2017","","4.38","836","",""
"86","Mark Z. Danielewski","Horror","4.188","Redwood","The Familiar","5","4.202","2017","","4.45","651","",""
"86","Mark Z. Danielewski","Horror","4.188","Tom's Crossing","","","","2025","","4.32","2869","",""
"87","L.E. Modesitt Jr.","Fantasy","4.167","The Magic of Recluce","The Saga of Recluce","1","4.179","1991","","3.87","26021","",""
"87","L.E. Modesitt Jr.","Fantasy","4.167","The Towers of the Sunset","The Saga of Recluce","2","4.179","1992","","3.93","10625","",""
"87","L.E. Modesitt Jr.","Fantasy","4.167","The Magic Engineer","The Saga of Recluce","3","4.179","1994","","4.04","10578","",""
"87","L.E. Modesitt Jr.","Fantasy","4.167","The Order War","The Saga of Recluce","4","4.179","1995","","3.99","8864","",""
"87","L.E. Modesitt Jr.","Fantasy","4.167","The Death of Chaos","The Saga of Recluce","5","4.179","1995","","4.01","9193","",""
"87","L.E. Modesitt Jr.","Fantasy","4.167","Fall of Angels","The Saga of Recluce","6","4.179","1996","","4.02","7322","",""
"87","L.E. Modesitt Jr.","Fantasy","4.167","The Chaos Balance","The Saga of Recluce","7","4.179","1997","","4","5708","",""
"87","L.E. Modesitt Jr.","Fantasy","4.167","The White Order","The Saga of Recluce","8","4.179","1998","","4.1","6116","",""
"87","L.E. Modesitt Jr.","Fantasy","4.167","Colors of Chaos","The Saga of Recluce","9","4.179","1998","","4.14","5773","",""
"87","L.E. Modesitt Jr.","Fantasy","4.167","Magi'i of Cyador","The Saga of Recluce","10","4.179","2000","","4.14","5066","",""
"87","L.E. Modesitt Jr.","Fantasy","4.167","Scion of Cyador","The Saga of Recluce","11","4.179","2001","","4.22","4416","",""
"87","L.E. Modesitt Jr.","Fantasy","4.167","Wellspring of Chaos","The Saga of Recluce","12","4.179","2004","","4.1","4744","",""
"87","L.E. Modesitt Jr.","Fantasy","4.167","Ordermaster","The Saga of Recluce","13","4.179","2005","","4.17","4301","",""
"87","L.E. Modesitt Jr.","Fantasy","4.167","Natural Ordermage","The Saga of Recluce","14","4.179","2007","","4.18","3607","",""
"87","L.E. Modesitt Jr.","Fantasy","4.167","Mage-Guard of Hamor","The Saga of Recluce","15","4.179","2008","","4.2","3390","",""
"87","L.E. Modesitt Jr.","Fantasy","4.167","Arms-Commander","The Saga of Recluce","16","4.179","2010","","4.13","2709","",""
"87","L.E. Modesitt Jr.","Fantasy","4.167","Cyador's Heirs","The Saga of Recluce","17","4.179","2014","","4.22","2042","",""
"87","L.E. Modesitt Jr.","Fantasy","4.167","Heritage of Cyador","The Saga of Recluce","18","4.179","2014","","4.28","1937","",""
"87","L.E. Modesitt Jr.","Fantasy","4.167","The Mongrel Mage","The Saga of Recluce","19","4.179","2017","","4.24","1704","",""
"87","L.E. Modesitt Jr.","Fantasy","4.167","Outcasts of Order","The Saga of Recluce","20","4.179","2018","","4.32","1559","",""
"87","L.E. Modesitt Jr.","Fantasy","4.167","The Mage-Fire War","The Saga of Recluce","21","4.179","2019","","4.29","1336","",""
"87","L.E. Modesitt Jr.","Fantasy","4.167","Fairhaven Rising","The Saga of Recluce","22","4.179","2021","","4.37","1315","",""
"87","L.E. Modesitt Jr.","Fantasy","4.167","From the Forest","The Saga of Recluce","23","4.179","2024","","4.51","1106","",""
"87","L.E. Modesitt Jr.","Fantasy","4.167","Overcaptain","The Saga of Recluce","24","4.179","2024","","4.44","1016","",""
"87","L.E. Modesitt Jr.","Fantasy","4.167","Sub-Majer's Challenge","The Saga of Recluce","25","4.179","2025","","4.57","872","",""
"87","L.E. Modesitt Jr.","Fantasy","4.167","Legacies","Corean Chronicles","1","4.068","2002","","4.06","3854","",""
"87","L.E. Modesitt Jr.","Fantasy","4.167","Darknesses","Corean Chronicles","2","4.068","2003","","4.09","3432","",""
"87","L.E. Modesitt Jr.","Fantasy","4.167","Scepters","Corean Chronicles","3","4.068","2004","","4.08","3082","",""
"87","L.E. Modesitt Jr.","Fantasy","4.167","Alector's Choice","Corean Chronicles","4","4.068","2005","","3.98","2114","",""
"87","L.E. Modesitt Jr.","Fantasy","4.167","Cadmian's Choice","Corean Chronicles","5","4.068","2006","","4.08","1974","",""
"87","L.E. Modesitt Jr.","Fantasy","4.167","Soarer's Choice","Corean Chronicles","6","4.068","2006","","4.13","1777","",""
"87","L.E. Modesitt Jr.","Fantasy","4.167","The Lord-Protector's Daughter","Corean Chronicles","7","4.068","2008","","3.98","1503","",""
"87","L.E. Modesitt Jr.","Fantasy","4.167","Lady-Protector","Corean Chronicles","8","4.068","2011","","4.14","1310","",""
"87","L.E. Modesitt Jr.","Fantasy","4.167","Imager","Imager Portfolio","1","4.217","2009","","4.04","9633","",""
"87","L.E. Modesitt Jr.","Fantasy","4.167","Imager's Challenge","Imager Portfolio","2","4.217","2009","","4.13","6364","",""
"87","L.E. Modesitt Jr.","Fantasy","4.167","Imager's Intrigue","Imager Portfolio","3","4.217","2010","","4.15","5161","",""
"87","L.E. Modesitt Jr.","Fantasy","4.167","Scholar","Imager Portfolio","4","4.217","2011","","4.17","3510","",""
"87","L.E. Modesitt Jr.","Fantasy","4.167","Princeps","Imager Portfolio","5","4.217","2012","","4.22","3189","",""
"87","L.E. Modesitt Jr.","Fantasy","4.167","Imager's Battalion","Imager Portfolio","6","4.217","2013","","4.26","2822","",""
"87","L.E. Modesitt Jr.","Fantasy","4.167","Antiagon Fire","Imager Portfolio","7","4.217","2013","","4.21","2561","",""
"87","L.E. Modesitt Jr.","Fantasy","4.167","Rex Regis","Imager Portfolio","8","4.217","2014","","4.25","2380","",""
"87","L.E. Modesitt Jr.","Fantasy","4.167","Madness in Solidar","Imager Portfolio","9","4.217","2015","","4.24","1872","",""
"87","L.E. Modesitt Jr.","Fantasy","4.167","Treachery's Tools","Imager Portfolio","10","4.217","2016","","4.24","1455","",""
"87","L.E. Modesitt Jr.","Fantasy","4.167","Assassin’s Price","Imager Portfolio","11","4.217","2017","","4.34","1259","",""
"87","L.E. Modesitt Jr.","Fantasy","4.167","Endgames","Imager Portfolio","12","4.217","2019","","4.35","1020","",""
"87","L.E. Modesitt Jr.","Fantasy","4.167","Isolate","The Grand Illusion","1","4.105","2021","","3.94","1347","",""
"87","L.E. Modesitt Jr.","Fantasy","4.167","Councilor","The Grand Illusion","2","4.105","2022","","4.27","814","",""
"88","Orson Scott Card","Science Fiction","4.143","Characters & Viewpoint","","","","1988","","4.04","4741","",""
"88","Orson Scott Card","Science Fiction","4.143","The Abyss","","","","1989","","4.08","19117","",""
"88","Orson Scott Card","Science Fiction","4.143","Maps in a Mirror: The Short Fiction of Orson Scott Card","","","","1990","","4.02","3408","",""
"88","Orson Scott Card","Science Fiction","4.143","Ender's Saga: Ender's Game, Ender's Shadow, Shadow of the Hegemon","","","","1993","","4.47","4497","",""
"88","Orson Scott Card","Science Fiction","4.143","Shadow of the Giant","The Shadow","4","4.01","2005","","4.01","57084","",""
"88","Orson Scott Card","Science Fiction","4.143","Ender's Game: Formic Wars: Burning Earth","","","","2011","","4.27","4202","",""
"88","Orson Scott Card","Science Fiction","4.143","Earth Unaware","The First Formic War","1","4.053","2012","","3.98","60929","",""
"88","Orson Scott Card","Science Fiction","4.143","Earth Afire","The First Formic War","2","4.053","2013","","4.07","17271","",""
"88","Orson Scott Card","Science Fiction","4.143","Earth Awakens","The First Formic War","3","4.053","2014","","4.11","14642","",""
"88","Orson Scott Card","Science Fiction","4.143","Ender's Game Alive: The Full Cast Audioplay","","","","2013","","4.18","2125","",""
"88","Orson Scott Card","Science Fiction","4.143","The Ender Quintet: Ender's Game, Speaker for the Dead, Xenocide, Children of the Mind, and Ender in Exile (The Ender Saga)","","","","2013","","4.47","2021","",""
"88","Orson Scott Card","Science Fiction","4.143","The Swarm","The Second Formic War","1","4.125","2016","","4.14","7614","",""
"88","Orson Scott Card","Science Fiction","4.143","The Hive","The Second Formic War","2","4.125","2019","","4.11","4434","",""
"88","Orson Scott Card","Science Fiction","4.143","Lost and Found","","","","2019","","4.05","5071","",""
"89","Samantha Shannon","Fantasy","4.167","The Pale Dreamer","The Bone Season","0.5","4.171","2016","","3.83","12224","",""
"89","Samantha Shannon","Fantasy","4.167","The Bone Season","The Bone Season","1","4.171","2013","","3.85","107674","",""
"89","Samantha Shannon","Fantasy","4.167","The Mime Order","The Bone Season","2","4.171","2015","","4.22","45795","",""
"89","Samantha Shannon","Fantasy","4.167","The Song Rising","The Bone Season","3","4.171","2017","","4.2","30246","",""
"89","Samantha Shannon","Fantasy","4.167","The Dawn Chorus","The Bone Season","3.5","4.171","2020","","4.15","7838","",""
"89","Samantha Shannon","Fantasy","4.167","The Mask Falling","The Bone Season","4","4.171","2021","","4.44","19826","",""
"89","Samantha Shannon","Fantasy","4.167","The Dark Mirror","The Bone Season","5","4.171","2025","","4.51","10206","",""
"89","Samantha Shannon","Fantasy","4.167","Dzień nastania nocy. Część 1","Korzenie chaosu","0A","4.15","2023","","4.1","2550","",""
"89","Samantha Shannon","Fantasy","4.167","Dzień nastania nocy. Część 2","Korzenie chaosu","0B","4.15","2023","","4.26","2005","",""
"89","Samantha Shannon","Fantasy","4.167","Zakon Drzewa Pomarańczy. Część 1","Korzenie chaosu","1A","4.15","2019","","4.05","13952","",""
"89","Samantha Shannon","Fantasy","4.167","Zakon Drzewa Pomarańczy. Część 2","Korzenie chaosu","1B","4.15","2019","","4.19","10198","",""
"89","Samantha Shannon","Fantasy","4.167","A Day of Fallen Night","The Roots of Chaos","0.1","4.18","2023","","4.31","61686","",""
"89","Samantha Shannon","Fantasy","4.167","Among the Burning Flowers","The Roots of Chaos","0.2","4.18","2025","","4.07","16371","",""
"89","Samantha Shannon","Fantasy","4.167","The Priory of the Orange Tree","The Roots of Chaos","1","4.18","2019","","4.16","297660","",""
"90","Taylor Jenkins Reid","Historical Fiction","4.187","One True Loves","","","","2016","","4.01","781949","",""
"90","Taylor Jenkins Reid","Historical Fiction","4.187","The Seven Husbands of Evelyn Hugo","","","","2017","","4.39","4383269","",""
"90","Taylor Jenkins Reid","Historical Fiction","4.187","Daisy Jones & The Six","","","","2019","","4.19","1937530","",""
"90","Taylor Jenkins Reid","Historical Fiction","4.187","Malibu Rising","","","","2021","","4.02","1360851","",""
"90","Taylor Jenkins Reid","Historical Fiction","4.187","Carrie Soto Is Back","","","","2022","","4.19","772053","",""
"90","Taylor Jenkins Reid","Historical Fiction","4.187","Atmosphere","","","","2025","","4.32","997967","",""
"91","Robert Jordan","Fantasy","4.158","To the Blight","The Eye of the World","2","4.17","1990","","4.17","3271","",""
"91","Robert Jordan","Fantasy","4.158","New Spring","The Wheel of Time","0","4.198","2004","","4.07","120214","",""
"91","Robert Jordan","Fantasy","4.158","The Eye of the World","The Wheel of Time","1","4.198","1990","","4.19","610754","",""
"91","Robert Jordan","Fantasy","4.158","The Great Hunt","The Wheel of Time","2","4.198","1990","","4.27","365592","",""
"91","Robert Jordan","Fantasy","4.158","The Dragon Reborn","The Wheel of Time","3","4.198","1991","","4.28","332807","",""
"91","Robert Jordan","Fantasy","4.158","The Shadow Rising","The Wheel of Time","4","4.198","1992","","4.29","268923","",""
"91","Robert Jordan","Fantasy","4.158","The Fires of Heaven","The Wheel of Time","5","4.198","1993","","4.2","217924","",""
"91","Robert Jordan","Fantasy","4.158","Lord of Chaos","The Wheel of Time","6","4.198","1994","","4.2","202333","",""
"91","Robert Jordan","Fantasy","4.158","A Crown of Swords","The Wheel of Time","7","4.198","1996","","4.07","191784","",""
"91","Robert Jordan","Fantasy","4.158","The Path of Daggers","The Wheel of Time","8","4.198","1998","","3.93","167185","",""
"91","Robert Jordan","Fantasy","4.158","Winter's Heart","The Wheel of Time","9","4.198","2000","","3.97","159679","",""
"91","Robert Jordan","Fantasy","4.158","Crossroads of Twilight","The Wheel of Time","10","4.198","2003","","3.77","144721","",""
"91","Robert Jordan","Fantasy","4.158","Knife of Dreams","The Wheel of Time","11","4.198","2005","","4.21","152813","",""
"91","Robert Jordan","Fantasy","4.158","The Gathering Storm","The Wheel of Time","12","4.198","2009","","4.44","182187","",""
"91","Robert Jordan","Fantasy","4.158","Towers of Midnight","The Wheel of Time","13","4.198","2010","","4.49","179494","",""
"91","Robert Jordan","Fantasy","4.158","A Memory of Light","The Wheel of Time","14","4.198","2013","","4.59","166687","",""
"91","Robert Jordan","Fantasy","4.158","Camino a Tear","La Rueda Del Tiempo","5","4.031","1991","","4.05","1216","",""
"91","Robert Jordan","Fantasy","4.158","El pueblo del dragón","La Rueda Del Tiempo","6","4.031","1991","","4.12","1077","",""
"91","Robert Jordan","Fantasy","4.158","Los portales de piedra","La Rueda Del Tiempo","7","4.031","1992","","4.12","787","",""
"91","Robert Jordan","Fantasy","4.158","La torre blanca","La Rueda Del Tiempo","9","4.031","1993","","4.07","663","",""
"91","Robert Jordan","Fantasy","4.158","El señor del caos","La Rueda Del Tiempo","11","4.031","1994","","4.02","577","",""
"91","Robert Jordan","Fantasy","4.158","Los Asha’man","La Rueda Del Tiempo","12","4.031","1994","","4.19","477","",""
"91","Robert Jordan","Fantasy","4.158","Encrucijada en el crepúsculo","La Rueda Del Tiempo","16","4.031","2003","","3.65","702","",""
"91","Robert Jordan","Fantasy","4.158","The Strike at Shayol Ghul","Wheel of Time","0.5","4.079","1996","","3.88","6333","",""
"91","Robert Jordan","Fantasy","4.158","Earlier-Ravens","Wheel of Time","0.9","4.079","2002","","3.72","834","",""
"91","Robert Jordan","Fantasy","4.158","Snow: The Prologue to Winter's Heart","Wheel of Time","8.9","4.079","2000","","4.15","1246","",""
"91","Robert Jordan","Fantasy","4.158","Glimmers: Prologue to Crossroads of Twilight","Wheel of Time","9.9","4.079","2002","","4.11","1859","",""
"91","Robert Jordan","Fantasy","4.158","What the Storm Means: Prologue to The Gathering Storm","Wheel of Time","11.9","4.079","2009","","4.33","1079","",""
"91","Robert Jordan","Fantasy","4.158","By Grace and Banners Fallen: Prologue to A Memory of Light","Wheel of Time","13.9","4.079","2012","","4.55","4524","",""
"91","Robert Jordan","Fantasy","4.158","River of Souls","Wheel of Time","14.5","4.079","2013","","3.81","574","",""
"91","Robert Jordan","Fantasy","4.158","Distinctions: Prologue to Towers of Midnight","","","","2010","","4.41","1646","",""
"91","Robert Jordan","Fantasy","4.158","The Complete Wheel of Time","","","","2014","","4.65","4461","",""
"91","Robert Jordan","Fantasy","4.158","The Wheel of Time Companion","","","","2015","","4.23","1526","",""
"92","John Scalzi","Science Fiction","4.133","Everything but the Squeal","","","","2008","","4.11","1566","",""
"92","John Scalzi","Science Fiction","4.133","Fuzzy Nation","Fuzzy Sapiens","7","4.15","2011","","4.15","32650","",""
"92","John Scalzi","Science Fiction","4.133","The B-Team","The Human Division","1","4.12","2013","","4.11","7626","",""
"92","John Scalzi","Science Fiction","4.133","Walk the Plank","The Human Division","2","4.12","2013","","3.9","4029","",""
"92","John Scalzi","Science Fiction","4.133","We Only Need the Heads","The Human Division","3","4.12","2013","","4.11","3752","",""
"92","John Scalzi","Science Fiction","4.133","A Voice in the Wilderness","The Human Division","4","4.12","2013","","4.01","3348","",""
"92","John Scalzi","Science Fiction","4.133","Tales From the Clarke","The Human Division","5","4.12","2013","","4.14","3345","",""
"92","John Scalzi","Science Fiction","4.133","The Back Channel","The Human Division","6","4.12","2013","","4.14","3139","",""
"92","John Scalzi","Science Fiction","4.133","The Dog King","The Human Division","7","4.12","2013","","4.16","3164","",""
"92","John Scalzi","Science Fiction","4.133","The Sound of Rebellion","The Human Division","8","4.12","2013","","4.15","2993","",""
"92","John Scalzi","Science Fiction","4.133","The Observers","The Human Division","9","4.12","2013","","4.16","2936","",""
"92","John Scalzi","Science Fiction","4.133","This Must Be the Place","The Human Division","10","4.12","2013","","4.05","2874","",""
"92","John Scalzi","Science Fiction","4.133","A Problem of Proportion","The Human Division","11","4.12","2013","","4.2","3004","",""
"92","John Scalzi","Science Fiction","4.133","The Gentle Art of Cracking Heads","The Human Division","12","4.12","2013","","4.16","2824","",""
"92","John Scalzi","Science Fiction","4.133","Earth Below, Sky Above","The Human Division","13","4.12","2013","","4.27","3058","",""
"92","John Scalzi","Science Fiction","4.133","The Life of the Mind","The End of All Things","1","4.255","2015","","4.29","2146","",""
"92","John Scalzi","Science Fiction","4.133","This Hollow Union","The End of All Things","2","4.255","2015","","4.25","1645","",""
"92","John Scalzi","Science Fiction","4.133","Can Long Endure","The End of All Things","3","4.255","2015","","4.17","1500","",""
"92","John Scalzi","Science Fiction","4.133","To Stand or Fall","The End of All Things","4","4.255","2015","","4.31","1654","",""
"92","John Scalzi","Science Fiction","4.133","The Dispatcher","The Dispatcher","1","4","2016","","3.97","39306","",""
"92","John Scalzi","Science Fiction","4.133","Murder by Other Means","The Dispatcher","2","4","2020","","4.03","15074","",""
"92","John Scalzi","Science Fiction","4.133","Travel by Bullet","The Dispatcher","3","4","2022","","4","10647","",""
"92","John Scalzi","Science Fiction","4.133","The Collapsing Empire","The Interdependency","1","4.163","2017","","4.13","61428","",""
"92","John Scalzi","Science Fiction","4.133","The Consuming Fire","The Interdependency","2","4.163","2018","","4.22","38465","",""
"92","John Scalzi","Science Fiction","4.133","The Last Emperox","The Interdependency","3","4.163","2020","","4.14","34268","",""
"92","John Scalzi","Science Fiction","4.133","Slow Time Between the Stars","","","","2023","","4.15","14743","",""
"92","John Scalzi","Science Fiction","4.133","Starter Villain","","","","2023","","4.11","108045","",""
"93","T. Kingfisher","Fantasy","4.152","Nine Goblins","","","","2013","","4.13","14541","",""
"93","T. Kingfisher","Fantasy","4.152","Toad Words and Other Stories","","","","2014","","4.35","2143","",""
"93","T. Kingfisher","Fantasy","4.152","Bryony and Roses","","","","2015","","4.06","12888","",""
"93","T. Kingfisher","Fantasy","4.152","The Raven and the Reindeer","","","","2016","","4.14","8049","",""
"93","T. Kingfisher","Fantasy","4.152","Clockwork Boys","Clocktaur War","1","4.165","2017","","4.13","24630","",""
"93","T. Kingfisher","Fantasy","4.152","The Wonder Engine","Clocktaur War","2","4.165","2018","","4.2","19985","",""
"93","T. Kingfisher","Fantasy","4.152","Jackalope Wives and Other Stories","","","","2017","","4.47","2439","",""
"93","T. Kingfisher","Fantasy","4.152","Summer in Orcus","","","","2017","","4.48","3090","",""
"93","T. Kingfisher","Fantasy","4.152","Swordheart","Swordheart","1","4.05","2018","","4.05","54643","",""
"93","T. Kingfisher","Fantasy","4.152","Minor Mage","","","","2019","","4.18","10222","",""
"93","T. Kingfisher","Fantasy","4.152","A Wizard’s Guide to Defensive Baking","","","","2020","","4.05","73800","",""
"93","T. Kingfisher","Fantasy","4.152","Paladin's Grace","The Saint of Steel","1","4.135","2020","","4.03","63567","",""
"93","T. Kingfisher","Fantasy","4.152","Paladin's Strength","The Saint of Steel","2","4.135","2021","","4.16","33573","",""
"93","T. Kingfisher","Fantasy","4.152","Paladin's Hope","The Saint of Steel","3","4.135","2021","","4.17","26417","",""
"93","T. Kingfisher","Fantasy","4.152","Paladin's Faith","The Saint of Steel","4","4.135","2023","","4.18","19983","",""
"93","T. Kingfisher","Fantasy","4.152","Illuminations","","","","2022","","4.02","6214","",""
"93","T. Kingfisher","Fantasy","4.152","Nettle & Bone","","","","2022","","4.07","155520","",""
"93","T. Kingfisher","Fantasy","4.152","A Sorceress Comes to Call","","","","2024","","4.03","64599","",""
"93","T. Kingfisher","Fantasy","4.152","Hemlock & Silver","","","","2025","","4.01","41140","",""
"93","T. Kingfisher","Fantasy","4.152","Snake-Eater","","","","2025","","4.21","21982","",""
"93","T. Kingfisher","Fantasy","4.152","Wolf Worm","","","","2026","","4.07","19615","",""
"94","Leo Tolstoy","Classic Fiction","4.175","La Guerre et la Paix - II","","","","1865","","4.39","3833","",""
"94","Leo Tolstoy","Classic Fiction","4.175","Война и мир. Том 3/4","","","","1865","","4.41","2995","",""
"94","Leo Tolstoy","Classic Fiction","4.175","Война и мир. Том 4/4","","","","1865","","4.36","2590","",""
"94","Leo Tolstoy","Classic Fiction","4.175","The Death of Ivan Ilyich/Master and Man","","","","1866","","4.14","1350","",""
"94","Leo Tolstoy","Classic Fiction","4.175","La Guerre et la Paix - I","","","","1867","","4.3","6897","",""
"94","Leo Tolstoy","Classic Fiction","4.175","Wojna i pokój. Tom III i IV","","","","1867","","4.3","1086","",""
"94","Leo Tolstoy","Classic Fiction","4.175","War and Peace","","","","1868","","4.17","376202","",""
"94","Leo Tolstoy","Classic Fiction","4.175","Anna Karenina, 2 of 2","","","","1877","","4.16","4773","",""
"94","Leo Tolstoy","Classic Fiction","4.175","Anna Karenina","","","","1878","","4.11","962226","",""
"94","Leo Tolstoy","Classic Fiction","4.175","Anna Karenina, Vol 1 of 2","","","","1878","","4.13","10027","",""
"94","Leo Tolstoy","Classic Fiction","4.175","A Confession","","","","1880","","4.1","21142","",""
"94","Leo Tolstoy","Classic Fiction","4.175","Two Old Men","","","","1885","","4.25","1122","",""
"94","Leo Tolstoy","Classic Fiction","4.175","What Men Live by and Other Tales","","","","1885","","4.1","3195","",""
"94","Leo Tolstoy","Classic Fiction","4.175","Where Love Is, There God Is Also","","","","1885","","4.12","2204","",""
"94","Leo Tolstoy","Classic Fiction","4.175","How Much Land Does a Man Need?","","","","1886","","4.11","20875","",""
"94","Leo Tolstoy","Classic Fiction","4.175","How Much Land Does a Man Need? and Other Stories","","","","1886","","4.17","1199","",""
"94","Leo Tolstoy","Classic Fiction","4.175","The Death of Ivan Ilych","","","","1886","","4.14","252909","",""
"94","Leo Tolstoy","Classic Fiction","4.175","The Death of Ivan Ilych and Other Stories","","","","1886","","4.12","18023","",""
"94","Leo Tolstoy","Classic Fiction","4.175","The Death of Ivan Ilyich and Confession","","","","1886","","4.06","1350","",""
"94","Leo Tolstoy","Classic Fiction","4.175","The Kingdom of God Is Within You","","","","1893","","4.12","4935","",""
"94","Leo Tolstoy","Classic Fiction","4.175","Master And Man","","","","1895","","4","9761","",""
"94","Leo Tolstoy","Classic Fiction","4.175","Resurrection","","","","1899","","4.17","29737","",""
"94","Leo Tolstoy","Classic Fiction","4.175","Great Short Works of Leo Tolstoy","","","","1967","","4.33","2728","",""
"94","Leo Tolstoy","Classic Fiction","4.175","Family Happiness and Other Stories","","","","1973","","4.03","1446","",""
"94","Leo Tolstoy","Classic Fiction","4.175","A Confession and Other Religious Writings","","","","1987","","4.11","1323","",""
"94","Leo Tolstoy","Classic Fiction","4.175","La muerte de Iván Ilich / Hadyi Murad","","","","1993","","4.09","1741","",""
"94","Leo Tolstoy","Classic Fiction","4.175","The Greatest Short Stories of Leo Tolstoy","","","","2008","","4.24","2435","",""
"95","N.K. Jemisin","Fantasy","4.147","The Hundred Thousand Kingdoms","Inheritance","1","4.007","2010","","3.89","83420","",""
"95","N.K. Jemisin","Fantasy","4.147","The Broken Kingdoms","Inheritance","2","4.007","2010","","4.14","40069","",""
"95","N.K. Jemisin","Fantasy","4.147","The Kingdom of Gods","Inheritance","3","4.007","2011","","3.99","30068","",""
"95","N.K. Jemisin","Fantasy","4.147","The Killing Moon","Dreamblood","1","4.12","2012","","3.96","24153","",""
"95","N.K. Jemisin","Fantasy","4.147","The Shadowed Sun","Dreamblood","2","4.12","2012","","4.28","12305","",""
"95","N.K. Jemisin","Fantasy","4.147","Shades in Shadow - An Inheritance Tryptich","The Inheritance Trilogy","0.5, 1.5, 2.5","4.03","2015","","4.05","2633","",""
"95","N.K. Jemisin","Fantasy","4.147","The Awakened Kingdom","The Inheritance Trilogy","3.5","4.03","2014","","4.01","7082","",""
"95","N.K. Jemisin","Fantasy","4.147","The Fifth Season","The Broken Earth","1","4.297","2015","","4.28","351614","",""
"95","N.K. Jemisin","Fantasy","4.147","The Obelisk Gate","The Broken Earth","2","4.297","2016","","4.28","205604","",""
"95","N.K. Jemisin","Fantasy","4.147","The Stone Sky","The Broken Earth","3","4.297","2017","","4.33","175144","",""
"95","N.K. Jemisin","Fantasy","4.147","The Dreamblood Duology","","","","2016","","4.42","2128","",""
"95","N.K. Jemisin","Fantasy","4.147","How Long 'til Black Future Month?","","","","2018","","4.27","18601","",""
"95","N.K. Jemisin","Fantasy","4.147","Far Sector","","","","2019","","4.16","5899","",""
"95","N.K. Jemisin","Fantasy","4.147","Emergency Skin","Forward Collection","3","4","2019","","4","35616","",""
"96","Dan Simmons","Science Fiction","4.107","Prayers to Broken Stones","Hyperion Cantos","0.5","4.083","1990","","3.82","1508","",""
"96","Dan Simmons","Science Fiction","4.107","Hyperion","Hyperion Cantos","1","4.083","1989","","4.28","315589","",""
"96","Dan Simmons","Science Fiction","4.107","The Fall of Hyperion","Hyperion Cantos","2","4.083","1990","","4.25","155886","",""
"96","Dan Simmons","Science Fiction","4.107","Endymion","Hyperion Cantos","3","4.083","1996","","4.19","73706","",""
"96","Dan Simmons","Science Fiction","4.107","The Rise of Endymion","Hyperion Cantos","4","4.083","1997","","4.16","67618","",""
"96","Dan Simmons","Science Fiction","4.107","Orphans of the Helix","Hyperion Cantos","4.5","4.083","1999","","3.8","1125","",""
"96","Dan Simmons","Science Fiction","4.107","Ilium","Ilium","1","4.007","2003","","4.04","33160","",""
"96","Dan Simmons","Science Fiction","4.107","Ilium: La rivolta","Ilium","1B","4.007","2003","","4.02","318","",""
"96","Dan Simmons","Science Fiction","4.107","Olympos","Ilium","2","4.007","2005","","3.96","21108","",""
"96","Dan Simmons","Science Fiction","4.107","The Terror","","","","2007","","4.09","78356","",""
"96","Dan Simmons","Science Fiction","4.107","Hyperion / The Fall of Hyperion / Endymion / Rise of Endymion","","","","2013","","4.57","2239","",""
"97","Garth Nix","Fantasy","4.144","Sabriel","Abhorsen","1","4.066","1995","","4.16","221352","",""
"97","Garth Nix","Fantasy","4.144","Lirael","Abhorsen","2","4.066","2001","","4.29","125261","",""
"97","Garth Nix","Fantasy","4.144","Abhorsen","Abhorsen","3","4.066","2003","","4.25","129496","",""
"97","Garth Nix","Fantasy","4.144","Across the Wall: A Tale of the Abhorsen and Other Stories","Abhorsen","3.5","4.066","2005","","3.81","16635","",""
"97","Garth Nix","Fantasy","4.144","The Creature in the Case","Abhorsen","3.5","4.066","2005","","3.94","5210","",""
"97","Garth Nix","Fantasy","4.144","Clariel","Abhorsen","4","4.066","2014","","3.89","31028","",""
"97","Garth Nix","Fantasy","4.144","Goldenhand","Abhorsen","5","4.066","2016","","4.12","19702","",""
"97","Garth Nix","Fantasy","4.144","Blood Ties","Spirit Animals","3","4.17","2014","","4.17","10642","",""
"97","Garth Nix","Fantasy","4.144","The Old Kingdom Collection: Sabriel, Lirael, Abhorsen, Clariel (Abhorsen 1-4)","","","","2014","","4.63","1030","",""
"97","Garth Nix","Fantasy","4.144","Terciel and Elinor","The Old Kingdom","6","4.18","2021","","4.18","8417","",""
"98","Christopher Buehlman","Horror","4.165","Between Two Fires","","","","2012","","4.18","95029","",""
"98","Christopher Buehlman","Horror","4.165","The Lesser Dead","","","","2014","","4.07","10865","",""
"98","Christopher Buehlman","Horror","4.165","The Daughters' War","Blacktongue","0","4.205","2024","","4.22","14898","",""
"98","Christopher Buehlman","Horror","4.165","The Blacktongue Thief","Blacktongue","1","4.205","2021","","4.19","52342","",""
"99","William Goldman","Fantasy","4.135","The Princess Bride","","","","1973","","4.27","961551","",""
"99","William Goldman","Fantasy","4.135","Marathon Man","","","","1974","","4.11","21918","",""
"99","William Goldman","Fantasy","4.135","Adventures in the Screen Trade: A Personal View of Hollywood and Screenwriting","","","","1983","","4.13","8652","",""
"99","William Goldman","Fantasy","4.135","Which Lie Did I Tell?: More Adventures in the Screen Trade","","","","2000","","4.03","2871","",""
"100","Michael Crichton","Science Fiction","4.107","Jurassic Park / Congo","","","","1993","","4.04","2374","",""
"100","Michael Crichton","Science Fiction","4.107","Congo / Sphere / Eaters of the Dead","","","","1994","","4.02","1095","",""
"100","Michael Crichton","Science Fiction","4.107","Michael Crichton's Jurassic World: Jurassic Park / The Lost World","","","","1997","","4.26","11658","",""
"101","Philip Pullman","Fantasy","4.12","Dæmon Voices","","","","2017","","4.12","2748","",""
"102","John Connolly","Mystery","4.165","Every Dead Thing","Charlie Parker","1","4.172","1999","","3.95","34688","",""
"102","John Connolly","Mystery","4.165","Dark Hollow","Charlie Parker","2","4.172","2000","","4.15","16456","",""
"102","John Connolly","Mystery","4.165","The Killing Kind","Charlie Parker","3","4.172","2001","","4.22","15001","",""
"102","John Connolly","Mystery","4.165","The White Road","Charlie Parker","4","4.172","2003","","4.15","10944","",""
"102","John Connolly","Mystery","4.165","Más allá del espejo","Charlie Parker","4.5","4.172","2004","","3.73","650","",""
"102","John Connolly","Mystery","4.165","The Black Angel","Charlie Parker","5","4.172","2005","","4.16","11409","",""
"102","John Connolly","Mystery","4.165","The Unquiet","Charlie Parker","6","4.172","2007","","4.16","11289","",""
"102","John Connolly","Mystery","4.165","The Reapers","Charlie Parker","7","4.172","2008","","4.1","9188","",""
"102","John Connolly","Mystery","4.165","The Lovers","Charlie Parker","8","4.172","2009","","4.2","10308","",""
"102","John Connolly","Mystery","4.165","The Whisperers","Charlie Parker","9","4.172","2010","","4.08","8269","",""
"102","John Connolly","Mystery","4.165","The Burning Soul","Charlie Parker","10","4.172","2011","","4.13","8026","",""
"102","John Connolly","Mystery","4.165","The Wrath of Angels","Charlie Parker","11","4.172","2012","","4.2","7941","",""
"102","John Connolly","Mystery","4.165","The Wolf in Winter","Charlie Parker","12","4.172","2014","","4.23","8521","",""
"102","John Connolly","Mystery","4.165","A Song of Shadows","Charlie Parker","13","4.172","2015","","4.34","7842","",""
"102","John Connolly","Mystery","4.165","A Time of Torment","Charlie Parker","14","4.172","2016","","4.33","7546","",""
"102","John Connolly","Mystery","4.165","A Game of Ghosts","Charlie Parker","15","4.172","2017","","4.24","7455","",""
"102","John Connolly","Mystery","4.165","The Woman in the Woods","Charlie Parker","16","4.172","2018","","4.13","9783","",""
"102","John Connolly","Mystery","4.165","A Book of Bones","Charlie Parker","17","4.172","2019","","4.19","6650","",""
"102","John Connolly","Mystery","4.165","The Dirty South","Charlie Parker","18","4.172","2020","","4.19","9790","",""
"102","John Connolly","Mystery","4.165","The Nameless Ones","Charlie Parker","19","4.172","2021","","4.17","6751","",""
"102","John Connolly","Mystery","4.165","The Furies","Charlie Parker","20","4.172","2022","","4.12","6082","",""
"102","John Connolly","Mystery","4.165","The Instruments of Darkness","Charlie Parker","21","4.172","2024","","4.36","6632","",""
"102","John Connolly","Mystery","4.165","The Children of Eve","Charlie Parker","22","4.172","2025","","4.09","4400","",""
"102","John Connolly","Mystery","4.165","A River Red with Blood","Charlie Parker","23","4.172","2026","","4.5","2928","",""
"102","John Connolly","Mystery","4.165","Bad Men","","","","2003","","4.01","5554","",""
"102","John Connolly","Mystery","4.165","The Museum of Literary Souls","","","","2013","","4.16","1970","",""
"103","Marion Zimmer Bradley","Fantasy","4.119","The Catch Trap","","","","1979","","4.18","1979","",""
"103","Marion Zimmer Bradley","Fantasy","4.119","A Senhora da Magia","As Brumas de Avalon","1","4.1","1982","","4.1","6025","",""
"103","Marion Zimmer Bradley","Fantasy","4.119","Hawkmistress!","","","","1982","","4","4523","",""
"103","Marion Zimmer Bradley","Fantasy","4.119","The High Queen","The Mists of Avalon","2","4.16","1982","","4.15","7657","",""
"103","Marion Zimmer Bradley","Fantasy","4.119","The King Stag","The Mists of Avalon","3","4.16","1982","","4.17","6318","",""
"103","Marion Zimmer Bradley","Fantasy","4.119","The Prisoner in the Oak","The Mists of Avalon","4","4.16","1982","","4.16","5738","",""
"103","Marion Zimmer Bradley","Fantasy","4.119","The Firebrand","","","","1987","","4.07","11580","",""
"104","Nnedi Okorafor","Science Fiction","4.106","Zahrah the Windseeker","","","","2005","","4.16","2755","",""
"104","Nnedi Okorafor","Science Fiction","4.106","Akata Witch","The Nsibidi Scripts","1","4.143","2011","","4.02","39093","",""
"104","Nnedi Okorafor","Science Fiction","4.106","Akata Warrior","The Nsibidi Scripts","2","4.143","2017","","4.22","14722","",""
"104","Nnedi Okorafor","Science Fiction","4.106","Akata Woman","The Nsibidi Scripts","3","4.143","2022","","4.19","5167","",""
"104","Nnedi Okorafor","Science Fiction","4.106","Binti: The Complete Trilogy","","","","2019","","4.01","7279","",""
"104","Nnedi Okorafor","Science Fiction","4.106","Broken Places & Outer Spaces: Finding Creativity in the Unexpected","","","","2019","","4.1","2244","",""
"104","Nnedi Okorafor","Science Fiction","4.106","She Who Knows","She Who Knows","1","4.075","2024","","4.03","2544","",""
"104","Nnedi Okorafor","Science Fiction","4.106","One Way Witch","She Who Knows","2","4.075","2025","","4.12","647","",""
"105","Margaret Weis","Fantasy","4.118","Dragons of Autumn Twilight","Dragonlance: Chronicles","1","4.103","1984","","4.01","123946","",""
"105","Margaret Weis","Fantasy","4.118","Dragons of Winter Night","Dragonlance: Chronicles","2","4.103","1985","","4.15","55610","",""
"105","Margaret Weis","Fantasy","4.118","Dragons of Spring Dawning","Dragonlance: Chronicles","3","4.103","1985","","4.15","62127","",""
"105","Margaret Weis","Fantasy","4.118","Time of the Twins","Dragonlance: Legends","1","4.183","1986","","4.18","39367","",""
"105","Margaret Weis","Fantasy","4.118","War of the Twins","Dragonlance: Legends","2","4.183","1986","","4.16","32958","",""
"105","Margaret Weis","Fantasy","4.118","Test of the Twins","Dragonlance: Legends","3","4.183","1986","","4.21","32129","",""
"105","Margaret Weis","Fantasy","4.118","Dragon Wing","The Death Gate Cycle","1","4.073","1990","","3.98","30164","",""
"105","Margaret Weis","Fantasy","4.118","Elven Star","The Death Gate Cycle","2","4.073","1990","","4","19591","",""
"105","Margaret Weis","Fantasy","4.118","Fire Sea","The Death Gate Cycle","3","4.073","1991","","4.09","19962","",""
"105","Margaret Weis","Fantasy","4.118","Serpent Mage","The Death Gate Cycle","4","4.073","1992","","4.1","22615","",""
"105","Margaret Weis","Fantasy","4.118","The Hand of Chaos","The Death Gate Cycle","5","4.073","1993","","4.08","19349","",""
"105","Margaret Weis","Fantasy","4.118","Into the Labyrinth","The Death Gate Cycle","6","4.073","1993","","4.13","21557","",""
"105","Margaret Weis","Fantasy","4.118","The Seventh Gate","The Death Gate Cycle","7","4.073","1994","","4.13","19381","",""
"105","Margaret Weis","Fantasy","4.118","The Soulforge","Dragonlance: Raistlin Chronicles","1","4.14","1997","","4.19","11856","",""
"105","Margaret Weis","Fantasy","4.118","Brothers in Arms","Dragonlance: Raistlin Chronicles","2","4.14","1999","","4.09","8119","",""
"105","Margaret Weis","Fantasy","4.118","Dragons of the Dwarven Depths","Dragonlance: The Lost Chronicles","1","4.127","2006","","4.04","7025","",""
"105","Margaret Weis","Fantasy","4.118","Dragons of the Highlord Skies","Dragonlance: The Lost Chronicles","2","4.127","2007","","4.09","5559","",""
"105","Margaret Weis","Fantasy","4.118","Dragons of the Hourglass Mage","Dragonlance: The Lost Chronicles","3","4.127","2009","","4.25","4981","",""
"105","Margaret Weis","Fantasy","4.118","Dragons of Fate","","","","2023","","4.22","1563","",""
"106","Colson Whitehead","Historical Fiction","4.155","The Underground Railroad","","","","2016","","4.06","457436","",""
"106","Colson Whitehead","Historical Fiction","4.155","The Nickel Boys","","","","2019","","4.25","322875","",""
"107","Anne McCaffrey","Fantasy","4.115","Dragonflight","Dragonriders of Pern","1","4.085","1968","","4.07","145720","",""
"107","Anne McCaffrey","Fantasy","4.115","Dragonquest","Dragonriders of Pern","2","4.085","1971","","4.1","53881","",""
"107","Anne McCaffrey","Fantasy","4.115","The Ship Who Sang","Brainship","1","4.073","1969","","4.04","26785","",""
"107","Anne McCaffrey","Fantasy","4.115","The Ship That Returned","Brainship","1.4","4.073","1999","","4.25","171","",""
"107","Anne McCaffrey","Fantasy","4.115","PartnerShip","Brainship","2","4.073","1992","","3.96","4959","",""
"107","Anne McCaffrey","Fantasy","4.115","The Ship Who Searched","Brainship","3","4.073","1992","","4.12","12163","",""
"107","Anne McCaffrey","Fantasy","4.115","The City Who Fought","Brainship","4","4.073","1993","","4.01","4926","",""
"107","Anne McCaffrey","Fantasy","4.115","The City and The Ship","Brainship","4, #7","4.073","2004","","4.17","1855","",""
"107","Anne McCaffrey","Fantasy","4.115","The Ship Who Won","Brainship","5","4.073","1993","","3.96","4810","",""
"107","Anne McCaffrey","Fantasy","4.115","The Smallest Dragonboy","","","","1973","","4.28","5263","",""
"107","Anne McCaffrey","Fantasy","4.115","To Ride Pegasus","The Talent","1","4.14","1973","","4.04","11013","",""
"107","Anne McCaffrey","Fantasy","4.115","Pegasus in Flight","The Talent","2","4.14","1990","","4.19","9167","",""
"107","Anne McCaffrey","Fantasy","4.115","Pegasus in Space","The Talent","3","4.14","2000","","4.19","7334","",""
"107","Anne McCaffrey","Fantasy","4.115","Dragonsong","Harper Hall","1","4.227","1976","","4.26","59679","",""
"107","Anne McCaffrey","Fantasy","4.115","Dragonsinger","Harper Hall","2","4.227","1977","","4.31","49395","",""
"107","Anne McCaffrey","Fantasy","4.115","Dragondrums","Harper Hall","3","4.227","1979","","4.11","38863","",""
"107","Anne McCaffrey","Fantasy","4.115","The White Dragon","The Dragonriders of Pern","3","4.2","1978","","4.2","51470","",""
"107","Anne McCaffrey","Fantasy","4.115","Crystal Singer","Crystal Singer","1","4.103","1982","","4.14","22255","",""
"107","Anne McCaffrey","Fantasy","4.115","Killashandra","Crystal Singer","2","4.103","1985","","4.09","16135","",""
"107","Anne McCaffrey","Fantasy","4.115","Crystal Line","Crystal Singer","3","4.103","1994","","4.08","13101","",""
"107","Anne McCaffrey","Fantasy","4.115","Moreta: Dragonlady of Pern","Pern","7","4.129","1984","","4.04","30259","",""
"107","Anne McCaffrey","Fantasy","4.115","Nerilka's Story","Pern","8","4.129","1987","","3.87","18835","",""
"107","Anne McCaffrey","Fantasy","4.115","Dragonsdawn","Pern","9","4.129","1988","","4.23","42084","",""
"107","Anne McCaffrey","Fantasy","4.115","On Dragonwings: Dragonsdawn / Dragonseye / Moreta","Pern","9, 14, 7","4.129","2003","","4.43","2246","",""
"107","Anne McCaffrey","Fantasy","4.115","The Renegades of Pern","Pern","10","4.129","1989","","3.94","21574","",""
"107","Anne McCaffrey","Fantasy","4.115","All the Weyrs of Pern","Pern","11","4.129","1991","","4.24","27540","",""
"107","Anne McCaffrey","Fantasy","4.115","The Chronicles of Pern: First Fall","Pern","11.5","4.129","1993","","4.08","18388","",""
"107","Anne McCaffrey","Fantasy","4.115","The Dolphins of Pern","Pern","12","4.129","1994","","4.04","19610","",""
"107","Anne McCaffrey","Fantasy","4.115","Dragonseye","Pern","13","4.129","1996","","4.06","15171","",""
"107","Anne McCaffrey","Fantasy","4.115","The Masterharper of Pern","Pern","14","4.129","1998","","4.27","25811","",""
"107","Anne McCaffrey","Fantasy","4.115","Anne McCaffrey Pern Collection","Pern","14, 15, 16","4.129","2002","","4.68","757","",""
"107","Anne McCaffrey","Fantasy","4.115","The Skies of Pern","Pern","15","4.129","2001","","4.13","16623","",""
"107","Anne McCaffrey","Fantasy","4.115","Dragon's Kin","Pern","16","4.129","2003","","3.99","11094","",""
"107","Anne McCaffrey","Fantasy","4.115","Dragon's Fire","Pern","18","4.129","2006","","4.02","10368","",""
"107","Anne McCaffrey","Fantasy","4.115","Dragon Harper","Pern","19","4.129","2007","","4.11","11197","",""
"107","Anne McCaffrey","Fantasy","4.115","Dragon's Time","Pern","22","4.129","2011","","4.01","5597","",""
"107","Anne McCaffrey","Fantasy","4.115","Sky Dragons","Pern","23","4.129","2012","","4.05","5271","",""
"107","Anne McCaffrey","Fantasy","4.115","The Mystery of Ireta: Dinosaur Planet & Dinosaur Planet Survivors","","","","1985","","4.03","1196","",""
"107","Anne McCaffrey","Fantasy","4.115","Nerilka's Story & The Coelura","","","","1987","","4.11","1690","",""
"107","Anne McCaffrey","Fantasy","4.115","The Rowan","The Tower and the Hive","1","4.014","1990","","4.07","18634","",""
"107","Anne McCaffrey","Fantasy","4.115","Damia","The Tower and the Hive","2","4.014","1991","","4.05","13718","",""
"107","Anne McCaffrey","Fantasy","4.115","Damia's Children","The Tower and the Hive","3","4.014","1993","","3.96","11730","",""
"107","Anne McCaffrey","Fantasy","4.115","Lyon's Pride","The Tower and the Hive","4","4.014","1994","","3.98","9530","",""
"107","Anne McCaffrey","Fantasy","4.115","The Tower and the Hive","The Tower and the Hive","5","4.014","1999","","4.01","7481","",""
"107","Anne McCaffrey","Fantasy","4.115","The Wings of Pegasus","","","","1990","","4.23","1637","",""
"107","Anne McCaffrey","Fantasy","4.115","Generation Warriors","","","","1991","","4","3924","",""
"107","Anne McCaffrey","Fantasy","4.115","The Dolphins' Bell","","","","1993","","4.12","3077","",""
"107","Anne McCaffrey","Fantasy","4.115","An Exchange of Gifts","","","","1995","","4.04","2237","",""
"107","Anne McCaffrey","Fantasy","4.115","No One Noticed the Cat","","","","1996","","4.03","3365","",""
"107","Anne McCaffrey","Fantasy","4.115","A Diversity of Dragons","","","","1997","","4.32","1353","",""
"107","Anne McCaffrey","Fantasy","4.115","Nimisha's Ship","","","","1998","","4","4310","",""
"107","Anne McCaffrey","Fantasy","4.115","Runner of Pern","","","","1998","","4.17","1067","",""
"107","Anne McCaffrey","Fantasy","4.115","A Gift of Dragons","","","","2002","","4.24","6948","",""
"108","Arthur C. Clarke","Science Fiction","4.103","Childhood’s End","","","","1953","","4.12","177939","",""
"108","Arthur C. Clarke","Science Fiction","4.103","The Star","","","","1955","","4.07","2595","",""
"108","Arthur C. Clarke","Science Fiction","4.103","The City and the Stars","","","","1956","","4.07","37253","",""
"108","Arthur C. Clarke","Science Fiction","4.103","The Other Side Of The Sky","","","","1958","","4.01","2504","",""
"108","Arthur C. Clarke","Science Fiction","4.103","The Nine Billion Names of God","","","","1967","","4.05","9406","",""
"108","Arthur C. Clarke","Science Fiction","4.103","The Collected Stories of Arthur C. Clarke","","","","2000","","4.3","6453","",""
"109","Terry Brooks","Fantasy","4.108","In the Shadow of the Warlock Lord","The Sword of Shannara","1","4.157","1977","","4.1","9138","",""
"109","Terry Brooks","Fantasy","4.108","The Druids' Keep","The Sword of Shannara","2","4.157","1977","","4.17","4044","",""
"109","Terry Brooks","Fantasy","4.108","The Secret of the Sword","The Sword of Shannara","3","4.157","1977","","4.2","2184","",""
"109","Terry Brooks","Fantasy","4.108","The Scions of Shannara","Heritage of Shannara","1","4.037","1990","","4.01","34740","",""
"109","Terry Brooks","Fantasy","4.108","The Druid of Shannara","Heritage of Shannara","2","4.037","1991","","4.04","34339","",""
"109","Terry Brooks","Fantasy","4.108","The Elf Queen of Shannara","Heritage of Shannara","3","4.037","1992","","4.06","33188","",""
"109","Terry Brooks","Fantasy","4.108","The Talismans of Shannara","Heritage of Shannara","4","4.037","1993","","4.04","41287","",""
"109","Terry Brooks","Fantasy","4.108","Running with the Demon","Word & Void","1","4.06","1997","","3.99","29820","",""
"109","Terry Brooks","Fantasy","4.108","A Knight of the Word","Word & Void","2","4.06","1998","","4.07","16272","",""
"109","Terry Brooks","Fantasy","4.108","Angel Fire East","Word & Void","3","4.06","1999","","4.12","14028","",""
"109","Terry Brooks","Fantasy","4.108","The Sword of the Shannara and The Elfstones of Shannara","","","","1998","","4.12","6628","",""
"109","Terry Brooks","Fantasy","4.108","The World of Shannara","","","","2001","","4.13","1262","",""
"109","Terry Brooks","Fantasy","4.108","Jarka Ruus","High Druid of Shannara","1","4.013","2003","","3.98","15000","",""
"109","Terry Brooks","Fantasy","4.108","Tanequil","High Druid of Shannara","2","4.013","2004","","4","13376","",""
"109","Terry Brooks","Fantasy","4.108","Straken","High Druid of Shannara","3","4.013","2005","","4.06","12979","",""
"109","Terry Brooks","Fantasy","4.108","Sometimes the Magic Works: Lessons from a Writing Life","","","","2003","","4.16","1700","",""
"109","Terry Brooks","Fantasy","4.108","Armageddon's Children","Genesis of Shannara","1","4.14","2006","","4.12","17761","",""
"109","Terry Brooks","Fantasy","4.108","The Elves of Cintra","Genesis of Shannara","2","4.14","2007","","4.13","16122","",""
"109","Terry Brooks","Fantasy","4.108","The Gypsy Morph","Genesis of Shannara","3","4.14","2008","","4.17","14615","",""
"109","Terry Brooks","Fantasy","4.108","Star Wars: The Prequel Trilogy","","","","2006","","4.24","1935","",""
"109","Terry Brooks","Fantasy","4.108","Bearers of the Black Staff","Legends of Shannara","1","4.07","2010","","4.07","11208","",""
"109","Terry Brooks","Fantasy","4.108","The Measure of the Magic","Legends of Shannara","2","4.07","2011","","4.07","9302","",""
"109","Terry Brooks","Fantasy","4.108","The High Druid of Shannara Trilogy","","","","2011","","4.39","1877","",""
"109","Terry Brooks","Fantasy","4.108","Allanon's Quest","Paladins of Shannara","1","4.073","2012","","4.09","3544","",""
"109","Terry Brooks","Fantasy","4.108","The Weapons Master's Choice","Paladins of Shannara","2","4.073","2013","","4.11","2689","",""
"109","Terry Brooks","Fantasy","4.108","The Black Irix","Paladins of Shannara","3","4.073","2013","","4.02","2315","",""
"109","Terry Brooks","Fantasy","4.108","Wards of Faerie","The Dark Legacy of Shannara","1","4.06","2012","","4.05","8745","",""
"109","Terry Brooks","Fantasy","4.108","Bloodfire Quest","The Dark Legacy of Shannara","2","4.06","2012","","4.05","7027","",""
"109","Terry Brooks","Fantasy","4.108","Witch Wraith","The Dark Legacy of Shannara","3","4.06","2013","","4.08","6535","",""
"109","Terry Brooks","Fantasy","4.108","The Black Elfstone","The Fall of Shannara","1","4.17","2017","","4.16","5483","",""
"109","Terry Brooks","Fantasy","4.108","The Skaar Invasion","The Fall of Shannara","2","4.17","2018","","4.16","3972","",""
"109","Terry Brooks","Fantasy","4.108","The Stiehl Assassin","The Fall of Shannara","3","4.17","2019","","4.13","3249","",""
"109","Terry Brooks","Fantasy","4.108","The Last Druid","The Fall of Shannara","4","4.17","2020","","4.23","3188","",""
"109","Terry Brooks","Fantasy","4.108","Galaphile","The First Druids of Shannara","1","4.16","2025","","4.16","1686","",""
"110","Charles Dickens","Classic Fiction","4.144","A Christmas Carol","","","","1843","","4.09","960119","",""
"110","Charles Dickens","Classic Fiction","4.144","A Christmas Carol / The Chimes / The Cricket on the Hearth","","","","1843","","4.14","59207","",""
"110","Charles Dickens","Classic Fiction","4.144","A Christmas Carol and Other Christmas Writings","","","","1843","","4.14","40797","",""
"110","Charles Dickens","Classic Fiction","4.144","David Copperfield","","","","1850","","4.05","265401","",""
"110","Charles Dickens","Classic Fiction","4.144","Bleak House","","","","1853","","4.02","116482","",""
"110","Charles Dickens","Classic Fiction","4.144","Little Dorrit","","","","1857","","4","50447","",""
"110","Charles Dickens","Classic Fiction","4.144","A Tale of Two Cities / Great Expectations","","","","1859","","4.02","17613","",""
"110","Charles Dickens","Classic Fiction","4.144","Five Novels: Oliver Twist, A Christmas Carol, David Copperfield, A Tale of Two Cities, Great Expectations","","","","1861","","4.26","4263","",""
"110","Charles Dickens","Classic Fiction","4.144","Four Complete Novels","","","","1861","","4.3","3559","",""
"110","Charles Dickens","Classic Fiction","4.144","Our Mutual Friend","","","","1865","","4.09","31954","",""
"110","Charles Dickens","Classic Fiction","4.144","The Complete Works of Charles Dickens","","","","1868","","4.43","1683","",""
"110","Charles Dickens","Classic Fiction","4.144","The Life of Our Lord: Written for His Children During the Years 1846 to 1849","","","","1934","","4.04","3084","",""
"110","Charles Dickens","Classic Fiction","4.144","Charles Dickens: The Complete Novels","","","","1986","","4.29","1149","",""
"111","Peter S. Beagle","Fantasy","4.105","The Last Unicorn","The Last Unicorn","1","4.123","1968","","4.16","126925","",""
"111","Peter S. Beagle","Fantasy","4.105","Ostatni jednorożec","The Last Unicorn","1, #1.5","4.123","1968","","4.04","430","",""
"111","Peter S. Beagle","Fantasy","4.105","Two Hearts","The Last Unicorn","1.5","4.123","2005","","4.17","2426","",""
"111","Peter S. Beagle","Fantasy","4.105","Tamsin","","","","1999","","4.05","4149","",""
"112","qntm","Science Fiction","4.098","Valuable Humans in Transit and Other Stories","","","","2006","","4.22","3577","",""
"112","qntm","Science Fiction","4.098","Fine Structure","","","","2010","","4.03","1901","",""
"112","qntm","Science Fiction","4.098","Ed","","","","2013","","4.06","1234","",""
"112","qntm","Science Fiction","4.098","Ra","","","","2014","","4.08","2985","",""
"113","Peter V. Brett","Fantasy","4.105","The Warded Man","Demon Cycle","1","4.072","2008","","4.24","133719","",""
"113","Peter V. Brett","Fantasy","4.105","The Great Bazaar and Other Stories","Demon Cycle","1.6","4.072","2010","","3.95","6118","",""
"113","Peter V. Brett","Fantasy","4.105","The Daylight War","Demon Cycle","3","4.072","2013","","4.2","66416","",""
"113","Peter V. Brett","Fantasy","4.105","The Skull Throne","Demon Cycle","4","4.072","2015","","4.13","43475","",""
"113","Peter V. Brett","Fantasy","4.105","Barren","Demon Cycle","5.5","4.072","2018","","3.84","2039","",""
"113","Peter V. Brett","Fantasy","4.105","Malowany człowiek. Księga I","Demoniczny Cykl","1A","4.078","2008","","4.19","4403","",""
"113","Peter V. Brett","Fantasy","4.105","Malowany człowiek. Księga II","Demoniczny Cykl","1B","4.078","2008","","4.22","3397","",""
"113","Peter V. Brett","Fantasy","4.105","Pustynna włócznia. Księga I","Demoniczny Cykl","2A","4.078","2010","","4.05","2661","",""
"113","Peter V. Brett","Fantasy","4.105","Pustynna włócznia. Księga II","Demoniczny Cykl","2B","4.078","2010","","4.23","2381","",""
"113","Peter V. Brett","Fantasy","4.105","Wojna w blasku dnia. Księga I","Demoniczny Cykl","3A","4.078","2013","","4.01","1862","",""
"113","Peter V. Brett","Fantasy","4.105","Wojna w blasku dnia. Księga II","Demoniczny Cykl","3B","4.078","2013","","4.13","1715","",""
"113","Peter V. Brett","Fantasy","4.105","Tron z czaszek. Księga I","Demoniczny Cykl","4A","4.078","2015","","3.97","1431","",""
"113","Peter V. Brett","Fantasy","4.105","Tron z czaszek. Księga II","Demoniczny Cykl","4B","4.078","2015","","4","1360","",""
"113","Peter V. Brett","Fantasy","4.105","Otchłań. Księga I","Demoniczny Cykl","5A","4.078","2017","","3.96","1973","",""
"113","Peter V. Brett","Fantasy","4.105","Otchłań. Księga II","Demoniczny Cykl","5B","4.078","2017","","4.02","1890","",""
"113","Peter V. Brett","Fantasy","4.105","Brayan's Gold","The Demon Cycle","1.5","4.113","2011","","4.03","5774","",""
"113","Peter V. Brett","Fantasy","4.105","The Desert Spear","The Demon Cycle","2","4.113","2010","","4.21","92667","",""
"113","Peter V. Brett","Fantasy","4.105","Messenger’s Legacy","The Demon Cycle","3.5","4.113","2015","","4.04","5309","",""
"113","Peter V. Brett","Fantasy","4.105","The Core","The Demon Cycle","5","4.113","2017","","4.17","30338","",""
"113","Peter V. Brett","Fantasy","4.105","The Great Bazaar & Brayan's Gold","","","","2011","","4","3118","",""
"113","Peter V. Brett","Fantasy","4.105","The Desert Prince","Nightfall Saga","1","4.273","2021","","4.24","5956","",""
"113","Peter V. Brett","Fantasy","4.105","The Hidden Queen","Nightfall Saga","2","4.273","2024","","4.33","2564","",""
"113","Peter V. Brett","Fantasy","4.105","The Demon King","Nightfall Saga","3","4.273","2026","","4.25","924","",""
"114","George Orwell","Classic Fiction","4.136","Shooting an Elephant","","","","1931","","4.04","12668","",""
"114","George Orwell","Classic Fiction","4.136","Down and Out in Paris and London","","","","1933","","4.09","105545","",""
"114","George Orwell","Classic Fiction","4.136","Homage to Catalonia","","","","1938","","4.09","75043","",""
"114","George Orwell","Classic Fiction","4.136","A Collection of Essays","","","","1941","","4.29","8235","",""
"114","George Orwell","Classic Fiction","4.136","All Art is Propaganda: Critical Essays","","","","1941","","4.21","1515","",""
"114","George Orwell","Classic Fiction","4.136","Animal Farm","","","","1945","","4.03","4777242","",""
"114","George Orwell","Classic Fiction","4.136","Politics and the English Language","","","","1946","","4.3","9211","",""
"114","George Orwell","Classic Fiction","4.136","Why I Write","","","","1946","","4.01","16231","",""
"114","George Orwell","Classic Fiction","4.136","1984","","","","1949","","4.2","5718784","",""
"114","George Orwell","Classic Fiction","4.136","Such, Such Were the Joys","","","","1952","","4.06","1065","",""
"114","George Orwell","Classic Fiction","4.136","Orwell on Truth","","","","2017","","4.18","1467","",""
"115","Mark Lawrence","Fantasy","4.102","During the Dance","","","","2004","","4.31","1714","",""
"115","Mark Lawrence","Fantasy","4.102","Prince of Thorns","Broken Empire","1","4.026","2011","","3.82","126177","",""
"115","Mark Lawrence","Fantasy","4.102","Select Mode","Broken Empire","1.5","4.026","2014","","3.91","982","",""
"115","Mark Lawrence","Fantasy","4.102","King of Thorns","Broken Empire","2","4.026","2012","","4.17","71838","",""
"115","Mark Lawrence","Fantasy","4.102","Sleeping Beauty","Broken Empire","2.5","4.026","2013","","4.01","1805","",""
"115","Mark Lawrence","Fantasy","4.102","Emperor of Thorns","Broken Empire","3","4.026","2013","","4.22","58740","",""
"115","Mark Lawrence","Fantasy","4.102","Prince of Fools","The Red Queen's War","1","4.2","2014","","4.05","35885","",""
"115","Mark Lawrence","Fantasy","4.102","The Liar's Key","The Red Queen's War","2","4.2","2015","","4.23","22160","",""
"115","Mark Lawrence","Fantasy","4.102","The Wheel of Osheim","The Red Queen's War","3","4.2","2016","","4.32","18434","",""
"115","Mark Lawrence","Fantasy","4.102","Road Brothers","The Broken Empire","3.5","4.26","2015","","4.26","1941","",""
"115","Mark Lawrence","Fantasy","4.102","Red Sister","Book of the Ancestor","1","4.243","2017","","4.16","64324","",""
"115","Mark Lawrence","Fantasy","4.102","Grey Sister","Book of the Ancestor","2","4.243","2018","","4.35","39253","",""
"115","Mark Lawrence","Fantasy","4.102","Bound","Book of the Ancestor","2.5","4.243","2018","","4.16","4558","",""
"115","Mark Lawrence","Fantasy","4.102","Holy Sister","Book of the Ancestor","3","4.243","2019","","4.3","32396","",""
"115","Mark Lawrence","Fantasy","4.102","One Word Kill","Impossible Times","1","4.01","2019","","3.76","21601","",""
"115","Mark Lawrence","Fantasy","4.102","Limited Wish","Impossible Times","2","4.01","2019","","4.04","8190","",""
"115","Mark Lawrence","Fantasy","4.102","Dispel Illusion","Impossible Times","3","4.01","2019","","4.23","6518","",""
"115","Mark Lawrence","Fantasy","4.102","The Girl and the Stars","Book of the Ice","1","4.053","2020","","3.8","13077","",""
"115","Mark Lawrence","Fantasy","4.102","The Girl and the Mountain","Book of the Ice","2","4.053","2021","","4.13","7128","",""
"115","Mark Lawrence","Fantasy","4.102","The Girl and the Moon","Book of the Ice","3","4.053","2022","","4.23","5661","",""
"115","Mark Lawrence","Fantasy","4.102","The Book That Wouldn’t Burn","The Library Trilogy","1","4.018","2023","","3.95","45580","",""
"115","Mark Lawrence","Fantasy","4.102","Overdue","The Library Trilogy","1.5","4.018","2023","","4.2","1451","",""
"115","Mark Lawrence","Fantasy","4.102","Returns","The Library Trilogy","1.6","4.018","2024","","4.2","798","",""
"115","Mark Lawrence","Fantasy","4.102","The Book That Broke the World","The Library Trilogy","2","4.018","2024","","3.99","16906","",""
"115","Mark Lawrence","Fantasy","4.102","The Book That Held Her Heart","The Library Trilogy","3","4.018","2025","","3.75","9433","",""
"116","Blake Crouch","Science Fiction","4.088","Pines","Wayward Pines","1","4.053","2012","","3.91","201617","",""
"116","Blake Crouch","Science Fiction","4.088","Wayward","Wayward Pines","2","4.053","2013","","4.16","110797","",""
"116","Blake Crouch","Science Fiction","4.088","The Last Town","Wayward Pines","3","4.053","2014","","4.09","100783","",""
"116","Blake Crouch","Science Fiction","4.088","Dark Matter","","","","2016","","4.13","797114","",""
"116","Blake Crouch","Science Fiction","4.088","Summer Frost","Forward Collection","2","4.08","2019","","4.08","31545","",""
"116","Blake Crouch","Science Fiction","4.088","Recursion","","","","2019","","4.16","347788","",""
"117","Rebecca Roanhorse","Fantasy","4.1","Trail of Lightning","The Sixth World","1","4.065","2018","","3.95","27854","",""
"117","Rebecca Roanhorse","Fantasy","4.1","Storm of Locusts","The Sixth World","2","4.065","2019","","4.18","11490","",""
"117","Rebecca Roanhorse","Fantasy","4.1","Black Sun","Between Earth and Sky","1","4.147","2020","","4.16","56965","",""
"117","Rebecca Roanhorse","Fantasy","4.1","Fevered Star","Between Earth and Sky","2","4.147","2022","","4.07","23100","",""
"117","Rebecca Roanhorse","Fantasy","4.1","Mirrored Heavens","Between Earth and Sky","3","4.147","2024","","4.21","10963","",""
"117","Rebecca Roanhorse","Fantasy","4.1","Race to the Sun","","","","2020","","4.03","6232","",""
"118","Christopher Moore","Humor","4.123","Lamb: The Gospel According to Biff, Christ’s Childhood Pal","","","","2002","","4.22","184757","",""
"118","Christopher Moore","Humor","4.123","Razzmatazz","","","","2022","","4.1","5402","",""
"118","Christopher Moore","Humor","4.123","Anima Rising","","","","2025","","4.05","5770","",""
"119","Zamil Akhtar","Fantasy","4.1","Gunmetal Gods","Gunmetal Gods","1","4.1","2020","","3.91","4002","",""
"119","Zamil Akhtar","Fantasy","4.1","Conqueror's Blood","Gunmetal Gods","2","4.1","2021","","4.07","1270","",""
"119","Zamil Akhtar","Fantasy","4.1","Dark Drinker","Gunmetal Gods","4","4.1","2024","","4.32","323","",""
"120","Robert A. Heinlein","Science Fiction","4.053","By His Bootstraps","","","","1941","","4","1408","",""
"120","Robert A. Heinlein","Science Fiction","4.053","Citizen of the Galaxy","","","","1957","","4.01","18073","",""
"120","Robert A. Heinlein","Science Fiction","4.053","The Door Into Summer","","","","1957","","4.02","29202","",""
"120","Robert A. Heinlein","Science Fiction","4.053","The Green Hills of Earth / The Menace from Earth","","","","1957","","4.17","1741","",""
"120","Robert A. Heinlein","Science Fiction","4.053","Methuselah's Children","","","","1958","","4.01","21468","",""
"120","Robert A. Heinlein","Science Fiction","4.053","All You Zombies","","","","1959","","4.07","7579","",""
"120","Robert A. Heinlein","Science Fiction","4.053","Starship Troopers","","","","1959","","4","251296","",""
"120","Robert A. Heinlein","Science Fiction","4.053","The Moon Is a Harsh Mistress","","","","1966","","4.15","141340","",""
"120","Robert A. Heinlein","Science Fiction","4.053","The Notebooks of Lazarus Long","","","","1978","","4.08","3789","",""
"120","Robert A. Heinlein","Science Fiction","4.053","The Pursuit of the Pankera: A Parallel Novel About Parallel Universes","","","","2020","","4.02","1586","",""
"121","Nghi Vo","Fantasy","4.089","The Empress of Salt and Fortune","The Singing Hills Cycle","1","4.089","2020","","3.89","47718","",""
"121","Nghi Vo","Fantasy","4.089","When the Tiger Came Down the Mountain","The Singing Hills Cycle","2","4.089","2020","","4.15","19649","",""
"121","Nghi Vo","Fantasy","4.089","Into the Riverlands","The Singing Hills Cycle","3","4.089","2022","","3.99","11207","",""
"121","Nghi Vo","Fantasy","4.089","Mammoths at the Gates","The Singing Hills Cycle","4","4.089","2023","","4.2","8219","",""
"121","Nghi Vo","Fantasy","4.089","The Brides of High Hill","The Singing Hills Cycle","5","4.089","2024","","4.12","6659","",""
"121","Nghi Vo","Fantasy","4.089","A Mouthful of Dust","The Singing Hills Cycle","6","4.089","2025","","4.17","3737","",""
"121","Nghi Vo","Fantasy","4.089","A Long and Speaking Silence","The Singing Hills Cycle","7","4.089","2026","","4.1","1884","",""
"122","Bram Stoker","Horror","4.115","Dracula","","","","1897","","4.03","1531712","",""
"122","Bram Stoker","Horror","4.115","Dracula 1","","","","1897","","4.2","1335","",""
"123","Katherine Addison","Fantasy","4.083","The Goblin Emperor","The Chronicles of Osreth","1","4.09","2014","","4.06","57325","",""
"123","Katherine Addison","Fantasy","4.083","The Orb of Cairado","The Chronicles of Osreth","1.1","4.09","2025","","4.12","1373","",""
"123","Katherine Addison","Fantasy","4.083","Lora Selezh","The Cemeteries of Amalo","0.5","4.08","2021","","3.89","344","",""
"123","Katherine Addison","Fantasy","4.083","The Witness for the Dead","The Cemeteries of Amalo","1","4.08","2021","","4.09","12923","",""
"123","Katherine Addison","Fantasy","4.083","Min Zemerin's Plan","The Cemeteries of Amalo","1.5","4.08","2022","","3.82","336","",""
"123","Katherine Addison","Fantasy","4.083","The Grief of Stones","The Cemeteries of Amalo","2","4.08","2022","","4.3","7920","",""
"123","Katherine Addison","Fantasy","4.083","The Tomb of Dragons","The Cemeteries of Amalo","3","4.08","2025","","4.3","4364","",""
"124","Barbara Truelove","Science Fiction","4.05","Of Monsters and Mainframes","","","","2025","","4.05","16122","",""
"125","Glen Cook","Fantasy","4.073","The Black Company","The Chronicles of the Black Company","1","4.078","1984","","3.93","56339","",""
"125","Glen Cook","Fantasy","4.073","Port of Shadows","The Chronicles of the Black Company","1.5","4.078","2018","","3.85","2485","",""
"125","Glen Cook","Fantasy","4.073","Shadows Linger","The Chronicles of the Black Company","2","4.078","1984","","4.18","22208","",""
"125","Glen Cook","Fantasy","4.073","The White Rose","The Chronicles of the Black Company","3","4.078","1985","","4.2","22077","",""
"125","Glen Cook","Fantasy","4.073","The Silver Spike","The Chronicles of the Black Company","3.5","4.078","1989","","3.96","9729","",""
"125","Glen Cook","Fantasy","4.073","The Books of the South","The Chronicles of the Black Company","3.5-5","4.078","2002","","4.28","12453","",""
"125","Glen Cook","Fantasy","4.073","Shadow Games","The Chronicles of the Black Company","4","4.078","1989","","4.11","13439","",""
"125","Glen Cook","Fantasy","4.073","Dreams of Steel","The Chronicles of the Black Company","5","4.078","1990","","4.11","11524","",""
"125","Glen Cook","Fantasy","4.073","Bleak Seasons","The Chronicles of the Black Company","6","4.078","1996","","3.93","10261","",""
"125","Glen Cook","Fantasy","4.073","She is the Darkness","The Chronicles of the Black Company","7","4.078","1997","","4.1","9426","",""
"125","Glen Cook","Fantasy","4.073","Water Sleeps","The Chronicles of the Black Company","8","4.078","1999","","4.1","8426","",""
"125","Glen Cook","Fantasy","4.073","Soldiers Live","The Chronicles of the Black Company","9","4.078","2000","","4.27","8601","",""
"125","Glen Cook","Fantasy","4.073","Lies Weeping","The Chronicles of the Black Company","10","4.078","2025","","3.99","603","",""
"125","Glen Cook","Fantasy","4.073","Sweet Silver Blues","Garrett P.I.","1","4.054","1987","","3.88","6312","",""
"125","Glen Cook","Fantasy","4.073","Bitter Gold Hearts","Garrett P.I.","2","4.054","1988","","4.07","3969","",""
"125","Glen Cook","Fantasy","4.073","Cold Copper Tears","Garrett P.I.","3","4.054","1988","","4.11","3740","",""
"125","Glen Cook","Fantasy","4.073","Petty Pewter Gods","Garrett P.I.","8","4.054","1995","","3.94","2417","",""
"125","Glen Cook","Fantasy","4.073","Faded Steel Heat","Garrett P.I.","9","4.054","1999","","4.08","2217","",""
"125","Glen Cook","Fantasy","4.073","Angry Lead Skies","Garrett P.I.","10","4.054","2002","","3.99","2148","",""
"125","Glen Cook","Fantasy","4.073","Whispering Nickel Idols","Garrett P.I.","11","4.054","2005","","4.08","2089","",""
"125","Glen Cook","Fantasy","4.073","Cruel Zinc Melodies","Garrett P.I.","12","4.054","2008","","4.12","1930","",""
"125","Glen Cook","Fantasy","4.073","Gilded Latten Bones","Garrett P.I.","13","4.054","2010","","4.15","1786","",""
"125","Glen Cook","Fantasy","4.073","Wicked Bronze Ambition","Garrett P.I.","14","4.054","2013","","4.12","1394","",""
"125","Glen Cook","Fantasy","4.073","Old Tin Sorrows","Garrett Files","4","4.108","1989","","4.15","3026","",""
"125","Glen Cook","Fantasy","4.073","Dread Brass Shadows","Garrett Files","5","4.108","1990","","4.09","2896","",""
"125","Glen Cook","Fantasy","4.073","Red Iron Nights","Garrett Files","6","4.108","1991","","4.13","2550","",""
"125","Glen Cook","Fantasy","4.073","Deadly Quicksilver Lies","Garrett Files","7","4.108","1994","","4.06","2434","",""
"126","Lewis Carroll","Children","4.109","Alice's Adventures Under Ground","Alice's Adventures in Wonderland","0","4.013","1864","","4.05","2644","",""
"126","Lewis Carroll","Children","4.109","Alice's Adventures in Wonderland","Alice's Adventures in Wonderland","1","4.013","1865","","3.99","450912","",""
"126","Lewis Carroll","Children","4.109","Through the Looking-Glass and What Alice Found There","Alice's Adventures in Wonderland","2","4.013","1871","","4","145618","",""
"126","Lewis Carroll","Children","4.109","Alice in Wonderland / Through the Looking-Glass / The Hunting of the Snark","","","","1865","","4.02","3387","",""
"126","Lewis Carroll","Children","4.109","Alice in Wonderland: The Complete Collection","","","","1871","","4.23","5273","",""
"126","Lewis Carroll","Children","4.109","Alice’s Adventures in Wonderland / Through the Looking-Glass","","","","1871","","4.06","621794","",""
"126","Lewis Carroll","Children","4.109","Jabberwocky","","","","1872","","4.11","2496","",""
"126","Lewis Carroll","Children","4.109","The Hunting of the Snark","","","","1876","","4.01","7083","",""
"126","Lewis Carroll","Children","4.109","The Complete Stories and Poems","","","","1884","","4.35","26299","",""
"126","Lewis Carroll","Children","4.109","Jabberwocky and Other Poems","","","","1964","","4.13","5926","",""
"126","Lewis Carroll","Children","4.109","Alice's Adventures in Wonderland & Other Stories","","","","1982","","4.25","37008","",""
"127","Morgan Ryan","Fantasy","4.07","A Resistance of Witches","","","","2025","","4.07","19038","",""
"128","Dmitry Glukhovsky","Science Fiction","3.879","The Prologue to the Postnuclear Dystopia","Metro","0.5","3.974","2013","","4.14","432","",""
"128","Dmitry Glukhovsky","Science Fiction","3.879","Metro 2033","Metro","1","3.974","2002","","4.03","79518","",""
"128","Dmitry Glukhovsky","Science Fiction","3.879","The Gospel According to Artyom","Metro","1.5","3.974","2012","","4.23","893","",""
"128","Dmitry Glukhovsky","Science Fiction","3.879","Metro 2034","Metro","2","3.974","2009","","3.52","30017","",""
"128","Dmitry Glukhovsky","Science Fiction","3.879","Metro 2035","Metro","3","3.974","2015","","3.95","17812","",""
"128","Dmitry Glukhovsky","Science Fiction","3.879","Koniec drogi","","","","2006","","3.79","268","",""
"128","Dmitry Glukhovsky","Science Fiction","3.879","Сумерки","","","","2007","","3.81","2557","",""
"128","Dmitry Glukhovsky","Science Fiction","3.879","Рассказы о Родине","","","","2010","","3.75","1565","",""
"128","Dmitry Glukhovsky","Science Fiction","3.879","Davor und Danach","","","","2011","","3.69","13","",""
"128","Dmitry Glukhovsky","Science Fiction","3.879","Metro: Last Light - The Gospel According to Artyom","","","","2012","","4.11","262","",""
"128","Dmitry Glukhovsky","Science Fiction","3.879","FUTU.RE","","","","2013","","3.98","7087","",""
"128","Dmitry Glukhovsky","Science Fiction","3.879","The Outpost: America: A Metro 2033 Universe graphic novel","","","","2016","","3.56","87","",""
"128","Dmitry Glukhovsky","Science Fiction","3.879","Текст","","","","2017","","3.94","4225","",""
"128","Dmitry Glukhovsky","Science Fiction","3.879","Metro 2033 (Comic). Bd. 1: Wo die Welt endet (German Edition)","","","","2019","","3.77","56","",""
"128","Dmitry Glukhovsky","Science Fiction","3.879","Outpost","Outpost","1","3.93","2019","","3.83","5171","",""
"128","Dmitry Glukhovsky","Science Fiction","3.879","Outpost 2","Outpost","2","3.93","2021","","4.03","1969","",""
"128","Dmitry Glukhovsky","Science Fiction","3.879","Metro 2033 (Comic). Band 2: Maske der Dunkelheit (German Edition)","","","","2020","","4.1","29","",""
"128","Dmitry Glukhovsky","Science Fiction","3.879","Metro 2033 (Comic). Band 3: Augen der Finsternis","","","","2021","","3.91","22","",""
"128","Dmitry Glukhovsky","Science Fiction","3.879","Metro 2033 (Comic) Band 4: Tanz mit dem Tod","","","","2022","","3.64","14","",""
"128","Dmitry Glukhovsky","Science Fiction","3.879","Opowieści o Ojczyźnie","","","","2023","","3.79","411","",""
"129","Michael Moorcock","Fantasy","4.063","Tales of the White Wolf","","","","1994","","4.06","3123","",""
"129","Michael Moorcock","Fantasy","4.063","Elric","","","","2001","","4.1","3023","",""
"129","Michael Moorcock","Fantasy","4.063","Elric of Melniboné and Other Stories","Elric Chronological Order","1","4.03","2013","","4.03","2104","",""
"130","Richard Matheson","Horror","4.056","I Am Legend","","","","1954","","4.05","159586","",""
"130","Richard Matheson","Horror","4.056","I Am Legend and Other Stories","","","","1954","","4","137840","",""
"130","Richard Matheson","Horror","4.056","Duel","","","","1971","","4.02","2604","",""
"130","Richard Matheson","Horror","4.056","Nightmare at 20,000 Feet: Horror Stories","","","","2002","","4.05","8530","",""
"130","Richard Matheson","Horror","4.056","The Best of Richard Matheson","","","","2017","","4.16","2340","",""
"131","David Dalglish","Fantasy","4.057","Cloak and Spider","Shadowdance","0.5","4.069","2013","","4.14","567","",""
"131","David Dalglish","Fantasy","4.057","A Dance of Cloaks","Shadowdance","1","4.069","2010","","3.75","13529","",""
"131","David Dalglish","Fantasy","4.057","A Dance of Blades","Shadowdance","2","4.069","2011","","4.02","8192","",""
"131","David Dalglish","Fantasy","4.057","A Dance of Death","Shadowdance","3","4.069","2011","","4.06","7223","",""
"131","David Dalglish","Fantasy","4.057","A Dance of Shadows","Shadowdance","4","4.069","2012","","4.12","3651","",""
"131","David Dalglish","Fantasy","4.057","A Dance of Ghosts","Shadowdance","5","4.069","2014","","4.16","2327","",""
"131","David Dalglish","Fantasy","4.057","A Dance of Chaos","Shadowdance","6","4.069","2015","","4.23","2019","",""
"131","David Dalglish","Fantasy","4.057","The Weight of Blood","The Half-Orcs","1","4.071","2010","","3.61","3555","",""
"131","David Dalglish","Fantasy","4.057","The Cost of Betrayal","The Half-Orcs","2","4.071","2010","","3.96","1779","",""
"131","David Dalglish","Fantasy","4.057","The Death of Promises","The Half-Orcs","3","4.071","2010","","4.07","1507","",""
"131","David Dalglish","Fantasy","4.057","The Shadows of Grace","The Half-Orcs","4","4.071","2010","","4.08","1825","",""
"131","David Dalglish","Fantasy","4.057","A Sliver of Redemption","The Half-Orcs","5","4.071","2011","","4.13","1713","",""
"131","David Dalglish","Fantasy","4.057","The Prison of Angels","The Half-Orcs","6","4.071","2012","","4.25","1001","",""
"131","David Dalglish","Fantasy","4.057","The King of the Vile","The Half-Orcs","7","4.071","2015","","4.4","572","",""
"131","David Dalglish","Fantasy","4.057","Night of Wolves","The Paladins","1","4.053","2011","","3.8","2699","",""
"131","David Dalglish","Fantasy","4.057","Clash of Faiths","The Paladins","2","4.053","2011","","4.05","1564","",""
"131","David Dalglish","Fantasy","4.057","The Old Ways","The Paladins","3","4.053","2011","","4.11","1290","",""
"131","David Dalglish","Fantasy","4.057","The Broken Pieces","The Paladins","4","4.053","2012","","4.25","1057","",""
"131","David Dalglish","Fantasy","4.057","Skyborn","Seraphim","1","4.03","2015","","3.91","2318","",""
"131","David Dalglish","Fantasy","4.057","Fireborn","Seraphim","2","4.03","2016","","4.09","1324","",""
"131","David Dalglish","Fantasy","4.057","Shadowborn","Seraphim","3","4.03","2017","","4.09","903","",""
"131","David Dalglish","Fantasy","4.057","Soulkeeper","The Keepers","1","4.047","2019","","3.92","2160","",""
"131","David Dalglish","Fantasy","4.057","Ravencaller","The Keepers","2","4.047","2020","","4.13","990","",""
"131","David Dalglish","Fantasy","4.057","Voidbreaker","The Keepers","3","4.047","2021","","4.09","759","",""
"131","David Dalglish","Fantasy","4.057","The Bladed Faith","The Vagrant Gods","1","4.035","2022","","3.88","1675","",""
"131","David Dalglish","Fantasy","4.057","The Sapphire Altar","The Vagrant Gods","2","4.035","2023","","4.19","770","",""
"132","Harlan Ellison","Science Fiction","3.809","Children of the Streets","","","","1956","","3.82","84","",""
"132","Harlan Ellison","Science Fiction","3.809","Biddy and the Silver Man","","","","1957","","3.83","23","",""
"132","Harlan Ellison","Science Fiction","3.809","Over the Edge","","","","1957","","3.92","128","",""
"132","Harlan Ellison","Science Fiction","3.809","The Discarded","","","","1957","","3.55","33","",""
"132","Harlan Ellison","Science Fiction","3.809","The Untouchable Adolescents","","","","1957","","2.86","7","",""
"132","Harlan Ellison","Science Fiction","3.809","Gentleman Junkie and Other Stories of the Hung-Up Generation","","","","1958","","4","504","",""
"132","Harlan Ellison","Science Fiction","3.809","The Deadly Streets","","","","1958","","3.71","285","",""
"132","Harlan Ellison","Science Fiction","3.809","Web of the City","","","","1958","","3.49","544","",""
"132","Harlan Ellison","Science Fiction","3.809","Fantastic, Vol. 8, No. 4, April 1959","","","","1959","","2.33","3","",""
"132","Harlan Ellison","Science Fiction","3.809","Getting In The Wind","","","","1959","","3.85","20","",""
"132","Harlan Ellison","Science Fiction","3.809","Sex Gang","","","","1959","","2.5","4","",""
"132","Harlan Ellison","Science Fiction","3.809","The Man with Nine Lives; A Touch of Infinity","","","","1959","","3.81","21","",""
"132","Harlan Ellison","Science Fiction","3.809","A Touch of Infinity","","","","1960","","3.68","25","",""
"132","Harlan Ellison","Science Fiction","3.809","Memos From Purgatory","","","","1961","","3.96","478","",""
"132","Harlan Ellison","Science Fiction","3.809","De Speekselboom","","","","1966","","3.75","262","",""
"132","Harlan Ellison","Science Fiction","3.809","Dangerous Visions 1","","","","1967","","3.93","580","",""
"132","Harlan Ellison","Science Fiction","3.809","From the Land of Fear","","","","1967","","3.68","371","",""
"132","Harlan Ellison","Science Fiction","3.809","Pretty Maggie Moneyeyes (Voice from the Edge, Vol. 3)","","","","1967","","3.84","256","",""
"132","Harlan Ellison","Science Fiction","3.809","Doomsman/The Thief of Thoth","","","","1968","","3.53","30","",""
"132","Harlan Ellison","Science Fiction","3.809","Star Trek 2","La Pista delle Stelle","2","3.71","1968","","3.71","1282","",""
"132","Harlan Ellison","Science Fiction","3.809","Love Ain't Nothing But Sex Misspelled","","","","1968","","4.01","556","",""
"132","Harlan Ellison","Science Fiction","3.809","Shattered Like a Glass Goblin","","","","1968","","3.75","61","",""
"132","Harlan Ellison","Science Fiction","3.809","Along the Scenic Route","","","","1969","","3.54","28","",""
"132","Harlan Ellison","Science Fiction","3.809","Creepy Archives, Vol. 6","","","","1969","","3.79","97","",""
"132","Harlan Ellison","Science Fiction","3.809","Un muchacho y su perro","","","","1969","","3.5","22","",""
"132","Harlan Ellison","Science Fiction","3.809","All in Color for a Dime","","","","1970","","3.96","117","",""
"132","Harlan Ellison","Science Fiction","3.809","Mammoth Books Presents the Region Between","","","","1970","","4.01","67","",""
"132","Harlan Ellison","Science Fiction","3.809","Alone Against Tomorrow: Stories of Alienation in Speculative Fiction","","","","1971","","4.04","903","",""
"132","Harlan Ellison","Science Fiction","3.809","Partners in Wonder","","","","1971","","3.87","432","",""
"132","Harlan Ellison","Science Fiction","3.809","The Time of the Eye","","","","1971","","3.66","116","",""
"132","Harlan Ellison","Science Fiction","3.809","Again, Dangerous Visions 2","","","","1973","","3.99","145","",""
"132","Harlan Ellison","Science Fiction","3.809","All the Sounds of Fear","","","","1973","","3.88","135","",""
"132","Harlan Ellison","Science Fiction","3.809","Harlan Ellison's Movie","","","","1973","","3.71","41","",""
"132","Harlan Ellison","Science Fiction","3.809","The Best from Galaxy, Vol 2","","","","1974","","3","10","",""
"132","Harlan Ellison","Science Fiction","3.809","Ciencia ficción, selección 17","","","","1975","","3.36","14","",""
"132","Harlan Ellison","Science Fiction","3.809","Croatoan","","","","1975","","3.38","29","",""
"132","Harlan Ellison","Science Fiction","3.809","No Doors No Windows","","","","1975","","3.94","342","",""
"132","Harlan Ellison","Science Fiction","3.809","Tricks and Treats","","","","1976","","4.17","6","",""
"132","Harlan Ellison","Science Fiction","3.809","Jeffty Is Five","","","","1977","","4.11","516","",""
"132","Harlan Ellison","Science Fiction","3.809","The City on the Edge of Forever","Star Trek Fotonovel","1","4.07","1977","","4.07","170","",""
"132","Harlan Ellison","Science Fiction","3.809","Star Trek Fotonovels 1-4 Set","","","","1977","","4.25","4","",""
"132","Harlan Ellison","Science Fiction","3.809","Working with the Little People","","","","1977","","4","5","",""
"132","Harlan Ellison","Science Fiction","3.809","Chocolate Alphabet","","","","1978","","4","14","",""
"132","Harlan Ellison","Science Fiction","3.809","El cuento de ciencia ficción","","","","1978","","3","1","",""
"132","Harlan Ellison","Science Fiction","3.809","Illustrated Harlan Ellison","","","","1978","","4.19","142","",""
"132","Harlan Ellison","Science Fiction","3.809","Ciencia ficción, selección 37","","","","1979","","3.53","15","",""
"132","Harlan Ellison","Science Fiction","3.809","Sirius - Biblioteka znanstvene fantastike broj 41","","","","1979","","4.5","4","",""
"132","Harlan Ellison","Science Fiction","3.809","The Fantasies of Harlan Ellison","","","","1979","","4.17","29","",""
"132","Harlan Ellison","Science Fiction","3.809","All the Lies That Are My Life, Limited Edition","","","","1980","","4.1","125","",""
"132","Harlan Ellison","Science Fiction","3.809","The Science Fiction Hall of Fame, Volume III (3), Nebula Winners 1965-1969","","","","1981","","4.24","242","",""
"132","Harlan Ellison","Science Fiction","3.809","On the Road With Ellison, Vol. 1","","","","1983","","4.07","15","",""
"132","Harlan Ellison","Science Fiction","3.809","Sleepless Nights in the Procrustean Bed","","","","1984","","4.24","204","",""
"132","Harlan Ellison","Science Fiction","3.809","An Edge in My Voice","","","","1985","","4.31","286","",""
"132","Harlan Ellison","Science Fiction","3.809","Paladin of the Lost Hour","","","","1985","","4.03","108","",""
"132","Harlan Ellison","Science Fiction","3.809","The Magazine of Fantasy and Science Fiction, September 1985","The Magazine of Fantasy & Science Fiction","412","4.5","1985","","4.5","2","",""
"132","Harlan Ellison","Science Fiction","3.809","Night and the enemy","","","","1987","","3.53","142","",""
"132","Harlan Ellison","Science Fiction","3.809","Vic and Blood: The Chronicles of a Boy and His Dog","","","","1987","","3.84","79","",""
"132","Harlan Ellison","Science Fiction","3.809","She's a Young Thing and Cannot Leave Her Mother","","","","1988","","3.75","4","",""
"132","Harlan Ellison","Science Fiction","3.809","Sirius - Biblioteka znanstvene fantastike broj 141","","","","1988","","4.33","3","",""
"132","Harlan Ellison","Science Fiction","3.809","The Best of the Nebulas","","","","1989","","4.29","112","",""
"132","Harlan Ellison","Science Fiction","3.809","The Harlan Ellison Hornbook","","","","1990","","4.19","324","",""
"132","Harlan Ellison","Science Fiction","3.809","Dreams With Sharp Teeth","","","","1991","","4.51","98","",""
"132","Harlan Ellison","Science Fiction","3.809","Run for the Stars/Echoes of Thunder (Double 32)","","","","1991","","3.56","27","",""
"132","Harlan Ellison","Science Fiction","3.809","The Betty Pages Annual","","","","1991","","3.86","7","",""
"132","Harlan Ellison","Science Fiction","3.809","L’età d’oro del crimine","","","","1992","","3.5","2","",""
"132","Harlan Ellison","Science Fiction","3.809","Susan","","","","1993","","4.12","17","",""
"132","Harlan Ellison","Science Fiction","3.809","Das grosse Lesebuch der Fantasy","","","","1995","","3.45","11","",""
"132","Harlan Ellison","Science Fiction","3.809","Dream Corridor Special","","","","1995","","4","45","",""
"132","Harlan Ellison","Science Fiction","3.809","Dream Corridor Quarterly","","","","1996","","3.85","33","",""
"132","Harlan Ellison","Science Fiction","3.809","Spider Kiss / Stalking the Nightmare","Edgeworks","2","4.163","1996","","4.05","242","",""
"132","Harlan Ellison","Science Fiction","3.809","The Harlan Ellison Hornbook / Harlan Ellison's Movie","Edgeworks","3","4.163","1997","","4.16","207","",""
"132","Harlan Ellison","Science Fiction","3.809","Love Ain't Nothing but Sex Misspelled / The Beast That Shouted Love at the Heart of the World","Edgeworks","4","4.163","1997","","4.28","272","",""
"132","Harlan Ellison","Science Fiction","3.809","Ο πεντάχρονος Τζέφτη","In Orbit","1","4.32","1996","","4.32","28","",""
"132","Harlan Ellison","Science Fiction","3.809","Over the Edge/An Edge in My Voice (Edgeworks 1)","","","","1996","","4.27","371","",""
"132","Harlan Ellison","Science Fiction","3.809","Все звуки страха","","","","1996","","4.5","2","",""
"132","Harlan Ellison","Science Fiction","3.809","Миры Страха","","","","1997","","3.88","17","",""
"132","Harlan Ellison","Science Fiction","3.809","Bíbor Császár","","","","1998","","4","2","",""
"132","Harlan Ellison","Science Fiction","3.809","Glass Teat/The Other Glass Teat (Edgeworks 5)","","","","1998","","4.49","37","",""
"132","Harlan Ellison","Science Fiction","3.809","The Greatest Mysteries of All Time, Volume 2","","","","1998","","2.89","9","",""
"132","Harlan Ellison","Science Fiction","3.809","Edgeworks: The Collected Ellison","","","","1999","","4.62","29","",""
"132","Harlan Ellison","Science Fiction","3.809","Koletis, kes kuulutas armastust maailma südames","","","","1999","","3.67","24","",""
"132","Harlan Ellison","Science Fiction","3.809","Αγοράστε Το Δία: Και Άλλες 69 Πολύ Μικρές Ιστορίες Του Φανταστικού","","","","1999","","4.04","27","",""
"132","Harlan Ellison","Science Fiction","3.809","Visual Storytelling: The Art and Technique","","","","2000","","2.62","8","",""
"132","Harlan Ellison","Science Fiction","3.809","Midnight in the Sunken Cathedral","The Voice from the Edge","2","4.17","2001","","4.17","187","",""
"132","Harlan Ellison","Science Fiction","3.809","Troublemakers: Stories by Harlan Ellison","","","","2001","","4.02","439","",""
"132","Harlan Ellison","Science Fiction","3.809","Wielka księga fantasy","Wielka księga fantasy","2","3.5","2001","","3.5","2","",""
"132","Harlan Ellison","Science Fiction","3.809","A Friend to Man","","","","2003","","3.23","13","",""
"132","Harlan Ellison","Science Fiction","3.809","Best of Fantasy and Science Fiction Magazine","","","","2003","","3.73","11","",""
"132","Harlan Ellison","Science Fiction","3.809","Deeper than the Darkness","","","","2003","","3.94","18","",""
"132","Harlan Ellison","Science Fiction","3.809","Gnomebody","","","","2003","","2.62","8","",""
"132","Harlan Ellison","Science Fiction","3.809","Harlan Ellison Short Stories Volume 1","","","","2003","","4.3","10","",""
"132","Harlan Ellison","Science Fiction","3.809","Harlan Ellison Short Stories Volume 2","","","","2003","","4.33","3","",""
"132","Harlan Ellison","Science Fiction","3.809","Pennies, Off a Dead Man's Eyes","","","","2003","","4","9","",""
"132","Harlan Ellison","Science Fiction","3.809","The Best of Fantasy and Science Fiction Magazine 2002","","","","2003","","2.89","9","",""
"132","Harlan Ellison","Science Fiction","3.809","The End of the Time of Leinard","","","","2003","","3.67","6","",""
"132","Harlan Ellison","Science Fiction","3.809","Imaginings: An Anthology of Visionary Literature 1: After the Myths Went Home","","","","2004","","3.75","8","",""
"132","Harlan Ellison","Science Fiction","3.809","Dream Corridor, Volume 2","","","","2007","","3.77","139","",""
"132","Harlan Ellison","Science Fiction","3.809","Hulk: Heart of the Atom","","","","2008","","3.52","161","",""
"132","Harlan Ellison","Science Fiction","3.809","Phoenix Without Ashes","","","","2010","","3.45","299","",""
"132","Harlan Ellison","Science Fiction","3.809","Brain Movies: Original Teleplays, Vol 1","","","","2011","","4.28","18","",""
"132","Harlan Ellison","Science Fiction","3.809","Brain Movies: Original Teleplays, Vol 2","","","","2011","","4.1","10","",""
"132","Harlan Ellison","Science Fiction","3.809","Brain Movies: The Original Teleplays of Harlan Ellison Volume 6","","","","2011","","3.5","6","",""
"132","Harlan Ellison","Science Fiction","3.809","Bugf#ck: The Useless Wit & Wisdom of Harlan Ellison","","","","2011","","4.1","108","",""
"132","Harlan Ellison","Science Fiction","3.809","Harlan 101, Volume 1: Encountering Ellison","","","","2011","","4.46","39","",""
"132","Harlan Ellison","Science Fiction","3.809","Kannibalen","","","","2011","","3.69","13","",""
"132","Harlan Ellison","Science Fiction","3.809","Lore: A Quaint and Curious Volume of Selected Stories","","","","2011","","4.4","5","",""
"132","Harlan Ellison","Science Fiction","3.809","Sense of Wonder: A Century of Science Fiction","","","","2011","","4","58","",""
"132","Harlan Ellison","Science Fiction","3.809","The Sound of a Scythe","","","","2011","","4.1","21","",""
"132","Harlan Ellison","Science Fiction","3.809","Маленькие шедевры от Великого Мастера. Том 1","","","","2011","","3","2","",""
"132","Harlan Ellison","Science Fiction","3.809","None of the Above","","","","2012","","4.08","13","",""
"132","Harlan Ellison","Science Fiction","3.809","Pulling a Train","","","","2012","","3.4","58","",""
"132","Harlan Ellison","Science Fiction","3.809","Rakietowe Szlaki tom 4: Antologia klasycznej SF","","","","2012","","4.04","27","",""
"132","Harlan Ellison","Science Fiction","3.809","Rough Beasts","","","","2012","","3.7","20","",""
"132","Harlan Ellison","Science Fiction","3.809","Soldier","","","","2012","","3.9","61","",""
"132","Harlan Ellison","Science Fiction","3.809","Brain Movies, Volume 5","","","","2013","","3.75","8","",""
"132","Harlan Ellison","Science Fiction","3.809","Brain Movies: Original Teleplays, Vol 3","","","","2013","","3.86","7","",""
"132","Harlan Ellison","Science Fiction","3.809","Brain Movies: Original Teleplays, Vol 4","","","","2013","","4.18","11","",""
"132","Harlan Ellison","Science Fiction","3.809","Elizabeth's Canvas","","","","2013","","1","1","",""
"132","Harlan Ellison","Science Fiction","3.809","Flintlock","","","","2013","","4.33","3","",""
"132","Harlan Ellison","Science Fiction","3.809","Harlan Ellison presenta: 7 contro il caos","","","","2013","","3.33","3","",""
"132","Harlan Ellison","Science Fiction","3.809","Harlan Ellison's 7 Against Chaos","","","","2013","","3.22","391","",""
"132","Harlan Ellison","Science Fiction","3.809","Honorable Whoredom at a Penny a Word","","","","2013","","3.89","19","",""
"132","Harlan Ellison","Science Fiction","3.809","Li'l Harlan and his sidekick Carl the Comet in Danger Land","","","","2013","","3.84","25","",""
"132","Harlan Ellison","Science Fiction","3.809","Marvel Masterworks: The Incredible Hulk, Vol. 7","","","","2013","","3.83","53","",""
"132","Harlan Ellison","Science Fiction","3.809","8 in 80 by Ellison","","","","2014","","4.3","10","",""
"132","Harlan Ellison","Science Fiction","3.809","Again, Honorable Whoredom at a Penny a Word","","","","2014","","3.67","9","",""
"132","Harlan Ellison","Science Fiction","3.809","Fantasy & Science Fiction - Anno II, Numero 8","","","","2014","","3","4","",""
"132","Harlan Ellison","Science Fiction","3.809","Harlan Ellison's Endlessly Watching","","","","2014","","4.04","27","",""
"132","Harlan Ellison","Science Fiction","3.809","He Who Grew Up Reading Sherlock Holmes","","","","2014","","2.62","8","",""
"132","Harlan Ellison","Science Fiction","3.809","The City on the Edge of Forever #2","","","","2014","","4.22","45","",""
"132","Harlan Ellison","Science Fiction","3.809","The City on the Edge of Forever #3","","","","2014","","4.06","35","",""
"132","Harlan Ellison","Science Fiction","3.809","The City on the Edge of Forever #4","","","","2014","","4.18","34","",""
"132","Harlan Ellison","Science Fiction","3.809","The City on the Edge of Forever #5","","","","2014","","4.32","38","",""
"132","Harlan Ellison","Science Fiction","3.809","The Top of the Volcano: The Award-Winning Stories of Harlan Ellison","","","","2014","","4.12","272","",""
"132","Harlan Ellison","Science Fiction","3.809","Can & Can'tankerous","","","","2015","","3.78","210","",""
"132","Harlan Ellison","Science Fiction","3.809","Shadow Show: Stories In Celebration of Ray Bradbury #3","","","","2015","","4.09","11","",""
"132","Harlan Ellison","Science Fiction","3.809","To, co najlepsze. Tom 2","","","","2018","","4.05","19","",""
"132","Harlan Ellison","Science Fiction","3.809","Storie da incubo","","","","2019","","3.53","235","",""
"132","Harlan Ellison","Science Fiction","3.809","This Book Needs No Introduction","","","","2019","","3.6","10","",""
"132","Harlan Ellison","Science Fiction","3.809","Avengers Epic Collection: This Beachhead Earth [New Printing]","","","","2020","","3.89","100","",""
"132","Harlan Ellison","Science Fiction","3.809","Avengers Epic Collection, Vol. 6: A Traitor Stalks Within Us","","","","2021","","3.68","85","",""
"132","Harlan Ellison","Science Fiction","3.809","Incredible Hulk Epic Collection, Vol. 5: Who Will Judge the Hulk?","","","","2021","","3.54","61","",""
"132","Harlan Ellison","Science Fiction","3.809","The Last Dangerous Visions (The Dangerous Visions Series)","","","","2024","","3.87","508","",""
"133","T.H. White","Fantasy","3.746","Darkness at Pemberley","","","","1932","","3.37","218","",""
"133","T.H. White","Fantasy","3.746","Farewell Victoria","","","","1933","","3.47","36","",""
"133","T.H. White","Fantasy","3.746","First Lesson","","","","1933","","3.33","3","",""
"133","T.H. White","Fantasy","3.746","Earth Stopped or Mr. Marx's Sporting Tour","","","","1934","","3.67","3","",""
"133","T.H. White","Fantasy","3.746","The Black Rabbit","","","","1935","","4.5","2","",""
"133","T.H. White","Fantasy","3.746","England Have My Bones","","","","1936","","3.4","80","",""
"133","T.H. White","Fantasy","3.746","Das Schwert im Stein / Die Königin von Luft und Dunkelheit","Der König auf Camelot","1–#2","3.67","1938","","3.67","73","",""
"133","T.H. White","Fantasy","3.746","The Sword in the Stone","Once and Future King","1","3.875","1938","","3.88","29031","",""
"133","T.H. White","Fantasy","3.746","The Book of Merlyn","Once and Future King","5","3.875","1977","","3.87","10319","",""
"133","T.H. White","Fantasy","3.746","The Witch in the Wood","The Once and Future King","2","3.755","1939","","3.51","3715","",""
"133","T.H. White","Fantasy","3.746","The Ill-Made Knight","The Once and Future King","3","3.755","1940","","3.79","3044","",""
"133","T.H. White","Fantasy","3.746","Der König auf Camelot 2: Der missratene Ritter / Die Kerze im Wind","The Once and Future King","3–#4","3.755","1940","","3.86","37","",""
"133","T.H. White","Fantasy","3.746","The Candle in the Wind","The Once and Future King","4","3.755","1940","","3.86","2552","",""
"133","T.H. White","Fantasy","3.746","Mistress Masham's Repose","","","","1946","","3.95","1956","",""
"133","T.H. White","Fantasy","3.746","The Elephant and the Kangaroo","","","","1947","","3.09","69","",""
"133","T.H. White","Fantasy","3.746","The Age of Scandal","","","","1950","","3.5","117","",""
"133","T.H. White","Fantasy","3.746","The Goshawk","","","","1951","","3.81","1860","",""
"133","T.H. White","Fantasy","3.746","The ScandalMonger","","","","1952","","3.57","7","",""
"133","T.H. White","Fantasy","3.746","The Master","","","","1957","","3.01","93","",""
"133","T.H. White","Fantasy","3.746","The Godstone and the Blackymor","","","","1959","","3.67","24","",""
"133","T.H. White","Fantasy","3.746","America at Last","","","","1965","","4","6","",""
"133","T.H. White","Fantasy","3.746","They winter abroad (The landmark library, no. 11)","","","","1969","","2.5","10","",""
"133","T.H. White","Fantasy","3.746","The Magic World of T.H. White: Mistress Masham's Repose/Book of Merlyn/Once & Future King","","","","1977","","4.5","18","",""
"133","T.H. White","Fantasy","3.746","A Joy Proposed: Poems","","","","1980","","3.86","7","",""
"133","T.H. White","Fantasy","3.746","The Maharajah & Other Stories","","","","1981","","3.46","84","",""
"133","T.H. White","Fantasy","3.746","Letters to a Friend: The Correspondence Between T.H. White & L.J. Potts","","","","1982","","4.46","24","",""
"133","T.H. White","Fantasy","3.746","Bellgrove Castle; Or, The Horrid Spectre! Vol. 1","","","","2007","","5","2","",""
"133","T.H. White","Fantasy","3.746","The T.H. White Collection: 5 Books Including The Once and Future King Tetralogy (The Sword in the Stone, The Queen of Air and Darkness, The Ill-Made Knight and The Candle in the Wind) & The Master","","","","2015","","4.33","15","",""
