"Rank","Author","Genre","AuthorAvg","Title","SeriesName","SeriesNum","PubYear","Pages","AgeCategory","AvgRating","ReviewCount","Url"
"1","Matt Dinniman","Fantasy","4.5","Dominion of Blades (Dominion of Blades, #1)","Dominion of Blades,","1","2017","430",,"4.17","3317","https://www.goodreads.com/book/show/34521681-dominion-of-blades"
"1","Matt Dinniman","Fantasy","4.5","The Hobgoblin Riot (Dominion of Blades, #2)","Dominion of Blades,","2","2018","589",,"4.3","2093","https://www.goodreads.com/book/show/39294737-the-hobgoblin-riot"
"1","Matt Dinniman","Fantasy","4.5","Dungeon Crawler Carl (Dungeon Crawler Carl, #1)","Dungeon Crawler Carl,","1","2020","446",,"4.49","156260","https://www.goodreads.com/book/show/56791389-dungeon-crawler-carl"
"1","Matt Dinniman","Fantasy","4.5","Carl's Doomsday Scenario (Dungeon Crawler Carl, #2)","Dungeon Crawler Carl,","2","2021","364",,"4.52","105426","https://www.goodreads.com/book/show/56377548-carl-s-doomsday-scenario"
"1","Matt Dinniman","Fantasy","4.5","The Dungeon Anarchist's Cookbook (Dungeon Crawler Carl, #3)","Dungeon Crawler Carl,","3","2021","534",,"4.45","87971","https://www.goodreads.com/book/show/57001971-the-dungeon-anarchist-s-cookbook"
"1","Matt Dinniman","Fantasy","4.5","The Gate of the Feral Gods (Dungeon Crawler Carl, #4)","Dungeon Crawler Carl,","4","2021","586",,"4.56","73961","https://www.goodreads.com/book/show/57905101-the-gate-of-the-feral-gods"
"1","Matt Dinniman","Fantasy","4.5","The Butcher's Masquerade (Dungeon Crawler Carl, #5)","Dungeon Crawler Carl,","5","2022","732",,"4.69","64338","https://www.goodreads.com/book/show/60233239-the-butcher-s-masquerade"
"1","Matt Dinniman","Fantasy","4.5","The Eye of the Bedlam Bride (Dungeon Crawler Carl, #6)","Dungeon Crawler Carl,","6","2023","694",,"4.66","54378","https://www.goodreads.com/book/show/125887685-the-eye-of-the-bedlam-bride"
"1","Matt Dinniman","Fantasy","4.5","This Inevitable Ruin (Dungeon Crawler Carl, #7)","Dungeon Crawler Carl,","7","2024","724",,"4.68","41543","https://www.goodreads.com/book/show/216017751-this-inevitable-ruin"
"2","Christopher Ruocchio","Science-Fiction","4.39","Howling Dark (The Sun Eater, #2)","The Sun Eater,","2","2019","688",,"4.36","21684","https://www.goodreads.com/book/show/41564599-howling-dark"
"2","Christopher Ruocchio","Science-Fiction","4.39","Queen Amid Ashes (The Sun Eater, #2.5)","The Sun Eater,","2.5",,"173",,"4","4209","https://www.goodreads.com/book/show/61294903-queen-amid-ashes"
"2","Christopher Ruocchio","Science-Fiction","4.39","Demon in White (The Sun Eater, #3)","The Sun Eater,","3","2020","784",,"4.63","16290","https://www.goodreads.com/book/show/50156751-demon-in-white"
"2","Christopher Ruocchio","Science-Fiction","4.39","Kingdoms of Death (The Sun Eater, #4)","The Sun Eater,","4","2022","544",,"4.47","12750","https://www.goodreads.com/book/show/57443696-kingdoms-of-death"
"2","Christopher Ruocchio","Science-Fiction","4.39","Ashes of Man (The Sun Eater, #5)","The Sun Eater,","5","2022","544",,"4.5","10978","https://www.goodreads.com/book/show/60427253-ashes-of-man"
"2","Christopher Ruocchio","Science-Fiction","4.39","The Dregs of Empire  (The Sun Eater, #5.5)","The Sun Eater,","5.5",,"332",,"4.19","2291","https://www.goodreads.com/book/show/199239732-the-dregs-of-empire"
"2","Christopher Ruocchio","Science-Fiction","4.39","Disquiet Gods (The Sun Eater, #6)","The Sun Eater,","6","2024","704",,"4.59","8666","https://www.goodreads.com/book/show/176443792-disquiet-gods"
"3","Travis Baldree","Fantasy","4.43","House of Blades (The Traveler's Gate Trilogy, 1)",,,"2013",,"Young Adult","4.07","18104","https://www.goodreads.com/book/show/61237606-house-of-blades"
"3","Travis Baldree","Fantasy","4.43","The Crimson Vault (The Traveler's Gate Trilogy, 2)",,,"2013",,"Young Adult","4.18","13666","https://www.goodreads.com/book/show/61237607-the-crimson-vault"
"3","Travis Baldree","Fantasy","4.43","City of Light (The Traveler's Gate Trilogy, 3)",,,"2014",,"Young Adult","4.16","12118","https://www.goodreads.com/book/show/61237608-city-of-light"
"3","Travis Baldree","Fantasy","4.43","Unsouled (Cradle, #1)","Cradle,","1","2016","9","Young Adult","4.15","54642","https://www.goodreads.com/book/show/41576813-unsouled"
"3","Travis Baldree","Fantasy","4.43","Soulsmith (Cradle, #2)","Cradle,","2","2016","8","Young Adult","4.33","39655","https://www.goodreads.com/book/show/43303167-soulsmith"
"3","Travis Baldree","Fantasy","4.43","Skysworn (Cradle, #4)","Cradle,","4","2017",,"Young Adult","4.38","34432","https://www.goodreads.com/book/show/49719105-skysworn"
"3","Travis Baldree","Fantasy","4.43","Ghostwater (Cradle, #5)","Cradle,","5","2018",,"Young Adult","4.56","33546","https://www.goodreads.com/book/show/44325067-ghostwater"
"3","Travis Baldree","Fantasy","4.43","Underlord (Cradle, #6)","Cradle,","6","2019",,"Young Adult","4.61","32816","https://www.goodreads.com/book/show/44453473-underlord"
"3","Travis Baldree","Fantasy","4.43","Uncrowned  (Cradle, #7)","Cradle,","7","2019","10","Young Adult","4.57","31671","https://www.goodreads.com/book/show/49901228-uncrowned"
"3","Travis Baldree","Fantasy","4.43","Reaper (Cradle, #10)","Cradle,","10","2021",,"Young Adult","4.67","28102","https://www.goodreads.com/book/show/228315365-reaper"
"3","Travis Baldree","Fantasy","4.43","Blackflame",,,"2017",,"Young Adult","4.51","36531","https://www.goodreads.com/book/show/228561648-blackflame"
"3","Travis Baldree","Fantasy","4.43","Wintersteel (Cradle, 8)",,,"2020",,"Young Adult","4.69","30971","https://www.goodreads.com/book/show/59785859-wintersteel"
"3","Travis Baldree","Fantasy","4.43","Bloodline (Cradle, 9)",,,"2021",,"Young Adult","4.5","28660","https://www.goodreads.com/book/show/58085050-bloodline"
"3","Travis Baldree","Fantasy","4.43","Beware of Chicken: A Xianxia Cultivation Novel: Beware of Chicken, Book 1",,,"2022",,,"4.5","12124","https://www.goodreads.com/book/show/224235932-beware-of-chicken"
"3","Travis Baldree","Fantasy","4.43","Dreadgod (Cradle, 11)",,,"2022",,"Young Adult","4.62","25159","https://www.goodreads.com/book/show/61426264-dreadgod"
"3","Travis Baldree","Fantasy","4.43","Bookshops & Bonedust (Legends & Lattes, #0)","Legends &amp; Lattes,","0","2023","336",,"4.13","103162","https://www.goodreads.com/book/show/65213543-bookshops-bonedust"
"3","Travis Baldree","Fantasy","4.43","Legends & Lattes (Legends & Lattes, #1)","Legends &amp; Lattes,","1","2022","296",,"4.05","310123","https://www.goodreads.com/book/show/61242426-legends-lattes"
"3","Travis Baldree","Fantasy","4.43","The Primal Hunter (The Primal Hunter #1)","The Primal Hunter","1","2022","21",,"4.26","18227","https://www.goodreads.com/book/show/62362934-the-primal-hunter"
"3","Travis Baldree","Fantasy","4.43","The Primal Hunter 2 (The Primal Hunter #2)","The Primal Hunter","2","2022","20",,"4.48","12522","https://www.goodreads.com/book/show/79202504-the-primal-hunter-2"
"3","Travis Baldree","Fantasy","4.43","The Primal Hunter 3 (The Primal Hunter, #3)","The Primal Hunter,","3","2022","19",,"4.52","11471","https://www.goodreads.com/book/show/79204996-the-primal-hunter-3"
"3","Travis Baldree","Fantasy","4.43","The Primal Hunter 4 (The Primal Hunter, #4)","The Primal Hunter,","4","2022","21",,"4.53","10869","https://www.goodreads.com/book/show/79206659-the-primal-hunter-4"
"3","Travis Baldree","Fantasy","4.43","The Primal Hunter 5 (The Primal Hunter, #5)","The Primal Hunter,","5","2023","18",,"4.54","10239","https://www.goodreads.com/book/show/220703499-the-primal-hunter-5"
"3","Travis Baldree","Fantasy","4.43","Waybound (Cradle #12)","Cradle","12","2023","17","Young Adult","4.62","21819","https://www.goodreads.com/book/show/206666325-waybound"
"3","Travis Baldree","Fantasy","4.43","The Eye of the Bedlam Bride: Dungeon Crawler Carl, Book 6",,,"2023",,,"4.66","54389","https://www.goodreads.com/book/show/228402508-the-eye-of-the-bedlam-bride"
"3","Travis Baldree","Fantasy","4.43","Early Years: The Beginning After the End, Book 1",,,,,"Young Adult","4.34","10672","https://www.goodreads.com/book/show/225246295-early-years"
"4","Art Spiegelman","Other","4.47","The Complete Maus",,,"1980","296",,"4.58","249226","https://www.goodreads.com/book/show/15195.The_Complete_Maus"
"4","Art Spiegelman","Other","4.47","Maus I: A Survivor's Tale: My Father Bleeds History (Maus, #1)","Maus,","1","1986","159",,"4.39","369608","https://www.goodreads.com/book/show/15196.Maus_I"
"4","Art Spiegelman","Other","4.47","Maus II: A Survivor's Tale: And Here My Troubles Began (Maus, #2)","Maus,","2","1991","144",,"4.43","157010","https://www.goodreads.com/book/show/15197.Maus_II"
"5","M.L. Wang","Fantasy","4.4","The Sword of Kaigen",,,"2019","651",,"4.45","81227","https://www.goodreads.com/book/show/41886271-the-sword-of-kaigen"
"5","M.L. Wang","Fantasy","4.4","Blood Over Bright Haven",,,"2023","430",,"4.36","96577","https://www.goodreads.com/book/show/208430658-blood-over-bright-haven"
"6","Andy Weir","Science-Fiction","4.38","The Egg",,,"2011","3",,"4.21","36904","https://www.goodreads.com/book/show/17563539-the-egg"
"6","Andy Weir","Science-Fiction","4.38","The Martian",,,"2011","384",,"4.42","1259084","https://www.goodreads.com/book/show/18007564-the-martian"
"6","Andy Weir","Science-Fiction","4.38","Project Hail Mary",,,"2021","496",,"4.5","976858","https://www.goodreads.com/book/show/54493401-project-hail-mary"
"7","John Gwynne","Fantasy","4.39","A Time of Dread (Of Blood and Bone, #1)","Of Blood and Bone,","1","2012","463",,"4.29","14312","https://www.goodreads.com/book/show/34392663-a-time-of-dread"
"7","John Gwynne","Fantasy","4.39","A Time of Blood (Of Blood and Bone, #2)","Of Blood and Bone,","2","2012","496",,"4.35","10851","https://www.goodreads.com/book/show/37917915-a-time-of-blood"
"7","John Gwynne","Fantasy","4.39","A Time of Courage (Of Blood and Bone, #3)","Of Blood and Bone,","3","2012","648",,"4.45","9895","https://www.goodreads.com/book/show/52549368-a-time-of-courage"
"7","John Gwynne","Fantasy","4.39","The Shadow of the Gods (The Bloodsworn Saga, #1)","The Bloodsworn Saga,","1","2012","480",,"4.2","82344","https://www.goodreads.com/book/show/52694527-the-shadow-of-the-gods"
"7","John Gwynne","Fantasy","4.39","The Hunger of the Gods (The Bloodsworn Saga, #2)","The Bloodsworn Saga,","2","2012","633",,"4.5","45017","https://www.goodreads.com/book/show/57341045-the-hunger-of-the-gods"
"7","John Gwynne","Fantasy","4.39","The Fury of the Gods (The Bloodsworn Saga, #3)","The Bloodsworn Saga,","3","2012","528",,"4.46","26439","https://www.goodreads.com/book/show/61755703-the-fury-of-the-gods"
"7","John Gwynne","Fantasy","4.39","Malice (The Faithful and the Fallen, #1)","The Faithful and the Fallen,","1","2012","672",,"4.17","55236","https://www.goodreads.com/book/show/15750692-malice"
"7","John Gwynne","Fantasy","4.39","Valor (The Faithful and the Fallen, #2)","The Faithful and the Fallen,","2","2012","640",,"4.43","38590","https://www.goodreads.com/book/show/40651803-valor"
"7","John Gwynne","Fantasy","4.39","Ruin (The Faithful and the Fallen, #3)","The Faithful and the Fallen,","3","2012","768",,"4.5","32421","https://www.goodreads.com/book/show/23524878-ruin"
"7","John Gwynne","Fantasy","4.39","Wrath (The Faithful and the Fallen, #4)","The Faithful and the Fallen,","4","2012","720",,"4.52","30058","https://www.goodreads.com/book/show/27411345-wrath"
"8","James Clavell","Other","4.34","Shōgun (Asian Saga, #1)","Asian Saga,","1","1975","1152",,"4.41","209521","https://www.goodreads.com/book/show/52382796-sh-gun"
"8","James Clavell","Other","4.34","Tai-Pan (Asian Saga, #2)","Asian Saga,","2","1966","732",,"4.31","58204","https://www.goodreads.com/book/show/42933.Tai_Pan"
"8","James Clavell","Other","4.34","King Rat (Asian Saga, #4)","Asian Saga,","4","1962","368",,"4.2","43879","https://www.goodreads.com/book/show/9827.King_Rat"
"8","James Clavell","Other","4.34","Noble House (Asian Saga, #5)","Asian Saga,","5","1981","1376",,"4.27","42285","https://www.goodreads.com/book/show/390711.Noble_House"
"8","James Clavell","Other","4.34","Shōgun, Volume 1",,,"1975","533",,"4.52","14651","https://www.goodreads.com/book/show/12319445-sh-gun-volume-1"
"8","James Clavell","Other","4.34","Shōgun, Volume 2",,,"1975","567",,"4.59","13760","https://www.goodreads.com/book/show/12319459-sh-gun-volume-2"
"8","James Clavell","Other","4.34","The Children's Story",,,"1981","116","Children; Young Adult","4.1","1958","https://www.goodreads.com/book/show/63338768-the-children-s-story"
"9","Patrick Rothfuss","Fantasy","4.39","The Narrow Road Between Desires (The Kingkiller Chronicle, #0.6)","The Kingkiller Chronicle,","0.6","2023","240",,"4.03","31678","https://www.goodreads.com/book/show/157265081-the-narrow-road-between-desires"
"9","Patrick Rothfuss","Fantasy","4.39","The Name of the Wind (The Kingkiller Chronicle, #1)","The Kingkiller Chronicle,","1","2007","662",,"4.52","1063964","https://www.goodreads.com/book/show/186074.The_Name_of_the_Wind"
"9","Patrick Rothfuss","Fantasy","4.39","The Wise Man's Fear (The Kingkiller Chronicle, #2)","The Kingkiller Chronicle,","2","2011","994",,"4.55","611227","https://www.goodreads.com/book/show/1215032.The_Wise_Man_s_Fear"
"9","Patrick Rothfuss","Fantasy","4.39","The Thing Beneath the Bed (The Adventures of the Princess and Mr. Whiffle #1)","The Adventures of the Princess and Mr. Whiffle","1","2010","68","Children","4.28","6728","https://www.goodreads.com/book/show/7286699-the-thing-beneath-the-bed"
"9","Patrick Rothfuss","Fantasy","4.39","The Dark of Deep Below (The Adventures of the Princess and Mr. Whiffle #2)","The Adventures of the Princess and Mr. Whiffle","2","2013","232","Children","4.29","1678","https://www.goodreads.com/book/show/17848997-the-dark-of-deep-below"
"9","Patrick Rothfuss","Fantasy","4.39","Die Furcht des Weisen 1 (Die Königsmörder-Chronik, #2.1)","Die Königsmörder-Chronik,","2.1","2011","860","Young Adult","4.54","6769","https://www.goodreads.com/book/show/11420997-die-furcht-des-weisen-1"
"9","Patrick Rothfuss","Fantasy","4.39","Die Furcht des Weisen 2 (Die Königsmörder-Chronik, #2.2)","Die Königsmörder-Chronik,","2.2","2011","523","Young Adult","4.49","5552","https://www.goodreads.com/book/show/11420998-die-furcht-des-weisen-2"
"9","Patrick Rothfuss","Fantasy","4.39","Rick and Morty vs. Dungeons & Dragons",,,"2019","144",,"4.13","2583","https://www.goodreads.com/book/show/40630116-rick-and-morty-vs-dungeons-dragons"
"9","Patrick Rothfuss","Fantasy","4.39","Kingkiller Chronicle Patrick Rothfuss Collection 3 Books Set",,,,,,"4.7","2061","https://www.goodreads.com/book/show/37670856-kingkiller-chronicle-patrick-rothfuss-collection-3-books-set"
"10","Pierce Brown","Science-Fiction","4.37","Red Rising (Red Rising Saga, #1)","Red Rising Saga,","1","2014","382","Young Adult","4.27","704239","https://www.goodreads.com/book/show/15839976-red-rising"
"10","Pierce Brown","Science-Fiction","4.37","Golden Son (Red Rising Saga, #2)","Red Rising Saga,","2","2015","466","Young Adult","4.49","431234","https://www.goodreads.com/book/show/18966819-golden-son"
"10","Pierce Brown","Science-Fiction","4.37","Morning Star (Red Rising Saga, #3)","Red Rising Saga,","3","2016","525","Young Adult","4.54","352697","https://www.goodreads.com/book/show/18966806-morning-star"
"10","Pierce Brown","Science-Fiction","4.37","Iron Gold (Red Rising Saga, #4)","Red Rising Saga,","4","2018","602","Young Adult","4.21","161756","https://www.goodreads.com/book/show/33257757-iron-gold"
"10","Pierce Brown","Science-Fiction","4.37","Dark Age (Red Rising Saga, #5)","Red Rising Saga,","5","2019","704","Young Adult","4.5","115858","https://www.goodreads.com/book/show/29226553-dark-age"
"10","Pierce Brown","Science-Fiction","4.37","Light Bringer (Red Rising Saga, #6)","Red Rising Saga,","6","2023","682","Young Adult","4.76","87866","https://www.goodreads.com/book/show/29227774-light-bringer"
"10","Pierce Brown","Science-Fiction","4.37","Red Rising: Sons of Ares #1 (Sons of Ares, #1)","Sons of Ares,","1","2017","32","Young Adult","4.04","3242","https://www.goodreads.com/book/show/31178398-red-rising"
"10","Pierce Brown","Science-Fiction","4.37","Red Rising: Sons of Ares #2 (Sons of Ares, #2)","Sons of Ares,","2","2017","30","Young Adult","4.16","1454","https://www.goodreads.com/book/show/34884623-red-rising"
"10","Pierce Brown","Science-Fiction","4.37","Red Rising: Sons of Ares #3 (Sons of Ares, #3)","Sons of Ares,","3","2017","29","Young Adult","4.23","1103","https://www.goodreads.com/book/show/35392051-red-rising"
"10","Pierce Brown","Science-Fiction","4.37","Red Rising (1 of 2) [Dramatized Adaptation] (Red Rising Saga #1)","Red Rising Saga","1","2023",,"Young Adult","4.38","1119","https://www.goodreads.com/book/show/199598075-red-rising-1-of-2-dramatized-adaptation"
"10","Pierce Brown","Science-Fiction","4.37","Red Rising: Sons of Ares Vol. 3: Forbidden Song",,,"2023","120",,"4.28","1148","https://www.goodreads.com/book/show/63246650-red-rising"
"10","Pierce Brown","Science-Fiction","4.37","The Red Rising Trilogy Series Collection #1-3",,,,,"Young Adult","4.63","1289","https://www.goodreads.com/book/show/40238675-the-red-rising-trilogy-series-collection-1-3"
"11","J. Zachary Pike","Fantasy","4.38","Orconomics (The Dark Profit Saga, #1)","The Dark Profit Saga,","1","2014","340",,"4.28","9647","https://www.goodreads.com/book/show/25326486-orconomics"
"11","J. Zachary Pike","Fantasy","4.38","Son of a Liche (The Dark Profit Saga, #2)","The Dark Profit Saga,","2","2018","618",,"4.42","4859","https://www.goodreads.com/book/show/39977753-son-of-a-liche"
"11","J. Zachary Pike","Fantasy","4.38","Dragonfired (The Dark Profit Saga, #3)","The Dark Profit Saga,","3","2023",,,"4.44","2091","https://www.goodreads.com/book/show/42921438-dragonfired"
"12","Alexandre Dumas","Other","4.32","Contele de Monte Cristo (Contele de Monte Cristo, #1 of 4)","Contele de Monte Cristo,","1","1844","370",,"4.63","1177","https://www.goodreads.com/book/show/10293553-contele-de-monte-cristo"
"12","Alexandre Dumas","Other","4.32","Grafas Montekristas, 1 knyga",,,"1844","325","Children","4.5","1052","https://www.goodreads.com/book/show/23550364-grafas-montekristas-1-knyga"
"12","Alexandre Dumas","Other","4.32","Le Comte de Monte-Cristo I  (Le Comte de Monte-Cristo, #1 of 2)","Le Comte de Monte-Cristo,","1","1844","703",,"4.53","17213","https://www.goodreads.com/book/show/956323.Le_Comte_de_Monte_Cristo_I"
"12","Alexandre Dumas","Other","4.32","Le Comte de Monte-Cristo II (Le Comte de Monte-Cristo, #2 of 2)","Le Comte de Monte-Cristo,","2","1844","709",,"4.62","13110","https://www.goodreads.com/book/show/956320.Le_Comte_de_Monte_Cristo_II"
"12","Alexandre Dumas","Other","4.32","The Man in the Iron Mask (Le vicomte de Bragelonne, #4)","Le vicomte de Bragelonne,","4","1844","470",,"4","65990","https://www.goodreads.com/book/show/54499.The_Man_in_the_Iron_Mask"
"12","Alexandre Dumas","Other","4.32","Los tres mosqueteros, 2",,,"1844","408",,"4.25","1587","https://www.goodreads.com/book/show/8437849-los-tres-mosqueteros-2"
"12","Alexandre Dumas","Other","4.32","Queen Margot",,,"1844","542",,"4.15","14441","https://www.goodreads.com/book/show/153875.Queen_Margot"
"12","Alexandre Dumas","Other","4.32","The Count of Monte Cristo",,,"1844","1276",,"4.32","1004962","https://www.goodreads.com/book/show/7126.The_Count_of_Monte_Cristo"
"12","Alexandre Dumas","Other","4.32","Chicot the Jester (The Last Valois, #2)","The Last Valois,","2","1844","594",,"4.22","1562","https://www.goodreads.com/book/show/577060.Chicot_the_Jester"
"12","Alexandre Dumas","Other","4.32","The Three Musketeers (Trilogie des Mousquetaires #1)","Trilogie des Mousquetaires","1","1844","431",,"4.1","347238","https://www.goodreads.com/book/show/10916717-the-three-musketeers"
"12","Alexandre Dumas","Other","4.32","Twenty Years After (Trilogie des Mousquetaires #2)","Trilogie des Mousquetaires","2","1844","845",,"4.09","25468","https://www.goodreads.com/book/show/7184.Twenty_Years_After"
"12","Alexandre Dumas","Other","4.32","Il visconte di Bragelonne (Trilogie des Mousquetaires #3)","Trilogie des Mousquetaires","3","1844","1286",,"4.16","1219","https://www.goodreads.com/book/show/14623863-il-visconte-di-bragelonne"
"12","Alexandre Dumas","Other","4.32","The Vicomte de Bragelonne (Trilogie des Mousquetaires #3.1)","Trilogie des Mousquetaires","3.1","1844","768",,"4","8630","https://www.goodreads.com/book/show/369042.The_Vicomte_de_Bragelonne"
"12","Alexandre Dumas","Other","4.32","كونت مونت كريستو #2 [Count of Monte Cristo, vol. 2]",,,"1844","558",,"4.56","1186","https://www.goodreads.com/book/show/57002836-2-count-of-monte-cristo-vol-2"
"12","Alexandre Dumas","Other","4.32","كونت مونت كريستو #3 [Count of Monte Cristo, vol. 3]",,,"1844","542",,"4.63","1450","https://www.goodreads.com/book/show/57010837-3-count-of-monte-cristo-vol-3"
"13","Steven Erikson","Fantasy","4.38","Deadhouse Gates (Malazan Book of the Fallen, #2)","Malazan Book of the Fallen,","2","2000","604","Young Adult","4.28","82181","https://www.goodreads.com/book/show/55401.Deadhouse_Gates"
"13","Steven Erikson","Fantasy","4.38","Memories of Ice (Malazan Book of the Fallen, #3)","Malazan Book of the Fallen,","3","2001","925",,"4.47","65422","https://www.goodreads.com/book/show/175983.Memories_of_Ice"
"13","Steven Erikson","Fantasy","4.38","House of Chains (Malazan Book of the Fallen, #4)","Malazan Book of the Fallen,","4","2002","1015",,"4.34","54062","https://www.goodreads.com/book/show/55398.House_of_Chains"
"13","Steven Erikson","Fantasy","4.38","Midnight Tides (Malazan Book of the Fallen, #5)","Malazan Book of the Fallen,","5","2004","960",,"4.42","46849","https://www.goodreads.com/book/show/345299.Midnight_Tides"
"13","Steven Erikson","Fantasy","4.38","The Bonehunters (Malazan Book of the Fallen, #6)","Malazan Book of the Fallen,","6","2006","1203",,"4.49","44566","https://www.goodreads.com/book/show/478951.The_Bonehunters"
"13","Steven Erikson","Fantasy","4.38","Reaper's Gale (Malazan Book of the Fallen, #7)","Malazan Book of the Fallen,","7","2007","1280",,"4.39","38852","https://www.goodreads.com/book/show/459064.Reaper_s_Gale"
"13","Steven Erikson","Fantasy","4.38","Toll the Hounds (Malazan Book of the Fallen, #8)","Malazan Book of the Fallen,","8","2008","1008",,"4.38","37229","https://www.goodreads.com/book/show/938544.Toll_the_Hounds"
"13","Steven Erikson","Fantasy","4.38","Dust of Dreams (Malazan Book of the Fallen, #9)","Malazan Book of the Fallen,","9","2009","1280",,"4.3","32759","https://www.goodreads.com/book/show/4703427-dust-of-dreams"
"13","Steven Erikson","Fantasy","4.38","The Crippled God (Malazan Book of the Fallen, #10)","Malazan Book of the Fallen,","10","2011","921",,"4.52","33335","https://www.goodreads.com/book/show/8447255-the-crippled-god"
"13","Steven Erikson","Fantasy","4.38","Forge of Darkness (The Kharkanas Trilogy, #1)","The Kharkanas Trilogy,","1","2012","662",,"4.14","9921","https://www.goodreads.com/book/show/13038833-forge-of-darkness"
"13","Steven Erikson","Fantasy","4.38","Fall of Light (The Kharkanas Trilogy, #2)","The Kharkanas Trilogy,","2","2016","837",,"4.18","4370","https://www.goodreads.com/book/show/19381626-fall-of-light"
"13","Steven Erikson","Fantasy","4.38","The Wurms of Blearmouth (The Tales of Bauchelain and Korbal Broach, #5)","The Tales of Bauchelain and Korbal Broach,","5","2012","208",,"4.03","1987","https://www.goodreads.com/book/show/18490602-the-wurms-of-blearmouth"
"13","Steven Erikson","Fantasy","4.38","The Complete Malazan Book of the Fallen (Malazan Book of the Fallen #1-10)","Malazan Book of the Fallen","1","2014","8258",,"4.74","2850","https://www.goodreads.com/book/show/20345548-the-complete-malazan-book-of-the-fallen"
"13","Steven Erikson","Fantasy","4.38","The God is Not Willing (Witness, #1)","Witness,","1","2021","496",,"4.61","4872","https://www.goodreads.com/book/show/41555932-the-god-is-not-willing"
"14","Douglas Adams","Science-Fiction","4.32","The Dirk Gently Omnibus (Dirk Gently, #1-2)","Dirk Gently,","1","2002","512",,"4.18","8391","https://www.goodreads.com/book/show/286041.The_Dirk_Gently_Omnibus"
"14","Douglas Adams","Science-Fiction","4.32","The Long Dark Tea-Time of the Soul (Dirk Gently, #2)","Dirk Gently,","2","2002","307",,"4.04","88921","https://www.goodreads.com/book/show/357.The_Long_Dark_Tea_Time_of_the_Soul"
"14","Douglas Adams","Science-Fiction","4.32","The Hitchhiker’s Guide to the Galaxy (Hitchhiker's Guide to the Galaxy, #1)","Hitchhiker's Guide to the Galaxy,","1","2002","216",,"4.22","1988762","https://www.goodreads.com/book/show/11.The_Hitchhiker_s_Guide_to_the_Galaxy"
"14","Douglas Adams","Science-Fiction","4.32","The Ultimate Hitchhiker’s Guide to the Galaxy (Hitchhiker's Guide to the Galaxy, #1-5)","Hitchhiker's Guide to the Galaxy,","1","2002","815",,"4.38","336237","https://www.goodreads.com/book/show/13.The_Ultimate_Hitchhiker_s_Guide_to_the_Galaxy"
"14","Douglas Adams","Science-Fiction","4.32","The Hitchhiker's Guide to the Galaxy: The Secondary Phase (Hitchhiker's Guide: Radio Play, #2)","Hitchhiker's Guide: Radio Play,","2","2002",,,"4.42","1465","https://www.goodreads.com/book/show/6125323-the-hitchhiker-s-guide-to-the-galaxy"
"14","Douglas Adams","Science-Fiction","4.32","Last Chance to See",,,"2002","222",,"4.32","25907","https://www.goodreads.com/book/show/8696.Last_Chance_to_See"
"14","Douglas Adams","Science-Fiction","4.32","The Hitch Hiker's Guide to the Galaxy: A Trilogy in Five Parts",,,"2002","776",,"4.36","22061","https://www.goodreads.com/book/show/372299.The_Hitch_Hiker_s_Guide_to_the_Galaxy"
"14","Douglas Adams","Science-Fiction","4.32","The Restaurant at the End of the Universe (The Hitchhiker's Guide to the Galaxy, #2)","The Hitchhiker's Guide to the Galaxy,","2","2002","250",,"4.2","312509","https://www.goodreads.com/book/show/8695.The_Restaurant_at_the_End_of_the_Universe"
"14","Douglas Adams","Science-Fiction","4.32","Life, the Universe and Everything (The Hitchhiker's Guide to the Galaxy, #3)","The Hitchhiker's Guide to the Galaxy,","3","2002","224",,"4.16","248119","https://www.goodreads.com/book/show/8694.Life_the_Universe_and_Everything"
"14","Douglas Adams","Science-Fiction","4.32","So Long, and Thanks for All the Fish (The Hitchhiker's Guide to the Galaxy, #4)","The Hitchhiker's Guide to the Galaxy,","4","2002","225",,"4.08","183539","https://www.goodreads.com/book/show/6091075-so-long-and-thanks-for-all-the-fish"
"14","Douglas Adams","Science-Fiction","4.32","The Hitchhiker's Guide to the Galaxy: A Trilogy in Four Parts",,,"2002","590",,"4.5","36546","https://www.goodreads.com/book/show/841628.The_Hitchhiker_s_Guide_to_the_Galaxy"
"14","Douglas Adams","Science-Fiction","4.32","The Hitchhiker's Guide to the Galaxy: Primary Phase",,,"2002","1",,"4.5","2344","https://www.goodreads.com/book/show/40035657-the-hitchhiker-s-guide-to-the-galaxy"
"14","Douglas Adams","Science-Fiction","4.32","The Hitchhiker's Guide to the Galaxy: Tertiary Phase",,,"2002","4",,"4.35","1118","https://www.goodreads.com/book/show/834762.The_Hitchhiker_s_Guide_to_the_Galaxy"
"14","Douglas Adams","Science-Fiction","4.32","The Hitchhiker's Trilogy",,,"2002","468",,"4.34","1943","https://www.goodreads.com/book/show/613099.The_Hitchhiker_s_Trilogy"
"14","Douglas Adams","Science-Fiction","4.32","The More Than Complete Hitchhiker's Guide",,,"2002","624",,"4.58","3747","https://www.goodreads.com/book/show/64123.The_More_Than_Complete_Hitchhiker_s_Guide"
"14","Douglas Adams","Science-Fiction","4.32","The Original Hitchhiker Radio Scripts",,,"2002","248",,"4.54","1858","https://www.goodreads.com/book/show/140422.The_Original_Hitchhiker_Radio_Scripts"
"15","Will Wight","Fantasy","4.38","The Traveler's Gate Trilogy (Traveler's Gate, #1-3)","Traveler's Gate,","1","2015","1218","Young Adult","4.35","3382","https://www.goodreads.com/book/show/25735140-the-traveler-s-gate-trilogy"
"15","Will Wight","Fantasy","4.38","The Crimson Vault (Traveler's Gate, #2)","Traveler's Gate,","2","2013","386","Young Adult","4.18","13666","https://www.goodreads.com/book/show/18310619-the-crimson-vault"
"15","Will Wight","Fantasy","4.38","Gardens of Mist (Traveler's Gate Chronicles, #2)","Traveler&","39","2013","47",,"4.12","1028","https://www.goodreads.com/book/show/20405725-gardens-of-mist"
"15","Will Wight","Fantasy","4.38","House of Blades (Traveler's Gate, #1)","Traveler&","39","2013","294","Young Adult","4.07","18104","https://www.goodreads.com/book/show/18047306-house-of-blades"
"15","Will Wight","Fantasy","4.38","Tower of Winter (Traveler's Gate Chronicles, #1)","Traveler&","39","2013","57",,"4.09","1202","https://www.goodreads.com/book/show/18939185-tower-of-winter"
"15","Will Wight","Fantasy","4.38","City of Light (Traveler's Gate, #3)","Traveler&","39","2014","394","Young Adult","4.16","12118","https://www.goodreads.com/book/show/18400420-city-of-light"
"15","Will Wight","Fantasy","4.38","Of Sea and Shadow (The Elder Empire: Sea, #1)","The Elder Empire: Sea,","1","2014","428",,"4.12","5676","https://www.goodreads.com/book/show/24180564-of-sea-and-shadow"
"15","Will Wight","Fantasy","4.38","Of Dawn and Darkness (The Elder Empire: Sea, #2)","The Elder Empire: Sea,","2","2015","388",,"4.18","3975","https://www.goodreads.com/book/show/28114641-of-dawn-and-darkness"
"15","Will Wight","Fantasy","4.38","Of Kings and Killers (The Elder Empire: Sea, #3)","The Elder Empire: Sea,","3","2020","414","Young Adult","4.3","3179","https://www.goodreads.com/book/show/53241839-of-kings-and-killers"
"15","Will Wight","Fantasy","4.38","Of Shadow and Sea (The Elder Empire: Shadow, #1)","The Elder Empire: Shadow,","1","2014","406","Young Adult","4.03","5513","https://www.goodreads.com/book/show/24180566-of-shadow-and-sea"
"15","Will Wight","Fantasy","4.38","Of Darkness and Dawn (The Elder Empire: Shadow, #2)","The Elder Empire: Shadow,","2","2015","364","Young Adult","4.16","3965","https://www.goodreads.com/book/show/26078884-of-darkness-and-dawn"
"15","Will Wight","Fantasy","4.38","Of Killers and Kings (The Elder Empire: Shadow, #3)","The Elder Empire: Shadow,","3","2020","393","Young Adult","4.25","2940","https://www.goodreads.com/book/show/53241848-of-killers-and-kings"
"15","Will Wight","Fantasy","4.38","The Lightning Wastes (Traveler's Gate Chronicles, #3)","Traveler's Gate Chronicles,","3","2014","57",,"4.21","1004","https://www.goodreads.com/book/show/20693510-the-lightning-wastes"
"15","Will Wight","Fantasy","4.38","Unsouled (Cradle, #1)","Cradle,","1","2016","294","Young Adult","4.15","54642","https://www.goodreads.com/book/show/30558257-unsouled"
"15","Will Wight","Fantasy","4.38","Cradle: Foundation (Cradle, #1-3)","Cradle,","1","2017","1032","Young Adult","4.68","2675","https://www.goodreads.com/book/show/36414251-cradle"
"15","Will Wight","Fantasy","4.38","Soulsmith (Cradle, #2)","Cradle,","2","2016","284","Young Adult","4.33","39655","https://www.goodreads.com/book/show/32283608-soulsmith"
"15","Will Wight","Fantasy","4.38","Blackflame (Cradle, #3)","Cradle,","3","2017","370","Young Adult","4.51","36531","https://www.goodreads.com/book/show/35023786-blackflame"
"15","Will Wight","Fantasy","4.38","Skysworn (Cradle, #4)","Cradle,","4","2017","292","Young Adult","4.38","34432","https://www.goodreads.com/book/show/36332410-skysworn"
"15","Will Wight","Fantasy","4.38","Cradle: Path of Gold (Cradle, #4-6)","Cradle,","4","2020","979","Young Adult","4.75","1545","https://www.goodreads.com/book/show/53471320-cradle"
"15","Will Wight","Fantasy","4.38","Ghostwater (Cradle, #5)","Cradle,","5","2018","310","Young Adult","4.56","33546","https://www.goodreads.com/book/show/40280403-ghostwater"
"15","Will Wight","Fantasy","4.38","Underlord (Cradle, #6)","Cradle,","6","2019","400","Young Adult","4.61","32816","https://www.goodreads.com/book/show/43895031-underlord"
"15","Will Wight","Fantasy","4.38","Uncrowned (Cradle, #7)","Cradle,","7","2019","336","Young Adult","4.57","31671","https://www.goodreads.com/book/show/50789354-uncrowned"
"15","Will Wight","Fantasy","4.38","Cradle: Rise of Lords (Cradle, #7-9)","Cradle,","7","2021","1302","Young Adult","4.76","1056","https://www.goodreads.com/book/show/59421813-cradle"
"15","Will Wight","Fantasy","4.38","Wintersteel (Cradle, #8)","Cradle,","8","2020","540","Young Adult","4.69","30971","https://www.goodreads.com/book/show/55423083-wintersteel"
"15","Will Wight","Fantasy","4.38","Bloodline (Cradle, #9)","Cradle,","9","2021","378","Young Adult","4.5","28659","https://www.goodreads.com/book/show/55595995-bloodline"
"15","Will Wight","Fantasy","4.38","Reaper (Cradle, #10)","Cradle,","10","2021","465","Young Adult","4.66","28101","https://www.goodreads.com/book/show/57640065-reaper"
"15","Will Wight","Fantasy","4.38","Dreadgod (Cradle, #11)","Cradle,","11","2022","464","Young Adult","4.62","25159","https://www.goodreads.com/book/show/59515764-dreadgod"
"15","Will Wight","Fantasy","4.38","Waybound (Cradle, #12)","Cradle,","12","2023","518","Young Adult","4.62","21819","https://www.goodreads.com/book/show/173338910-waybound"
"15","Will Wight","Fantasy","4.38","The Captain (The Last Horizon, #1)","The Last Horizon,","1","2023","467",,"4.27","9409","https://www.goodreads.com/book/show/123165953-the-captain"
"15","Will Wight","Fantasy","4.38","The Engineer (The Last Horizon, #2)","The Last Horizon,","2","2023","419",,"4.42","5814","https://www.goodreads.com/book/show/201127814-the-engineer"
"15","Will Wight","Fantasy","4.38","The Knight (The Last Horizon #3)","The Last Horizon","3","2024","407",,"4.46","4294","https://www.goodreads.com/book/show/213353605-the-knight"
"15","Will Wight","Fantasy","4.38","The Pilot (The Last Horizon #4)","The Last Horizon","4","2025","421",,"4.43","2211","https://www.goodreads.com/book/show/235156795-the-pilot"
"15","Will Wight","Fantasy","4.38","Threshold: Stories from Cradle",,,"2025","386",,"4.47","3601","https://www.goodreads.com/book/show/221722124-threshold"
"16","Arthur Conan Doyle","Other","4.29","A Study in Scarlet (Sherlock Holmes, #1)","Sherlock Holmes,","1","1887","123",,"4.13","487426","https://www.goodreads.com/book/show/102868.A_Study_in_Scarlet"
"16","Arthur Conan Doyle","Other","4.29","The Adventures of Sherlock Holmes (Sherlock Holmes, #3)","Sherlock Holmes,","3","1892","389",,"4.3","322887","https://www.goodreads.com/book/show/3590.The_Adventures_of_Sherlock_Holmes"
"16","Arthur Conan Doyle","Other","4.29","The Memoirs of Sherlock Holmes (Sherlock Holmes, #4)","Sherlock Holmes,","4","1893","378",,"4.29","104145","https://www.goodreads.com/book/show/194373.The_Memoirs_of_Sherlock_Holmes"
"16","Arthur Conan Doyle","Other","4.29","The Hound of the Baskervilles (Sherlock Holmes, #5)","Sherlock Holmes,","5","1902","256",,"4.14","381231","https://www.goodreads.com/book/show/8921.The_Hound_of_the_Baskervilles"
"16","Arthur Conan Doyle","Other","4.29","The Return of Sherlock Holmes (Sherlock Holmes, #6)","Sherlock Holmes,","6","1905","455",,"4.27","69417","https://www.goodreads.com/book/show/194366.The_Return_of_Sherlock_Holmes"
"16","Arthur Conan Doyle","Other","4.29","His Last Bow (Sherlock Holmes, #8)","Sherlock Holmes,","8","1917","242",,"4.23","46403","https://www.goodreads.com/book/show/754713.His_Last_Bow"
"16","Arthur Conan Doyle","Other","4.29","The Case-Book of Sherlock Holmes (Sherlock Holmes, #9)","Sherlock Holmes,","9","1921","303",,"4.11","30004","https://www.goodreads.com/book/show/162823.The_Case_Book_of_Sherlock_Holmes"
"16","Arthur Conan Doyle","Other","4.29","The Adventures of Sherlock Holmes",,,"1891","189",,"4.45","13361","https://www.goodreads.com/book/show/4465.The_Adventures_of_Sherlock_Holmes"
"16","Arthur Conan Doyle","Other","4.29","Silver Blaze (The Memoirs of Sherlock Holmes, #1)","The Memoirs of Sherlock Holmes,","1","1892","111",,"4.16","19558","https://www.goodreads.com/book/show/6224895-silver-blaze"
"16","Arthur Conan Doyle","Other","4.29","The Speckled Band",,,"1892","45",,"4.01","14451","https://www.goodreads.com/book/show/2029162.The_Speckled_Band"
"16","Arthur Conan Doyle","Other","4.29","The Complete Sherlock Holmes: Volume II",,,"1914","709",,"4.48","81643","https://www.goodreads.com/book/show/3586.The_Complete_Sherlock_Holmes"
"16","Arthur Conan Doyle","Other","4.29","Sherlock Holmes: The Complete Novels and Stories, Volume I",,,"1927","1059",,"4.47","27169","https://www.goodreads.com/book/show/3581.Sherlock_Holmes"
"16","Arthur Conan Doyle","Other","4.29","The Complete Sherlock Holmes, Volume I",,,"1927","709",,"4.49","30225","https://www.goodreads.com/book/show/10147.The_Complete_Sherlock_Holmes_Volume_I"
"16","Arthur Conan Doyle","Other","4.29","Sherlock Holmes: The Complete Novels and Stories, Volume II",,,"1986","737",,"4.48","12359","https://www.goodreads.com/book/show/22008520-sherlock-holmes"
"16","Arthur Conan Doyle","Other","4.29","A Study in Scarlet and The Sign of Four",,,,"192",,"4.14","10522","https://www.goodreads.com/book/show/76120.A_Study_in_Scarlet_and_The_Sign_of_Four"
"16","Arthur Conan Doyle","Other","4.29","Een studie in rood (Sherlock Holmes Compleet #1)","Sherlock Holmes Compleet","1",,"266","Children","4.32","20737","https://www.goodreads.com/book/show/36193135-een-studie-in-rood"
"16","Arthur Conan Doyle","Other","4.29","The Complete Sherlock Holmes",,,,"1796",,"4.51","215452","https://www.goodreads.com/book/show/188572.The_Complete_Sherlock_Holmes"
"17","Brandon Sanderson","Fantasy","4.37","Elantris (1 of 3) [Dramatized Adaptation]",,,"2005","7",,"4.34","1827","https://www.goodreads.com/book/show/6646849-elantris-1-of-3-dramatized-adaptation"
"17","Brandon Sanderson","Fantasy","4.37","Elantris (2 of 3) [Dramatized Adaptation]",,,"2005","7",,"4.39","1491","https://www.goodreads.com/book/show/6646851-elantris-2-of-3-dramatized-adaptation"
"17","Brandon Sanderson","Fantasy","4.37","Elantris (3 of 3) [Dramatized Adaptation]",,,"2005","7",,"4.43","1489","https://www.goodreads.com/book/show/6646852-elantris-3-of-3-dramatized-adaptation"
"17","Brandon Sanderson","Fantasy","4.37","Elantris (Elantris, #1)","Elantris,","1","2005","638",,"4.17","337727","https://www.goodreads.com/book/show/68427.Elantris"
"17","Brandon Sanderson","Fantasy","4.37","Mistborn: The Final Empire (Mistborn, #1)","Mistborn,","1","2006","541","Young Adult","4.49","929743","https://www.goodreads.com/book/show/68428.Mistborn"
"17","Brandon Sanderson","Fantasy","4.37","Mistborn Trilogy Boxed Set (Mistborn, #1-3)","Mistborn,","1","2009","2176","Young Adult","4.61","59489","https://www.goodreads.com/book/show/6604209-mistborn-trilogy-boxed-set"
"17","Brandon Sanderson","Fantasy","4.37","The Well of Ascension (Mistborn, #2)","Mistborn,","2","2007","590","Young Adult","4.38","626671","https://www.goodreads.com/book/show/68429.The_Well_of_Ascension"
"17","Brandon Sanderson","Fantasy","4.37","The Hero of Ages (Mistborn, #3)","Mistborn,","3","2008","572","Young Adult","4.56","565904","https://www.goodreads.com/book/show/2767793-the-hero-of-ages"
"17","Brandon Sanderson","Fantasy","4.37","Secret History (Mistborn, #3.5)","Mistborn,","3.5","2016","155",,"4.32","92782","https://www.goodreads.com/book/show/28698036-secret-history"
"17","Brandon Sanderson","Fantasy","4.37","The Alloy of Law (Mistborn, #4)","Mistborn,","4","2011","325",,"4.2","277842","https://www.goodreads.com/book/show/10803121-the-alloy-of-law"
"17","Brandon Sanderson","Fantasy","4.37","Shadows of Self (Mistborn, #5)","Mistborn,","5","2015","376",,"4.26","198183","https://www.goodreads.com/book/show/16065004-shadows-of-self"
"17","Brandon Sanderson","Fantasy","4.37","The Bands of Mourning (Mistborn, #6)","Mistborn,","6","2016","455",,"4.41","180648","https://www.goodreads.com/book/show/18739426-the-bands-of-mourning"
"17","Brandon Sanderson","Fantasy","4.37","The Lost Metal (Mistborn, #7)","Mistborn,","7","2022","507",,"4.48","110166","https://www.goodreads.com/book/show/23947089-the-lost-metal"
"17","Brandon Sanderson","Fantasy","4.37","Alcatraz Versus the Scrivener's Bones (Alcatraz vs. the Evil Librarians, #2)","Alcatraz vs. the Evil Librarians,","2","2008","322","Children; Middle Grade; Young Adult","4.14","18385","https://www.goodreads.com/book/show/3485562-alcatraz-versus-the-scrivener-s-bones"
"17","Brandon Sanderson","Fantasy","4.37","Bastille vs. the Evil Librarians (Alcatraz vs. the Evil Librarians, #6)","Alcatraz vs. the Evil Librarians,","6","2022","256","Children; Middle Grade; Young Adult","4.09","5416","https://www.goodreads.com/book/show/59808314-bastille-vs-the-evil-librarians"
"17","Brandon Sanderson","Fantasy","4.37","Defending Elysium",,,"2008","43","Young Adult","4.04","9929","https://www.goodreads.com/book/show/13552643-defending-elysium"
"17","Brandon Sanderson","Fantasy","4.37","Alcatraz Versus the Knights of Crystallia (Alcatraz, #3)","Alcatraz,","3","2009","299","Children; Middle Grade; Young Adult","4.13","15189","https://www.goodreads.com/book/show/6366110-alcatraz-versus-the-knights-of-crystallia"
"17","Brandon Sanderson","Fantasy","4.37","Alcatraz Versus the Shattered Lens (Alcatraz, #4)","Alcatraz,","4","2010","294","Children; Middle Grade; Young Adult","4.13","13218","https://www.goodreads.com/book/show/7740659-alcatraz-versus-the-shattered-lens"
"17","Brandon Sanderson","Fantasy","4.37","The Dark Talent (Alcatraz, #5)","Alcatraz,","5","2016","281","Children; Middle Grade; Young Adult","4.12","9399","https://www.goodreads.com/book/show/26114421-the-dark-talent"
"17","Brandon Sanderson","Fantasy","4.37","Warbreaker",,,"2009","688",,"4.3","268833","https://www.goodreads.com/book/show/1268479.Warbreaker"
"17","Brandon Sanderson","Fantasy","4.37","Warbreaker (1 of 3) [Dramatized Adaptation]",,,"2009","7",,"4.33","1269","https://www.goodreads.com/book/show/6761519-warbreaker-1-of-3-dramatized-adaptation"
"17","Brandon Sanderson","Fantasy","4.37","Warbreaker (2 of 3) [Dramatized Adaptation]",,,"2009","7",,"4.44","1034","https://www.goodreads.com/book/show/6761518-warbreaker-2-of-3-dramatized-adaptation"
"17","Brandon Sanderson","Fantasy","4.37","Warbreaker (3 of 3) [Dramatized Adaptation]",,,"2009","7",,"4.48","1095","https://www.goodreads.com/book/show/6761520-warbreaker-3-of-3-dramatized-adaptation"
"17","Brandon Sanderson","Fantasy","4.37","The Way of Kings, Part 2 (The Stormlight Archive #1, Part 2 of 2)","The Stormlight Archive","1","2010","530",,"4.78","25001","https://www.goodreads.com/book/show/11221285-the-way-of-kings-part-2"
"17","Brandon Sanderson","Fantasy","4.37","Words of Radiance, Part 1 (The Stormlight Archive #2, Part 1 of 2)","The Stormlight Archive","2","2014","653",,"4.7","14913","https://www.goodreads.com/book/show/21098320-words-of-radiance-part-1"
"17","Brandon Sanderson","Fantasy","4.37","The Way of Kings (The Stormlight Archive, #1)","The Stormlight Archive,","1","2010","1007",,"4.66","644576","https://www.goodreads.com/book/show/7235533-the-way-of-kings"
"17","Brandon Sanderson","Fantasy","4.37","The Way of Kings, Part 1 (The Stormlight Archive, #1, Part 1 of 2)","The Stormlight Archive,","1","2010","594",,"4.61","30486","https://www.goodreads.com/book/show/9329354-the-way-of-kings-part-1"
"17","Brandon Sanderson","Fantasy","4.37","Words of Radiance (The Stormlight Archive, #2)","The Stormlight Archive,","2","2014","1088",,"4.76","468275","https://www.goodreads.com/book/show/17332218-words-of-radiance"
"17","Brandon Sanderson","Fantasy","4.37","Words of Radiance, Part 2 (The Stormlight Archive, #2, Part 2 of 2)","The Stormlight Archive,","2","2014","564",,"4.81","13970","https://www.goodreads.com/book/show/21100112-words-of-radiance-part-2"
"17","Brandon Sanderson","Fantasy","4.37","Edgedancer (The Stormlight Archive, #2.5)","The Stormlight Archive,","2.5","2016","272",,"4.14","156831","https://www.goodreads.com/book/show/34703445-edgedancer"
"17","Brandon Sanderson","Fantasy","4.37","Oathbringer (The Stormlight Archive, #3)","The Stormlight Archive,","3","2017","1248",,"4.61","340163","https://www.goodreads.com/book/show/34002132-oathbringer"
"17","Brandon Sanderson","Fantasy","4.37","Oathbringer Part One (The Stormlight Archive, #3.1)","The Stormlight Archive,","3.1","2017","635",,"4.47","10383","https://www.goodreads.com/book/show/39861971-oathbringer-part-one"
"17","Brandon Sanderson","Fantasy","4.37","Oathbringer Part Two (The Stormlight Archive, #3.2)","The Stormlight Archive,","3.2","2017","756",,"4.63","9136","https://www.goodreads.com/book/show/39861972-oathbringer-part-two"
"17","Brandon Sanderson","Fantasy","4.37","Dawnshard (The Stormlight Archive, #3.5)","The Stormlight Archive,","3.5","2020","171",,"4.35","124624","https://www.goodreads.com/book/show/54511226-dawnshard"
"17","Brandon Sanderson","Fantasy","4.37","Rhythm of War (The Stormlight Archive, #4)","The Stormlight Archive,","4","2020","1232",,"4.59","225651","https://www.goodreads.com/book/show/49021976-rhythm-of-war"
"17","Brandon Sanderson","Fantasy","4.37","Rhythm of War, Part One (The Stormlight Archive, #4, Part 1)","The Stormlight Archive,","4","2020","659",,"4.51","4815","https://www.goodreads.com/book/show/58610759-rhythm-of-war-part-one"
"17","Brandon Sanderson","Fantasy","4.37","Rhythm of War, Part Two (The Stormlight Archive, #4, Part 2)","The Stormlight Archive,","4","2021","752",,"4.65","4473","https://www.goodreads.com/book/show/58610770-rhythm-of-war-part-two"
"17","Brandon Sanderson","Fantasy","4.37","Wind and Truth (The Stormlight Archive, #5)","The Stormlight Archive,","5","2024","1344",,"4.38","115457","https://www.goodreads.com/book/show/203578847-wind-and-truth"
"17","Brandon Sanderson","Fantasy","4.37","The Alloy of Law Excerpt: Prologue - Chapter 6",,,"2011","113",,"4.49","2428","https://www.goodreads.com/book/show/12348752-the-alloy-of-law-excerpt"
"17","Brandon Sanderson","Fantasy","4.37","Legion (Legion, #1)","Legion,","1","2012","88",,"4.13","43809","https://www.goodreads.com/book/show/13452375-legion"
"17","Brandon Sanderson","Fantasy","4.37","Legion: The Many Lives of Stephen Leeds (Legion, #1-3)","Legion,","1","2018","352",,"4.17","16061","https://www.goodreads.com/book/show/39332065-legion"
"17","Brandon Sanderson","Fantasy","4.37","Skin Deep (Legion, #2)","Legion,","2","2014","208",,"4.12","21810","https://www.goodreads.com/book/show/20886354-skin-deep"
"17","Brandon Sanderson","Fantasy","4.37","Lies of the Beholder (Legion, #3)","Legion,","3","2018","148",,"4.12","8033","https://www.goodreads.com/book/show/37640636-lies-of-the-beholder"
"17","Brandon Sanderson","Fantasy","4.37","The Emperor's Soul",,,"2012","175","Young Adult","4.37","125793","https://www.goodreads.com/book/show/13578175-the-emperor-s-soul"
"17","Brandon Sanderson","Fantasy","4.37","Legion and The Emperor's Soul",,,"2013","208",,"4.34","3204","https://www.goodreads.com/book/show/18324059-legion-and-the-emperor-s-soul"
"17","Brandon Sanderson","Fantasy","4.37","Shadows for Silence in the Forests of Hell",,,"2013","50",,"4.15","33102","https://www.goodreads.com/book/show/21411388-shadows-for-silence-in-the-forests-of-hell"
"17","Brandon Sanderson","Fantasy","4.37","Steelheart (The Reckoners, #1)","The Reckoners,","1","2013","386","Young Adult","4.14","193722","https://www.goodreads.com/book/show/17182126-steelheart"
"17","Brandon Sanderson","Fantasy","4.37","Firefight (The Reckoners, #2)","The Reckoners,","2","2015","416","Young Adult","4.25","111035","https://www.goodreads.com/book/show/15704459-firefight"
"17","Brandon Sanderson","Fantasy","4.37","The Rithmatist (The Rithmatist, #1)","The Rithmatist,","1","2013","386","Middle Grade; Young Adult","4.25","73857","https://www.goodreads.com/book/show/22443261-the-rithmatist"
"17","Brandon Sanderson","Fantasy","4.37","Shadows Beneath: The Writing Excuses Anthology",,,"2014","502",,"4.17","1894","https://www.goodreads.com/book/show/21844946-shadows-beneath"
"17","Brandon Sanderson","Fantasy","4.37","Sixth of the Dusk",,,"2014","66",,"4.19","30294","https://www.goodreads.com/book/show/23397921-sixth-of-the-dusk"
"17","Brandon Sanderson","Fantasy","4.37","Perfect State",,,"2015","87",,"4.04","15872","https://www.goodreads.com/book/show/25188109-perfect-state"
"17","Brandon Sanderson","Fantasy","4.37","Arcanum Unbounded: The Cosmere Collection",,,"2016","672",,"4.44","62603","https://www.goodreads.com/book/show/28595941-arcanum-unbounded"
"17","Brandon Sanderson","Fantasy","4.37","Calamity (Reckoners, #3)","Reckoners,","3","2016","424","Young Adult","4.18","89811","https://www.goodreads.com/book/show/15704486-calamity"
"17","Brandon Sanderson","Fantasy","4.37","Snapshot",,,"2017","123",,"4.06","16668","https://www.goodreads.com/book/show/31176804-snapshot"
"17","Brandon Sanderson","Fantasy","4.37","Skyward (Skyward, #1)","Skyward,","1","2018","513","Young Adult","4.47","163295","https://www.goodreads.com/book/show/36642458-skyward"
"17","Brandon Sanderson","Fantasy","4.37","Starsight (Skyward, #2)","Skyward,","2","2019","461","Young Adult","4.35","106283","https://www.goodreads.com/book/show/42769202-starsight"
"17","Brandon Sanderson","Fantasy","4.37","Sunreach (Skyward, #2.1)","Skyward,","2.1","2021","208","Young Adult","4.16","25469","https://www.goodreads.com/book/show/57903876-sunreach"
"17","Brandon Sanderson","Fantasy","4.37","ReDawn (Skyward, #2.2)","Skyward,","2.2","2021","229","Young Adult","4.16","21965","https://www.goodreads.com/book/show/57903879-redawn"
"17","Brandon Sanderson","Fantasy","4.37","Evershore (Skyward, #2.3)","Skyward,","2.3","2021","234","Young Adult","4.35","19394","https://www.goodreads.com/book/show/58465495-evershore"
"17","Brandon Sanderson","Fantasy","4.37","Cytonic (Skyward, #3)","Skyward,","3","2021","415","Young Adult","4.06","64555","https://www.goodreads.com/book/show/57571215-cytonic"
"17","Brandon Sanderson","Fantasy","4.37","Defiant (Skyward, #4)","Skyward,","4","2023","420","Young Adult","4.31","36461","https://www.goodreads.com/book/show/43606308-defiant"
"17","Brandon Sanderson","Fantasy","4.37","Skyward Flight: The Collection: Sunreach / ReDawn / Evershore",,,"2022","623","Young Adult","4.36","6741","https://www.goodreads.com/book/show/59471329-skyward-flight"
"17","Brandon Sanderson","Fantasy","4.37","The Sunlit Man",,,"2023","447",,"4.28","75552","https://www.goodreads.com/book/show/60531420-the-sunlit-man"
"17","Brandon Sanderson","Fantasy","4.37","Tress of the Emerald Sea",,,"2023","443","Young Adult","4.33","264064","https://www.goodreads.com/book/show/60531406-tress-of-the-emerald-sea"
"17","Brandon Sanderson","Fantasy","4.37","Yumi and the Nightmare Painter",,,"2023","480","Young Adult","4.44","104367","https://www.goodreads.com/book/show/60531416-yumi-and-the-nightmare-painter"
"17","Brandon Sanderson","Fantasy","4.37","Isles of the Emberdark",,,"2025","465",,"4.56","16339","https://www.goodreads.com/book/show/210300489-isles-of-the-emberdark"
"17","Brandon Sanderson","Fantasy","4.37","Brandon Sanderson Sampler: The Way of Kings and Mistborn",,,,"50",,"4.71","3243","https://www.goodreads.com/book/show/22572507-brandon-sanderson-sampler"
"17","Brandon Sanderson","Fantasy","4.37","Mistborn: The Wax and Wayne Series: The Alloy of Law, Shadows of Self, The Bands of Mourning (The Mistborn Saga)",,,,"1272",,"4.62","4313","https://www.goodreads.com/book/show/37436740-mistborn"
"17","Brandon Sanderson","Fantasy","4.37","The Reckoners Series",,,,"1256","Young Adult","4.5","1288","https://www.goodreads.com/book/show/32732904-the-reckoners-series"
"17","Brandon Sanderson","Fantasy","4.37","The Stormlight Archive, Books 1-3: The Way of Kings, Words of Radiance, Oathbringer",,,,"3823",,"4.78","3413","https://www.goodreads.com/book/show/38718858-the-stormlight-archive-books-1-3"
"17","Brandon Sanderson","Fantasy","4.37","The Stormlight Archive, Books 1-4: The Way of Kings, Words of Radiance, Oathbringer, Rhythm of War",,,,"6705",,"4.81","1320","https://www.goodreads.com/book/show/154629368-the-stormlight-archive-books-1-4"
"17","Brandon Sanderson","Fantasy","4.37","White Sand",,,,"995",,"4.05","2459","https://www.goodreads.com/book/show/8868764-white-sand"
"18","James S.A. Corey","Science-Fiction","4.29","Leviathan Wakes (The Expanse, #1)","The Expanse,","1","2011","561",,"4.31","310579","https://www.goodreads.com/book/show/8855321-leviathan-wakes"
"18","James S.A. Corey","Science-Fiction","4.29","The Butcher of Anderson Station (The Expanse, #1.5)","The Expanse,","1.5","2011","40",,"4.02","26656","https://www.goodreads.com/book/show/11570653-the-butcher-of-anderson-station"
"18","James S.A. Corey","Science-Fiction","4.29","Caliban’s War (The Expanse, #2)","The Expanse,","2","2012","624",,"4.39","178361","https://www.goodreads.com/book/show/12591698-caliban-s-war"
"18","James S.A. Corey","Science-Fiction","4.29","Drive (The Expanse, #2.7)","The Expanse,","2.7","2012","30",,"4.06","15890","https://www.goodreads.com/book/show/25899877-drive"
"18","James S.A. Corey","Science-Fiction","4.29","Abaddon’s Gate (The Expanse, #3)","The Expanse,","3","2013","539",,"4.28","150673","https://www.goodreads.com/book/show/16131032-abaddon-s-gate"
"18","James S.A. Corey","Science-Fiction","4.29","The Churn (The Expanse, #3.5)","The Expanse,","3.5","2014","60",,"4.12","27837","https://www.goodreads.com/book/show/20981355-the-churn"
"18","James S.A. Corey","Science-Fiction","4.29","Cibola Burn (The Expanse, #4)","The Expanse,","4","2014","581",,"4.23","124452","https://www.goodreads.com/book/show/18656030-cibola-burn"
"18","James S.A. Corey","Science-Fiction","4.29","Nemesis Games (The Expanse, #5)","The Expanse,","5","2015","536",,"4.44","111775","https://www.goodreads.com/book/show/22886612-nemesis-games"
"18","James S.A. Corey","Science-Fiction","4.29","Babylon’s Ashes (The Expanse, #6)","The Expanse,","6","2016","532",,"4.25","95980","https://www.goodreads.com/book/show/25877663-babylon-s-ashes"
"18","James S.A. Corey","Science-Fiction","4.29","Strange Dogs (The Expanse, #6.5)","The Expanse,","6.5","2017","112",,"4.09","17845","https://www.goodreads.com/book/show/30367030-strange-dogs"
"18","James S.A. Corey","Science-Fiction","4.29","Persepolis Rising (The Expanse, #7)","The Expanse,","7","2017","608",,"4.38","84528","https://www.goodreads.com/book/show/28335696-persepolis-rising"
"18","James S.A. Corey","Science-Fiction","4.29","Auberon (The Expanse, #7.5)","The Expanse,","7.5","2019","78",,"4.19","14227","https://www.goodreads.com/book/show/51209450-auberon"
"18","James S.A. Corey","Science-Fiction","4.29","Tiamat's Wrath (The Expanse, #8)","The Expanse,","8","2019","534",,"4.58","78916","https://www.goodreads.com/book/show/28335698-tiamat-s-wrath"
"18","James S.A. Corey","Science-Fiction","4.29","Leviathan Falls (The Expanse, #9)","The Expanse,","9","2021","528",,"4.54","67759","https://www.goodreads.com/book/show/28335699-leviathan-falls"
"18","James S.A. Corey","Science-Fiction","4.29","The Sins of Our Fathers (The Expanse, #9.5)","The Expanse,","9.5","2022","64",,"4.14","8096","https://www.goodreads.com/book/show/59548471-the-sins-of-our-fathers"
"18","James S.A. Corey","Science-Fiction","4.29","The Expanse Boxed Set: Leviathan Wakes, Caliban's War and Abaddon's Gate",,,"2015","1792",,"4.67","1078","https://www.goodreads.com/book/show/25903323-the-expanse-boxed-set"
"18","James S.A. Corey","Science-Fiction","4.29","Memory's Legion",,,"2022","423",,"4.36","10304","https://www.goodreads.com/book/show/36130437-memory-s-legion"
"18","James S.A. Corey","Science-Fiction","4.29","The Mercy of Gods (The Captive's War, #1)","The Captive's War,","1","2024","422",,"4.16","32680","https://www.goodreads.com/book/show/201930181-the-mercy-of-gods"
"18","James S.A. Corey","Science-Fiction","4.29","Livesuit (The Captive's War, #1.5)","The Captive&","39","2024","90",,"4.32","8883","https://www.goodreads.com/book/show/215760525-livesuit"
"19","Robin Hobb","Fantasy","4.37","Assassin's Apprentice (Farseer Trilogy, #1)","Farseer Trilogy,","1","1995","435","Young Adult","4.19","387833","https://www.goodreads.com/book/show/77197.Assassin_s_Apprentice"
"19","Robin Hobb","Fantasy","4.37","The Farseer Trilogy (Farseer Trilogy, #1-3)","Farseer Trilogy,","1","2011","1952",,"4.41","23451","https://www.goodreads.com/book/show/10762697-the-farseer-trilogy"
"19","Robin Hobb","Fantasy","4.37","Assassin's Apprentice / Royal Assassin (Farseer Trilogy, #1-2)","Farseer Trilogy,","1",,"448",,"4.4","8592","https://www.goodreads.com/book/show/5533041-assassin-s-apprentice-royal-assassin"
"19","Robin Hobb","Fantasy","4.37","Royal Assassin (Farseer Trilogy, #2)","Farseer Trilogy,","2","1996","675",,"4.28","234772","https://www.goodreads.com/book/show/25300956-royal-assassin"
"19","Robin Hobb","Fantasy","4.37","Assassin's Quest (Farseer Trilogy, #3)","Farseer Trilogy,","3","1997","757",,"4.21","188716","https://www.goodreads.com/book/show/33396914-assassin-s-quest"
"19","Robin Hobb","Fantasy","4.37","L'Assassin du roi (L'Assassin royal, #2)","L&","39","1996","415",,"4.34","2808","https://www.goodreads.com/book/show/1847010.L_Assassin_du_roi"
"19","Robin Hobb","Fantasy","4.37","Adieux et retrouvailles (L'assassin royal, #13)","L&","39","1997","378",,"4.58","1153","https://www.goodreads.com/book/show/1625897.Adieux_et_retrouvailles"
"19","Robin Hobb","Fantasy","4.37","La Reine solitaire (L'Assassin royal, #6)","L&","39","1997","380",,"4.44","2081","https://www.goodreads.com/book/show/515792.La_Reine_solitaire"
"19","Robin Hobb","Fantasy","4.37","La Voie magique (L'Assassin royal, #5)","L&","39","1997","382",,"4.37","2168","https://www.goodreads.com/book/show/219253.La_Voie_magique"
"19","Robin Hobb","Fantasy","4.37","La Secte maudite (L'assassin royal, #8)","L&","39","2001","445",,"4.52","1353","https://www.goodreads.com/book/show/2056298.La_Secte_maudite"
"19","Robin Hobb","Fantasy","4.37","Serments et deuils (L'assassin royal, #10)","L&","39","2002","412",,"4.47","1235","https://www.goodreads.com/book/show/1134821.Serments_et_deuils"
"19","Robin Hobb","Fantasy","4.37","L'homme noir (L'assassin royal, #12)","L&","39","2004","327",,"4.54","1178","https://www.goodreads.com/book/show/2056297.L_homme_noir"
"19","Robin Hobb","Fantasy","4.37","Le dragon des glaces (L'assassin royal, #11)","L&","39","2004","381",,"4.4","1210","https://www.goodreads.com/book/show/2056299.Le_dragon_des_glaces"
"19","Robin Hobb","Fantasy","4.37","La Nef du crépuscule (L'Assassin royal #3)","L&","39",,"413",,"4.48","2051","https://www.goodreads.com/book/show/219257.La_Nef_du_cr_puscule"
"19","Robin Hobb","Fantasy","4.37","Le Poison de la vengeance (L'Assassin royal #4)","L'Assassin royal","4","1997","349",,"4.26","2310","https://www.goodreads.com/book/show/515801.Le_Poison_de_la_vengeance"
"19","Robin Hobb","Fantasy","4.37","Le vaisseau magique (Les aventuriers de la mer, #1)","Les aventuriers de la mer,","1","1998","317",,"4.17","1141","https://www.goodreads.com/book/show/2128082.Le_vaisseau_magique"
"19","Robin Hobb","Fantasy","4.37","Le navire aux esclaves (Les aventuriers de la mer, #2)","Les aventuriers de la mer,","2","2012","379",,"4.31","1011","https://www.goodreads.com/book/show/2128083.Le_navire_aux_esclaves"
"19","Robin Hobb","Fantasy","4.37","Ship of Magic (Liveship Traders, #1)","Liveship Traders,","1","1998","880",,"4.23","101482","https://www.goodreads.com/book/show/45100.Ship_of_Magic"
"19","Robin Hobb","Fantasy","4.37","The Mad Ship (Liveship Traders, #2)","Liveship Traders,","2","1999","906",,"4.33","81357","https://www.goodreads.com/book/show/45101.The_Mad_Ship"
"19","Robin Hobb","Fantasy","4.37","Ship of Destiny (Liveship Traders, #3)","Liveship Traders,","3","2000","789",,"4.33","86287","https://www.goodreads.com/book/show/45102.Ship_of_Destiny"
"19","Robin Hobb","Fantasy","4.37","L'Assassin royal : Première époque, 1",,,"2000","1116",,"4.58","1338","https://www.goodreads.com/book/show/24859736-l-assassin-royal"
"19","Robin Hobb","Fantasy","4.37","Le Prophète blanc (Assassin royal, #7)","Assassin royal,","7","2001","416",,"4.36","1418","https://www.goodreads.com/book/show/1704012.Le_Proph_te_blanc"
"19","Robin Hobb","Fantasy","4.37","Fool's Errand (Tawny Man, #1)","Tawny Man,","1","2001","661",,"4.39","103913","https://www.goodreads.com/book/show/68488.Fool_s_Errand"
"19","Robin Hobb","Fantasy","4.37","Golden Fool (Tawny Man, #2)","Tawny Man,","2","2002","709",,"4.38","91061","https://www.goodreads.com/book/show/45109.Golden_Fool"
"19","Robin Hobb","Fantasy","4.37","Fool's Fate (Tawny Man, #3)","Tawny Man,","3","2003","914",,"4.49","88006","https://www.goodreads.com/book/show/45108.Fool_s_Fate"
"19","Robin Hobb","Fantasy","4.37","Les secrets de Castelcerf (L'assassin royal, #9)","L'assassin royal,","9","2002","443",,"4.42","1299","https://www.goodreads.com/book/show/2128077.Les_secrets_de_Castelcerf"
"19","Robin Hobb","Fantasy","4.37","Dragon Haven (Rain Wild Chronicles, #2)","Rain Wild Chronicles,","2","2010","508",,"4.1","43010","https://www.goodreads.com/book/show/7011403-dragon-haven"
"19","Robin Hobb","Fantasy","4.37","City of Dragons (Rain Wild Chronicles, #3)","Rain Wild Chronicles,","3","2011","334",,"4.1","39358","https://www.goodreads.com/book/show/11801463-city-of-dragons"
"19","Robin Hobb","Fantasy","4.37","Blood of Dragons (Rain Wild Chronicles, #4)","Rain Wild Chronicles,","4","2013","448",,"4.18","37443","https://www.goodreads.com/book/show/13109291-blood-of-dragons"
"19","Robin Hobb","Fantasy","4.37","The Liveship Traders Trilogy",,,"2012",,,"4.59","6223","https://www.goodreads.com/book/show/22463498-the-liveship-traders-trilogy"
"19","Robin Hobb","Fantasy","4.37","The Complete Tawny Man Trilogy: Fool’s Errand, The Golden Fool, Fool’s Fate",,,"2013","2133",,"4.71","6680","https://www.goodreads.com/book/show/18949637-the-complete-tawny-man-trilogy"
"19","Robin Hobb","Fantasy","4.37","The Willful Princess and the Piebald Prince",,,"2013","184",,"4.06","10779","https://www.goodreads.com/book/show/16244663-the-willful-princess-and-the-piebald-prince"
"19","Robin Hobb","Fantasy","4.37","Fool's Assassin (The Fitz and the Fool, #1)","The Fitz and the Fool,","1","2014","706",,"4.43","63852","https://www.goodreads.com/book/show/41021196-fool-s-assassin"
"19","Robin Hobb","Fantasy","4.37","Fool's Quest  (The Fitz and the Fool, #2)","The Fitz and the Fool,","2","2015","757",,"4.53","49404","https://www.goodreads.com/book/show/40610956-fool-s-quest"
"19","Robin Hobb","Fantasy","4.37","Assassin's Fate (The Fitz and the Fool, #3)","The Fitz and the Fool,","3","2017","847",,"4.66","47149","https://www.goodreads.com/book/show/30688013-assassin-s-fate"
"19","Robin Hobb","Fantasy","4.37","The Rain Wilds Chronicles: Dragon Keeper, Dragon Haven, City of Dragons, and Blood of Dragons",,,"2014","2320",,"4.56","4137","https://www.goodreads.com/book/show/22710287-the-rain-wilds-chronicles"
"19","Robin Hobb","Fantasy","4.37","The Soldier Son Trilogy Bundle (The Soldier Son, #1-3)","The Soldier Son,","1",,"2157",,"4.01","2529","https://www.goodreads.com/book/show/18874259-the-soldier-son-trilogy-bundle"
"20","Kristin Hannah","Other","4.29","Between Sisters",,,"2021","428",,"4.08","111808","https://www.goodreads.com/book/show/217432.Between_Sisters"
"20","Kristin Hannah","Other","4.29","Firefly Lane (Firefly Lane, #1)","Firefly Lane,","1","2021","479",,"4.2","466410","https://www.goodreads.com/book/show/1472878.Firefly_Lane"
"20","Kristin Hannah","Other","4.29","Fly Away (Firefly Lane, #2)","Firefly Lane,","2","2021","400",,"4.01","164879","https://www.goodreads.com/book/show/16044981-fly-away"
"20","Kristin Hannah","Other","4.29","Home Front",,,"2021","390",,"4.26","215629","https://www.goodreads.com/book/show/12022079-home-front"
"20","Kristin Hannah","Other","4.29","Magic Hour",,,"2021","451",,"4.17","216525","https://www.goodreads.com/book/show/1470232.Magic_Hour"
"20","Kristin Hannah","Other","4.29","Night Road",,,"2021","385",,"4.27","313252","https://www.goodreads.com/book/show/8949352-night-road"
"20","Kristin Hannah","Other","4.29","The Four Winds",,,"2021","464",,"4.3","934637","https://www.goodreads.com/book/show/53138081-the-four-winds"
"20","Kristin Hannah","Other","4.29","The Great Alone",,,"2021","435",,"4.45","1123351","https://www.goodreads.com/book/show/34912895-the-great-alone"
"20","Kristin Hannah","Other","4.29","The Kristin Hannah Collection: Volume 1: Firefly Lane, True Colors, Fly Away",,,"2021","1312",,"4.5","1052","https://www.goodreads.com/book/show/23359254-the-kristin-hannah-collection"
"20","Kristin Hannah","Other","4.29","The Nightingale",,,"2021","440",,"4.64","1985063","https://www.goodreads.com/book/show/21853621-the-nightingale"
"20","Kristin Hannah","Other","4.29","The Things We Do for Love",,,"2021","464",,"4.17","99658","https://www.goodreads.com/book/show/297134.The_Things_We_Do_for_Love"
"20","Kristin Hannah","Other","4.29","The Women",,,"2021","471",,"4.6","1434499","https://www.goodreads.com/book/show/127305853-the-women"
"20","Kristin Hannah","Other","4.29","True Colors",,,"2021","400",,"4.09","135825","https://www.goodreads.com/book/show/3975186-true-colors"
"20","Kristin Hannah","Other","4.29","Winter Garden",,,"2021","394",,"4.28","401008","https://www.goodreads.com/book/show/6668467-winter-garden"
"21","Evan Winter","Fantasy","4.34","The Rage of Dragons (The Burning, #1)","The Burning,","1","2017","535",,"4.31","44606","https://www.goodreads.com/book/show/41952489-the-rage-of-dragons"
"21","Evan Winter","Fantasy","4.34","The Fires of Vengeance (The Burning, #2)","The Burning,","2","2020","529",,"4.38","20398","https://www.goodreads.com/book/show/43174603-the-fires-of-vengeance"
"22","Simon Stålenhag","Science-Fiction","4.28","Tales from the Loop (Tales from the Loop, #1)","Tales from the Loop,","1","2014","128",,"4.28","4494","https://www.goodreads.com/book/show/27404461-tales-from-the-loop"
"22","Simon Stålenhag","Science-Fiction","4.28","Things from the Flood (Tales from the Loop, #2)","Tales from the Loop,","2","2016","130",,"4.3","2295","https://www.goodreads.com/book/show/31094296-things-from-the-flood"
"22","Simon Stålenhag","Science-Fiction","4.28","The Electric State (Tales from the Loop, #3)","Tales from the Loop,","3","2017","143",,"4.36","8939","https://www.goodreads.com/book/show/36836025-the-electric-state"
"22","Simon Stålenhag","Science-Fiction","4.28","The Labyrinth",,,"2020","150",,"4.17","1909","https://www.goodreads.com/book/show/55818839-the-labyrinth"
"23","James  Islington","Fantasy","4.34","The Shadow of What Was Lost (The Licanius Trilogy, #1)","The Licanius Trilogy,","1","2014","602",,"4.14","82278","https://www.goodreads.com/book/show/22878967-the-shadow-of-what-was-lost"
"23","James  Islington","Fantasy","4.34","An Echo of Things to Come (The Licanius Trilogy, #2)","The Licanius Trilogy,","2","2017","752",,"4.21","47446","https://www.goodreads.com/book/show/32498052-an-echo-of-things-to-come"
"23","James  Islington","Fantasy","4.34","The Light of All That Falls (The Licanius Trilogy, #3)","The Licanius Trilogy,","3","2019","864",,"4.4","36303","https://www.goodreads.com/book/show/36111098-the-light-of-all-that-falls"
"23","James  Islington","Fantasy","4.34","The Will of the Many (Hierarchy, #1)","Hierarchy,","1","2023","639",,"4.6","155718","https://www.goodreads.com/book/show/58416952-the-will-of-the-many"
"24","Madeline Miller","Other","4.29","La collina dei conigli",,,"1972","429","Children; Young Adult","4.09","502026","https://www.goodreads.com/book/show/210395687-la-collina-dei-conigli"
"24","Madeline Miller","Other","4.29","The Song of Achilles",,,"2011","408",,"4.31","1915690","https://www.goodreads.com/book/show/13623848-the-song-of-achilles"
"24","Madeline Miller","Other","4.29","Circe",,,"2018","393",,"4.22","1309055","https://www.goodreads.com/book/show/35959740-circe"
"24","Madeline Miller","Other","4.29","Circe / The Song of Achilles",,,,,,"4.54","2077","https://www.goodreads.com/book/show/55028733-circe-the-song-of-achilles"
"25","Fonda Lee","Fantasy","4.33","The Jade Setter of Janloon (The Green Bone Saga, #0.5)","The Green Bone Saga,","0.5","2022","144",,"4.28","4732","https://www.goodreads.com/book/show/57951331-the-jade-setter-of-janloon"
"25","Fonda Lee","Fantasy","4.33","Jade Shards (The Green Bone Saga, #0.75)","The Green Bone Saga,","0.75","2023","136",,"4.29","3206","https://www.goodreads.com/book/show/123362384-jade-shards"
"25","Fonda Lee","Fantasy","4.33","Jade City (The Green Bone Saga, #1)","The Green Bone Saga,","1","2017","540",,"4.07","102508","https://www.goodreads.com/book/show/43587154-jade-city"
"25","Fonda Lee","Fantasy","4.33","Jade War (The Green Bone Saga, #2)","The Green Bone Saga,","2","2019","587",,"4.39","52182","https://www.goodreads.com/book/show/41716919-jade-war"
"25","Fonda Lee","Fantasy","4.33","Jade Legacy (The Green Bone Saga, #3)","The Green Bone Saga,","3","2021","713",,"4.62","41810","https://www.goodreads.com/book/show/51057191-jade-legacy"
"26","Dennis E. Taylor","Science-Fiction","4.27","Outland (Quantum Earth, #1)","Quantum Earth,","1","2015","360",,"4.1","11240","https://www.goodreads.com/book/show/24292598-outland"
"26","Dennis E. Taylor","Science-Fiction","4.27","Earthside (Quantum Earth, #2)","Quantum Earth,","2","2023","8",,"4.04","4998","https://www.goodreads.com/book/show/75282865-earthside"
"26","Dennis E. Taylor","Science-Fiction","4.27","We Are Legion (We Are Bob) (Bobiverse, #1)","Bobiverse,","1","2016","383",,"4.27","117688","https://www.goodreads.com/book/show/32109569-we-are-legion-we-are-bob"
"26","Dennis E. Taylor","Science-Fiction","4.27","For We Are Many (Bobiverse, #2)","Bobiverse,","2","2017","311",,"4.37","70356","https://www.goodreads.com/book/show/33395557-for-we-are-many"
"26","Dennis E. Taylor","Science-Fiction","4.27","All These Worlds (Bobiverse, #3)","Bobiverse,","3","2017","336",,"4.4","61664","https://www.goodreads.com/book/show/35506021-all-these-worlds"
"26","Dennis E. Taylor","Science-Fiction","4.27","Heaven's River (Bobiverse, #4)","Bobiverse,","4","2020",,,"4.29","34529","https://www.goodreads.com/book/show/42950440-heaven-s-river"
"26","Dennis E. Taylor","Science-Fiction","4.27","Not Till We Are Lost (Bobiverse, #5)","Bobiverse,","5","2024","413",,"4.31","15480","https://www.goodreads.com/book/show/159116833-not-till-we-are-lost"
"26","Dennis E. Taylor","Science-Fiction","4.27","The Bobiverse",,,"2018","918",,"4.74","1688","https://www.goodreads.com/book/show/41429774-the-bobiverse"
"26","Dennis E. Taylor","Science-Fiction","4.27","The Singularity Trap",,,"2018","12",,"4.05","14301","https://www.goodreads.com/book/show/35269854-the-singularity-trap"
"26","Dennis E. Taylor","Science-Fiction","4.27","Roadkill",,,"2022","9","Young Adult","4.11","6436","https://www.goodreads.com/book/show/61856981-roadkill"
"27","George R.R. Martin","Fantasy","4.32","A Game Of Thrones preview",,,"1971","96",,"4.56","13357","https://www.goodreads.com/book/show/2264142.A_Game_Of_Thrones_preview"
"27","George R.R. Martin","Fantasy","4.32","A Game of Thrones (A Song of Ice and Fire, #1)","A Song of Ice and Fire,","1","1971","835",,"4.45","2698177","https://www.goodreads.com/book/show/13496.A_Game_of_Thrones"
"27","George R.R. Martin","Fantasy","4.32","A Game of Thrones / A Clash of Kings (A Song of Ice and Fire, #1-2)","A Song of Ice and Fire,","1","1971","864",,"4.54","27955","https://www.goodreads.com/book/show/5061675-a-game-of-thrones-a-clash-of-kings"
"27","George R.R. Martin","Fantasy","4.32","A Song of Ice and Fire (A Song of Ice and Fire, #1-4)","A Song of Ice and Fire,","1","1971","4081",,"4.63","48106","https://www.goodreads.com/book/show/9814682-a-song-of-ice-and-fire"
"27","George R.R. Martin","Fantasy","4.32","A Song of Ice and Fire (A Song of Ice and Fire, #1-5)","A Song of Ice and Fire,","1","1971","5216",,"4.61","64626","https://www.goodreads.com/book/show/12177850-a-song-of-ice-and-fire"
"27","George R.R. Martin","Fantasy","4.32","A Clash of Kings  (A Song of Ice and Fire, #2)","A Song of Ice and Fire,","2","1971","1009",,"4.42","1008999","https://www.goodreads.com/book/show/10572.A_Clash_of_Kings"
"27","George R.R. Martin","Fantasy","4.32","A Storm of Swords (A Song of Ice and Fire, #3)","A Song of Ice and Fire,","3","1971","1177",,"4.55","837134","https://www.goodreads.com/book/show/62291.A_Storm_of_Swords"
"27","George R.R. Martin","Fantasy","4.32","A Storm of Swords 2: Blood and Gold (A Song of Ice and Fire, #3, Part 2 of 2)","A Song of Ice and Fire,","3","1971","639",,"4.55","103645","https://www.goodreads.com/book/show/147915.A_Storm_of_Swords_2"
"27","George R.R. Martin","Fantasy","4.32","A Storm of Swords: Steel and Snow (A Song of Ice and Fire, #3.1)","A Song of Ice and Fire,","3.1","1971","663",,"4.47","88951","https://www.goodreads.com/book/show/768889.A_Storm_of_Swords"
"27","George R.R. Martin","Fantasy","4.32","A Feast for Crows (A Song of Ice and Fire, #4)","A Song of Ice and Fire,","4","1971","1060",,"4.17","783193","https://www.goodreads.com/book/show/13497.A_Feast_for_Crows"
"27","George R.R. Martin","Fantasy","4.32","A Dance with Dragons (A Song of Ice and Fire, #5)","A Song of Ice and Fire,","5","1971","1125",,"4.34","730871","https://www.goodreads.com/book/show/10664113-a-dance-with-dragons"
"27","George R.R. Martin","Fantasy","4.32","A Dance with Dragons 2: After the Feast (A Song of Ice and Fire, #5, Part 2 of 2)","A Song of Ice and Fire,","5","1971","560",,"4.43","32280","https://www.goodreads.com/book/show/13337716-a-dance-with-dragons-2"
"27","George R.R. Martin","Fantasy","4.32","The Winds of Winter (A Song of Ice and Fire, #6)","A Song of Ice and Fire,","6","1971",,,"4.39","14051","https://www.goodreads.com/book/show/12111823-the-winds-of-winter"
"27","George R.R. Martin","Fantasy","4.32","A Dream of Spring (A Song of Ice and Fire, #7)","A Song of Ice and Fire,","7","1971",,,"4.33","2509","https://www.goodreads.com/book/show/6382055-a-dream-of-spring"
"27","George R.R. Martin","Fantasy","4.32","A Storm of Swords (A Song of Ice and Fire, Book 3) , George R. R",,,"1971",,,"4.66","1023","https://www.goodreads.com/book/show/141421704-a-storm-of-swords-a-song-of-ice-and-fire-book-3-george-r-r"
"27","George R.R. Martin","Fantasy","4.32","Fire & Blood (A Targaryen History, #1)","A Targaryen History,","1","1971","706",,"4.05","140435","https://www.goodreads.com/book/show/39943621-fire-blood"
"27","George R.R. Martin","Fantasy","4.32","Kralların Çarpışması: Kısım II (Buz ve Ateşin Şarkısı, #2)","Buz ve Ateşin Şarkısı,","2","1971","488",,"4.51","1194","https://www.goodreads.com/book/show/13019339-krallar-n-arp-mas"
"27","George R.R. Martin","Fantasy","4.32","Kılıçların Fırtınası: Kısım I (Buz ve Ateşin Şarkısı, #3)","Buz ve Ateşin Şarkısı,","3","1971","623",,"4.56","1074","https://www.goodreads.com/book/show/13648778-k-l-lar-n-f-rt-nas"
"27","George R.R. Martin","Fantasy","4.32","Die Herren von Winterfell (Das Lied von Eis und Feuer, #1)","Das Lied von Eis und Feuer,","1","1971","545",,"4.27","40486","https://www.goodreads.com/book/show/8341706-die-herren-von-winterfell"
"27","George R.R. Martin","Fantasy","4.32","Das Erbe von Winterfell (Das Lied von Eis und Feuer, #2)","Das Lied von Eis und Feuer,","2","1971","544",,"4.46","12956","https://www.goodreads.com/book/show/8341707-das-erbe-von-winterfell"
"27","George R.R. Martin","Fantasy","4.32","Der Thron der Sieben Königreiche (Das Lied von Eis und Feuer, #3)","Das Lied von Eis und Feuer,","3","1971","574",,"4.35","10587","https://www.goodreads.com/book/show/10222727-der-thron-der-sieben-k-nigreiche"
"27","George R.R. Martin","Fantasy","4.32","Die Saat des goldenen Löwen (Das Lied von Eis und Feuer, #4)","Das Lied von Eis und Feuer,","4","1971","672",,"4.39","11742","https://www.goodreads.com/book/show/10430122-die-saat-des-goldenen-l-wen"
"27","George R.R. Martin","Fantasy","4.32","Zeit der Krähen (Das Lied von Eis und Feuer, #7)","Das Lied von Eis und Feuer,","7","1971","576",,"4.16","9364","https://www.goodreads.com/book/show/11239149-zeit-der-kr-hen"
"27","George R.R. Martin","Fantasy","4.32","Die dunkle Königin (Das Lied von Eis und Feuer, #8)","Das Lied von Eis und Feuer,","8","1971","608",,"4.26","6493","https://www.goodreads.com/book/show/11239151-die-dunkle-k-nigin"
"27","George R.R. Martin","Fantasy","4.32","Dreamsongs, Volume II",,,"1971","740",,"4.03","2663","https://www.goodreads.com/book/show/417730.Dreamsongs_Volume_II"
"27","George R.R. Martin","Fantasy","4.32","Ogień i krew. Część 1 (Historia Targaryenów, #1A)","Historia Targaryenów,","1","1971","612",,"4.04","1400","https://www.goodreads.com/book/show/42935620-ogie-i-krew-cz-1"
"27","George R.R. Martin","Fantasy","4.32","Kralların Çarpışması: Kısım I",,,"1971","504",,"4.46","1450","https://www.goodreads.com/book/show/13062256-krallar-n-arp-mas"
"27","George R.R. Martin","Fantasy","4.32","Tempesta di spade (Le Cronache del Ghiaccio e del Fuoco, #5)","Le Cronache del Ghiaccio e del Fuoco,","5","1971","475",,"4.35","1778","https://www.goodreads.com/book/show/3704042-tempesta-di-spade"
"27","George R.R. Martin","Fantasy","4.32","Il portale delle tenebre (Le Cronache del Ghiaccio e del Fuoco, #7)","Le Cronache del Ghiaccio e del Fuoco,","7","1971","457",,"4.45","1485","https://www.goodreads.com/book/show/3704070-il-portale-delle-tenebre"
"27","George R.R. Martin","Fantasy","4.32","I guerrieri del ghiaccio (Le Cronache del Ghiaccio e del Fuoco, #10)","Le Cronache del Ghiaccio e del Fuoco,","10","1971","486",,"4.04","1505","https://www.goodreads.com/book/show/12981934-i-guerrieri-del-ghiaccio"
"27","George R.R. Martin","Fantasy","4.32","I fuochi di Valyria (Le Cronache del Ghiaccio e del Fuoco, #11)","Le Cronache del Ghiaccio e del Fuoco,","11","1971","474",,"4.07","1387","https://www.goodreads.com/book/show/13630440-i-fuochi-di-valyria"
"27","George R.R. Martin","Fantasy","4.32","La danza dei draghi (Le cronache del ghiaccio e del fuoco, #12)","Le cronache del ghiaccio e del fuoco,","12","1971","504",,"4.26","1428","https://www.goodreads.com/book/show/16120932-la-danza-dei-draghi"
"27","George R.R. Martin","Fantasy","4.32","Le trône de fer (Le trône de fer, #1)","Le trône de fer,","1","1971","477",,"4.19","1675","https://www.goodreads.com/book/show/1032784.Le_tr_ne_de_fer"
"27","George R.R. Martin","Fantasy","4.32","Sandkings",,,"1971","254",,"4.22","6240","https://www.goodreads.com/book/show/769902.Sandkings"
"27","George R.R. Martin","Fantasy","4.32","Sangue e Fogo: A História dos Reis Targaryen, Volume 1, Parte 1",,,"1971","349",,"4.11","1098","https://www.goodreads.com/book/show/42832699-sangue-e-fogo"
"27","George R.R. Martin","Fantasy","4.32","The Lands of Ice and Fire: Maps from King's Landing to Across the Narrow Sea",,,"1971","16",,"4.42","1682","https://www.goodreads.com/book/show/15721980-the-lands-of-ice-and-fire"
"27","George R.R. Martin","Fantasy","4.32","The Rise of the Dragon: An Illustrated History of the Targaryen Dynasty, Volume One",,,"1971","352",,"4.26","3502","https://www.goodreads.com/book/show/60636502-the-rise-of-the-dragon"
"27","George R.R. Martin","Fantasy","4.32","A Knight of the Seven Kingdoms (The Tales of Dunk and Egg, #1-3)","The Tales of Dunk and Egg,","1","1971","368","Young Adult","4.25","111222","https://www.goodreads.com/book/show/18635622-a-knight-of-the-seven-kingdoms"
"27","George R.R. Martin","Fantasy","4.32","The Hedge Knight (The Tales of Dunk and Egg, #1)","The Tales of Dunk and Egg,","1","1971","85",,"4.28","26541","https://www.goodreads.com/book/show/11970747-the-hedge-knight"
"27","George R.R. Martin","Fantasy","4.32","The Sworn Sword (The Tales of Dunk and Egg, #2)","The Tales of Dunk and Egg,","2","1971","81",,"4.11","18084","https://www.goodreads.com/book/show/11985631-the-sworn-sword"
"27","George R.R. Martin","Fantasy","4.32","The Mystery Knight (The Tales of Dunk and Egg, #3)","The Tales of Dunk and Egg,","3","1971","104",,"4.24","18177","https://www.goodreads.com/book/show/11350430-the-mystery-knight"
"27","George R.R. Martin","Fantasy","4.32","The World of Ice & Fire: The Untold History of Westeros and the Game of Thrones",,,"1971","326",,"4.26","40714","https://www.goodreads.com/book/show/17345242-the-world-of-ice-fire"
"27","George R.R. Martin","Fantasy","4.32","Tuf Voyaging",,,"1971","448",,"4.11","13048","https://www.goodreads.com/book/show/776212.Tuf_Voyaging"
"27","George R.R. Martin","Fantasy","4.32","Ace in the Hole (Wild Cards, #6)","Wild Cards,","6","1971","400",,"4.04","1687","https://www.goodreads.com/book/show/1281216.Ace_in_the_Hole"
"28","Antoine de Saint-Exupéry","Other","4.28","Citadelle",,,"1929","628",,"4.13","2336","https://www.goodreads.com/book/show/225640.Citadelle"
"28","Antoine de Saint-Exupéry","Other","4.28","J'apprends à compter avec le Petit Prince","d&","39","1929","12","Children","4.42","1746","https://www.goodreads.com/book/show/70716.J_apprends_compter_avec_le_Petit_Prince"
"28","Antoine de Saint-Exupéry","Other","4.28","The Little Prince",,,"1929","96","Children; Middle Grade; Young Adult","4.33","2415280","https://www.goodreads.com/book/show/157993.The_Little_Prince"
"28","Antoine de Saint-Exupéry","Other","4.28","The Little Prince & Letter to a Hostage",,,"1929","118","Children; Middle Grade; Young Adult","4.4","12640","https://www.goodreads.com/book/show/3241368-the-little-prince-letter-to-a-hostage"
"28","Antoine de Saint-Exupéry","Other","4.28","Wind, Sand and Stars",,,"1929","229",,"4.12","20715","https://www.goodreads.com/book/show/8837.Wind_Sand_and_Stars"
"29","Jim  Butcher","Fantasy","4.32","Wizard for Hire (The Dresden Files Omnibus, #1)","The Dresden Files Omnibus,","1","2001","801",,"4.47","2630","https://www.goodreads.com/book/show/346091.Wizard_for_Hire"
"29","Jim  Butcher","Fantasy","4.32","Wizard by Trade (The Dresden Files Omnibus, #2)","The Dresden Files Omnibus,","2","2006","598",,"4.57","1347","https://www.goodreads.com/book/show/346092.Wizard_by_Trade"
"29","Jim  Butcher","Fantasy","4.32","Wizard at Large (The Dresden Files Omnibus, #3)","The Dresden Files Omnibus,","3","2006","740",,"4.6","1188","https://www.goodreads.com/book/show/3431100-wizard-at-large"
"29","Jim  Butcher","Fantasy","4.32","Wizard Under Fire (The Dresden Files Omnibus, #4)","The Dresden Files Omnibus,","4","2007","754",,"4.6","1242","https://www.goodreads.com/book/show/1948642.Wizard_Under_Fire"
"29","Jim  Butcher","Fantasy","4.32","Grave Peril (The Dresden Files, #3)","The Dresden Files,","3","2001","378",,"4.13","176451","https://www.goodreads.com/book/show/91476.Grave_Peril"
"29","Jim  Butcher","Fantasy","4.32","Summer Knight (The Dresden Files, #4)","The Dresden Files,","4","2002","446",,"4.26","159899","https://www.goodreads.com/book/show/91478.Summer_Knight"
"29","Jim  Butcher","Fantasy","4.32","Death Masks (The Dresden Files, #5)","The Dresden Files,","5","2003","432",,"4.29","146132","https://www.goodreads.com/book/show/91479.Death_Masks"
"29","Jim  Butcher","Fantasy","4.32","Vignette (The Dresden Files, #5.5)","The Dresden Files,","5.5","2008","3",,"4.03","5111","https://www.goodreads.com/book/show/4271488-vignette"
"29","Jim  Butcher","Fantasy","4.32","Blood Rites (The Dresden Files, #6)","The Dresden Files,","6","2004","372",,"4.29","137745","https://www.goodreads.com/book/show/99383.Blood_Rites"
"29","Jim  Butcher","Fantasy","4.32","Dead Beat (The Dresden Files, #7)","The Dresden Files,","7","2005","528",,"4.41","133172","https://www.goodreads.com/book/show/17683.Dead_Beat"
"29","Jim  Butcher","Fantasy","4.32","Proven Guilty (The Dresden Files, #8)","The Dresden Files,","8","2006","547",,"4.39","127892","https://www.goodreads.com/book/show/91474.Proven_Guilty"
"29","Jim  Butcher","Fantasy","4.32","White Night (The Dresden Files, #9)","The Dresden Files,","9","2007","407",,"4.38","126063","https://www.goodreads.com/book/show/91475.White_Night"
"29","Jim  Butcher","Fantasy","4.32","Small Favor (The Dresden Files, #10)","The Dresden Files,","10","2008","423",,"4.43","116044","https://www.goodreads.com/book/show/927979.Small_Favor"
"29","Jim  Butcher","Fantasy","4.32","Backup (The Dresden Files, #10.5)","The Dresden Files,","10.5","2008","70",,"4.14","10773","https://www.goodreads.com/book/show/2575572-backup"
"29","Jim  Butcher","Fantasy","4.32","Turn Coat (The Dresden Files, #11)","The Dresden Files,","11","2009","420",,"4.44","110950","https://www.goodreads.com/book/show/3475161-turn-coat"
"29","Jim  Butcher","Fantasy","4.32","Love Hurts (The Dresden Files, #11.5)","The Dresden Files,","11.5","2011","35",,"4.14","3065","https://www.goodreads.com/book/show/11277566-love-hurts"
"29","Jim  Butcher","Fantasy","4.32","Changes (The Dresden Files, #12)","The Dresden Files,","12","2010","438",,"4.51","121731","https://www.goodreads.com/book/show/6585201-changes"
"29","Jim  Butcher","Fantasy","4.32","Side Jobs (The Dresden Files, #12.5)","The Dresden Files,","12.5","2010","418",,"4.25","57403","https://www.goodreads.com/book/show/7779059-side-jobs"
"29","Jim  Butcher","Fantasy","4.32","Ghost Story (The Dresden Files, #13)","The Dresden Files,","13","2011","481",,"4.25","104517","https://www.goodreads.com/book/show/8058301-ghost-story"
"29","Jim  Butcher","Fantasy","4.32","Cold Days (The Dresden Files, #14)","The Dresden Files,","14","2012","515",,"4.47","105502","https://www.goodreads.com/book/show/12216302-cold-days"
"29","Jim  Butcher","Fantasy","4.32","Skin Game (The Dresden Files, #15)","The Dresden Files,","15","2014","464",,"4.56","91347","https://www.goodreads.com/book/show/19486421-skin-game"
"29","Jim  Butcher","Fantasy","4.32","Brief Cases (The Dresden Files, #15.5)","The Dresden Files,","15.5","2018","516",,"4.4","23158","https://www.goodreads.com/book/show/12183815-brief-cases"
"29","Jim  Butcher","Fantasy","4.32","Peace Talks (The Dresden Files, #16)","The Dresden Files,","16","2020","340",,"4.23","53366","https://www.goodreads.com/book/show/49381341-peace-talks"
"29","Jim  Butcher","Fantasy","4.32","Battle Ground (The Dresden Files, #17)","The Dresden Files,","17","2020","418",,"4.42","47417","https://www.goodreads.com/book/show/23106013-battle-ground"
"29","Jim  Butcher","Fantasy","4.32","Christmas Eve (The Dresden Files, #17.2)","The Dresden Files,","17.2","2018","10",,"4.36","2968","https://www.goodreads.com/book/show/43360051-christmas-eve"
"29","Jim  Butcher","Fantasy","4.32","The Law (The Dresden Files, #17.5)","The Dresden Files,","17.5","2022","102",,"4.38","13214","https://www.goodreads.com/book/show/60653694-the-law"
"29","Jim  Butcher","Fantasy","4.32","Furies of Calderon (Codex Alera, #1)","Codex Alera,","1","2004","688","Young Adult","4.13","112892","https://www.goodreads.com/book/show/29396.Furies_of_Calderon"
"29","Jim  Butcher","Fantasy","4.32","Academ's Fury (Codex Alera, #2)","Codex Alera,","2","2005","702","Young Adult","4.27","73618","https://www.goodreads.com/book/show/133664.Academ_s_Fury"
"29","Jim  Butcher","Fantasy","4.32","Cursor's Fury (Codex Alera, #3)","Codex Alera,","3","2006","442","Young Adult","4.37","70869","https://www.goodreads.com/book/show/29394.Cursor_s_Fury"
"29","Jim  Butcher","Fantasy","4.32","Captain's Fury (Codex Alera, #4)","Codex Alera,","4","2007","451","Young Adult","4.37","69790","https://www.goodreads.com/book/show/346087.Captain_s_Fury"
"29","Jim  Butcher","Fantasy","4.32","Princeps' Fury (Codex Alera, #5)","Codex Alera,","5","2008","386",,"4.38","66805","https://www.goodreads.com/book/show/2903736-princeps-fury"
"29","Jim  Butcher","Fantasy","4.32","First Lord's Fury (Codex Alera, #6)","Codex Alera,","6","2009","465",,"4.4","65922","https://www.goodreads.com/book/show/6316821-first-lord-s-fury"
"29","Jim  Butcher","Fantasy","4.32","The Dresden Files Books 1-6",,,"2006","1900",,"4.55","3685","https://www.goodreads.com/book/show/10074280-the-dresden-files-books-1-6"
"29","Jim  Butcher","Fantasy","4.32","Welcome to the Jungle",,,"2008","160",,"4.1","16276","https://www.goodreads.com/book/show/2637138-welcome-to-the-jungle"
"29","Jim  Butcher","Fantasy","4.32","Mean Streets",,,"2009","342",,"4.02","10310","https://www.goodreads.com/book/show/3475145-mean-streets"
"29","Jim  Butcher","Fantasy","4.32","The Dresden Files: Storm Front: Vol. 1: The Gathering Storm",,,"2009","128",,"4.35","13916","https://www.goodreads.com/book/show/4961959-the-dresden-files"
"29","Jim  Butcher","Fantasy","4.32","The Dresden Files Books 7-12",,,"2010","2926",,"4.69","2877","https://www.goodreads.com/book/show/10074279-the-dresden-files-books-7-12"
"29","Jim  Butcher","Fantasy","4.32","The Codex Alera Complete Set",,,"2011",,"Young Adult","4.62","1543","https://www.goodreads.com/book/show/26065518-the-codex-alera-complete-set"
"29","Jim  Butcher","Fantasy","4.32","The Dresden Files: Fool Moon, Volume 1",,,"2011","128",,"4.17","2481","https://www.goodreads.com/book/show/6855336-the-dresden-files"
"29","Jim  Butcher","Fantasy","4.32","The Dresden Files: Storm Front, Volume 2: Maelstrom",,,"2011","160",,"4.31","2990","https://www.goodreads.com/book/show/6285252-the-dresden-files"
"29","Jim  Butcher","Fantasy","4.32","The Dresden Files: Fool Moon, Volume 2",,,"2013","120",,"4.1","1317","https://www.goodreads.com/book/show/16231091-the-dresden-files"
"29","Jim  Butcher","Fantasy","4.32","Jim Butcher's The Dresden Files: War Cry",,,"2014","143",,"4.17","2582","https://www.goodreads.com/book/show/23137382-jim-butcher-s-the-dresden-files"
"29","Jim  Butcher","Fantasy","4.32","Working for Bigfoot (The Dresden Files #11.4)","The Dresden Files","11.4","2014","136",,"4.29","11640","https://www.goodreads.com/book/show/25807691-working-for-bigfoot"
"29","Jim  Butcher","Fantasy","4.32","Jim Butcher's The Dresden Files: Down Town",,,"2015","176",,"4.04","2084","https://www.goodreads.com/book/show/25558821-jim-butcher-s-the-dresden-files"
"29","Jim  Butcher","Fantasy","4.32","The Aeronaut's Windlass (The Cinder Spires, #1)","The Cinder Spires,","1","2015","630",,"4.18","48669","https://www.goodreads.com/book/show/136342745-the-aeronaut-s-windlass"
"29","Jim  Butcher","Fantasy","4.32","The Olympian Affair (The Cinder Spires, #2)","The Cinder Spires,","2","2023","610",,"4.36","9849","https://www.goodreads.com/book/show/26860699-the-olympian-affair"
"29","Jim  Butcher","Fantasy","4.32","Jim Butcher's The Dresden Files: Wild Card",,,"2016","152",,"4.03","1329","https://www.goodreads.com/book/show/30272307-jim-butcher-s-the-dresden-files"
"29","Jim  Butcher","Fantasy","4.32","Heroic Hearts",,,"2022","368",,"4.15","4039","https://www.goodreads.com/book/show/58734999-heroic-hearts"
"29","Jim  Butcher","Fantasy","4.32","Warriorborn (The Cinder Spires #1.5)","The Cinder Spires","1.5","2023","145",,"4.42","5136","https://www.goodreads.com/book/show/195463561-warriorborn"
"30","Martha Wells","Science-Fiction","4.27","Compulsory (The Murderbot Diaries, #0.5)","The Murderbot Diaries,","0.5","1993","8",,"4.31","13497","https://www.goodreads.com/book/show/195264190-compulsory"
"30","Martha Wells","Science-Fiction","4.27","All Systems Red (The Murderbot Diaries, #1)","The Murderbot Diaries,","1","1993","144",,"4.12","350866","https://www.goodreads.com/book/show/32758901-all-systems-red"
"30","Martha Wells","Science-Fiction","4.27","Artificial Condition (The Murderbot Diaries, #2)","The Murderbot Diaries,","2","1993","158",,"4.25","203360","https://www.goodreads.com/book/show/36223860-artificial-condition"
"30","Martha Wells","Science-Fiction","4.27","Rogue Protocol (The Murderbot Diaries, #3)","The Murderbot Diaries,","3","1993","159",,"4.24","162847","https://www.goodreads.com/book/show/35519101-rogue-protocol"
"30","Martha Wells","Science-Fiction","4.27","Exit Strategy (The Murderbot Diaries, #4)","The Murderbot Diaries,","4","1993","172",,"4.37","143664","https://www.goodreads.com/book/show/35519109-exit-strategy"
"30","Martha Wells","Science-Fiction","4.27","Home: Habitat, Range, Niche, Territory (The Murderbot Diaries, #4.5)","The Murderbot Diaries,","4.5","1993","19",,"4.1","28887","https://www.goodreads.com/book/show/57623348-home"
"30","Martha Wells","Science-Fiction","4.27","Network Effect (The Murderbot Diaries, #5)","The Murderbot Diaries,","5","1993","350",,"4.47","119975","https://www.goodreads.com/book/show/52381770-network-effect"
"30","Martha Wells","Science-Fiction","4.27","Fugitive Telemetry (The Murderbot Diaries, #6)","The Murderbot Diaries,","6","1993","168",,"4.29","98275","https://www.goodreads.com/book/show/53205854-fugitive-telemetry"
"30","Martha Wells","Science-Fiction","4.27","System Collapse (The Murderbot Diaries, #7)","The Murderbot Diaries,","7","1993","245",,"4.25","68911","https://www.goodreads.com/book/show/65211701-system-collapse"
"31","Joe Abercrombie","Fantasy","4.32","Best Served Cold",,,"2006","534",,"4.24","108103","https://www.goodreads.com/book/show/2315892.Best_Served_Cold"
"31","Joe Abercrombie","Fantasy","4.32","Red Country",,,"2006","469",,"4.31","63361","https://www.goodreads.com/book/show/13521459-red-country"
"31","Joe Abercrombie","Fantasy","4.32","Sharp Ends",,,"2006","304",,"4.11","25887","https://www.goodreads.com/book/show/26030742-sharp-ends"
"31","Joe Abercrombie","Fantasy","4.32","Half the World (Shattered Sea, #2)","Shattered Sea,","2","2006","366","Young Adult","4.19","44575","https://www.goodreads.com/book/show/22055283-half-the-world"
"31","Joe Abercrombie","Fantasy","4.32","Half a War (Shattered Sea, #3)","Shattered Sea,","3","2006","513","Young Adult","4.03","36705","https://www.goodreads.com/book/show/22381326-half-a-war"
"31","Joe Abercrombie","Fantasy","4.32","A Little Hatred (The Age of Madness, #1)","The Age of Madness,","1","2006","480",,"4.45","57302","https://www.goodreads.com/book/show/35606041-a-little-hatred"
"31","Joe Abercrombie","Fantasy","4.32","The Trouble with Peace (The Age of Madness, #2)","The Age of Madness,","2","2006","506",,"4.6","42608","https://www.goodreads.com/book/show/40701777-the-trouble-with-peace"
"31","Joe Abercrombie","Fantasy","4.32","The Wisdom of Crowds (The Age of Madness, #3)","The Age of Madness,","3","2006","520",,"4.6","37751","https://www.goodreads.com/book/show/40701780-the-wisdom-of-crowds"
"31","Joe Abercrombie","Fantasy","4.32","The Devils (The Devils, #1)","The Devils,","1","2006","547",,"4.26","37509","https://www.goodreads.com/book/show/233800039-the-devils"
"31","Joe Abercrombie","Fantasy","4.32","The First Law Trilogy",,,"2006","1600",,"4.53","11495","https://www.goodreads.com/book/show/11706669-the-first-law-trilogy"
"31","Joe Abercrombie","Fantasy","4.32","The Blade Itself (The First Law, #1)","The First Law,","1","2006","515",,"4.22","301240","https://www.goodreads.com/book/show/944073.The_Blade_Itself"
"31","Joe Abercrombie","Fantasy","4.32","Before They Are Hanged (The First Law, #2)","The First Law,","2","2006","441",,"4.36","209467","https://www.goodreads.com/book/show/902715.Before_They_Are_Hanged"
"31","Joe Abercrombie","Fantasy","4.32","Last Argument of Kings (The First Law, #3)","The First Law,","3","2006","536",,"4.36","193268","https://www.goodreads.com/book/show/944076.Last_Argument_of_Kings"
"31","Joe Abercrombie","Fantasy","4.32","The Great Change",,,"2006","77",,"4.16","1788","https://www.goodreads.com/book/show/199045103-the-great-change"
"31","Joe Abercrombie","Fantasy","4.32","The Heroes",,,"2006","581",,"4.35","74038","https://www.goodreads.com/book/show/9300768-the-heroes"
"32","Colson Whitehead","Other","4.28","Beastie Boys Book",,,"2018","572",,"4.53","13991","https://www.goodreads.com/book/show/38799788-beastie-boys-book"
"32","Colson Whitehead","Other","4.28","The Nickel Boys",,,"2023","213",,"4.25","299729","https://www.goodreads.com/book/show/42270835-the-nickel-boys"
"32","Colson Whitehead","Other","4.28","The Underground Railroad",,,"2023","306",,"4.06","438728","https://www.goodreads.com/book/show/30555488-the-underground-railroad"
"33","Ken Liu","Fantasy","4.31","The Man Who Ended History: A Documentary",,,"2011","55",,"4.15","1208","https://www.goodreads.com/book/show/13501217-the-man-who-ended-history"
"33","Ken Liu","Fantasy","4.31","The Paper Menagerie",,,"2011","32",,"4.56","5058","https://www.goodreads.com/book/show/39803561-the-paper-menagerie"
"33","Ken Liu","Fantasy","4.31","Invisible Planets: Contemporary Chinese Science Fiction in Translation",,,"2016","383",,"4.04","5295","https://www.goodreads.com/book/show/28220730-invisible-planets"
"33","Ken Liu","Fantasy","4.31","The Wall of Storms (The Dandelion Dynasty, #2)","The Dandelion Dynasty,","2","2016","880",,"4.35","9384","https://www.goodreads.com/book/show/18952381-the-wall-of-storms"
"33","Ken Liu","Fantasy","4.31","The Veiled Throne (The Dandelion Dynasty, #3)","The Dandelion Dynasty,","3","2021","982",,"4.15","4536","https://www.goodreads.com/book/show/18952403-the-veiled-throne"
"33","Ken Liu","Fantasy","4.31","Speaking Bones (The Dandelion Dynasty, #4)","The Dandelion Dynasty,","4","2022","1047",,"4.55","3740","https://www.goodreads.com/book/show/55596771-speaking-bones"
"33","Ken Liu","Fantasy","4.31","The Paper Menagerie and Other Stories",,,"2016","450",,"4.36","37639","https://www.goodreads.com/book/show/24885533-the-paper-menagerie-and-other-stories"
"34","Neal Stephenson","Science-Fiction","4.25","Snow Crash",,,"1992","576",,"4.01","295423","https://www.goodreads.com/book/show/61240297-snow-crash"
"34","Neal Stephenson","Science-Fiction","4.25","The Diamond Age: Or, a Young Lady's Illustrated Primer",,,"1995","499",,"4.16","92732","https://www.goodreads.com/book/show/827.The_Diamond_Age"
"34","Neal Stephenson","Science-Fiction","4.25","Cryptonomicon",,,"1999","1152",,"4.23","116265","https://www.goodreads.com/book/show/816.Cryptonomicon"
"34","Neal Stephenson","Science-Fiction","4.25","Currency (The Baroque Cycle, Vol. 3, Book 2)",,,"2003","448",,"4.39","1261","https://www.goodreads.com/book/show/227968.Currency"
"34","Neal Stephenson","Science-Fiction","4.25","King of the Vagabonds (The Baroque Cycle, Vol. 1, Book 2)",,,"2004","400",,"4.18","2555","https://www.goodreads.com/book/show/2016.King_of_the_Vagabonds"
"34","Neal Stephenson","Science-Fiction","4.25","Solomon's Gold (The Baroque Cycle, Vol. 3, Book 1)",,,"2004","448",,"4.33","1210","https://www.goodreads.com/book/show/2017.Solomon_s_Gold"
"34","Neal Stephenson","Science-Fiction","4.25","The Confusion (The Baroque Cycle, #2)","The Baroque Cycle,","2","2004","815",,"4.27","25106","https://www.goodreads.com/book/show/822.The_Confusion"
"34","Neal Stephenson","Science-Fiction","4.25","The System of the World (The Baroque Cycle, #3)","The Baroque Cycle,","3","2004","908",,"4.34","22896","https://www.goodreads.com/book/show/116257.The_System_of_the_World"
"34","Neal Stephenson","Science-Fiction","4.25","The Confusion, Part I (The Baroque Cycle, Vol. 2, Book 1)",,,"2004","608",,"4.43","1196","https://www.goodreads.com/book/show/227967.The_Confusion_Part_I"
"34","Neal Stephenson","Science-Fiction","4.25","Odalisque (The Baroque Cycle, Vol. 1, Book 3)",,,"2005","464",,"4.2","2059","https://www.goodreads.com/book/show/829.Odalisque"
"34","Neal Stephenson","Science-Fiction","4.25","Anathem",,,"2008","937",,"4.17","75000","https://www.goodreads.com/book/show/2845024-anathem"
"34","Neal Stephenson","Science-Fiction","4.25","The Confusion, Part II (The Baroque Cycle, Vol. 2, Book 2)",,,"2012",,,"4.44","1028","https://www.goodreads.com/book/show/1745057.The_Confusion_Part_II"
"34","Neal Stephenson","Science-Fiction","4.25","Seveneves",,,"2015","872",,"4","123749","https://www.goodreads.com/book/show/22816087-seveneves"
"34","Neal Stephenson","Science-Fiction","4.25","Quicksilver (The Baroque Cycle, Vol. 1, Book 1)",,,,"456",,"4.11","3171","https://www.goodreads.com/book/show/45277.Quicksilver"
"34","Neal Stephenson","Science-Fiction","4.25","The System of the World (The Baroque Cycle, Vol. 3, Book 3)",,,,"368",,"4.46","1524","https://www.goodreads.com/book/show/459504.The_System_of_the_World"
"35","R.F. Kuang","Fantasy","4.31","The Poppy War (The Poppy War, #1)","The Poppy War,","1","2018","545","Young Adult","4.17","449443","https://www.goodreads.com/book/show/35068705-the-poppy-war"
"35","R.F. Kuang","Fantasy","4.31","The Poppy War, The Dragon Republic, The Burning God (The Poppy War, #1-3)","The Poppy War,","1","2021",,,"4.38","2148","https://www.goodreads.com/book/show/59987058-the-poppy-war-the-dragon-republic-the-burning-god"
"35","R.F. Kuang","Fantasy","4.31","The Dragon Republic (The Poppy War, #2)","The Poppy War,","2","2019","654","Young Adult","4.35","203541","https://www.goodreads.com/book/show/41212753-the-dragon-republic"
"35","R.F. Kuang","Fantasy","4.31","The Drowning Faith (The Poppy War, #2.5)","The Poppy War,","2.5","2020","15",,"4.51","27334","https://www.goodreads.com/book/show/55927316-the-drowning-faith"
"35","R.F. Kuang","Fantasy","4.31","The Burning God (The Poppy War, #3)","The Poppy War,","3","2020","622",,"4.29","156429","https://www.goodreads.com/book/show/45857086-the-burning-god"
"35","R.F. Kuang","Fantasy","4.31","Babel",,,"2022","544",,"4.15","430390","https://www.goodreads.com/book/show/57945316-babel"
"36","Ken Follett","Other","4.26","A Dangerous Fortune",,,"2007","596",,"4.16","55844","https://www.goodreads.com/book/show/825508.A_Dangerous_Fortune"
"36","Ken Follett","Other","4.26","A Place Called Freedom",,,"2007","437",,"4.07","45331","https://www.goodreads.com/book/show/825509.A_Place_Called_Freedom"
"36","Ken Follett","Other","4.26","Circle of Days",,,"2007","704",,"4.06","4156","https://www.goodreads.com/book/show/219856609-circle-of-days"
"36","Ken Follett","Other","4.26","Eye of the Needle",,,"2007","368",,"4.21","167711","https://www.goodreads.com/book/show/92364.Eye_of_the_Needle"
"36","Ken Follett","Other","4.26","Hornet Flight",,,"2007","518",,"4","28555","https://www.goodreads.com/book/show/92375.Hornet_Flight"
"36","Ken Follett","Other","4.26","Jackdaws",,,"2007","432",,"4.08","42930","https://www.goodreads.com/book/show/5062.Jackdaws"
"36","Ken Follett","Other","4.26","The Evening and the Morning (Kingsbridge, #0)","Kingsbridge,","0","2007","913",,"4.39","130964","https://www.goodreads.com/book/show/49239093-the-evening-and-the-morning"
"36","Ken Follett","Other","4.26","The Pillars of the Earth (Kingsbridge, #1)","Kingsbridge,","1","2007","976",,"4.35","818172","https://www.goodreads.com/book/show/5043.The_Pillars_of_the_Earth"
"36","Ken Follett","Other","4.26","World Without End (Kingsbridge, #2)","Kingsbridge,","2","2007","1237",,"4.32","272043","https://www.goodreads.com/book/show/5064.World_Without_End"
"36","Ken Follett","Other","4.26","A Column of Fire (Kingsbridge, #3)","Kingsbridge,","3","2007","916",,"4.26","123050","https://www.goodreads.com/book/show/33571713-a-column-of-fire"
"36","Ken Follett","Other","4.26","The Armor of Light (Kingsbridge, #4)","Kingsbridge,","4","2007","737",,"4.22","56332","https://www.goodreads.com/book/show/81067992-the-armor-of-light"
"36","Ken Follett","Other","4.26","Los pilares de la tierra I",,,"2007","468",,"4.44","14296","https://www.goodreads.com/book/show/12994251-los-pilares-de-la-tierra-i"
"36","Ken Follett","Other","4.26","Never",,,"2007","802",,"4.09","70648","https://www.goodreads.com/book/show/57747930-never"
"36","Ken Follett","Other","4.26","On Wings of Eagles",,,"2007","416",,"4","15620","https://www.goodreads.com/book/show/5058.On_Wings_of_Eagles"
"36","Ken Follett","Other","4.26","Os Pilares da Terra, Volume II (Os Pilares da Terra, #2)","Os Pilares da Terra,","2","2007","596",,"4.5","3125","https://www.goodreads.com/book/show/6304285-os-pilares-da-terra-volume-ii"
"36","Ken Follett","Other","4.26","Winter of the World (The Century Trilogy #2)","The Century Trilogy","2","2007","940",,"4.38","174932","https://www.goodreads.com/book/show/12959233-winter-of-the-world"
"36","Ken Follett","Other","4.26","Fall of Giants (The Century Trilogy, #1)","The Century Trilogy,","1","2007","985",,"4.32","343518","https://www.goodreads.com/book/show/7315573-fall-of-giants"
"36","Ken Follett","Other","4.26","Edge of Eternity (The Century Trilogy, #3)","The Century Trilogy,","3","2007","36",,"4.2","116308","https://www.goodreads.com/book/show/23190986-edge-of-eternity"
"36","Ken Follett","Other","4.26","The Key to Rebecca; The Hammer of Eden",,,"2007","551",,"4.11","1061","https://www.goodreads.com/book/show/498440.The_Key_to_Rebecca_The_Hammer_of_Eden"
"36","Ken Follett","Other","4.26","Trilogía The Century: La caída de los gigantes / El invierno del mundo / El umbral de la eternidad",,,"2007","4008",,"4.63","1985","https://www.goodreads.com/book/show/23645312-trilog-a-the-century"
"36","Ken Follett","Other","4.26","Um Mundo Sem Fim, Volume I",,,"2007","581",,"4.43","1227","https://www.goodreads.com/book/show/4790998-um-mundo-sem-fim-volume-i"
"36","Ken Follett","Other","4.26","Um Mundo Sem Fim, Volume II",,,"2007","588",,"4.5","1077","https://www.goodreads.com/book/show/6216196-um-mundo-sem-fim-volume-ii"
"37","Robert Jordan","Fantasy","4.31","To the Blight (The Eye of the World, #2)","The Eye of the World,","2","1990","500","Children","4.18","3110","https://www.goodreads.com/book/show/13889.To_the_Blight"
"37","Robert Jordan","Fantasy","4.31","New Spring (The Wheel of Time, #0)","The Wheel of Time,","0","2004","423",,"4.07","116220","https://www.goodreads.com/book/show/187065.New_Spring"
"37","Robert Jordan","Fantasy","4.31","The Eye of the World (The Wheel of Time, #1)","The Wheel of Time,","1","1990","800",,"4.19","583114","https://www.goodreads.com/book/show/228665.The_Eye_of_the_World"
"37","Robert Jordan","Fantasy","4.31","The Great Hunt (The Wheel of Time, #2)","The Wheel of Time,","2","1990","705",,"4.27","350744","https://www.goodreads.com/book/show/233649.The_Great_Hunt"
"37","Robert Jordan","Fantasy","4.31","The Dragon Reborn (The Wheel of Time, #3)","The Wheel of Time,","3","1991","624",,"4.28","319536","https://www.goodreads.com/book/show/34897.The_Dragon_Reborn"
"37","Robert Jordan","Fantasy","4.31","The Shadow Rising (The Wheel of Time, #4)","The Wheel of Time,","4","1992","1007",,"4.28","257487","https://www.goodreads.com/book/show/9539.The_Shadow_Rising"
"37","Robert Jordan","Fantasy","4.31","The Fires of Heaven (The Wheel of Time, #5)","The Wheel of Time,","5","1993","912",,"4.2","208262","https://www.goodreads.com/book/show/13895.The_Fires_of_Heaven"
"37","Robert Jordan","Fantasy","4.31","Lord of Chaos (The Wheel of Time, #6)","The Wheel of Time,","6","1994","1011",,"4.19","193378","https://www.goodreads.com/book/show/35231.Lord_of_Chaos"
"37","Robert Jordan","Fantasy","4.31","A Crown of Swords (The Wheel of Time, #7)","The Wheel of Time,","7","1996","880",,"4.07","183566","https://www.goodreads.com/book/show/13890.A_Crown_of_Swords"
"37","Robert Jordan","Fantasy","4.31","Knife of Dreams (The Wheel of Time, #11)","The Wheel of Time,","11","2005","860",,"4.2","145927","https://www.goodreads.com/book/show/13888.Knife_of_Dreams"
"37","Robert Jordan","Fantasy","4.31","The Gathering Storm (The Wheel of Time, #12)","The Wheel of Time,","12","2009","824",,"4.44","174938","https://www.goodreads.com/book/show/1166599.The_Gathering_Storm"
"37","Robert Jordan","Fantasy","4.31","Towers of Midnight (The Wheel of Time, #13)","The Wheel of Time,","13","2010","863",,"4.48","172261","https://www.goodreads.com/book/show/8253920-towers-of-midnight"
"37","Robert Jordan","Fantasy","4.31","A Memory of Light (The Wheel of Time, #14)","The Wheel of Time,","14","2013","912",,"4.58","159139","https://www.goodreads.com/book/show/7743175-a-memory-of-light"
"37","Robert Jordan","Fantasy","4.31","From the Two Rivers: The Eye of the World, Part 1 (Wheel of time, #1-1)","Wheel of time,","1","1990","416","Young Adult","4.27","19571","https://www.goodreads.com/book/show/187049.From_the_Two_Rivers"
"37","Robert Jordan","Fantasy","4.31","The Wheel of Time: Boxed Set  (Wheel of Time, #1-8)","Wheel of Time,","1","1990",,,"4.4","10222","https://www.goodreads.com/book/show/1111600.The_Wheel_of_Time"
"37","Robert Jordan","Fantasy","4.31","The Wheel of Time: Boxed Set #1 (Wheel of Time, #1-3)","Wheel of Time,","1","1990","2272",,"4.45","18872","https://www.goodreads.com/book/show/35233.The_Wheel_of_Time"
"37","Robert Jordan","Fantasy","4.31","New Threads in the Pattern: The Great Hunt, Part 2 (Wheel of Time, #2-2)","Wheel of Time,","2","1990","464",,"4.29","1558","https://www.goodreads.com/book/show/35228.New_Threads_in_the_Pattern"
"37","Robert Jordan","Fantasy","4.31","The Wheel of Time: Boxed Set #2 (Wheel of Time, #4-6)","Wheel of Time,","4","1997","3006",,"4.5","4300","https://www.goodreads.com/book/show/58427.The_Wheel_of_Time"
"37","Robert Jordan","Fantasy","4.31","The Wheel of Time: Boxed Set #3 (Wheel of Time, #7-9)","Wheel of Time,","7","2002","2400",,"4.48","2057","https://www.goodreads.com/book/show/35230.The_Wheel_of_Time"
"37","Robert Jordan","Fantasy","4.31","Camino a Tear (La Rueda Del Tiempo, #5)","La Rueda Del Tiempo,","5","1991","344",,"4.06","1117","https://www.goodreads.com/book/show/484937.Camino_a_Tear"
"37","Robert Jordan","Fantasy","4.31","El pueblo del dragón (La Rueda Del Tiempo, #6)","La Rueda Del Tiempo,","6","1991","384",,"4.11","1000","https://www.goodreads.com/book/show/416515.El_pueblo_del_drag_n"
"37","Robert Jordan","Fantasy","4.31","Snow: The Prologue to Winter's Heart (Wheel of Time, part of #9)","Wheel of Time, part of","9","2000",,,"4.16","1129","https://www.goodreads.com/book/show/2486401.Snow"
"37","Robert Jordan","Fantasy","4.31","Glimmers: Prologue to Crossroads of Twilight",,,"2002","107",,"4.11","1779","https://www.goodreads.com/book/show/4968078-glimmers"
"37","Robert Jordan","Fantasy","4.31","What the Storm Means: Prologue to The Gathering Storm",,,"2009","64",,"4.33","1013","https://www.goodreads.com/book/show/6980873-what-the-storm-means"
"37","Robert Jordan","Fantasy","4.31","Distinctions: Prologue to Towers of Midnight",,,"2010",,,"4.41","1638","https://www.goodreads.com/book/show/9105238-distinctions"
"37","Robert Jordan","Fantasy","4.31","By Grace and Banners Fallen: Prologue to A Memory of Light",,,"2012","74",,"4.55","4437","https://www.goodreads.com/book/show/16006282-by-grace-and-banners-fallen"
"37","Robert Jordan","Fantasy","4.31","The Complete Wheel of Time",,,"2014","11095",,"4.64","4287","https://www.goodreads.com/book/show/22429484-the-complete-wheel-of-time"
"37","Robert Jordan","Fantasy","4.31","The Wheel of Time Companion",,,"2015","816",,"4.22","1451","https://www.goodreads.com/book/show/23847904-the-wheel-of-time-companion"
"37","Robert Jordan","Fantasy","4.31","The Wheel of time series by Robert Jordan (1-11)",,,,,,"4.59","7135","https://www.goodreads.com/book/show/7932486-the-wheel-of-time-series-by-robert-jordan"
"38","Dan Simmons","Science-Fiction","4.24","Hyperion (Hyperion Cantos, #1)","Hyperion Cantos,","1","1989","500",,"4.27","291548","https://www.goodreads.com/book/show/77566.Hyperion"
"38","Dan Simmons","Science-Fiction","4.24","The Hyperion Omnibus (Hyperion Cantos, #1-2)","Hyperion Cantos,","1","1990","779",,"4.44","4110","https://www.goodreads.com/book/show/3943.The_Hyperion_Omnibus"
"38","Dan Simmons","Science-Fiction","4.24","The Fall of Hyperion (Hyperion Cantos, #2)","Hyperion Cantos,","2","1990","517",,"4.24","144706","https://www.goodreads.com/book/show/77565.The_Fall_of_Hyperion"
"38","Dan Simmons","Science-Fiction","4.24","Endymion (Hyperion Cantos, #3)","Hyperion Cantos,","3","1996","563",,"4.19","69129","https://www.goodreads.com/book/show/3977.Endymion"
"38","Dan Simmons","Science-Fiction","4.24","The Endymion Omnibus (Hyperion Cantos, #3-4)","Hyperion Cantos,","3","1996","992",,"4.35","2157","https://www.goodreads.com/book/show/159320.The_Endymion_Omnibus"
"38","Dan Simmons","Science-Fiction","4.24","The Rise of Endymion (Hyperion Cantos, #4)","Hyperion Cantos,","4","1997","709",,"4.17","63663","https://www.goodreads.com/book/show/11289.The_Rise_of_Endymion"
"38","Dan Simmons","Science-Fiction","4.24","Summer of Night (Seasons of Horror, #1)","Seasons of Horror,","1","1991","600",,"4.05","28392","https://www.goodreads.com/book/show/11279.Summer_of_Night"
"38","Dan Simmons","Science-Fiction","4.24","Ilium (Ilium, #1)","Ilium,","1","2003","731",,"4.04","32048","https://www.goodreads.com/book/show/3973.Ilium"
"38","Dan Simmons","Science-Fiction","4.24","The Terror",,,"2007","835",,"4.09","71901","https://www.goodreads.com/book/show/3974.The_Terror"
"38","Dan Simmons","Science-Fiction","4.24","Hyperion / The Fall of Hyperion / Endymion / Rise of Endymion",,,"2013",,,"4.56","2137","https://www.goodreads.com/book/show/2930753-hyperion-the-fall-of-hyperion-endymion-rise-of-endymion"
"39","Scott Lynch","Fantasy","4.3","The Lies of Locke Lamora (Gentleman Bastard, #1)","Gentleman Bastard,","1","2006","752",,"4.3","333328","https://www.goodreads.com/book/show/29588376-the-lies-of-locke-lamora"
"39","Scott Lynch","Fantasy","4.3","Red Seas Under Red Skies (Gentleman Bastard, #2)","Gentleman Bastard,","2","2007","578",,"4.25","157243","https://www.goodreads.com/book/show/40604556-red-seas-under-red-skies"
"39","Scott Lynch","Fantasy","4.3","The Republic of Thieves (Gentleman Bastard, #3)","Gentleman Bastard,","3","2013","650",,"4.21","119101","https://www.goodreads.com/book/show/2890090-the-republic-of-thieves"
"39","Scott Lynch","Fantasy","4.3","The Thorn of Emberlain (Gentleman Bastard, #4)","Gentleman Bastard,","4",,"512",,"4.32","3038","https://www.goodreads.com/book/show/8074907-the-thorn-of-emberlain"
"39","Scott Lynch","Fantasy","4.3","In the Stacks",,,"2010","49",,"4.05","1524","https://www.goodreads.com/book/show/41124045-in-the-stacks"
"39","Scott Lynch","Fantasy","4.3","The Lies of Locke Lamora / Red Seas Under Red Skies (Gentleman Bastard #1-2)","Gentleman Bastard","1","2013","1229",,"4.44","2143","https://www.goodreads.com/book/show/19105890-the-lies-of-locke-lamora-red-seas-under-red-skies"
"39","Scott Lynch","Fantasy","4.3","The Gentleman Bastard #1-3 (Gentleman Bastard #1-3)","Gentleman Bastard","1","2015","2240","Young Adult","4.55","2228","https://www.goodreads.com/book/show/25615136-the-gentleman-bastard-1-3"
"40","Stieg Larsson","Other","4.26","The Millennium Trilogy (Millennium Trilogy, #1-3)","Millennium Trilogy,","1","2005","1531",,"4.47","57242","https://www.goodreads.com/book/show/7822895-the-millennium-trilogy"
"40","Stieg Larsson","Other","4.26","The Girl With the Dragon Tattoo (Millennium, #1)","Millennium,","1","2005","480",,"4.17","3407826","https://www.goodreads.com/book/show/2429135.The_Girl_With_the_Dragon_Tattoo"
"40","Stieg Larsson","Other","4.26","La ragazza che giocava con il fuoco 1 (Millennium, #2-1)","Millennium,","2","2010","362",,"4.14","1286","https://www.goodreads.com/book/show/14622630-la-ragazza-che-giocava-con-il-fuoco-1"
"40","Stieg Larsson","Other","4.26","The Girl Who Kicked the Hornet’s Nest (Millennium, #3)","Millennium,","3","2007","566",,"4.24","770454","https://www.goodreads.com/book/show/6892870-the-girl-who-kicked-the-hornet-s-nest"
"40","Stieg Larsson","Other","4.26","The Girl Who Played with Fire (Millennium #2)","Millennium","2","2006","503",,"4.26","977944","https://www.goodreads.com/book/show/5060378-the-girl-who-played-with-fire"
"41","Tamsyn Muir","Fantasy","4.3","The Mysterious Study of Doctor Sex (The Locked Tomb, #0.5)","The Locked Tomb,","0.5","2020","28",,"4.13","5266","https://www.goodreads.com/book/show/53465671-the-mysterious-study-of-doctor-sex"
"41","Tamsyn Muir","Fantasy","4.3","Gideon the Ninth (The Locked Tomb, #1)","The Locked Tomb,","1","2019","448",,"4.19","177051","https://www.goodreads.com/book/show/42036538-gideon-the-ninth"
"41","Tamsyn Muir","Fantasy","4.3","Harrow the Ninth (The Locked Tomb, #2)","The Locked Tomb,","2","2020","512",,"4.29","86435","https://www.goodreads.com/book/show/39325105-harrow-the-ninth"
"41","Tamsyn Muir","Fantasy","4.3","As Yet Unsent (The Locked Tomb, #2.5)","The Locked Tomb,","2.5","2021","24",,"4.35","3969","https://www.goodreads.com/book/show/58662978-as-yet-unsent"
"41","Tamsyn Muir","Fantasy","4.3","Nona the Ninth (The Locked Tomb, #3)","The Locked Tomb,","3","2022","480",,"4.34","53808","https://www.goodreads.com/book/show/58662507-nona-the-ninth"
"41","Tamsyn Muir","Fantasy","4.3","The Unwanted Guest (The Locked Tomb, #3.5)","The Locked Tomb,","3.5","2023","32",,"4.6","1977","https://www.goodreads.com/book/show/219360665-the-unwanted-guest"
"41","Tamsyn Muir","Fantasy","4.3","Princess Floralinda and the Forty-Flight Tower",,,"2020","146",,"4.17","8223","https://www.goodreads.com/book/show/54391767-princess-floralinda-and-the-forty-flight-tower"
"42","Octavia E. Butler","Science-Fiction","4.23","Wild Seed (Patternist, #1)","Patternist,","1","1980","306",,"4.21","38982","https://www.goodreads.com/book/show/52318.Wild_Seed"
"42","Octavia E. Butler","Science-Fiction","4.23","Seed to Harvest (Patternist, #1-4)","Patternist,","1","2007","767",,"4.39","6628","https://www.goodreads.com/book/show/60924.Seed_to_Harvest"
"42","Octavia E. Butler","Science-Fiction","4.23","Mind of My Mind (Patternist, #2)","Patternist,","2","1977","226",,"4.19","15353","https://www.goodreads.com/book/show/116254.Mind_of_My_Mind"
"42","Octavia E. Butler","Science-Fiction","4.23","Patternmaster (Patternist, #4)","Patternist,","4","1976","208",,"4.03","10776","https://www.goodreads.com/book/show/116256.Patternmaster"
"42","Octavia E. Butler","Science-Fiction","4.23","Kindred",,,"1979","288",,"4.31","264170","https://www.goodreads.com/book/show/60931.Kindred"
"42","Octavia E. Butler","Science-Fiction","4.23","Bloodchild",,,"1984","31",,"4","6867","https://www.goodreads.com/book/show/21265321-bloodchild"
"42","Octavia E. Butler","Science-Fiction","4.23","Dawn (Xenogenesis, #1)","Xenogenesis,","1","1987","248",,"4.15","61878","https://www.goodreads.com/book/show/60929.Dawn"
"42","Octavia E. Butler","Science-Fiction","4.23","Lilith's Brood (Xenogenesis, #1-3)","Xenogenesis,","1","1987","746",,"4.37","21708","https://www.goodreads.com/book/show/60926.Lilith_s_Brood"
"42","Octavia E. Butler","Science-Fiction","4.23","Adulthood Rites (Xenogenesis, #2)","Xenogenesis,","2","1988","277",,"4.19","27998","https://www.goodreads.com/book/show/116249.Adulthood_Rites"
"42","Octavia E. Butler","Science-Fiction","4.23","Imago (Xenogenesis, #3)","Xenogenesis,","3","1989","220",,"4.2","24077","https://www.goodreads.com/book/show/60934.Imago"
"42","Octavia E. Butler","Science-Fiction","4.23","Earthseed: Parable of the Sower and Parable of the Talents",,,"1990","880","Young Adult","4.53","2519","https://www.goodreads.com/book/show/35007517-earthseed"
"42","Octavia E. Butler","Science-Fiction","4.23","Parable of the Sower (Earthseed, #1)","Earthseed,","1","1993","345",,"4.2","250011","https://www.goodreads.com/book/show/52397.Parable_of_the_Sower"
"42","Octavia E. Butler","Science-Fiction","4.23","Parable of the Talents (Earthseed, #2)","Earthseed,","2","1998","448",,"4.32","80753","https://www.goodreads.com/book/show/60932.Parable_of_the_Talents"
"42","Octavia E. Butler","Science-Fiction","4.23","Bloodchild and Other Stories",,,"1995","214",,"4.34","26576","https://www.goodreads.com/book/show/60930.Bloodchild_and_Other_Stories"
"42","Octavia E. Butler","Science-Fiction","4.23","Unexpected Stories",,,"2014","81",,"4.06","3912","https://www.goodreads.com/book/show/22023917-unexpected-stories"
"43","Neil Gaiman","Fantasy","4.28","Don't Panic: The Official Hitchhiker's Guide to the Galaxy Companion",,,"1986","181",,"4.28","25320","https://www.goodreads.com/book/show/79257.Don_t_Panic"
"43","Neil Gaiman","Fantasy","4.28","The Sandman #2: Imperfect Hosts",,,"1988","25",,"4.26","1370","https://www.goodreads.com/book/show/18810519-the-sandman-2"
"43","Neil Gaiman","Fantasy","4.28","The Sandman #4: Hope in Hell",,,"1988","25",,"4.42","1151","https://www.goodreads.com/book/show/18810708-the-sandman-4"
"43","Neil Gaiman","Fantasy","4.28","The Sandman, Vol. 1: Preludes & Nocturnes",,,"1988","240",,"4.25","272584","https://www.goodreads.com/book/show/23754.The_Sandman_Vol_1"
"43","Neil Gaiman","Fantasy","4.28","Angels and Visitations: A Miscellany",,,"1989","166",,"4.13","1756","https://www.goodreads.com/book/show/17327.Angels_and_Visitations"
"43","Neil Gaiman","Fantasy","4.28","The Sandman #1: Sleep of the Just",,,"1989","42",,"4.15","14056","https://www.goodreads.com/book/show/18245516-the-sandman-1"
"43","Neil Gaiman","Fantasy","4.28","The Sandman #6: 24 Hours",,,"1989","26",,"4.27","1004","https://www.goodreads.com/book/show/23495066-the-sandman-6"
"43","Neil Gaiman","Fantasy","4.28","The Sandman (Sandman #1)","Sandman","1","1990","560",,"4.44","4908","https://www.goodreads.com/book/show/60012216-the-sandman"
"43","Neil Gaiman","Fantasy","4.28","The Absolute Sandman, Volume 1",,,"1990","612",,"4.64","22596","https://www.goodreads.com/book/show/23753.The_Absolute_Sandman_Volume_1"
"43","Neil Gaiman","Fantasy","4.28","The Sandman, Vol. 2: The Doll's House",,,"1990","232",,"4.43","109976","https://www.goodreads.com/book/show/25099.The_Sandman_Vol_2"
"43","Neil Gaiman","Fantasy","4.28","The Sandman, Vol. 3: Dream Country",,,"1990","160",,"4.24","124310","https://www.goodreads.com/book/show/25100.The_Sandman_Vol_3"
"43","Neil Gaiman","Fantasy","4.28","The Sandman, Vol. 4: Season of Mists",,,"1991","224",,"4.53","80548","https://www.goodreads.com/book/show/25101.The_Sandman_Vol_4"
"43","Neil Gaiman","Fantasy","4.28","Murder Mysteries",,,"1992","64",,"4.06","5939","https://www.goodreads.com/book/show/490789.Murder_Mysteries"
"43","Neil Gaiman","Fantasy","4.28","The Absolute Sandman, Volume 2",,,"1992","616",,"4.66","9185","https://www.goodreads.com/book/show/1025685.The_Absolute_Sandman_Volume_2"
"43","Neil Gaiman","Fantasy","4.28","The Sandman, Vol. 5: A Game of You",,,"1992","192",,"4.41","68551","https://www.goodreads.com/book/show/25102.The_Sandman_Vol_5"
"43","Neil Gaiman","Fantasy","4.28","The Sandman: Book Two",,,"1992","544",,"4.48","2111","https://www.goodreads.com/book/show/60012215-the-sandman"
"43","Neil Gaiman","Fantasy","4.28","Death: The High Cost of Living",,,"1993","104",,"4.2","41859","https://www.goodreads.com/book/show/16791.Death"
"43","Neil Gaiman","Fantasy","4.28","The Absolute Sandman, Volume 3",,,"1993","616",,"4.68","8043","https://www.goodreads.com/book/show/2186848.The_Absolute_Sandman_Volume_3"
"43","Neil Gaiman","Fantasy","4.28","The Books of Magic",,,"1993","200","Young Adult","4.09","17894","https://www.goodreads.com/book/show/17727.The_Books_of_Magic"
"43","Neil Gaiman","Fantasy","4.28","The Sandman #5:  Passengers",,,"1993","26",,"4.19","1028","https://www.goodreads.com/book/show/23495050-the-sandman-5"
"43","Neil Gaiman","Fantasy","4.28","The Sandman, Vol. 6: Fables & Reflections",,,"1993","264",,"4.41","61062","https://www.goodreads.com/book/show/25106.The_Sandman_Vol_6"
"43","Neil Gaiman","Fantasy","4.28","The Sandman, Vol. 7: Brief Lives",,,"1993","256",,"4.54","61051","https://www.goodreads.com/book/show/25105.The_Sandman_Vol_7"
"43","Neil Gaiman","Fantasy","4.28","The Sandman, Vol. 8: Worlds' End",,,"1993","160",,"4.44","54226","https://www.goodreads.com/book/show/25103.The_Sandman_Vol_8"
"43","Neil Gaiman","Fantasy","4.28","The Sandman: Book Three",,,"1993","528",,"4.43","1273","https://www.goodreads.com/book/show/60012213-the-sandman"
"43","Neil Gaiman","Fantasy","4.28","The Sandman, Vol. 9: The Kindly Ones","Illustrator)</span>, 
</div>
<div class='authorName__container'>
<a class=""authorName"" itemprop=""url"" href=""https://www.goodreads.com/author/show/19291.D_Israeli""><span itemprop=""name"">D&","39","1995","352",,"4.59","52336","https://www.goodreads.com/book/show/71252.The_Sandman_Vol_9"
"43","Neil Gaiman","Fantasy","4.28","Snow, Glass, Apples",,,"1995","25",,"4.13","6838","https://www.goodreads.com/book/show/6366271-snow-glass-apples"
"43","Neil Gaiman","Fantasy","4.28","Snow, Glass, Apples",,,"2019","64",,"4.05","14903","https://www.goodreads.com/book/show/45303582-snow-glass-apples"
"43","Neil Gaiman","Fantasy","4.28","The Absolute Sandman, Volume 4","Artist)</span>, 
</div>
<div class='authorName__container'>
<a class=""authorName"" itemprop=""url"" href=""https://www.goodreads.com/author/show/19291.D_Israeli""><span itemprop=""name"">D&","39","1996","608",,"4.69","8960","https://www.goodreads.com/book/show/3375878-the-absolute-sandman-volume-4"
"43","Neil Gaiman","Fantasy","4.28","Death: The Time of Your Life",,,"1996","95",,"4.23","13582","https://www.goodreads.com/book/show/22339.Death"
"43","Neil Gaiman","Fantasy","4.28","Neverwhere (London Below, #1)","London Below,","1","1996","370",,"4.16","558307","https://www.goodreads.com/book/show/14497.Neverwhere"
"43","Neil Gaiman","Fantasy","4.28","The Sandman, Vol. 10: The Wake",,,"1996","192",,"4.51","51577","https://www.goodreads.com/book/show/25104.The_Sandman_Vol_10"
"43","Neil Gaiman","Fantasy","4.28","The Sandman: Book of Dreams",,,"1996","402",,"4.28","9033","https://www.goodreads.com/book/show/92377.The_Sandman"
"43","Neil Gaiman","Fantasy","4.28","Neil Gaiman and Charles Vess' Stardust #1",,,"1997","50","Young Adult","4.29","8928","https://www.goodreads.com/book/show/24520334-neil-gaiman-and-charles-vess-stardust-1"
"43","Neil Gaiman","Fantasy","4.28","Shoggoth's Old Peculiar",,,"1998","44",,"4","1225","https://www.goodreads.com/book/show/47728.Shoggoth_s_Old_Peculiar"
"43","Neil Gaiman","Fantasy","4.28","Smoke and Mirrors: Short Fiction and Illusions",,,"1998","365",,"4.01","73385","https://www.goodreads.com/book/show/16790.Smoke_and_Mirrors"
"43","Neil Gaiman","Fantasy","4.28","Stardust",,,"1999","248","Young Adult","4.1","478220","https://www.goodreads.com/book/show/16793.Stardust"
"43","Neil Gaiman","Fantasy","4.28","The Sandman: The Dream Hunters",,,"1999","128",,"4.41","21224","https://www.goodreads.com/book/show/166580.The_Sandman"
"43","Neil Gaiman","Fantasy","4.28","American Gods: Tenth Anniversary (American Gods, #1)","American Gods,","1","2001","635",,"4.1","984116","https://www.goodreads.com/book/show/30165203-american-gods"
"43","Neil Gaiman","Fantasy","4.28","Black Dog (American Gods, #1.2)","American Gods,","1.2","2016","96",,"4.11","2876","https://www.goodreads.com/book/show/31199023-black-dog"
"43","Neil Gaiman","Fantasy","4.28","Other People",,,"2001","3",,"4","1096","https://www.goodreads.com/book/show/16176131-other-people"
"43","Neil Gaiman","Fantasy","4.28","The Quotable Sandman",,,"2001","96",,"4.52","4498","https://www.goodreads.com/book/show/104602.The_Quotable_Sandman"
"43","Neil Gaiman","Fantasy","4.28","Coraline",,,"2002","176","Children; Middle Grade; Young Adult","4.13","769596","https://www.goodreads.com/book/show/17061.Coraline"
"43","Neil Gaiman","Fantasy","4.28","A Study in Emerald",,,"2003","1",,"4.16","9261","https://www.goodreads.com/book/show/6599565-a-study-in-emerald"
"43","Neil Gaiman","Fantasy","4.28","The Sandman: Endless Nights",,,"2003","160",,"4.32","30012","https://www.goodreads.com/book/show/47720.The_Sandman"
"43","Neil Gaiman","Fantasy","4.28","The Wolves in the Walls",,,"2003","56","Children; Young Adult","4.03","18414","https://www.goodreads.com/book/show/22341.The_Wolves_in_the_Walls"
"43","Neil Gaiman","Fantasy","4.28","Sandman. Tom 1. Sen sprawiedliwych",,,"2004","100",,"4.27","8384","https://www.goodreads.com/book/show/17255666-sandman-tom-1-sen-sprawiedliwych"
"43","Neil Gaiman","Fantasy","4.28","The Neil Gaiman Audio Collection",,,"2004","1","Children; Middle Grade; Young Adult","4.21","2274","https://www.goodreads.com/book/show/22337.The_Neil_Gaiman_Audio_Collection"
"43","Neil Gaiman","Fantasy","4.28","Anansi Boys",,,"2005","387",,"4.04","228975","https://www.goodreads.com/book/show/2744.Anansi_Boys"
"43","Neil Gaiman","Fantasy","4.28","The Dangerous Alphabet",,,"2008","32","Children; Young Adult","4.05","4451","https://www.goodreads.com/book/show/1967071.The_Dangerous_Alphabet"
"43","Neil Gaiman","Fantasy","4.28","The Graveyard Book",,,"2008","312","Children; Middle Grade; Young Adult","4.15","563197","https://www.goodreads.com/book/show/2213661.The_Graveyard_Book"
"43","Neil Gaiman","Fantasy","4.28","Blueberry Girl",,,"2009","32","Children; Young Adult","4.18","6303","https://www.goodreads.com/book/show/1967067.Blueberry_Girl"
"43","Neil Gaiman","Fantasy","4.28","Coraline and Other Stories",,,"2009","278","Children; Young Adult","4.11","1980","https://www.goodreads.com/book/show/6771443-coraline-and-other-stories"
"43","Neil Gaiman","Fantasy","4.28","The Graveyard Book Graphic Novel, Volume 2",,,"2009","176","Middle Grade; Young Adult","4.31","7347","https://www.goodreads.com/book/show/20452208-the-graveyard-book-graphic-novel-volume-2"
"43","Neil Gaiman","Fantasy","4.28","Instructions",,,"2010","40","Children; Young Adult","4.25","7827","https://www.goodreads.com/book/show/7023148-instructions"
"43","Neil Gaiman","Fantasy","4.28","The Absolute Sandman, Volume 5",,,"2011","520",,"4.64","3409","https://www.goodreads.com/book/show/10864102-the-absolute-sandman-volume-5"
"43","Neil Gaiman","Fantasy","4.28","American Gods / Anansi Boys: Coffret, 2 volumes",,,"2012","1181",,"4.32","2591","https://www.goodreads.com/book/show/2136943.American_Gods_Anansi_Boys"
"43","Neil Gaiman","Fantasy","4.28","Click-Clack the Rattlebag",,,"2012","1","Young Adult","4.08","2857","https://www.goodreads.com/book/show/16109478-click-clack-the-rattlebag"
"43","Neil Gaiman","Fantasy","4.28","Death (Death of the Endless, #1-2)","Death of the Endless,","1","2012","320",,"4.47","8712","https://www.goodreads.com/book/show/13532194-death"
"43","Neil Gaiman","Fantasy","4.28","Doctor Who: Nothing O'Clock",,,"2013","45","Young Adult","4.18","3917","https://www.goodreads.com/book/show/18754367-doctor-who"
"43","Neil Gaiman","Fantasy","4.28","Fortunately, the Milk",,,"2013","128","Children; Middle Grade; Young Adult","4.05","66799","https://www.goodreads.com/book/show/17349203-fortunately-the-milk"
"43","Neil Gaiman","Fantasy","4.28","Neverwhere: BBC Dramatisation",,,"2013","4",,"4.32","5593","https://www.goodreads.com/book/show/20362706-neverwhere"
"43","Neil Gaiman","Fantasy","4.28","The Ocean at the End of the Lane",,,"2013","195","Young Adult","4.01","653461","https://www.goodreads.com/book/show/18505792-the-ocean-at-the-end-of-the-lane"
"43","Neil Gaiman","Fantasy","4.28","The Sandman Omnibus Vol. 1",,,"2013","1040",,"4.64","3782","https://www.goodreads.com/book/show/17137673-the-sandman-omnibus-vol-1"
"43","Neil Gaiman","Fantasy","4.28","The Sandman Omnibus Vol. 2",,,"2013","1040",,"4.71","1983","https://www.goodreads.com/book/show/17671956-the-sandman-omnibus-vol-2"
"43","Neil Gaiman","Fantasy","4.28","The Sandman: Overture #1",,,"2013","18",,"4.26","4808","https://www.goodreads.com/book/show/18780631-the-sandman"
"43","Neil Gaiman","Fantasy","4.28","The Graveyard Book Graphic Novel, Volume 1",,,"2014","192","Middle Grade; Young Adult","4.31","18128","https://www.goodreads.com/book/show/18738869-the-graveyard-book-graphic-novel-volume-1"
"43","Neil Gaiman","Fantasy","4.28","The Sandman: Overture #2",,,"2014","17",,"4.52","1180","https://www.goodreads.com/book/show/19438978-the-sandman"
"43","Neil Gaiman","Fantasy","4.28","How the Marquis Got His Coat Back",,,"2015","37",,"4.04","14124","https://www.goodreads.com/book/show/26838903-how-the-marquis-got-his-coat-back"
"43","Neil Gaiman","Fantasy","4.28","The Sandman: Overture",,,"2015","224",,"4.05","66705","https://www.goodreads.com/book/show/18310944-the-sandman"
"43","Neil Gaiman","Fantasy","4.28","Norse Mythology",,,"2017","301",,"4.1","340382","https://www.goodreads.com/book/show/37903770-norse-mythology"
"43","Neil Gaiman","Fantasy","4.28","American Gods, Vol. 1: Shadows",,,"2018","262",,"4.15","4665","https://www.goodreads.com/book/show/35543916-american-gods-vol-1"
"43","Neil Gaiman","Fantasy","4.28","Art Matters: Because Your Imagination Can Change the World",,,"2018","95",,"4.28","19833","https://www.goodreads.com/book/show/40090596-art-matters"
"43","Neil Gaiman","Fantasy","4.28","American Gods, Vol. 2: My Ainsel",,,"2019","232",,"4.2","1750","https://www.goodreads.com/book/show/37955366-american-gods-vol-2"
"43","Neil Gaiman","Fantasy","4.28","The Quite Nice and Fairly Accurate Good Omens Script Book",,,"2019","512",,"4.64","11492","https://www.goodreads.com/book/show/42285661-the-quite-nice-and-fairly-accurate-good-omens-script-book"
"43","Neil Gaiman","Fantasy","4.28","American Gods, Vol. 3: The Moment of the Storm",,,"2020","224",,"4.28","1086","https://www.goodreads.com/book/show/37955367-american-gods-vol-3"
"43","Neil Gaiman","Fantasy","4.28","The Neil Gaiman Reader: Selected Fiction",,,"2020","752",,"4.44","2131","https://www.goodreads.com/book/show/50358085-the-neil-gaiman-reader"
"43","Neil Gaiman","Fantasy","4.28","The Sandman: The Deluxe Edition, Book One",,,"2020","528",,"4.37","1724","https://www.goodreads.com/book/show/48932528-the-sandman"
"43","Neil Gaiman","Fantasy","4.28","Chivalry",,,"2022","72",,"4.2","5651","https://www.goodreads.com/book/show/57344241-chivalry"
"43","Neil Gaiman","Fantasy","4.28","Norse Mythology, Vol. 1",,,,"160",,"4.1","1798","https://www.goodreads.com/book/show/54808890-norse-mythology-vol-1"
"43","Neil Gaiman","Fantasy","4.28","The Graveyard Book (The Graveyard Book, #1-2)","The Graveyard Book,","1",,"358","Children; Middle Grade; Young Adult","4.28","1964","https://www.goodreads.com/book/show/28371842-the-graveyard-book"
"43","Neil Gaiman","Fantasy","4.28","The Sandman #3:  ... Dream a Little Dream of Me",,,,"32",,"4.37","1242","https://www.goodreads.com/book/show/23495022-the-sandman-3"
"44","Alan             Moore","Other","4.25","V for Vendetta #1",,,"1982","29",,"4.08","89313","https://www.goodreads.com/book/show/18981933-v-for-vendetta-1"
"44","Alan             Moore","Other","4.25","Swamp Thing, Vol. 1: Saga of the Swamp Thing",,,"1983","173",,"4.24","28997","https://www.goodreads.com/book/show/102324.Swamp_Thing_Vol_1"
"44","Alan             Moore","Other","4.25","Absolute Swamp Thing by Alan Moore Vol. 1",,,"1985","448",,"4.51","1268","https://www.goodreads.com/book/show/41839478-absolute-swamp-thing-by-alan-moore-vol-1"
"44","Alan             Moore","Other","4.25","For the Man Who Has Everything",,,"1985","43",,"4.26","1131","https://www.goodreads.com/book/show/6537607-for-the-man-who-has-everything"
"44","Alan             Moore","Other","4.25","Swamp Thing, Vol. 2: Love and Death",,,"1985","207",,"4.41","12063","https://www.goodreads.com/book/show/109244.Swamp_Thing_Vol_2"
"44","Alan             Moore","Other","4.25","Swamp Thing, Vol. 3: The Curse",,,"1985","192",,"4.38","10456","https://www.goodreads.com/book/show/102323.Swamp_Thing_Vol_3"
"44","Alan             Moore","Other","4.25","Superman: Whatever Happened to the Man of Tomorrow?",,,"1986","128",,"4.06","3188","https://www.goodreads.com/book/show/5563473-superman"
"44","Alan             Moore","Other","4.25","Swamp Thing, Vol. 4: A Murder of Crows",,,"1986","206",,"4.36","8519","https://www.goodreads.com/book/show/109243.Swamp_Thing_Vol_4"
"44","Alan             Moore","Other","4.25","The Ballad of Halo Jones",,,"1986","200",,"4.09","2129","https://www.goodreads.com/book/show/59710.The_Ballad_of_Halo_Jones"
"44","Alan             Moore","Other","4.25","Watchmen #3: The Judge Of All The Earth",,,"1986","35",,"4.27","1073","https://www.goodreads.com/book/show/17857876-watchmen-3"
"44","Alan             Moore","Other","4.25","Watchmen #4: Watchmaker",,,"1986","37",,"4.55","1034","https://www.goodreads.com/book/show/28486475-watchmen-4"
"44","Alan             Moore","Other","4.25","Watchmen #1: At Midnight, All The Agents… (Watchmen, #1)","Watchmen,","1","1986","34",,"4.33","185341","https://www.goodreads.com/book/show/17856572-watchmen-1"
"44","Alan             Moore","Other","4.25","Watchmen #2: Absent Friends (Watchmen, #2)","Watchmen,","2","1986","35",,"4.29","1248","https://www.goodreads.com/book/show/17856703-watchmen-2"
"44","Alan             Moore","Other","4.25","Swamp Thing, Vol. 5: Earth to Earth",,,"1987","160",,"4.36","7506","https://www.goodreads.com/book/show/109242.Swamp_Thing_Vol_5"
"44","Alan             Moore","Other","4.25","Swamp Thing, Vol. 6: Reunion",,,"1987","200",,"4.28","6081","https://www.goodreads.com/book/show/109245.Swamp_Thing_Vol_6"
"44","Alan             Moore","Other","4.25","Watchmen",,,"1987","416",,"4.39","590292","https://www.goodreads.com/book/show/472331.Watchmen"
"44","Alan             Moore","Other","4.25","Batman: The Killing Joke",,,"1988","50",,"4.36","238580","https://www.goodreads.com/book/show/96358.Batman"
"44","Alan             Moore","Other","4.25","Miracleman, Book One: A Dream of Flying",,,"1990","176",,"4.24","4967","https://www.goodreads.com/book/show/198472.Miracleman_Book_One"
"44","Alan             Moore","Other","4.25","Miracleman, Book Two: The Red King Syndrome",,,"1990","224",,"4.32","2919","https://www.goodreads.com/book/show/198475.Miracleman_Book_Two"
"44","Alan             Moore","Other","4.25","V for Vendetta",,,"1990","296",,"4.26","322599","https://www.goodreads.com/book/show/5805.V_for_Vendetta"
"44","Alan             Moore","Other","4.25","Miracleman, Book Three: Olympus",,,"1991","328",,"4.36","2593","https://www.goodreads.com/book/show/41179.Miracleman_Book_Three"
"44","Alan             Moore","Other","4.25","From Hell",,,"1999","576",,"4.19","44124","https://www.goodreads.com/book/show/23529.From_Hell"
"44","Alan             Moore","Other","4.25","Top 10",,,"1999","352",,"4.27","1115","https://www.goodreads.com/book/show/23012591-top-10"
"44","Alan             Moore","Other","4.25","Top 10, Vol. 1",,,"2000","208",,"4.11","9982","https://www.goodreads.com/book/show/598638.Top_10_Vol_1"
"44","Alan             Moore","Other","4.25","Promethea, Vol. 2",,,"2001","176",,"4.09","5482","https://www.goodreads.com/book/show/325753.Promethea_Vol_2"
"44","Alan             Moore","Other","4.25","Top 10, Vol. 2",,,"2001","144",,"4.27","5695","https://www.goodreads.com/book/show/154929.Top_10_Vol_2"
"44","Alan             Moore","Other","4.25","Promethea, Vol. 3",,,"2002","160",,"4.13","4577","https://www.goodreads.com/book/show/325754.Promethea_Vol_3"
"44","Alan             Moore","Other","4.25","DC Universe: The Stories of Alan Moore",,,"2003","304",,"4.12","3606","https://www.goodreads.com/book/show/59705.DC_Universe"
"44","Alan             Moore","Other","4.25","Promethea, Vol. 4",,,"2003","192",,"4.17","4763","https://www.goodreads.com/book/show/325752.Promethea_Vol_4"
"44","Alan             Moore","Other","4.25","Promethea, Vol. 5",,,"2005","200",,"4.23","4051","https://www.goodreads.com/book/show/325751.Promethea_Vol_5"
"44","Alan             Moore","Other","4.25","Absolute Promethea, Book One",,,"2009","466",,"4.24","1821","https://www.goodreads.com/book/show/6272009-absolute-promethea-book-one"
"44","Alan             Moore","Other","4.25","Jerusalem",,,"2016","1266",,"4.02","3247","https://www.goodreads.com/book/show/38246560-jerusalem"
"44","Alan             Moore","Other","4.25","Providence Act 2",,,"2017","144",,"4.02","1821","https://www.goodreads.com/book/show/31139997-providence-act-2"
"44","Alan             Moore","Other","4.25","Providence Act 3",,,"2017","176",,"4.07","1618","https://www.goodreads.com/book/show/34849267-providence-act-3"
"45","Brent Weeks","Fantasy","4.27","Perfect Shadow (Night Angel, #0.5)","Night Angel,","0.5","2011","70",,"4.13","18464","https://www.goodreads.com/book/show/10843036-perfect-shadow"
"45","Brent Weeks","Fantasy","4.27","The Way of Shadows (Night Angel, #1)","Night Angel,","1","2008","645",,"4.15","175710","https://www.goodreads.com/book/show/3227063-the-way-of-shadows"
"45","Brent Weeks","Fantasy","4.27","The Night Angel Trilogy (Night Angel, #1-3)","Night Angel,","1","2009","1392",,"4.43","27820","https://www.goodreads.com/book/show/6122735-the-night-angel-trilogy"
"45","Brent Weeks","Fantasy","4.27","Shadow's Edge (Night Angel, #2)","Night Angel,","2","2008","636","Young Adult","4.25","108516","https://www.goodreads.com/book/show/3754016-shadow-s-edge"
"45","Brent Weeks","Fantasy","4.27","Beyond the Shadows (Night Angel, #3)","Night Angel,","3","2008","689","Young Adult","4.27","103224","https://www.goodreads.com/book/show/3754026-beyond-the-shadows"
"45","Brent Weeks","Fantasy","4.27","The Black Prism (Lightbringer, #1)","Lightbringer,","1","2010","629",,"4.23","130739","https://www.goodreads.com/book/show/7165300-the-black-prism"
"45","Brent Weeks","Fantasy","4.27","The Blinding Knife (Lightbringer, #2)","Lightbringer,","2","2012","671",,"4.41","92770","https://www.goodreads.com/book/show/12499290-the-blinding-knife"
"45","Brent Weeks","Fantasy","4.27","The Broken Eye (Lightbringer, #3)","Lightbringer,","3","2014","688",,"4.45","68339","https://www.goodreads.com/book/show/12652457-the-broken-eye"
"45","Brent Weeks","Fantasy","4.27","The Blood Mirror (Lightbringer, #4)","Lightbringer,","4","2015","704",,"4.33","52112","https://www.goodreads.com/book/show/29449386-the-blood-mirror"
"45","Brent Weeks","Fantasy","4.27","The Burning White (Lightbringer, #5)","Lightbringer,","5","2019","960",,"4.26","37051","https://www.goodreads.com/book/show/30169100-the-burning-white"
"45","Brent Weeks","Fantasy","4.27","Night Angel Nemesis (The Kylar Chronicles, #1)","The Kylar Chronicles,","1","2023","838",,"4.04","6124","https://www.goodreads.com/book/show/61280566-night-angel-nemesis"
"46","Isaac Asimov","Science-Fiction","4.21","I, Robot (Robot, #0.1)","Robot,","0.1","1950","224",,"4.21","373989","https://www.goodreads.com/book/show/41804.I_Robot"
"46","Isaac Asimov","Science-Fiction","4.21","The Complete Robot (Robot, #0.3)","Robot,","0.3","1982","688",,"4.33","19087","https://www.goodreads.com/book/show/50091.The_Complete_Robot"
"46","Isaac Asimov","Science-Fiction","4.21","Robot Dreams (Robot, #0.4)","Robot,","0.4","1983","352",,"4.16","13178","https://www.goodreads.com/book/show/41818.Robot_Dreams"
"46","Isaac Asimov","Science-Fiction","4.21","Robot Visions (Robot, #0.5)","Robot,","0.5","1990","496",,"4.23","11577","https://www.goodreads.com/book/show/41823.Robot_Visions"
"46","Isaac Asimov","Science-Fiction","4.21","Bóvedas de acero (Robot, #1)","Robot,","1","1953","272",,"4.19","110588","https://www.goodreads.com/book/show/236966519-b-vedas-de-acero"
"46","Isaac Asimov","Science-Fiction","4.21","The Naked Sun (Robot, #2)","Robot,","2","1958","204",,"4.19","62545","https://www.goodreads.com/book/show/30016.The_Naked_Sun"
"46","Isaac Asimov","Science-Fiction","4.21","The Robots of Dawn (Robot, #3)","Robot,","3","1983","435",,"4.2","54142","https://www.goodreads.com/book/show/41810.The_Robots_of_Dawn"
"46","Isaac Asimov","Science-Fiction","4.21","Robots and Empire (Robot, #4)","Robot,","4","1985","512",,"4.23","35848","https://www.goodreads.com/book/show/76688.Robots_and_Empire"
"46","Isaac Asimov","Science-Fiction","4.21","Foundation (Foundation, #1)","Foundation,","1","1951","244",,"4.17","587490","https://www.goodreads.com/book/show/29579.Foundation"
"46","Isaac Asimov","Science-Fiction","4.21","The Foundation Trilogy (Foundation, #1-3)","Foundation,","1","1953","679",,"4.42","107749","https://www.goodreads.com/book/show/46654.The_Foundation_Trilogy"
"46","Isaac Asimov","Science-Fiction","4.21","Foundation and Empire (Foundation, #2)","Foundation,","2","1952","256",,"4.22","223008","https://www.goodreads.com/book/show/29581.Foundation_and_Empire"
"46","Isaac Asimov","Science-Fiction","4.21","Second Foundation (Foundation, #3)","Foundation,","3","1953","256",,"4.27","199979","https://www.goodreads.com/book/show/29580.Second_Foundation"
"46","Isaac Asimov","Science-Fiction","4.21","Foundation's Edge (Foundation, #4)","Foundation,","4","1982","450",,"4.18","97239","https://www.goodreads.com/book/show/76683.Foundation_s_Edge"
"46","Isaac Asimov","Science-Fiction","4.21","Foundation and Earth (Foundation, #5)","Foundation,","5","1986","499",,"4.07","79058","https://www.goodreads.com/book/show/29582.Foundation_and_Earth"
"46","Isaac Asimov","Science-Fiction","4.21","Forward the Foundation (Foundation, #7)","Foundation,","7","1993","464",,"4.16","60787","https://www.goodreads.com/book/show/76679.Forward_the_Foundation"
"46","Isaac Asimov","Science-Fiction","4.21","The End of Eternity",,,"1955","192",,"4.24","61544","https://www.goodreads.com/book/show/509784.The_End_of_Eternity"
"46","Isaac Asimov","Science-Fiction","4.21","The Last Question",,,"1956","9",,"4.53","29391","https://www.goodreads.com/book/show/4808763-the-last-question"
"46","Isaac Asimov","Science-Fiction","4.21","Earth Is Room Enough",,,"1957","208",,"4.05","10150","https://www.goodreads.com/book/show/245645.Earth_Is_Room_Enough"
"46","Isaac Asimov","Science-Fiction","4.21","Nightfall and Other Stories",,,"1969","350",,"4.25","14985","https://www.goodreads.com/book/show/70771.Nightfall_and_Other_Stories"
"46","Isaac Asimov","Science-Fiction","4.21","The Gods Themselves",,,"1972","288",,"4.09","67949","https://www.goodreads.com/book/show/41821.The_Gods_Themselves"
"46","Isaac Asimov","Science-Fiction","4.21","The Bicentennial Man and Other Stories",,,"1976","211",,"4.14","16289","https://www.goodreads.com/book/show/70787.The_Bicentennial_Man_and_Other_Stories"
"46","Isaac Asimov","Science-Fiction","4.21","Prelude to Foundation",,,"1988","460",,"4.16","95072","https://www.goodreads.com/book/show/30013.Prelude_to_Foundation"
"46","Isaac Asimov","Science-Fiction","4.21","Nightfall",,,"1990","339",,"4.06","37632","https://www.goodreads.com/book/show/99245.Nightfall"
"47","Andrzej Sapkowski","Fantasy","4.26","El último deseo / La espada del destino",,,"2007","665","Young Adult","4.3","3170","https://www.goodreads.com/book/show/11661389-el-ltimo-deseo-la-espada-del-destino"
"47","Andrzej Sapkowski","Fantasy","4.26","La dama del lago vol. 1 (La Saga de Geralt de Rivia, #5)","La Saga de Geralt de Rivia,","5","2007","256",,"4.18","2594","https://www.goodreads.com/book/show/7430094-la-dama-del-lago-vol-1"
"47","Andrzej Sapkowski","Fantasy","4.26","La dama del lago Vol. 2 (La Saga de Geralt de Rivia, #5)","La Saga de Geralt de Rivia,","5","2007","256",,"4.21","2353","https://www.goodreads.com/book/show/8504174-la-dama-del-lago-vol-2"
"47","Andrzej Sapkowski","Fantasy","4.26","Rozdroże kruków (Saga o Wiedźminie, #0.1)","Saga o Wiedźminie,","0.1","2007","292",,"4.04","8015","https://www.goodreads.com/book/show/221786526-rozdro-e-kruk-w"
"47","Andrzej Sapkowski","Fantasy","4.26","Wiedźmin (Saga o Wiedźminie, #0.5-0.6, #1-5)","Saga o Wiedźminie,","0.5","2007","2530",,"4.68","4096","https://www.goodreads.com/book/show/13588846-wied-min"
"47","Andrzej Sapkowski","Fantasy","4.26","Pani Jeziora (Saga o Wiedźminie, #5)","Saga o Wiedźminie,","5","2007","520",,"4.09","97226","https://www.goodreads.com/book/show/68452.Pani_Jeziora"
"47","Andrzej Sapkowski","Fantasy","4.26","Witcher Series 6 Books Set Collection (The Witcher #1-6)","The Witcher","1","2007",,,"4.48","3670","https://www.goodreads.com/book/show/41187016-witcher-series-6-books-set-collection"
"47","Andrzej Sapkowski","Fantasy","4.26","The Last Wish (The Witcher, #0.5)","The Witcher,","0.5","2007","400",,"4.14","405519","https://www.goodreads.com/book/show/40603587-the-last-wish"
"47","Andrzej Sapkowski","Fantasy","4.26","Sword of Destiny (The Witcher, #0.7)","The Witcher,","0.7","2007","405",,"4.27","216135","https://www.goodreads.com/book/show/25454056-sword-of-destiny"
"47","Andrzej Sapkowski","Fantasy","4.26","Blood of Elves (The Witcher, #1)","The Witcher,","1","2007","398",,"4.1","240118","https://www.goodreads.com/book/show/6043781-blood-of-elves"
"47","Andrzej Sapkowski","Fantasy","4.26","The Witcher Boxed Set (The Witcher, #1-3)","The Witcher,","1","2007","1216",,"4.49","1476","https://www.goodreads.com/book/show/34951137-the-witcher-boxed-set"
"47","Andrzej Sapkowski","Fantasy","4.26","The Time of Contempt (The Witcher, #2)","The Witcher,","2","2007","331",,"4.16","168290","https://www.goodreads.com/book/show/14781491-the-time-of-contempt"
"47","Andrzej Sapkowski","Fantasy","4.26","Baptism of Fire (The Witcher, #3)","The Witcher,","3","2007","400",,"4.26","140415","https://www.goodreads.com/book/show/18656031-baptism-of-fire"
"47","Andrzej Sapkowski","Fantasy","4.26","The Tower of the Swallow (The Witcher, #4)","The Witcher,","4","2007","448",,"4.22","119181","https://www.goodreads.com/book/show/18247597-the-tower-of-the-swallow"
"47","Andrzej Sapkowski","Fantasy","4.26","Narrenturm (Trylogia husycka, #1)","Trylogia husycka,","1","2007","640",,"4.03","13250","https://www.goodreads.com/book/show/1812595.Narrenturm"
"47","Andrzej Sapkowski","Fantasy","4.26","Boży bojownicy (Trylogia husycka, #2)","Trylogia husycka,","2","2007","635",,"4.19","7799","https://www.goodreads.com/book/show/1812654.Bo_y_bojownicy"
"47","Andrzej Sapkowski","Fantasy","4.26","Lux perpetua (Trylogia husycka, #3)","Trylogia husycka,","3","2007","608",,"4.13","6454","https://www.goodreads.com/book/show/1812661.Lux_perpetua"
"47","Andrzej Sapkowski","Fantasy","4.26","Wiedźmin",,,"2007","48","Young Adult","4.61","1340","https://www.goodreads.com/book/show/6940235-wied-min"
"47","Andrzej Sapkowski","Fantasy","4.26","Zaklínač (Zaklínač I. Poslední přání, #1/6)","Zaklínač I. Poslední přání,","1","2007","12",,"4.45","1145","https://www.goodreads.com/book/show/22401179-zakl-na"
"48","Stephen        King","Other","4.25","The Dark Man",,,"1969","88",,"4.12","3037","https://www.goodreads.com/book/show/17925150-the-dark-man"
"48","Stephen        King","Other","4.25","’Salem’s Lot",,,"1975","483",,"4.1","645818","https://www.goodreads.com/book/show/11590._Salem_s_Lot"
"48","Stephen        King","Other","4.25","The Shining (The Shining, #1)","The Shining,","1","1977","497",,"4.28","1670523","https://www.goodreads.com/book/show/11588.The_Shining"
"48","Stephen        King","Other","4.25","Doctor Sleep (The Shining, #2)","The Shining,","2","2013","531",,"4.13","290662","https://www.goodreads.com/book/show/16130549-doctor-sleep"
"48","Stephen        King","Other","4.25","Le Fléau 1/2",,,"1978","764",,"4.29","1684","https://www.goodreads.com/book/show/155549.Le_Fl_au_1_2"
"48","Stephen        King","Other","4.25","Le Fléau 2/2",,,"1978","795",,"4.31","1422","https://www.goodreads.com/book/show/155527.Le_Fl_au_2_2"
"48","Stephen        King","Other","4.25","Night Shift",,,"1978","409",,"4.04","195943","https://www.goodreads.com/book/show/10628.Night_Shift"
"48","Stephen        King","Other","4.25","Quitters, Inc",,,"1978","19",,"4.05","9473","https://www.goodreads.com/book/show/11572.Quitters_Inc"
"48","Stephen        King","Other","4.25","The Stand",,,"1978",,,"4.35","822977","https://www.goodreads.com/book/show/87591651-the-stand"
"48","Stephen        King","Other","4.25","Dark Forces: New Stories of Suspense and Supernatural Horror",,,"1980","551",,"4.08","2899","https://www.goodreads.com/book/show/973196.Dark_Forces"
"48","Stephen        King","Other","4.25","The Jaunt",,,"1981","25",,"4.17","5655","https://www.goodreads.com/book/show/52317884-the-jaunt"
"48","Stephen        King","Other","4.25","Creepshow",,,"1982","66",,"4.07","39203","https://www.goodreads.com/book/show/11580.Creepshow"
"48","Stephen        King","Other","4.25","Different Seasons",,,"1982","560",,"4.36","218940","https://www.goodreads.com/book/show/39662.Different_Seasons"
"48","Stephen        King","Other","4.25","Las cuatro estaciones: primavera/verano",,,"1982","354",,"4.2","2223","https://www.goodreads.com/book/show/17225778-las-cuatro-estaciones"
"48","Stephen        King","Other","4.25","Rita Hayworth and Shawshank Redemption",,,"1982","181",,"4.49","59913","https://www.goodreads.com/book/show/39664.Rita_Hayworth_and_Shawshank_Redemption"
"48","Stephen        King","Other","4.25","The Body",,,"1982","192","Young Adult","4.02","34993","https://www.goodreads.com/book/show/38926465-the-body"
"48","Stephen        King","Other","4.25","Carrie / 'Salem's Lot / The Shining",,,"1983","1096",,"4.57","20908","https://www.goodreads.com/book/show/5417.Carrie_Salem_s_Lot_The_Shining"
"48","Stephen        King","Other","4.25","Pet Sematary",,,"1983","580",,"4.08","681264","https://www.goodreads.com/book/show/33124137-pet-sematary"
"48","Stephen        King","Other","4.25","Uncle Otto's Truck",,,"1983","27",,"4.33","2551","https://www.goodreads.com/book/show/37541461-uncle-otto-s-truck"
"48","Stephen        King","Other","4.25","The Talisman (The Talisman, #1)","The Talisman,","1","1984","656",,"4.11","139710","https://www.goodreads.com/book/show/59219.The_Talisman"
"48","Stephen        King","Other","4.25","Black House (The Talisman, #2)","The Talisman,","2","2001","659",,"4.04","68188","https://www.goodreads.com/book/show/10607.Black_House"
"48","Stephen        King","Other","4.25","Selections from Skeleton Crew",,,"1985","4",,"4.31","9224","https://www.goodreads.com/book/show/666371.Selections_from_Skeleton_Crew"
"48","Stephen        King","Other","4.25","Ça, Tome 1",,,"1986","799",,"4.21","3108","https://www.goodreads.com/book/show/155512._a_Tome_1"
"48","Stephen        King","Other","4.25","Ça, Tome 2",,,"1986","638",,"4.18","2287","https://www.goodreads.com/book/show/155711._a_Tome_2"
"48","Stephen        King","Other","4.25","It",,,"1986","1184",,"4.24","1242580","https://www.goodreads.com/book/show/830502.It"
"48","Stephen        King","Other","4.25","Misery",,,"1987","370",,"4.23","828519","https://www.goodreads.com/book/show/10614.Misery"
"48","Stephen        King","Other","4.25","The Drawing of the Three (The Dark Tower, #2)","The Dark Tower,","2","1987","463",,"4.24","285921","https://www.goodreads.com/book/show/5094.The_Drawing_of_the_Three"
"48","Stephen        King","Other","4.25","The Waste Lands (The Dark Tower, #3)","The Dark Tower,","3","1991","422",,"4.25","243820","https://www.goodreads.com/book/show/34084.The_Waste_Lands"
"48","Stephen        King","Other","4.25","Wizard and Glass (The Dark Tower, #4)","The Dark Tower,","4","1997","896",,"4.27","217083","https://www.goodreads.com/book/show/5096.Wizard_and_Glass"
"48","Stephen        King","Other","4.25","The Wind Through the Keyhole (The Dark Tower, #4.5)","The Dark Tower,","4.5","2012","322",,"4.14","92035","https://www.goodreads.com/book/show/12341557-the-wind-through-the-keyhole"
"48","Stephen        King","Other","4.25","Wolves of the Calla (The Dark Tower, #5)","The Dark Tower,","5","2003","960",,"4.2","199354","https://www.goodreads.com/book/show/4978.Wolves_of_the_Calla"
"48","Stephen        King","Other","4.25","Song of Susannah (The Dark Tower, #6)","The Dark Tower,","6","2004","544",,"4","173197","https://www.goodreads.com/book/show/5093.Song_of_Susannah"
"48","Stephen        King","Other","4.25","The Dark Tower (The Dark Tower, #7)","The Dark Tower,","7","2004","1050",,"4.29","187224","https://www.goodreads.com/book/show/5091.The_Dark_Tower"
"48","Stephen        King","Other","4.25","It/The Eyes of the Dragon/Misery",,,"1988",,,"4.61","2938","https://www.goodreads.com/book/show/2239777.It_The_Eyes_of_the_Dragon_Misery"
"48","Stephen        King","Other","4.25","The Dark Tower #1-3",,,"1991","1008",,"4.46","8585","https://www.goodreads.com/book/show/458450.The_Dark_Tower_1_3"
"48","Stephen        King","Other","4.25","Nightmares & Dreamscapes, Volume I",,,"1993",,,"4.08","1283","https://www.goodreads.com/book/show/5631481-nightmares-dreamscapes-volume-i"
"48","Stephen        King","Other","4.25","Desperation / The Regulators: Box Set",,,"1996","1075",,"4.21","8557","https://www.goodreads.com/book/show/32715.Desperation_The_Regulators"
"48","Stephen        King","Other","4.25","Dolores Claiborne/Insomnia/Rose Madder",,,"1996",,,"4.45","3258","https://www.goodreads.com/book/show/102418.Dolores_Claiborne_Insomnia_Rose_Madder"
"48","Stephen        King","Other","4.25","The Green Mile",,,"1996","592",,"4.49","356387","https://www.goodreads.com/book/show/11566.The_Green_Mile"
"48","Stephen        King","Other","4.25","The Two Dead Girls (The Green Mile, #1)","The Green Mile,","1","1996","92",,"4.5","38148","https://www.goodreads.com/book/show/92227.The_Two_Dead_Girls"
"48","Stephen        King","Other","4.25","The Mouse on the Mile (The Green Mile, #2)","The Green Mile,","2","1996","92",,"4.47","18234","https://www.goodreads.com/book/show/228194.The_Mouse_on_the_Mile"
"48","Stephen        King","Other","4.25","Coffey's Hands (The Green Mile, #3)","The Green Mile,","3","1996","90",,"4.51","18632","https://www.goodreads.com/book/show/228198.Coffey_s_Hands"
"48","Stephen        King","Other","4.25","The Bad Death of Eduard Delacroix (The Green Mile, #4)","The Green Mile,","4","1996","90",,"4.54","18572","https://www.goodreads.com/book/show/228199.The_Bad_Death_of_Eduard_Delacroix"
"48","Stephen        King","Other","4.25","Night Journey (The Green Mile, #5)","The Green Mile,","5","1996","90",,"4.53","16925","https://www.goodreads.com/book/show/228200.Night_Journey"
"48","Stephen        King","Other","4.25","Coffey on the Mile (The Green Mile, #6)","The Green Mile,","6","1996","138",,"4.59","18114","https://www.goodreads.com/book/show/71823.Coffey_on_the_Mile"
"48","Stephen        King","Other","4.25","The Little Sisters of Eluria",,,"1998","312",,"4.18","21855","https://www.goodreads.com/book/show/6356190-the-little-sisters-of-eluria"
"48","Stephen        King","Other","4.25","Jerusalem's Lot",,,"2000","54",,"4.06","5709","https://www.goodreads.com/book/show/36002545-jerusalem-s-lot"
"48","Stephen        King","Other","4.25","On Writing: A Memoir of the Craft",,,"2000","320",,"4.34","313532","https://www.goodreads.com/book/show/10569.On_Writing"
"48","Stephen        King","Other","4.25","The Dark Tower",,,"2002",,,"4.5","5026","https://www.goodreads.com/book/show/5092.The_Dark_Tower"
"48","Stephen        King","Other","4.25","The Talisman and Black House",,,"2002",,,"4.45","4259","https://www.goodreads.com/book/show/97126.The_Talisman_and_Black_House"
"48","Stephen        King","Other","4.25","The Dark Tower Series: Books 1-7",,,"2005","3914",,"4.62","12668","https://www.goodreads.com/book/show/12274389-the-dark-tower-series"
"48","Stephen        King","Other","4.25","The Talisman (Volume 1): The Road of Trials",,,"2009","160",,"4.34","13369","https://www.goodreads.com/book/show/6907672-the-talisman-volume-1"
"48","Stephen        King","Other","4.25","Under the Dome: Part One",,,"2009","656",,"4.05","11413","https://www.goodreads.com/book/show/18528452-under-the-dome"
"48","Stephen        King","Other","4.25","Under the Dome: Part Two",,,"2009","624",,"4.08","3981","https://www.goodreads.com/book/show/18528453-under-the-dome"
"48","Stephen        King","Other","4.25","11/22/63",,,"2011","849",,"4.35","629470","https://www.goodreads.com/book/show/10644930-11-22-63"
"48","Stephen        King","Other","4.25","Full Dark, No Stars",,,"2011","368",,"4.08","116683","https://www.goodreads.com/book/show/7912007-full-dark-no-stars"
"48","Stephen        King","Other","4.25","Mr. Mercedes (Bill Hodges Trilogy, #1)","Bill Hodges Trilogy,","1","2014","437",,"4.04","367757","https://www.goodreads.com/book/show/18775247-mr-mercedes"
"48","Stephen        King","Other","4.25","Finders Keepers (Bill Hodges Trilogy, #2)","Bill Hodges Trilogy,","2","2015","434",,"4.07","183456","https://www.goodreads.com/book/show/23492589-finders-keepers"
"48","Stephen        King","Other","4.25","End of Watch (Bill Hodges Trilogy, #3)","Bill Hodges Trilogy,","3","2016","432",,"4.11","151949","https://www.goodreads.com/book/show/25526965-end-of-watch"
"48","Stephen        King","Other","4.25","The Outsider",,,"2018","561",,"4.01","369615","https://www.goodreads.com/book/show/36124936-the-outsider"
"48","Stephen        King","Other","4.25","The Institute",,,"2019","561",,"4.2","330736","https://www.goodreads.com/book/show/43798285-the-institute"
"48","Stephen        King","Other","4.25","Billy Summers",,,"2021","517",,"4.18","187596","https://www.goodreads.com/book/show/56852407-billy-summers"
"48","Stephen        King","Other","4.25","Fairy Tale",,,"2022","607",,"4.09","328613","https://www.goodreads.com/book/show/60177373-fairy-tale"
"48","Stephen        King","Other","4.25","Gwendy's Final Task (The Button Box, #3)","The Button Box,","3","2022","288",,"4.05","21829","https://www.goodreads.com/book/show/59366265-gwendy-s-final-task"
"48","Stephen        King","Other","4.25","The Gwendy Collection: Gwendy's Button Box / Gwendy's Magic Feather / Gwendy's Final Task",,,"2022","688",,"4.13","1191","https://www.goodreads.com/book/show/60321051-the-gwendy-collection"
"48","Stephen        King","Other","4.25","Holly (Holly Gibney, #3)","Holly Gibney,","3","2023","449",,"4.07","178949","https://www.goodreads.com/book/show/65916344-holly"
"48","Stephen        King","Other","4.25","You Like It Darker",,,"2024","512",,"4.2","79546","https://www.goodreads.com/book/show/201242757-you-like-it-darker"
"48","Stephen        King","Other","4.25","Hansel and Gretel",,,"2025","48","Children","4.04","3744","https://www.goodreads.com/book/show/222156823-hansel-and-gretel"
"48","Stephen        King","Other","4.25","11/22/63 上",,,,"529",,"4.38","2649","https://www.goodreads.com/book/show/20980228-11-22-63"
"48","Stephen        King","Other","4.25","Everything's Eventual: 5 Dark Tales",,,,"8",,"4.08","2579","https://www.goodreads.com/book/show/866502.Everything_s_Eventual"
"48","Stephen        King","Other","4.25","Gwendy's Button Box + ""The Music Room""",,,,"3",,"4.04","1145","https://www.goodreads.com/book/show/35120962-gwendy-s-button-box-the-music-room"
"48","Stephen        King","Other","4.25","Needful Things",,,,,,"4.15","1111","https://www.goodreads.com/book/show/1011198.Needful_Things"
"48","Stephen        King","Other","4.25","Pet Sematary / Carrie / Nightshift",,,,"1",,"4.3","3758","https://www.goodreads.com/book/show/860613.Pet_Sematary_Carrie_Nightshift"
"48","Stephen        King","Other","4.25","The Bill Hodges Trilogy",,,,"1344",,"4.47","1034","https://www.goodreads.com/book/show/27406812-the-bill-hodges-trilogy"
"48","Stephen        King","Other","4.25","The Life of Chuck",,,,"58",,"4.03","9136","https://www.goodreads.com/book/show/57213544-the-life-of-chuck"
"48","Stephen        King","Other","4.25","The Shawshank Redemption: Different Seasons",,,,"507",,"4.48","5732","https://www.goodreads.com/book/show/155403.The_Shawshank_Redemption"
"48","Stephen        King","Other","4.25","The Shining / 'Salem's Lot / Night Shift / Carrie",,,,"991",,"4.66","1998","https://www.goodreads.com/book/show/5416.The_Shining_Salem_s_Lot_Night_Shift_Carrie"
"48","Stephen        King","Other","4.25","The Shinning",,,,"688",,"4.26","2089","https://www.goodreads.com/book/show/139776033-the-shinning"
"49","Brian  McClellan","Fantasy","4.26","Siege of Tilpur (Powder Mage, #0.0)","Powder Mage,","0","2017","39",,"4.15","1368","https://www.goodreads.com/book/show/36559185-siege-of-tilpur"
"49","Brian  McClellan","Fantasy","4.26","Forsworn (Powder Mage, #0.1)","Powder Mage,","0.1","2014","64",,"4.02","3845","https://www.goodreads.com/book/show/20614529-forsworn"
"49","Brian  McClellan","Fantasy","4.26","Servant of the Crown (Powder Mage, #0.2)","Powder Mage,","0.2","2014","77",,"4.27","3442","https://www.goodreads.com/book/show/22493195-servant-of-the-crown"
"49","Brian  McClellan","Fantasy","4.26","Murder at the Kinnen Hotel (Powder Mage, #0.3)","Powder Mage,","0.3","2014","74",,"4.16","2702","https://www.goodreads.com/book/show/23597688-murder-at-the-kinnen-hotel"
"49","Brian  McClellan","Fantasy","4.26","The Face in the Window (Powder Mage, #0.7)","Powder Mage,","0.7","2014","38",,"4.02","2225","https://www.goodreads.com/book/show/22403040-the-face-in-the-window"
"49","Brian  McClellan","Fantasy","4.26","Ghosts of the Tristan Basin (Powder Mage, #0.8)","Powder Mage,","0.8","2016","90",,"4.29","2035","https://www.goodreads.com/book/show/28825810-ghosts-of-the-tristan-basin"
"49","Brian  McClellan","Fantasy","4.26","Promise of Blood (Powder Mage, #1)","Powder Mage,","1","2013","545",,"4.13","63113","https://www.goodreads.com/book/show/15790883-promise-of-blood"
"49","Brian  McClellan","Fantasy","4.26","The Crimson Campaign (Powder Mage, #2)","Powder Mage,","2","2014","596",,"4.35","42446","https://www.goodreads.com/book/show/17608111-the-crimson-campaign"
"49","Brian  McClellan","Fantasy","4.26","The Autumn Republic (Powder Mage, #3)","Powder Mage,","3","2015","580",,"4.36","36273","https://www.goodreads.com/book/show/20883847-the-autumn-republic"
"49","Brian  McClellan","Fantasy","4.26","In the Field Marshal's Shadow (Powder Mage 0.4-0.7+1.5)",,,"2015","130",,"4.28","1695","https://www.goodreads.com/book/show/27826366-in-the-field-marshal-s-shadow"
"49","Brian  McClellan","Fantasy","4.26","The Mad Lancers (Gods of Blood and Powder, #0.1)","Gods of Blood and Powder,","0.1","2017","76",,"4.31","2247","https://www.goodreads.com/book/show/36047195-the-mad-lancers"
"49","Brian  McClellan","Fantasy","4.26","Sins of Empire (Gods of Blood and Powder, #1)","Gods of Blood and Powder,","1","2017","624",,"4.4","19439","https://www.goodreads.com/book/show/28811016-sins-of-empire"
"49","Brian  McClellan","Fantasy","4.26","Wrath of Empire (Gods of Blood and Powder, #2)","Gods of Blood and Powder,","2","2018","639",,"4.49","13725","https://www.goodreads.com/book/show/28811018-wrath-of-empire"
"49","Brian  McClellan","Fantasy","4.26","Blood of Empire (Gods of Blood and Powder, #3)","Gods of Blood and Powder,","3","2019","592",,"4.44","11012","https://www.goodreads.com/book/show/28811019-blood-of-empire"
"49","Brian  McClellan","Fantasy","4.26","Uncanny Collateral (Valkyrie Collections, #1)","Valkyrie Collections,","1","2019","145",,"4.05","3184","https://www.goodreads.com/book/show/43716670-uncanny-collateral"
"49","Brian  McClellan","Fantasy","4.26","Blood Tally (Valkyrie Collections, #2)","Valkyrie Collections,","2","2020","164",,"4.24","1605","https://www.goodreads.com/book/show/52178540-blood-tally"
"49","Brian  McClellan","Fantasy","4.26","In the Shadow of Lightning (Glass Immortals, #1)","Glass Immortals,","1","2022","576",,"4.4","8102","https://www.goodreads.com/book/show/58724872-in-the-shadow-of-lightning"
"50","Adrian Tchaikovsky","Science-Fiction","4.18","Dragonfly Falling (Shadows of the Apt, #2)","Shadows of the Apt,","2","2009","673",,"4","7179","https://www.goodreads.com/book/show/3437310-dragonfly-falling"
"50","Adrian Tchaikovsky","Science-Fiction","4.18","Salute the Dark (Shadows of the Apt, #4)","Shadows of the Apt,","4","2010","459",,"4.12","4698","https://www.goodreads.com/book/show/6917081-salute-the-dark"
"50","Adrian Tchaikovsky","Science-Fiction","4.18","The Scarab Path (Shadows of the Apt, #5)","Shadows of the Apt,","5","2010","692",,"4.13","4041","https://www.goodreads.com/book/show/7684939-the-scarab-path"
"50","Adrian Tchaikovsky","Science-Fiction","4.18","Heirs of the Blade (Shadows of the Apt, #7)","Shadows of the Apt,","7","2011","622",,"4.13","2984","https://www.goodreads.com/book/show/9923824-heirs-of-the-blade"
"50","Adrian Tchaikovsky","Science-Fiction","4.18","War Master's Gate (Shadows of the Apt, #9)","Shadows of the Apt,","9","2013","716",,"4.3","2289","https://www.goodreads.com/book/show/17562208-war-master-s-gate"
"50","Adrian Tchaikovsky","Science-Fiction","4.18","Seal of the Worm (Shadows of the Apt, #10)","Shadows of the Apt,","10","2014","614",,"4.42","2277","https://www.goodreads.com/book/show/20491017-seal-of-the-worm"
"50","Adrian Tchaikovsky","Science-Fiction","4.18","The Air War (Shadows of the Apt #8)","Shadows of the Apt","8","2012","646",,"4.16","2593","https://www.goodreads.com/book/show/13511946-the-air-war"
"50","Adrian Tchaikovsky","Science-Fiction","4.18","Children of Time (Children of Time, #1)","Children of Time,","1","2015","608",,"4.3","166048","https://www.goodreads.com/book/show/25499718-children-of-time"
"50","Adrian Tchaikovsky","Science-Fiction","4.18","Children of Ruin (Children of Time, #2)","Children of Time,","2","2019","597",,"4.05","58083","https://www.goodreads.com/book/show/40376072-children-of-ruin"
"50","Adrian Tchaikovsky","Science-Fiction","4.18","Children of Memory (Children of Time, #3)","Children of Time,","3","2022","486",,"4","28863","https://www.goodreads.com/book/show/60850767-children-of-memory"
"50","Adrian Tchaikovsky","Science-Fiction","4.18","Guns of the Dawn",,,"2015","658",,"4.17","5037","https://www.goodreads.com/book/show/23524779-guns-of-the-dawn"
"50","Adrian Tchaikovsky","Science-Fiction","4.18","Spiderlight",,,"2016","298",,"4.13","4167","https://www.goodreads.com/book/show/28765741-spiderlight"
"50","Adrian Tchaikovsky","Science-Fiction","4.18","Dogs of War (Dogs of War, #1)","Dogs of War,","1","2017","262",,"4.23","15220","https://www.goodreads.com/book/show/35827220-dogs-of-war"
"50","Adrian Tchaikovsky","Science-Fiction","4.18","Bear Head (Dogs of War, #2)","Dogs of War,","2","2021","400",,"4.26","6709","https://www.goodreads.com/book/show/55037555-bear-head"
"50","Adrian Tchaikovsky","Science-Fiction","4.18","Bee Speaker (Dogs of War, #3)","Dogs of War,","3","2025","448",,"4.3","1368","https://www.goodreads.com/book/show/217387776-bee-speaker"
"50","Adrian Tchaikovsky","Science-Fiction","4.18","The Bear and the Serpent (Echoes of the Fall, #2)","Echoes of the Fall,","2","2017",,,"4.08","2612","https://www.goodreads.com/book/show/30139026-the-bear-and-the-serpent"
"50","Adrian Tchaikovsky","Science-Fiction","4.18","The Hyena and the Hawk (Echoes of the Fall, #3)","Echoes of the Fall,","3","2018","433",,"4.12","1902","https://www.goodreads.com/book/show/36161270-the-hyena-and-the-hawk"
"50","Adrian Tchaikovsky","Science-Fiction","4.18","Cage of Souls",,,"2019","608",,"4.12","12197","https://www.goodreads.com/book/show/40803025-cage-of-souls"
"50","Adrian Tchaikovsky","Science-Fiction","4.18","Elder Race",,,"2021","199",,"4.09","23458","https://www.goodreads.com/book/show/50663055-elder-race"
"50","Adrian Tchaikovsky","Science-Fiction","4.18","The Expert System’s Champion (Expert System, #2)","Expert System,","2","2021","194",,"4","3548","https://www.goodreads.com/book/show/50663061-the-expert-system-s-champion"
"50","Adrian Tchaikovsky","Science-Fiction","4.18","One Day All This Will Be Yours",,,"2021","144",,"4.03","4961","https://www.goodreads.com/book/show/54303485-one-day-all-this-will-be-yours"
"50","Adrian Tchaikovsky","Science-Fiction","4.18","Shards of Earth (The Final Architecture, #1)","The Final Architecture,","1","2021",,,"4.18","32175","https://www.goodreads.com/book/show/55278507-shards-of-earth"
"50","Adrian Tchaikovsky","Science-Fiction","4.18","Eyes of the Void (The Final Architecture, #2)","The Final Architecture,","2","2022","596",,"4.2","19197","https://www.goodreads.com/book/show/58950674-eyes-of-the-void"
"50","Adrian Tchaikovsky","Science-Fiction","4.18","Lords of Uncreation (The Final Architecture, #3)","The Final Architecture,","3","2023","608",,"4.33","15175","https://www.goodreads.com/book/show/62315578-lords-of-uncreation"
"50","Adrian Tchaikovsky","Science-Fiction","4.18","Ogres",,,"2022","159",,"4.24","4242","https://www.goodreads.com/book/show/58438207-ogres"
"50","Adrian Tchaikovsky","Science-Fiction","4.18","House of Open Wounds (The Tyrant Philosophers, #2)","The Tyrant Philosophers,","2","2023","608",,"4.51","3544","https://www.goodreads.com/book/show/150254281-house-of-open-wounds"
"50","Adrian Tchaikovsky","Science-Fiction","4.18","Days of Shattered Faith (The Tyrant Philosophers, #3)","The Tyrant Philosophers,","3","2024","525",,"4.42","1906","https://www.goodreads.com/book/show/210384894-days-of-shattered-faith"
"50","Adrian Tchaikovsky","Science-Fiction","4.18","Alien Clay",,,"2024","396",,"4","14191","https://www.goodreads.com/book/show/195443798-alien-clay"
"50","Adrian Tchaikovsky","Science-Fiction","4.18","Service Model",,,"2024","384",,"4.03","16324","https://www.goodreads.com/book/show/195790861-service-model"
"50","Adrian Tchaikovsky","Science-Fiction","4.18","Shroud",,,"2025","436",,"4.22","5413","https://www.goodreads.com/book/show/210384823-shroud"
"51","Leigh Bardugo","Fantasy","4.25","Demon in the Wood (Grishaverse, #0)","Grishaverse,","0","2022","203","Young Adult","4.09","50283","https://www.goodreads.com/book/show/59785164-demon-in-the-wood"
"51","Leigh Bardugo","Fantasy","4.25","The Witch of Duva (Grishaverse, #0.5)","Grishaverse,","0.5","2012","48","Young Adult","4.06","19205","https://www.goodreads.com/book/show/13643163-the-witch-of-duva"
"51","Leigh Bardugo","Fantasy","4.25","The Language of Thorns: Midnight Tales and Dangerous Magic (Grishaverse, #0.5, 2.5, 2.6)","Grishaverse,","0.5","2017","281","Young Adult","4.27","63207","https://www.goodreads.com/book/show/34076952-the-language-of-thorns"
"51","Leigh Bardugo","Fantasy","4.25","Shadow and Bone & Siege and Storm (The Shadow and Bone Trilogy, #1-2)","The Shadow and Bone Trilogy,","1","2013","625","Young Adult","4.21","4515","https://www.goodreads.com/book/show/18217960-shadow-and-bone-siege-and-storm"
"51","Leigh Bardugo","Fantasy","4.25","The Grisha Trilogy (The Shadow and Bone Trilogy, #1-3)","The Shadow and Bone Trilogy,","1","2015","1248","Young Adult","4.28","13152","https://www.goodreads.com/book/show/27280362-the-grisha-trilogy"
"51","Leigh Bardugo","Fantasy","4.25","Six of Crows (Six of Crows, #1)","Six of Crows,","1","2015","480","Young Adult","4.46","1124458","https://www.goodreads.com/book/show/23437156-six-of-crows"
"51","Leigh Bardugo","Fantasy","4.25","The Six of Crows Duology Boxed Set (Six of Crows, #1-2)","Six of Crows,","1","2016","1040","Young Adult","4.65","7092","https://www.goodreads.com/book/show/30327173-the-six-of-crows-duology-boxed-set"
"51","Leigh Bardugo","Fantasy","4.25","Crooked Kingdom (Six of Crows, #2)","Six of Crows,","2","2016","561","Young Adult","4.57","752363","https://www.goodreads.com/book/show/22299763-crooked-kingdom"
"51","Leigh Bardugo","Fantasy","4.25","Wonder Woman: Warbringer",,,"2017","369","Young Adult","4","37605","https://www.goodreads.com/book/show/29749085-wonder-woman"
"51","Leigh Bardugo","Fantasy","4.25","Ninth House (Alex Stern, #1)","Alex Stern,","1","2019","461",,"4.01","389108","https://www.goodreads.com/book/show/43263680-ninth-house"
"51","Leigh Bardugo","Fantasy","4.25","Hell Bent (Alex Stern, #2)","Alex Stern,","2","2023","481",,"4.11","173190","https://www.goodreads.com/book/show/60652997-hell-bent"
"51","Leigh Bardugo","Fantasy","4.25","King of Scars (King of Scars, #1)","King of Scars,","1","2019","511","Young Adult","4.15","228839","https://www.goodreads.com/book/show/36307634-king-of-scars"
"51","Leigh Bardugo","Fantasy","4.25","Rule of Wolves (King of Scars, #2)","King of Scars,","2","2021","592","Young Adult","4.34","173680","https://www.goodreads.com/book/show/36307674-rule-of-wolves"
"51","Leigh Bardugo","Fantasy","4.25","Shadow and Bone: Chapters 1-5",,,,"88","Young Adult","4.26","3617","https://www.goodreads.com/book/show/13643154-shadow-and-bone"
"52","Fyodor Dostoevsky","Other","4.24","The Double and The Gambler",,,"1846","344",,"4.12","3532","https://www.goodreads.com/book/show/5698.The_Double_and_The_Gambler"
"52","Fyodor Dostoevsky","Other","4.24","White Nights",,,"1848","82",,"4.08","305212","https://www.goodreads.com/book/show/1772910.White_Nights"
"52","Fyodor Dostoevsky","Other","4.24","The House of the Dead",,,"1861","247",,"4.05","34780","https://www.goodreads.com/book/show/17877.The_House_of_the_Dead"
"52","Fyodor Dostoevsky","Other","4.24","The House of the Dead/Poor Folk",,,"1861","443",,"4.04","1569","https://www.goodreads.com/book/show/184405.The_House_of_the_Dead_Poor_Folk"
"52","Fyodor Dostoevsky","Other","4.24","The Insulted and Humiliated",,,"1861","460",,"4.25","24002","https://www.goodreads.com/book/show/329803.The_Insulted_and_Humiliated"
"52","Fyodor Dostoevsky","Other","4.24","Notes from the Underground / The Gambler",,,"1864","320",,"4.12","1366","https://www.goodreads.com/book/show/49964.Notes_from_the_Underground_The_Gambler"
"52","Fyodor Dostoevsky","Other","4.24","Notes from Underground",,,"1864","136",,"4.17","217314","https://www.goodreads.com/book/show/49455.Notes_from_Underground"
"52","Fyodor Dostoevsky","Other","4.24","Notes from Underground & The Double",,,"1864","287",,"4.15","7957","https://www.goodreads.com/book/show/17881.Notes_from_Underground_The_Double"
"52","Fyodor Dostoevsky","Other","4.24","Notes from Underground, White Nights, The Dream of a Ridiculous Man, and Selections from The House of the Dead",,,"1864","233",,"4.19","78231","https://www.goodreads.com/book/show/17876.Notes_from_Underground_White_Nights_The_Dream_of_a_Ridiculous_Man_and_Selections_from_The_House_of_the_Dead"
"52","Fyodor Dostoevsky","Other","4.24","9 أعمال دوستويفسكي الأدبية: الجريمة والعقاب 2 ـ المجلد",,,"1866","391",,"4.49","8857","https://www.goodreads.com/book/show/9346932-9"
"52","Fyodor Dostoevsky","Other","4.24","Crime and Punishment",,,"1866","671",,"4.28","1047426","https://www.goodreads.com/book/show/7144.Crime_and_Punishment"
"52","Fyodor Dostoevsky","Other","4.24","Crimen y castigo 1",,,"1866","360",,"4.37","20142","https://www.goodreads.com/book/show/18634774-crimen-y-castigo-1"
"52","Fyodor Dostoevsky","Other","4.24","الأبله: الجزء الأول",,,"1867","589",,"4.13","4039","https://www.goodreads.com/book/show/8762223"
"52","Fyodor Dostoevsky","Other","4.24","11 أعمال دوستويفسكي الأدبية: الأبله 2 ـ المجلد",,,"1869","484",,"4.24","2477","https://www.goodreads.com/book/show/9346979-11"
"52","Fyodor Dostoevsky","Other","4.24","The Idiot",,,"1869","667",,"4.21","211831","https://www.goodreads.com/book/show/12505.The_Idiot"
"52","Fyodor Dostoevsky","Other","4.24","أعمال دوستويفسكي الأدبية: الشياطين 1 ـ المجلد 12",,,"1871","585",,"4.12","1215","https://www.goodreads.com/book/show/9347082"
"52","Fyodor Dostoevsky","Other","4.24","Demons",,,"1872","733",,"4.31","61076","https://www.goodreads.com/book/show/5695.Demons"
"52","Fyodor Dostoevsky","Other","4.24","A Gentle Creature and Other Stories",,,"1876","158",,"4.09","2059","https://www.goodreads.com/book/show/617078.A_Gentle_Creature_and_Other_Stories"
"52","Fyodor Dostoevsky","Other","4.24","Duas Narrativas Fantásticas: A Dócil e O Sonho de um Homem Ridículo",,,"1877","128",,"4.15","1631","https://www.goodreads.com/book/show/7640101-duas-narrativas-fant-sticas"
"52","Fyodor Dostoevsky","Other","4.24","The Best Short Stories of Fyodor Dostoevsky",,,"1877","320",,"4.23","4152","https://www.goodreads.com/book/show/12852.The_Best_Short_Stories_of_Fyodor_Dostoevsky"
"52","Fyodor Dostoevsky","Other","4.24","The Dream of a Ridiculous Man",,,"1877","32",,"4.03","39123","https://www.goodreads.com/book/show/329866.The_Dream_of_a_Ridiculous_Man"
"52","Fyodor Dostoevsky","Other","4.24","Os Irmãos Karamázov I",,,"1879","392",,"4.43","1786","https://www.goodreads.com/book/show/7368479-os-irm-os-karam-zov-i"
"52","Fyodor Dostoevsky","Other","4.24","The Grand Inquisitor",,,"1879","32",,"4.32","7198","https://www.goodreads.com/book/show/18823.The_Grand_Inquisitor"
"52","Fyodor Dostoevsky","Other","4.24","الإخوة كارامازوف #1",,,"1879","358",,"4.32","8072","https://www.goodreads.com/book/show/13412334-1"
"52","Fyodor Dostoevsky","Other","4.24","الإخوة كارامازوف #2",,,"1879","342",,"4.36","3451","https://www.goodreads.com/book/show/20618849-2"
"52","Fyodor Dostoevsky","Other","4.24","The Brothers Karamazov",,,"1880","796",,"4.39","377053","https://www.goodreads.com/book/show/4934.The_Brothers_Karamazov"
"52","Fyodor Dostoevsky","Other","4.24","الأخوة كارامازوف #3",,,"1880","375",,"4.4","2207","https://www.goodreads.com/book/show/11703544-3"
"52","Fyodor Dostoevsky","Other","4.24","The Eternal Husband and Other Stories",,,"1890","349",,"4.14","2750","https://www.goodreads.com/book/show/5686.The_Eternal_Husband_and_Other_Stories"
"52","Fyodor Dostoevsky","Other","4.24","Great Short Works of Fyodor Dostoevsky",,,"1968","768",,"4.41","1559","https://www.goodreads.com/book/show/12855.Great_Short_Works_of_Fyodor_Dostoevsky"
"52","Fyodor Dostoevsky","Other","4.24","El Jugador / Noches Blancas",,,,"205",,"4.09","1107","https://www.goodreads.com/book/show/2781519-el-jugador-noches-blancas"
"52","Fyodor Dostoevsky","Other","4.24","Notes from Underground, The Double and Other Stories",,,,"451",,"4.25","1184","https://www.goodreads.com/book/show/49961.Notes_from_Underground_The_Double_and_Other_Stories"
"52","Fyodor Dostoevsky","Other","4.24","Os Irmãos Karamázov II",,,,"528",,"4.58","2736","https://www.goodreads.com/book/show/8301343-os-irm-os-karam-zov-ii"
"52","Fyodor Dostoevsky","Other","4.24","الإخوة كارامازوف #4",,,,"550",,"4.52","2349","https://www.goodreads.com/book/show/13184484-4"
"53","Raymond E. Feist","Fantasy","4.24","Talon of the Silver Hawk (Conclave of Shadows, #1)","Conclave of Shadows,","1","1982","378",,"4.07","19475","https://www.goodreads.com/book/show/13811.Talon_of_the_Silver_Hawk"
"53","Raymond E. Feist","Fantasy","4.24","Talon of the Silver Hawk / King of Foxes / Exile's Return (Conclave of Shadows, #1-3)","Conclave of Shadows,","1","1982","1091",,"4.53","1076","https://www.goodreads.com/book/show/18901388-talon-of-the-silver-hawk-king-of-foxes-exile-s-return"
"53","Raymond E. Feist","Fantasy","4.24","King of Foxes (Conclave of Shadows, #2)","Conclave of Shadows,","2","1982","365",,"4.03","16101","https://www.goodreads.com/book/show/153175.King_of_Foxes"
"53","Raymond E. Feist","Fantasy","4.24","Exile's Return (Conclave of Shadows, #3)","Conclave of Shadows,","3","1982","343",,"4.07","16221","https://www.goodreads.com/book/show/13809.Exile_s_Return"
"53","Raymond E. Feist","Fantasy","4.24","Prince of the Blood (Krondor's Sons, #1)","Krondor's Sons,","1","1982","429",,"4.02","27152","https://www.goodreads.com/book/show/13878.Prince_of_the_Blood"
"53","Raymond E. Feist","Fantasy","4.24","The Complete Krondor's Sons 2-Book Collection: Prince of the Blood, The King's Buccaneer (Krondor's Sons, #1-2)","Krondor's Sons,","1","1982","1095",,"4.5","1062","https://www.goodreads.com/book/show/18869057-the-complete-krondor-s-sons-2-book-collection"
"53","Raymond E. Feist","Fantasy","4.24","The King's Buccaneer (Krondor's Sons, #2)","Krondor's Sons,","2","1982","523",,"4.08","25981","https://www.goodreads.com/book/show/169959.The_King_s_Buccaneer"
"53","Raymond E. Feist","Fantasy","4.24","Magician: Apprentice, Volume 1 (Graphic Novel)",,,"1982","168",,"4.47","1902","https://www.goodreads.com/book/show/1017160.Magician"
"53","Raymond E. Feist","Fantasy","4.24","Magician: Apprentice, Volume 2",,,"1982","144",,"4.46","2152","https://www.goodreads.com/book/show/1017182.Magician"
"53","Raymond E. Feist","Fantasy","4.24","Magician: Apprentice Volume 1  (Raymond E. Feist's Magician: Apprentice #1)","Raymond E. Feist's Magician: Apprentice","1","1982","168","Young Adult","4.45","24685","https://www.goodreads.com/book/show/43915.Magician"
"53","Raymond E. Feist","Fantasy","4.24","Silverthorn / A Darkness at Sethanon",,,"1982","839",,"4.56","1053","https://www.goodreads.com/book/show/18926222-silverthorn-a-darkness-at-sethanon"
"53","Raymond E. Feist","Fantasy","4.24","A Kingdom Besieged (The Chaoswar Saga, #1)","The Chaoswar Saga,","1","1982","368",,"4","11222","https://www.goodreads.com/book/show/8664327-a-kingdom-besieged"
"53","Raymond E. Feist","Fantasy","4.24","A Crown Imperiled (The Chaoswar Saga, #2)","The Chaoswar Saga,","2","1982","480",,"4.08","8176","https://www.goodreads.com/book/show/11827476-a-crown-imperiled"
"53","Raymond E. Feist","Fantasy","4.24","Magician's End (The Chaoswar Saga, #3)","The Chaoswar Saga,","3","1982","638",,"4.33","8607","https://www.goodreads.com/book/show/13502958-magician-s-end"
"53","Raymond E. Feist","Fantasy","4.24","Into a Dark Realm (The Darkwar Saga, #2)","The Darkwar Saga,","2","1982","319",,"4.04","12513","https://www.goodreads.com/book/show/13814.Into_a_Dark_Realm"
"53","Raymond E. Feist","Fantasy","4.24","Wrath of a Mad God (The Darkwar Saga, #3)","The Darkwar Saga,","3","1982","516",,"4.1","11828","https://www.goodreads.com/book/show/1196299.Wrath_of_a_Mad_God"
"53","Raymond E. Feist","Fantasy","4.24","At the Gates of Darkness (The Demonwar Saga, #2)","The Demonwar Saga,","2","1982","302",,"4","9496","https://www.goodreads.com/book/show/6697866-at-the-gates-of-darkness"
"53","Raymond E. Feist","Fantasy","4.24","A Darkness Returns (The Dragonwar Saga, #1)","The Dragonwar Saga,","1","1982","480",,"4.34","1458","https://www.goodreads.com/book/show/199793650-a-darkness-returns"
"53","Raymond E. Feist","Fantasy","4.24","The Complete Empire Trilogy: Daughter of the Empire, Mistress of the Empire, Servant of the Empire (The Empire  Trilogy, #1-3)","The Empire  Trilogy,","1","1982","2201",,"4.67","2119","https://www.goodreads.com/book/show/18744484-the-complete-empire-trilogy"
"53","Raymond E. Feist","Fantasy","4.24","Daughter of the Empire (The Empire Trilogy, #1)","The Empire Trilogy,","1","1982","421",,"4.29","41157","https://www.goodreads.com/book/show/589979.Daughter_of_the_Empire"
"53","Raymond E. Feist","Fantasy","4.24","Servant of the Empire (The Empire Trilogy, #2)","The Empire Trilogy,","2","1982","827",,"4.32","31715","https://www.goodreads.com/book/show/13815.Servant_of_the_Empire"
"53","Raymond E. Feist","Fantasy","4.24","Mistress of the Empire (The Empire Trilogy, #3)","The Empire Trilogy,","3","1982","676",,"4.35","28070","https://www.goodreads.com/book/show/317504.Mistress_of_the_Empire"
"53","Raymond E. Feist","Fantasy","4.24","King of Ashes (The Firemane Saga, #1)","The Firemane Saga,","1","1982","499","Young Adult","4.17","12730","https://www.goodreads.com/book/show/18505747-king-of-ashes"
"53","Raymond E. Feist","Fantasy","4.24","Queen of Storms (The Firemane Saga, #2)","The Firemane Saga,","2","1982","437",,"4.27","7995","https://www.goodreads.com/book/show/51930485-queen-of-storms"
"53","Raymond E. Feist","Fantasy","4.24","Master of Furies (The Firemane Saga, #3)","The Firemane Saga,","3","1982","487",,"4.07","5311","https://www.goodreads.com/book/show/25943766-master-of-furies"
"53","Raymond E. Feist","Fantasy","4.24","Magician (The Riftwar Saga, #1-2)","The Riftwar Saga,","1","1982","681","Young Adult","4.32","71225","https://www.goodreads.com/book/show/43916.Magician"
"53","Raymond E. Feist","Fantasy","4.24","Magician: Apprentice (The Riftwar Saga, #1)","The Riftwar Saga,","1","1982","485","Young Adult","4.17","101587","https://www.goodreads.com/book/show/13812.Magician"
"53","Raymond E. Feist","Fantasy","4.24","The Riftwar Saga (The Riftwar Saga, #1-4)","The Riftwar Saga,","1","1982",,,"4.42","12656","https://www.goodreads.com/book/show/2041545.The_Riftwar_Saga"
"53","Raymond E. Feist","Fantasy","4.24","Magician: Master (The Riftwar Saga, #2)","The Riftwar Saga,","2","1982","499","Children; Young Adult","4.25","75918","https://www.goodreads.com/book/show/13810.Magician"
"53","Raymond E. Feist","Fantasy","4.24","Silverthorn (The Riftwar Saga, #3)","The Riftwar Saga,","3","1982","432",,"4.11","67744","https://www.goodreads.com/book/show/149302.Silverthorn"
"53","Raymond E. Feist","Fantasy","4.24","A Darkness at Sethanon (The Riftwar Saga, #4)","The Riftwar Saga,","4","1982","527","Young Adult","4.2","70970","https://www.goodreads.com/book/show/13813.A_Darkness_at_Sethanon"
"53","Raymond E. Feist","Fantasy","4.24","Shadow of a Dark Queen (The Serpentwar Saga, #1)","The Serpentwar Saga,","1","1982","497",,"4.09","31454","https://www.goodreads.com/book/show/43908.Shadow_of_a_Dark_Queen"
"53","Raymond E. Feist","Fantasy","4.24","Rise of a Merchant Prince (The Serpentwar Saga, #2)","The Serpentwar Saga,","2","1982","479",,"4.09","30814","https://www.goodreads.com/book/show/43917.Rise_of_a_Merchant_Prince"
"53","Raymond E. Feist","Fantasy","4.24","Rage of a Demon King (The Serpentwar Saga, #3)","The Serpentwar Saga,","3","1982","436",,"4.09","27474","https://www.goodreads.com/book/show/13881.Rage_of_a_Demon_King"
"53","Raymond E. Feist","Fantasy","4.24","Shards of a Broken Crown (The Serpentwar Saga, #4)","The Serpentwar Saga,","4","1982","498",,"4.06","23456","https://www.goodreads.com/book/show/13817.Shards_of_a_Broken_Crown"
"53","Raymond E. Feist","Fantasy","4.24","The Serpentwar Saga: The Complete 4-Book Collection",,,"1982","2322",,"4.59","1175","https://www.goodreads.com/book/show/18927652-the-serpentwar-saga"
"54","Aldous Huxley","Science-Fiction","4.16","Brave New World and Brave New World Revisited",,,"1932","340",,"4.16","170875","https://www.goodreads.com/book/show/5479.Brave_New_World_and_Brave_New_World_Revisited"
"55","Samantha Shannon","Fantasy","4.24","The Mime Order (The Bone Season, #2)","The Bone Season,","2","2015","560","Young Adult","4.22","41369","https://www.goodreads.com/book/show/199701668-the-mime-order"
"55","Samantha Shannon","Fantasy","4.24","The Song Rising (The Bone Season, #3)","The Bone Season,","3","2017","384","Young Adult","4.2","26846","https://www.goodreads.com/book/show/201559382-the-song-rising"
"55","Samantha Shannon","Fantasy","4.24","The Dawn Chorus (The Bone Season, #3.5)","The Bone Season,","3.5","2020","78","Young Adult","4.16","6731","https://www.goodreads.com/book/show/213740073-the-dawn-chorus"
"55","Samantha Shannon","Fantasy","4.24","The Mask Falling (The Bone Season, #4)","The Bone Season,","4","2021","544","Young Adult","4.45","16870","https://www.goodreads.com/book/show/201559379-the-mask-falling"
"55","Samantha Shannon","Fantasy","4.24","The Dark Mirror (The Bone Season, #5)","The Bone Season,","5","2025","576","Young Adult","4.55","6740","https://www.goodreads.com/book/show/24526778-the-dark-mirror"
"55","Samantha Shannon","Fantasy","4.24","Dzień nastania nocy. Część 1 (Korzenie chaosu, #0A)","Korzenie chaosu,","0","2023","640",,"4.09","2176","https://www.goodreads.com/book/show/122773444-dzie-nastania-nocy-cz-1"
"55","Samantha Shannon","Fantasy","4.24","Dzień nastania nocy. Część 2 (Korzenie chaosu, #0B)","Korzenie chaosu,","0","2023","656",,"4.25","1684","https://www.goodreads.com/book/show/122773455-dzie-nastania-nocy-cz-2"
"55","Samantha Shannon","Fantasy","4.24","Zakon Drzewa Pomarańczy. Część 1 (Korzenie chaosu, #1A)","Korzenie chaosu,","1","2019","560","Young Adult","4.06","12594","https://www.goodreads.com/book/show/52785185-zakon-drzewa-pomara-czy-cz-1"
"55","Samantha Shannon","Fantasy","4.24","Zakon Drzewa Pomarańczy. Część 2 (Korzenie chaosu, #1B)","Korzenie chaosu,","1","2019","560","Young Adult","4.2","9122","https://www.goodreads.com/book/show/50892698-zakon-drzewa-pomara-czy-cz-2"
"55","Samantha Shannon","Fantasy","4.24","A Day of Fallen Night (The Roots of Chaos, #0.1)","The Roots of Chaos,","0.1","2023","868",,"4.32","53280","https://www.goodreads.com/book/show/60766189-a-day-of-fallen-night"
"55","Samantha Shannon","Fantasy","4.24","Among the Burning Flowers (The Roots of Chaos, #0.2)","The Roots of Chaos,","0.2","2025","288",,"4.22","3568","https://www.goodreads.com/book/show/222376983-among-the-burning-flowers"
"55","Samantha Shannon","Fantasy","4.24","The Priory of the Orange Tree (The Roots of Chaos, #1)","The Roots of Chaos,","1","2019","848",,"4.17","269693","https://www.goodreads.com/book/show/40275288-the-priory-of-the-orange-tree"
"56","David Foster Wallace","Other","4.22","A Supposedly Fun Thing I'll Never Do Again:  Essays and Arguments",,,"1923","353",,"4.13","53487","https://www.goodreads.com/book/show/6748.A_Supposedly_Fun_Thing_I_ll_Never_Do_Again"
"56","David Foster Wallace","Other","4.22","Consider the Lobster and Other Essays",,,"1923","343",,"4.18","53480","https://www.goodreads.com/book/show/6751.Consider_the_Lobster_and_Other_Essays"
"56","David Foster Wallace","Other","4.22","Infinite Jest",,,"1923","1088",,"4.25","99893","https://www.goodreads.com/book/show/6759.Infinite_Jest"
"56","David Foster Wallace","Other","4.22","Oblivion",,,"1923","329",,"4.07","15712","https://www.goodreads.com/book/show/6749.Oblivion"
"56","David Foster Wallace","Other","4.22","This Is Water: Some Thoughts, Delivered on a Significant Occasion, about Living a Compassionate Life",,,"1923","138",,"4.47","37653","https://www.goodreads.com/book/show/5986375-this-is-water"
"57","Terry Pratchett","Fantasy","4.24","A Blink of the Screen: Collected Shorter Fiction",,,"1983","320",,"4.04","6773","https://www.goodreads.com/book/show/13536811-a-blink-of-the-screen"
"57","Terry Pratchett","Fantasy","4.24","A Tourist Guide to Lancre",,,"1983","27",,"4.08","1723","https://www.goodreads.com/book/show/34505.A_Tourist_Guide_to_Lancre"
"57","Terry Pratchett","Fantasy","4.24","Wings (Bromeliad Trilogy, #3)","Bromeliad Trilogy,","3","1983","224","Children; Middle Grade; Young Adult","4.01","11361","https://www.goodreads.com/book/show/34519.Wings"
"57","Terry Pratchett","Fantasy","4.24","Death's Domain: A Discworld Mapp",,,"1983","27",,"4.19","1374","https://www.goodreads.com/book/show/233675.Death_s_Domain"
"57","Terry Pratchett","Fantasy","4.24","The Witches Trilogy (Discworld #3,6,12)","Discworld","3","1983","592",,"4.59","1984","https://www.goodreads.com/book/show/61657.The_Witches_Trilogy"
"57","Terry Pratchett","Fantasy","4.24","Death Trilogy: Mort / Reaper Man / Soul Music (Discworld #4, 11, 16)","Discworld","4","1983","754",,"4.62","1256","https://www.goodreads.com/book/show/149871.Death_Trilogy"
"57","Terry Pratchett","Fantasy","4.24","Feet of Clay (Discworld, #19; City Watch, #3)","Discworld,","1","1983","411",,"4.33","91920","https://www.goodreads.com/book/show/34527.Feet_of_Clay"
"57","Terry Pratchett","Fantasy","4.24","Troll Bridge (Discworld, #16.5)","Discworld,","1","1983","10",,"4.09","4158","https://www.goodreads.com/book/show/12300570-troll-bridge"
"57","Terry Pratchett","Fantasy","4.24","The Light Fantastic (Discworld, #2; Rincewind, #2)","Discworld,","2","1983","277",,"4.01","166338","https://www.goodreads.com/book/show/34506.The_Light_Fantastic"
"57","Terry Pratchett","Fantasy","4.24","Equal Rites (Discworld, #3; Witches, #1)","Discworld,","3","1983","228",,"4.07","196771","https://www.goodreads.com/book/show/34507.Equal_Rites"
"57","Terry Pratchett","Fantasy","4.24","Going Postal (Discworld, #33; Moist von Lipwig, #1)","Discworld,","3","1983","394",,"4.41","134131","https://www.goodreads.com/book/show/64222.Going_Postal"
"57","Terry Pratchett","Fantasy","4.24","Making Money (Discworld, #36; Moist Von Lipwig, #2)","Discworld,","3","1983","394","Young Adult","4.27","76956","https://www.goodreads.com/book/show/116296.Making_Money"
"57","Terry Pratchett","Fantasy","4.24","Mort (Discworld, #4; Death, #1)","Discworld,","4","1983","243",,"4.24","268320","https://www.goodreads.com/book/show/386372.Mort"
"57","Terry Pratchett","Fantasy","4.24","Wyrd Sisters (Discworld, #6; Witches, #2)","Discworld,","6","1983","265",,"4.16","129311","https://www.goodreads.com/book/show/34504.Wyrd_Sisters"
"57","Terry Pratchett","Fantasy","4.24","Guards! Guards! (Discworld, #8; City Watch, #1)","Discworld,","8","1983","376",,"4.34","232009","https://www.goodreads.com/book/show/64216.Guards_Guards_"
"57","Terry Pratchett","Fantasy","4.24","Death and What Comes Next (Discworld, #10.5; Death, #1.5)","Discworld,","10.5","1983","1",,"4.1","4070","https://www.goodreads.com/book/show/13107852-death-and-what-comes-next"
"57","Terry Pratchett","Fantasy","4.24","Reaper Man (Discworld, #11; Death, #2)","Discworld,","11","1983","289",,"4.28","111260","https://www.goodreads.com/book/show/34517.Reaper_Man"
"57","Terry Pratchett","Fantasy","4.24","Witches Abroad (Discworld, #12; Witches, #3)","Discworld,","12","1983","374",,"4.26","96889","https://www.goodreads.com/book/show/2442.Witches_Abroad"
"57","Terry Pratchett","Fantasy","4.24","Small Gods (Discworld, #13)","Discworld,","13","1983","389",,"4.32","131820","https://www.goodreads.com/book/show/34484.Small_Gods"
"57","Terry Pratchett","Fantasy","4.24","Lords and Ladies (Discworld, #14; Witches, #4)","Discworld,","14","1983","352",,"4.21","85085","https://www.goodreads.com/book/show/34529.Lords_and_Ladies"
"57","Terry Pratchett","Fantasy","4.24","Men at Arms (Discworld, #15; City Watch, #2)","Discworld,","15","1983","377",,"4.41","111083","https://www.goodreads.com/book/show/400354.Men_at_Arms"
"57","Terry Pratchett","Fantasy","4.24","Soul Music (Discworld, #16; Death, #3)","Discworld,","16","1983","288",,"4.06","85837","https://www.goodreads.com/book/show/34502.Soul_Music"
"57","Terry Pratchett","Fantasy","4.24","Interesting Times (Discworld, #17; Rincewind, #5)","Discworld,","17","1983","368","Young Adult","4.15","59143","https://www.goodreads.com/book/show/884288.Interesting_Times"
"57","Terry Pratchett","Fantasy","4.24","Maskerade (Discworld, #18; Witches, #5)","Discworld,","18","1983","285","Young Adult","4.13","68284","https://www.goodreads.com/book/show/78876.Maskerade"
"57","Terry Pratchett","Fantasy","4.24","Jingo (Discworld, #21; City Watch, #4)","Discworld,","21","1983","461",,"4.19","72507","https://www.goodreads.com/book/show/47990.Jingo"
"57","Terry Pratchett","Fantasy","4.24","The Last Continent (Discworld, #22; Rincewind, #6)","Discworld,","22","1983","416","Young Adult","4","61492","https://www.goodreads.com/book/show/47994.The_Last_Continent"
"57","Terry Pratchett","Fantasy","4.24","The Sea and Little Fishes (Discworld, #22.5; Witches, #5.5)","Discworld,","22.5","1983","76",,"4.26","3084","https://www.goodreads.com/book/show/17082640-the-sea-and-little-fishes"
"57","Terry Pratchett","Fantasy","4.24","Carpe Jugulum (Discworld, #23; Witches, #6)","Discworld,","23","1983","296",,"4.19","67348","https://www.goodreads.com/book/show/34541.Carpe_Jugulum"
"57","Terry Pratchett","Fantasy","4.24","The Fifth Elephant (Discworld, #24; City Watch, #5)","Discworld,","24","1983","464",,"4.31","78728","https://www.goodreads.com/book/show/63720.The_Fifth_Elephant"
"57","Terry Pratchett","Fantasy","4.24","The Truth (Discworld, #25; Industrial Revolution, #2)","Discworld,","25","1983","444",,"4.41","23272","https://www.goodreads.com/book/show/288680.The_Truth"
"57","Terry Pratchett","Fantasy","4.24","Thief of Time (Discworld, #26; Death, #5)","Discworld,","26","1983","378",,"4.28","76931","https://www.goodreads.com/book/show/48002.Thief_of_Time"
"57","Terry Pratchett","Fantasy","4.24","The Last Hero (Discworld, #27; Rincewind, #7)","Discworld,","27","1983","176",,"4.18","39296","https://www.goodreads.com/book/show/34503.The_Last_Hero"
"57","Terry Pratchett","Fantasy","4.24","The Amazing Maurice and His Educated Rodents (Discworld, #28)","Discworld,","28","1983","256","Children; Young Adult","4.08","51890","https://www.goodreads.com/book/show/34534.The_Amazing_Maurice_and_His_Educated_Rodents"
"57","Terry Pratchett","Fantasy","4.24","Night Watch (Discworld, #29; City Watch, #6)","Discworld,","29","1983","480",,"4.5","117559","https://www.goodreads.com/book/show/47989.Night_Watch"
"57","Terry Pratchett","Fantasy","4.24","The Wee Free Men (Discworld, #30; Tiffany Aching, #1)","Discworld,","30","1983","375","Children; Young Adult","4.3","119142","https://www.goodreads.com/book/show/34494.The_Wee_Free_Men"
"57","Terry Pratchett","Fantasy","4.24","The Wee Free Men: The Beginning (Discworld, #30 & #32) (Tiffany Aching #1-2)","Discworld,","30","1983","552","Children; Middle Grade; Young Adult","4.5","3811","https://www.goodreads.com/book/show/7881001-the-wee-free-men"
"57","Terry Pratchett","Fantasy","4.24","Monstrous Regiment (Discworld, #31; Industrial Revolution, #3)","Discworld,","31","1983","496",,"4.27","83959","https://www.goodreads.com/book/show/34511.Monstrous_Regiment"
"57","Terry Pratchett","Fantasy","4.24","A Hat Full of Sky (Discworld, #32; Tiffany Aching, #2)","Discworld,","32","1983","352","Children; Young Adult","4.32","79386","https://www.goodreads.com/book/show/34501.A_Hat_Full_of_Sky"
"57","Terry Pratchett","Fantasy","4.24","Thud! (Discworld, #34; City Watch, #7)","Discworld,","34","1983","439",,"4.35","78411","https://www.goodreads.com/book/show/62530.Thud_"
"57","Terry Pratchett","Fantasy","4.24","Where's My Cow? (Discworld, #34.5)","Discworld,","34.5","1983","32","Children; Young Adult","4.14","11167","https://www.goodreads.com/book/show/34524.Where_s_My_Cow_"
"57","Terry Pratchett","Fantasy","4.24","Wintersmith (Discworld, #35; Tiffany Aching, #3)","Discworld,","35","1983","325","Children; Young Adult","4.25","67123","https://www.goodreads.com/book/show/34492.Wintersmith"
"57","Terry Pratchett","Fantasy","4.24","Unseen Academicals (Discworld, #37; Rincewind, #8)","Discworld,","37","1983","417",,"4.01","58349","https://www.goodreads.com/book/show/6250169-unseen-academicals"
"57","Terry Pratchett","Fantasy","4.24","I Shall Wear Midnight (Discworld, #38; Tiffany Aching, #4)","Discworld,","38","1983","349","Children; Young Adult","4.36","60057","https://www.goodreads.com/book/show/7576115-i-shall-wear-midnight"
"57","Terry Pratchett","Fantasy","4.24","Snuff (Discworld, #39; City Watch, #8)","Discworld,","39","1983","378",,"4.19","62557","https://www.goodreads.com/book/show/8785374-snuff"
"57","Terry Pratchett","Fantasy","4.24","Raising Steam (Discworld, #40; Moist von Lipwig, #3)","Discworld,","40","1983","377",,"4.02","44267","https://www.goodreads.com/book/show/11275323-raising-steam"
"57","Terry Pratchett","Fantasy","4.24","The Shepherd's Crown (Discworld, #41; Tiffany Aching, #5)","Discworld,","41","1983","276","Children; Young Adult","4.38","33714","https://www.goodreads.com/book/show/22886868-the-shepherd-s-crown"
"57","Terry Pratchett","Fantasy","4.24","Good Omens",,,"1983","5",,"4.42","13152","https://www.goodreads.com/book/show/23347067-good-omens"
"57","Terry Pratchett","Fantasy","4.24","Good Omens: The Nice and Accurate Prophecies of Agnes Nutter, Witch",,,"1983","491",,"4.25","816436","https://www.goodreads.com/book/show/12067.Good_Omens"
"57","Terry Pratchett","Fantasy","4.24","Hogfather",,,"1983","448",,"4.26","101918","https://www.goodreads.com/book/show/34532.Hogfather"
"57","Terry Pratchett","Fantasy","4.24","Mort: A Discworld Big Comic",,,"1983","96",,"4.42","3651","https://www.goodreads.com/book/show/61659.Mort"
"57","Terry Pratchett","Fantasy","4.24","Nanny Ogg's Cookbook",,,"1983","176",,"4.02","6885","https://www.goodreads.com/book/show/34509.Nanny_Ogg_s_Cookbook"
"57","Terry Pratchett","Fantasy","4.24","Nation",,,"1983","410","Young Adult","4.11","37762","https://www.goodreads.com/book/show/2424593.Nation"
"57","Terry Pratchett","Fantasy","4.24","Rincewind the Wizzard",,,"1983","649",,"4.23","1828","https://www.goodreads.com/book/show/34535.Rincewind_the_Wizzard"
"57","Terry Pratchett","Fantasy","4.24","The Art of Discworld",,,"1983","128",,"4.36","5213","https://www.goodreads.com/book/show/78878.The_Art_of_Discworld"
"57","Terry Pratchett","Fantasy","4.24","The Bromeliad Trilogy",,,"1983","502","Children; Young Adult","4.11","7601","https://www.goodreads.com/book/show/34495.The_Bromeliad_Trilogy"
"57","Terry Pratchett","Fantasy","4.24","The City Watch Trilogy",,,"1983","759",,"4.7","1074","https://www.goodreads.com/book/show/61655.The_City_Watch_Trilogy"
"57","Terry Pratchett","Fantasy","4.24","The Compleat Ankh-Morpork: City Guide",,,"1983","128",,"4.35","1106","https://www.goodreads.com/book/show/13536349-the-compleat-ankh-morpork"
"57","Terry Pratchett","Fantasy","4.24","The Discworld Almanak: The Year of the Prawn",,,"1983","128",,"4.07","1113","https://www.goodreads.com/book/show/233670.The_Discworld_Almanak"
"57","Terry Pratchett","Fantasy","4.24","The Discworld Mapp: Being the Onlie True and Mostlie Accurate Mappe of the Fantastyk and Magical Dyscworlde",,,"1983","27",,"4.11","2833","https://www.goodreads.com/book/show/64224.The_Discworld_Mapp"
"57","Terry Pratchett","Fantasy","4.24","The First Discworld Novels: The Colour of Magic and the Light Fantastic",,,"1983","352",,"4.15","7589","https://www.goodreads.com/book/show/64144.The_First_Discworld_Novels"
"57","Terry Pratchett","Fantasy","4.24","The Folklore of Discworld",,,"1983","372",,"4.01","3362","https://www.goodreads.com/book/show/2429032.The_Folklore_of_Discworld"
"57","Terry Pratchett","Fantasy","4.24","The Rincewind Trilogy",,,"1983","568",,"4.44","1075","https://www.goodreads.com/book/show/149873.The_Rincewind_Trilogy"
"57","Terry Pratchett","Fantasy","4.24","The Streets of Ankh-Morpork",,,"1983","19",,"4.16","2215","https://www.goodreads.com/book/show/833440.The_Streets_of_Ankh_Morpork"
"57","Terry Pratchett","Fantasy","4.24","The Wit and Wisdom of Discworld",,,"1983","360",,"4.02","2563","https://www.goodreads.com/book/show/149864.The_Wit_and_Wisdom_of_Discworld"
"58","Philip K. Dick","Science-Fiction","4.16","The Collected Stories of Philip K. Dick 1: The Short Happy Life of the Brown Oxford",,,"1952","432",,"4.16","9527","https://www.goodreads.com/book/show/22592.The_Collected_Stories_of_Philip_K_Dick_1"
"58","Philip K. Dick","Science-Fiction","4.16","The Collected Stories of Philip K. Dick 3: Second Variety",,,"1952","414",,"4.22","4845","https://www.goodreads.com/book/show/14186.The_Collected_Stories_of_Philip_K_Dick_3"
"58","Philip K. Dick","Science-Fiction","4.16","Second Variety",,,"1953","1",,"4","4442","https://www.goodreads.com/book/show/8185014-second-variety"
"58","Philip K. Dick","Science-Fiction","4.16","The Collected Stories of Philip K. Dick 2: We Can Remember it for You Wholesale",,,"1953","381",,"4.21","9265","https://www.goodreads.com/book/show/22581.The_Collected_Stories_of_Philip_K_Dick_2"
"58","Philip K. Dick","Science-Fiction","4.16","The Collected Stories of Philip K. Dick 4: The Minority Report",,,"1954","396",,"4.11","14571","https://www.goodreads.com/book/show/156724.The_Collected_Stories_of_Philip_K_Dick_4"
"58","Philip K. Dick","Science-Fiction","4.16","The Three Stigmata of Palmer Eldritch",,,"1965","231",,"4.01","42877","https://www.goodreads.com/book/show/14185.The_Three_Stigmata_of_Palmer_Eldritch"
"58","Philip K. Dick","Science-Fiction","4.16","Do Androids Dream of Electric Sheep?",,,"1968","258",,"4.09","503599","https://www.goodreads.com/book/show/36402034-do-androids-dream-of-electric-sheep"
"58","Philip K. Dick","Science-Fiction","4.16","Ubik",,,"1969","288",,"4.11","120522","https://www.goodreads.com/book/show/22590.Ubik"
"58","Philip K. Dick","Science-Fiction","4.16","A Scanner Darkly",,,"1977","324",,"4.03","109114","https://www.goodreads.com/book/show/14817.A_Scanner_Darkly"
"58","Philip K. Dick","Science-Fiction","4.16","The Best of Philip K. Dick",,,"1977","450",,"4.23","1486","https://www.goodreads.com/book/show/22591.The_Best_of_Philip_K_Dick"
"58","Philip K. Dick","Science-Fiction","4.16","Selected Stories of Philip K. Dick",,,"1982","496",,"4.26","4155","https://www.goodreads.com/book/show/14180.Selected_Stories_of_Philip_K_Dick"
"58","Philip K. Dick","Science-Fiction","4.16","The Collected Stories of Philip K. Dick 5: The Eye of The Sibyl",,,"1987","396",,"4.19","3314","https://www.goodreads.com/book/show/22585.The_Collected_Stories_of_Philip_K_Dick_5"
"58","Philip K. Dick","Science-Fiction","4.16","The Philip K. Dick Reader",,,"1997","422",,"4.28","3262","https://www.goodreads.com/book/show/14183.The_Philip_K_Dick_Reader"
"58","Philip K. Dick","Science-Fiction","4.16","Five Great Novels: The Three Stigmata of Palmer Eldritch / Martian Time-Slip / Do Androids Dream of Electric Sheep? / Ubik / A Scanner Darkly",,,"2004","839",,"4.33","2264","https://www.goodreads.com/book/show/649643.Five_Great_Novels"
"58","Philip K. Dick","Science-Fiction","4.16","Four Novels of the 1960s",,,"2007","830",,"4.38","2331","https://www.goodreads.com/book/show/14182.Four_Novels_of_the_1960s"
"58","Philip K. Dick","Science-Fiction","4.16","Do Androids Dream of Electric Sheep? 1 (Do Androids Dream of Electric Sheep?, #1)","Do Androids Dream of Electric Sheep?,","1","2011","144",,"4.04","4377","https://www.goodreads.com/book/show/6545414-do-androids-dream-of-electric-sheep-1"
"58","Philip K. Dick","Science-Fiction","4.16","The Philip K. Dick Megapack: 15 Classic Science Fiction Stories",,,"2013","365",,"4.12","2023","https://www.goodreads.com/book/show/18894789-the-philip-k-dick-megapack"
"58","Philip K. Dick","Science-Fiction","4.16","Philip K. Dick's Electric Dreams",,,"2017","223",,"4.11","5483","https://www.goodreads.com/book/show/38650847-philip-k-dick-s-electric-dreams"
"59","J.R.R. Tolkien","Fantasy","4.23","The Hobbit, or There and Back Again",,,"1937","366","Children; Young Adult","4.3","4391167","https://www.goodreads.com/book/show/5907.The_Hobbit_or_There_and_Back_Again"
"59","J.R.R. Tolkien","Fantasy","4.23","The Hobbit, Part 2 of 2",,,"1937","6","Young Adult","4.43","1544","https://www.goodreads.com/book/show/16153601-the-hobbit-part-2-of-2"
"59","J.R.R. Tolkien","Fantasy","4.23","The Hobbit, Part One",,,"1937","230","Young Adult","4.31","381979","https://www.goodreads.com/book/show/17157681-the-hobbit-part-one"
"59","J.R.R. Tolkien","Fantasy","4.23","Leaf by Niggle",,,"1945","22","Children","4.26","8288","https://www.goodreads.com/book/show/6784686-leaf-by-niggle"
"59","J.R.R. Tolkien","Fantasy","4.23","The Lay of Aotrou and Itroun",,,"1945","106",,"4.03","1506","https://www.goodreads.com/book/show/31122069-the-lay-of-aotrou-and-itroun"
"59","J.R.R. Tolkien","Fantasy","4.23","Der Herr der Ringe. Anhänge und Register",,,"1954","191",,"4.13","1531","https://www.goodreads.com/book/show/136778.Der_Herr_der_Ringe_Anh_nge_und_Register"
"59","J.R.R. Tolkien","Fantasy","4.23","J.R.R. Tolkien 4-Book Boxed Set: The Hobbit and The Lord of the Rings",,,"1954","1728","Young Adult","4.61","142618","https://www.goodreads.com/book/show/30.J_R_R_Tolkien_4_Book_Boxed_Set"
"59","J.R.R. Tolkien","Fantasy","4.23","The Lord of the Rings",,,"1954","1216","Young Adult","4.54","722523","https://www.goodreads.com/book/show/33.The_Lord_of_the_Rings"
"59","J.R.R. Tolkien","Fantasy","4.23","The Fellowship of the Ring (The Lord of the Rings, #1)","The Lord of the Rings,","1","1954","432","Young Adult","4.4","3091028","https://www.goodreads.com/book/show/61215351-the-fellowship-of-the-ring"
"59","J.R.R. Tolkien","Fantasy","4.23","The Ring Sets Out (The Lord of the Rings, #1)","The Lord of the Rings,","1","1954","283","Young Adult","4.32","2275","https://www.goodreads.com/book/show/15404.The_Ring_Sets_Out"
"59","J.R.R. Tolkien","Fantasy","4.23","The Ring Goes South (The Lord of the Rings, #2)","The Lord of the Rings,","2","1954","253",,"4.44","1703","https://www.goodreads.com/book/show/1233420.The_Ring_Goes_South"
"59","J.R.R. Tolkien","Fantasy","4.23","The Two Towers (The Lord of the Rings, #2)","The Lord of the Rings,","2","1954","448",,"4.5","1101136","https://www.goodreads.com/book/show/61215372-the-two-towers"
"59","J.R.R. Tolkien","Fantasy","4.23","The Treason of Isengard (The Lord of the Rings, #3)","The Lord of the Rings,","3","1954","252",,"4.44","1000","https://www.goodreads.com/book/show/215343.The_Treason_of_Isengard"
"59","J.R.R. Tolkien","Fantasy","4.23","The Return of the King (The Lord of the Rings, #3)","The Lord of the Rings,","3","1955","432",,"4.58","1019549","https://www.goodreads.com/book/show/61215384-the-return-of-the-king"
"59","J.R.R. Tolkien","Fantasy","4.23","Tree and Leaf: Includes Mythopoeia and The Homecoming of Beorhtnoth",,,"1964","150",,"4.12","3332","https://www.goodreads.com/book/show/7348.Tree_and_Leaf"
"59","J.R.R. Tolkien","Fantasy","4.23","The Tolkien Reader",,,"1966","251",,"4.01","5180","https://www.goodreads.com/book/show/7337.The_Tolkien_Reader"
"59","J.R.R. Tolkien","Fantasy","4.23","Bilbo's Last Song (Middle Earth, #4.5)","Middle Earth,","4.5","1974","32","Children","4.19","5954","https://www.goodreads.com/book/show/67939.Bilbo_s_Last_Song"
"59","J.R.R. Tolkien","Fantasy","4.23","Letters from Father Christmas",,,"1976","111","Children; Middle Grade","4.3","26700","https://www.goodreads.com/book/show/7331.Letters_from_Father_Christmas"
"59","J.R.R. Tolkien","Fantasy","4.23","The Silmarillion",,,"1977","386",,"4.03","329451","https://www.goodreads.com/book/show/7332.The_Silmarillion"
"59","J.R.R. Tolkien","Fantasy","4.23","Pictures by J.R.R. Tolkien",,,"1979","102",,"4.51","1364","https://www.goodreads.com/book/show/16546.Pictures_by_J_R_R_Tolkien"
"59","J.R.R. Tolkien","Fantasy","4.23","Unfinished Tales",,,"1980","452","Young Adult","4.02","43676","https://www.goodreads.com/book/show/7329.Unfinished_Tales"
"59","J.R.R. Tolkien","Fantasy","4.23","The Lays of Beleriand (The History of Middle-Earth, #3)","The History of Middle-Earth,","3","1985","393",,"4.01","4149","https://www.goodreads.com/book/show/77678.The_Lays_of_Beleriand"
"59","J.R.R. Tolkien","Fantasy","4.23","The Return of the Shadow: The History of The Lord of the Rings, Part One (The History of Middle-Earth, #6)","The History of Middle-Earth,","6","1988","512",,"4.1","3353","https://www.goodreads.com/book/show/15351.The_Return_of_the_Shadow"
"59","J.R.R. Tolkien","Fantasy","4.23","The Treason of Isengard: The History of The Lord of the Rings, Part Two (The History of Middle-Earth, #7)","The History of Middle-Earth,","7","1989","504",,"4.17","3577","https://www.goodreads.com/book/show/77682.The_Treason_of_Isengard"
"59","J.R.R. Tolkien","Fantasy","4.23","The War of the Ring (The History of Middle-Earth, #8)","The History of Middle-Earth,","8","1990","496",,"4.15","2922","https://www.goodreads.com/book/show/15279.The_War_of_the_Ring"
"59","J.R.R. Tolkien","Fantasy","4.23","Sauron Defeated: The History of The Lord of the Rings, Part Four (The History of Middle-Earth, #9)","The History of Middle-Earth,","9","1992","496",,"4.02","3137","https://www.goodreads.com/book/show/23600.Sauron_Defeated"
"59","J.R.R. Tolkien","Fantasy","4.23","Morgoth's Ring (The History of Middle-Earth, #10)","The History of Middle-Earth,","10","1993","478",,"4.18","2392","https://www.goodreads.com/book/show/18963.Morgoth_s_Ring"
"59","J.R.R. Tolkien","Fantasy","4.23","The Shaping of Middle-Earth (The History of Middle-Earth #4)","The History of Middle-Earth","4","1986","471",,"4.02","3339","https://www.goodreads.com/book/show/92005.The_Shaping_of_Middle_Earth"
"59","J.R.R. Tolkien","Fantasy","4.23","The Peoples of Middle-Earth (The History of Middle-Earth #12)","The History of Middle-Earth","12","1996","482",,"4.18","4812","https://www.goodreads.com/book/show/67996.The_Peoples_of_Middle_Earth"
"59","J.R.R. Tolkien","Fantasy","4.23","Tolkien's World: Paintings of Middle-earth",,,"1992","144",,"4.28","6303","https://www.goodreads.com/book/show/23597.Tolkien_s_World"
"59","J.R.R. Tolkien","Fantasy","4.23","The Maps of Tolkien's Middle-Earth",,,"1994","80",,"4.15","7819","https://www.goodreads.com/book/show/7340.The_Maps_of_Tolkien_s_Middle_Earth"
"59","J.R.R. Tolkien","Fantasy","4.23","Tales from the Perilous Realm",,,"1997","178","Children","4.07","11679","https://www.goodreads.com/book/show/23603.Tales_from_the_Perilous_Realm"
"59","J.R.R. Tolkien","Fantasy","4.23","The Children of Húrin",,,"2007","315",,"4.05","91937","https://www.goodreads.com/book/show/597790.The_Children_of_H_rin"
"59","J.R.R. Tolkien","Fantasy","4.23","Tolkien On Fairy-stories",,,"2008","320",,"4.32","4698","https://www.goodreads.com/book/show/1362112.Tolkien_On_Fairy_stories"
"59","J.R.R. Tolkien","Fantasy","4.23","Beren and Lúthien",,,"2017","321",,"4.06","23743","https://www.goodreads.com/book/show/41015249-beren-and-l-thien"
"59","J.R.R. Tolkien","Fantasy","4.23","The Fall of Gondolin",,,"2018","304",,"4.09","17356","https://www.goodreads.com/book/show/39798828-the-fall-of-gondolin"
"59","J.R.R. Tolkien","Fantasy","4.23","The Fall of Númenor: and Other Tales from the Second Age of Middle-earth",,,"2022","352",,"4.31","6607","https://www.goodreads.com/book/show/61331094-the-fall-of-n-menor"
"60","Oscar Wilde","Other","4.2","Oscar Wilde: Short Stories",,,"1888","64",,"4.24","2001","https://www.goodreads.com/book/show/10626096-oscar-wilde"
"60","Oscar Wilde","Other","4.2","The Complete Fairy Tales",,,"1888","144","Children","4.17","33892","https://www.goodreads.com/book/show/163716.The_Complete_Fairy_Tales"
"60","Oscar Wilde","Other","4.2","The Happy Prince",,,"1888","32","Children","4.19","37147","https://www.goodreads.com/book/show/79121.The_Happy_Prince"
"60","Oscar Wilde","Other","4.2","The Nightingale and the Rose",,,"1888","18","Children","4.28","12119","https://www.goodreads.com/book/show/590272.The_Nightingale_and_the_Rose"
"60","Oscar Wilde","Other","4.2","The Picture of Dorian Gray and Other Works",,,"1888","1511",,"4.18","2523","https://www.goodreads.com/book/show/8135238-the-picture-of-dorian-gray-and-other-works"
"60","Oscar Wilde","Other","4.2","The Selfish Giant",,,"1888","32","Children","4.08","9946","https://www.goodreads.com/book/show/677552.The_Selfish_Giant"
"60","Oscar Wilde","Other","4.2","The Picture of Dorian Gray",,,"1890","253",,"4.13","1820890","https://www.goodreads.com/book/show/489732.The_Picture_of_Dorian_Gray"
"60","Oscar Wilde","Other","4.2","The Picture of Dorian Gray",,,,"63",,"4.03","1230","https://www.goodreads.com/book/show/2401162.The_Picture_of_Dorian_Gray"
"60","Oscar Wilde","Other","4.2","The Uncensored Picture of Dorian Gray",,,"1890","260",,"4.27","13511","https://www.goodreads.com/book/show/13747794-the-uncensored-picture-of-dorian-gray"
"60","Oscar Wilde","Other","4.2","Complete Fairy Tales of Oscar Wilde",,,"1891","240","Children","4.16","1391","https://www.goodreads.com/book/show/5313289-complete-fairy-tales-of-oscar-wilde"
"60","Oscar Wilde","Other","4.2","The Picture of Dorian Gray and Three Stories",,,"1891","320",,"4.08","3236","https://www.goodreads.com/book/show/9123.The_Picture_of_Dorian_Gray_and_Three_Stories"
"60","Oscar Wilde","Other","4.2","An Ideal Husband",,,"1893","78",,"4.01","44259","https://www.goodreads.com/book/show/5296.An_Ideal_Husband"
"60","Oscar Wilde","Other","4.2","Complete Shorter Fiction",,,"1894","288",,"4.11","4744","https://www.goodreads.com/book/show/19398.Complete_Shorter_Fiction"
"60","Oscar Wilde","Other","4.2","The Importance of Being Earnest",,,"1895","89",,"4.17","400807","https://www.goodreads.com/book/show/92303.The_Importance_of_Being_Earnest"
"60","Oscar Wilde","Other","4.2","The Plays of Oscar Wilde",,,"1895","444",,"4.34","2256","https://www.goodreads.com/book/show/264365.The_Plays_of_Oscar_Wilde"
"60","Oscar Wilde","Other","4.2","The Ballad of Reading Gaol and Other Poems",,,"1896","64",,"4.12","1890","https://www.goodreads.com/book/show/143514.The_Ballad_of_Reading_Gaol_and_Other_Poems"
"60","Oscar Wilde","Other","4.2","De Profundis",,,"1897","188",,"4.22","24992","https://www.goodreads.com/book/show/323455.De_Profundis"
"60","Oscar Wilde","Other","4.2","The Ballad of Reading Gaol",,,"1898","37",,"4.28","7481","https://www.goodreads.com/book/show/1329726.The_Ballad_of_Reading_Gaol"
"60","Oscar Wilde","Other","4.2","The Importance of Being Earnest and Other Plays",,,"1898","431",,"4.23","51725","https://www.goodreads.com/book/show/92308.The_Importance_of_Being_Earnest_and_Other_Plays"
"60","Oscar Wilde","Other","4.2","The Picture of Dorian Gray and Other Writings",,,"1898","487",,"4.17","7881","https://www.goodreads.com/book/show/390353.The_Picture_of_Dorian_Gray_and_Other_Writings"
"60","Oscar Wilde","Other","4.2","Complete Works of Oscar Wilde",,,"1908","1270",,"4.47","15336","https://www.goodreads.com/book/show/5289.Complete_Works_of_Oscar_Wilde"
"60","Oscar Wilde","Other","4.2","The Collected Oscar Wilde",,,"2011","672",,"4.38","5707","https://www.goodreads.com/book/show/2417381.The_Collected_Oscar_Wilde"
"60","Oscar Wilde","Other","4.2","The Importance of Being Earnest and Four Other Plays",,,,"416",,"4.32","7934","https://www.goodreads.com/book/show/210625.The_Importance_of_Being_Earnest_and_Four_Other_Plays"
"61","N.K. Jemisin","Fantasy","4.23","Shades in Shadow (Inheritance, #0.5, 1.5, 2.5)","Inheritance,","0.5","2015","64",,"4.05","2569","https://www.goodreads.com/book/show/25552070-shades-in-shadow"
"61","N.K. Jemisin","Fantasy","4.23","The Inheritance Trilogy (Inheritance, #1-3.5)","Inheritance,","1","2014","1462",,"4.28","9337","https://www.goodreads.com/book/show/21481566-the-inheritance-trilogy"
"61","N.K. Jemisin","Fantasy","4.23","The Broken Kingdoms (Inheritance, #2)","Inheritance,","2","2010","384",,"4.14","38863","https://www.goodreads.com/book/show/7904453-the-broken-kingdoms"
"61","N.K. Jemisin","Fantasy","4.23","The Shadowed Sun (Dreamblood, #2)","Dreamblood,","2","2012","510",,"4.29","11789","https://www.goodreads.com/book/show/11774295-the-shadowed-sun"
"61","N.K. Jemisin","Fantasy","4.23","The Awakened Kingdom  (The Inheritance Trilogy, #3.5)","The Inheritance Trilogy,","3.5","2014","96",,"4.01","6843","https://www.goodreads.com/book/show/23763447-the-awakened-kingdom"
"61","N.K. Jemisin","Fantasy","4.23","The Fifth Season (The Broken Earth #1)","The Broken Earth","1","2015","468",,"4.29","324781","https://www.goodreads.com/book/show/19161852-the-fifth-season"
"61","N.K. Jemisin","Fantasy","4.23","The Broken Earth Trilogy (The Broken Earth, #1-3)","The Broken Earth,","1","2018","1424",,"4.56","4082","https://www.goodreads.com/book/show/38496769-the-broken-earth-trilogy"
"61","N.K. Jemisin","Fantasy","4.23","The Obelisk Gate (The Broken Earth, #2)","The Broken Earth,","2","2016","410",,"4.29","191546","https://www.goodreads.com/book/show/26228034-the-obelisk-gate"
"61","N.K. Jemisin","Fantasy","4.23","The Stone Sky (The Broken Earth, #3)","The Broken Earth,","3","2017","416",,"4.33","162883","https://www.goodreads.com/book/show/31817749-the-stone-sky"
"61","N.K. Jemisin","Fantasy","4.23","The Dreamblood Duology",,,"2016","960",,"4.42","2069","https://www.goodreads.com/book/show/29808317-the-dreamblood-duology"
"61","N.K. Jemisin","Fantasy","4.23","How Long 'til Black Future Month?",,,"2018","400",,"4.27","17940","https://www.goodreads.com/book/show/40855636-how-long-til-black-future-month"
"61","N.K. Jemisin","Fantasy","4.23","Far Sector",,,"2019","305",,"4.19","5189","https://www.goodreads.com/book/show/54197207-far-sector"
"61","N.K. Jemisin","Fantasy","4.23","Emergency Skin (Forward Collection, #3)","Forward Collection,","3","2019","38",,"4.02","33087","https://www.goodreads.com/book/show/49669410-emergency-skin"
"61","N.K. Jemisin","Fantasy","4.23","The World We Make (Great Cities, #2)","Great Cities,","2","2022","357",,"4.09","18531","https://www.goodreads.com/book/show/60399181-the-world-we-make"
"62","Ray Bradbury","Science-Fiction","4.16","The Homecoming (Wonderfully Illustrated Short Pieces, 2)",,,"1946","56","Young Adult","4.03","1086","https://www.goodreads.com/book/show/9626.The_Homecoming"
"62","Ray Bradbury","Science-Fiction","4.16","The Martian Chronicles",,,"1950","182",,"4.16","282301","https://www.goodreads.com/book/show/76778.The_Martian_Chronicles"
"62","Ray Bradbury","Science-Fiction","4.16","The Veldt",,,"1950","45","Young Adult","4.14","14113","https://www.goodreads.com/book/show/120555.The_Veldt"
"62","Ray Bradbury","Science-Fiction","4.16","There Will Come Soft Rains",,,"1950","30",,"4.22","9461","https://www.goodreads.com/book/show/2260460.There_Will_Come_Soft_Rains"
"62","Ray Bradbury","Science-Fiction","4.16","A Sound of Thunder",,,"1951","15",,"4.07","8538","https://www.goodreads.com/book/show/17568373-a-sound-of-thunder"
"62","Ray Bradbury","Science-Fiction","4.16","The Fog Horn",,,"1951","128",,"4.28","1109","https://www.goodreads.com/book/show/357496.The_Fog_Horn"
"62","Ray Bradbury","Science-Fiction","4.16","The Illustrated Man",,,"1951","186",,"4.13","106489","https://www.goodreads.com/book/show/24830.The_Illustrated_Man"
"62","Ray Bradbury","Science-Fiction","4.16","The Golden Apples of the Sun",,,"1953","338",,"4.05","10514","https://www.goodreads.com/book/show/50035.The_Golden_Apples_of_the_Sun"
"62","Ray Bradbury","Science-Fiction","4.16","The Martian Chronicles / The Illustrated Man / The Golden Apples of the Sun",,,"1953","885",,"4.4","2154","https://www.goodreads.com/book/show/9861626-the-martian-chronicles-the-illustrated-man-the-golden-apples-of-the"
"62","Ray Bradbury","Science-Fiction","4.16","All Summer in a Day",,,"1954","6","Children; Young Adult","4","5318","https://www.goodreads.com/book/show/45306054-all-summer-in-a-day"
"62","Ray Bradbury","Science-Fiction","4.16","The October Country",,,"1955","334",,"4.1","20903","https://www.goodreads.com/book/show/93251.The_October_Country"
"62","Ray Bradbury","Science-Fiction","4.16","Dandelion Wine",,,"1957","239","Young Adult","4.09","77428","https://www.goodreads.com/book/show/50033.Dandelion_Wine"
"62","Ray Bradbury","Science-Fiction","4.16","R is for Rocket",,,"1962","184",,"4.12","5723","https://www.goodreads.com/book/show/886229.R_is_for_Rocket"
"62","Ray Bradbury","Science-Fiction","4.16","The Vintage Bradbury: The Greatest Stories by America's Most Distinguished Practioner of Speculative Fiction",,,"1965","329",,"4.33","2170","https://www.goodreads.com/book/show/120566.The_Vintage_Bradbury"
"62","Ray Bradbury","Science-Fiction","4.16","S Is for Space",,,"1966","211",,"4.09","3120","https://www.goodreads.com/book/show/550202.S_Is_for_Space"
"62","Ray Bradbury","Science-Fiction","4.16","I Sing the Body Electric! & Other Stories",,,"1969","336",,"4.04","12968","https://www.goodreads.com/book/show/74586.I_Sing_the_Body_Electric_Other_Stories"
"62","Ray Bradbury","Science-Fiction","4.16","Zen in the Art of Writing: Releasing the Creative Genius Within You",,,"1973","158",,"4.08","21155","https://www.goodreads.com/book/show/103761.Zen_in_the_Art_of_Writing"
"62","Ray Bradbury","Science-Fiction","4.16","Long After Midnight",,,"1976","288",,"4","2791","https://www.goodreads.com/book/show/9628.Long_After_Midnight"
"62","Ray Bradbury","Science-Fiction","4.16","The Stories of Ray Bradbury",,,"1980","884",,"4.43","5459","https://www.goodreads.com/book/show/120552.The_Stories_of_Ray_Bradbury"
"62","Ray Bradbury","Science-Fiction","4.16","A Sound of Thunder and Other Stories",,,"1990","338",,"4.19","7417","https://www.goodreads.com/book/show/50014.A_Sound_of_Thunder_and_Other_Stories"
"62","Ray Bradbury","Science-Fiction","4.16","A Medicine for Melancholy and Other Stories",,,"1998","307","Young Adult","4.15","8000","https://www.goodreads.com/book/show/91885.A_Medicine_for_Melancholy_and_Other_Stories"
"62","Ray Bradbury","Science-Fiction","4.16","Bradbury Stories: 100 of His Most Celebrated Tales",,,"2003","912",,"4.41","6827","https://www.goodreads.com/book/show/9619.Bradbury_Stories"
"62","Ray Bradbury","Science-Fiction","4.16","Summer Morning, Summer Night",,,"2008","176",,"4.16","1107","https://www.goodreads.com/book/show/3339422-summer-morning-summer-night"
"62","Ray Bradbury","Science-Fiction","4.16","Вино из одуванчиков / Лето, прощай / Канун всех святых",,,,"542",,"4.11","1360","https://www.goodreads.com/book/show/29410491"
"63","Nicholas Eames","Fantasy","4.22","Kings of the Wyld (The Band, #1)","The Band,","1","2017","502",,"4.27","62886","https://www.goodreads.com/book/show/30841984-kings-of-the-wyld"
"63","Nicholas Eames","Fantasy","4.22","Bloody Rose (The Band, #2)","The Band,","2","2018","512",,"4.17","23585","https://www.goodreads.com/book/show/35052265-bloody-rose"
"64","Leo Tolstoy","Other","4.19","Война и мир. Том 2/4",,,"1865","427",,"4.42","4750","https://www.goodreads.com/book/show/23902117-2-4"
"64","Leo Tolstoy","Other","4.19","Война и мир. Том 3/4",,,"1865","528",,"4.4","2788","https://www.goodreads.com/book/show/23902139-3-4"
"64","Leo Tolstoy","Other","4.19","Война и мир. Том 4/4",,,"1865","454",,"4.36","2423","https://www.goodreads.com/book/show/23902698-4-4"
"64","Leo Tolstoy","Other","4.19","The Death of Ivan Ilyich/Master and Man",,,"1866","116",,"4.14","1282","https://www.goodreads.com/book/show/18391.The_Death_of_Ivan_Ilyich_Master_and_Man"
"64","Leo Tolstoy","Other","4.19","La Guerre et la Paix I",,,"1867","1023",,"4.3","6409","https://www.goodreads.com/book/show/634685.La_Guerre_et_la_Paix_I"
"64","Leo Tolstoy","Other","4.19","Wojna i pokój. Tom III i IV",,,"1867","815",,"4.33","1244","https://www.goodreads.com/book/show/40681318-wojna-i-pok-j-tom-iii-i-iv"
"64","Leo Tolstoy","Other","4.19","War and Peace",,,"1869","1392",,"4.17","360555","https://www.goodreads.com/book/show/656.War_and_Peace"
"64","Leo Tolstoy","Other","4.19","Anna Karenina, 2 of 2",,,"1877","562",,"4.16","4456","https://www.goodreads.com/book/show/2945962-anna-karenina-2-of-2"
"64","Leo Tolstoy","Other","4.19","Anna Karenina, Vol 1 of 2",,,"1877","624",,"4.12","9580","https://www.goodreads.com/book/show/9712800-anna-karenina-vol-1-of-2"
"64","Leo Tolstoy","Other","4.19","Anna Karenina",,,"1878","964",,"4.1","916965","https://www.goodreads.com/book/show/15823480-anna-karenina"
"64","Leo Tolstoy","Other","4.19","A Confession",,,"1884","108",,"4.1","19170","https://www.goodreads.com/book/show/26244.A_Confession"
"64","Leo Tolstoy","Other","4.19","What Men Live by and Other Tales",,,"1885","56",,"4.11","3017","https://www.goodreads.com/book/show/407154.What_Men_Live_by_and_Other_Tales"
"64","Leo Tolstoy","Other","4.19","Where Love Is, There God Is Also",,,"1885","48",,"4.11","2018","https://www.goodreads.com/book/show/50282.Where_Love_Is_There_God_Is_Also"
"64","Leo Tolstoy","Other","4.19","How Much Land Does a Man Need?",,,"1886","66",,"4.1","16841","https://www.goodreads.com/book/show/21206786-how-much-land-does-a-man-need"
"64","Leo Tolstoy","Other","4.19","How Much Land Does a Man Need? and Other Stories",,,"1886","228",,"4.18","1140","https://www.goodreads.com/book/show/125384.How_Much_Land_Does_a_Man_Need_and_Other_Stories"
"64","Leo Tolstoy","Other","4.19","The Death of Ivan Ilych",,,"1886","86",,"4.14","212474","https://www.goodreads.com/book/show/18386.The_Death_of_Ivan_Ilych"
"64","Leo Tolstoy","Other","4.19","The Death of Ivan Ilych and Other Stories",,,"1886","304",,"4.12","16823","https://www.goodreads.com/book/show/655.The_Death_of_Ivan_Ilych_and_Other_Stories"
"64","Leo Tolstoy","Other","4.19","The Death of Ivan Ilyich and Confession",,,"1886","224",,"4.05","1205","https://www.goodreads.com/book/show/17575112-the-death-of-ivan-ilyich-and-confession"
"64","Leo Tolstoy","Other","4.19","Master And Man",,,"1895","57",,"4","8631","https://www.goodreads.com/book/show/50270.Master_And_Man"
"64","Leo Tolstoy","Other","4.19","Resurrection",,,"1899","562",,"4.17","27740","https://www.goodreads.com/book/show/42641.Resurrection"
"64","Leo Tolstoy","Other","4.19","Great Short Works of Leo Tolstoy",,,"1967","720",,"4.33","2687","https://www.goodreads.com/book/show/654.Great_Short_Works_of_Leo_Tolstoy"
"64","Leo Tolstoy","Other","4.19","Family Happiness and Other Stories",,,"1973","208",,"4.05","1222","https://www.goodreads.com/book/show/264380.Family_Happiness_and_Other_Stories"
"64","Leo Tolstoy","Other","4.19","La muerte de Iván Ilich / Hadyi Murad",,,"1993","320",,"4.06","1438","https://www.goodreads.com/book/show/10356941-la-muerte-de-iv-n-ilich-hadyi-murad"
"64","Leo Tolstoy","Other","4.19","The Greatest Short Stories of Leo Tolstoy",,,"2009","384",,"4.24","2332","https://www.goodreads.com/book/show/8762337-the-greatest-short-stories-of-leo-tolstoy"
"64","Leo Tolstoy","Other","4.19","Война и мир. Том 1/4",,,,"473",,"4.37","2305","https://www.goodreads.com/book/show/23902108-1-4"
"65","Robert Jackson Bennett","Fantasy","4.22","City of Stairs (The Divine Cities, #1)","The Divine Cities,","1","2014","452",,"4.1","39586","https://www.goodreads.com/book/show/20174424-city-of-stairs"
"65","Robert Jackson Bennett","Fantasy","4.22","City of Blades (The Divine Cities, #2)","The Divine Cities,","2","2016","484",,"4.21","19385","https://www.goodreads.com/book/show/23909755-city-of-blades"
"65","Robert Jackson Bennett","Fantasy","4.22","City of Miracles (The Divine Cities, #3)","The Divine Cities,","3","2017","451",,"4.42","15185","https://www.goodreads.com/book/show/31522139-city-of-miracles"
"65","Robert Jackson Bennett","Fantasy","4.22","Foundryside (The Founders Trilogy, #1)","The Founders Trilogy,","1","2018","501",,"4.16","53069","https://www.goodreads.com/book/show/37173847-foundryside"
"65","Robert Jackson Bennett","Fantasy","4.22","Shorefall (The Founders Trilogy, #2)","The Founders Trilogy,","2","2020","493",,"4.04","24472","https://www.goodreads.com/book/show/45309582-shorefall"
"65","Robert Jackson Bennett","Fantasy","4.22","Locklands (The Founders Trilogy, #3)","The Founders Trilogy,","3","2022","544",,"4.02","13658","https://www.goodreads.com/book/show/55535618-locklands"
"65","Robert Jackson Bennett","Fantasy","4.22","The Tainted Cup (Shadow of the Leviathan, #1)","Shadow of the Leviathan,","1","2024","432",,"4.3","62505","https://www.goodreads.com/book/show/150247395-the-tainted-cup"
"65","Robert Jackson Bennett","Fantasy","4.22","A Drop of Corruption (Shadow of the Leviathan, #2)","Shadow of the Leviathan,","2","2025","480",,"4.5","26586","https://www.goodreads.com/book/show/213618143-a-drop-of-corruption"
"66","Blake Crouch","Science-Fiction","4.13","Wayward (Wayward Pines, #2)","Wayward Pines,","2","2013","298",,"4.16","95739","https://www.goodreads.com/book/show/17920175-wayward"
"66","Blake Crouch","Science-Fiction","4.13","The Last Town (Wayward Pines, #3)","Wayward Pines,","3","2014","294",,"4.1","87139","https://www.goodreads.com/book/show/20423680-the-last-town"
"66","Blake Crouch","Science-Fiction","4.13","Dark Matter",,,"2016","342",,"4.13","688420","https://www.goodreads.com/book/show/27833670-dark-matter"
"66","Blake Crouch","Science-Fiction","4.13","Summer Frost (Forward Collection, #2)","Forward Collection,","2","2019","85",,"4.09","28671","https://www.goodreads.com/book/show/49676965-summer-frost"
"66","Blake Crouch","Science-Fiction","4.13","Recursion",,,"2019","329",,"4.17","301474","https://www.goodreads.com/book/show/42046112-recursion"
"67","V.E. Schwab","Fantasy","4.21","Vicious (Villains, #1)","Villains,","1","2013","402","Young Adult","4.19","311818","https://www.goodreads.com/book/show/40874032-vicious"
"67","V.E. Schwab","Fantasy","4.21","Vengeful (Villains, #2)","Villains,","2","2018","462","Young Adult","4.12","125200","https://www.goodreads.com/book/show/26856502-vengeful"
"67","V.E. Schwab","Fantasy","4.21","A Darker Shade of Magic (Shades of Magic, #1)","Shades of Magic,","1","2015","400","Young Adult","4.04","422694","https://www.goodreads.com/book/show/22055262-a-darker-shade-of-magic"
"67","V.E. Schwab","Fantasy","4.21","The Shades of Magic Series (Shades of Magic, #1-3)","Shades of Magic,","1","2016","1534","Young Adult","4.51","3299","https://www.goodreads.com/book/show/35378411-the-shades-of-magic-series"
"67","V.E. Schwab","Fantasy","4.21","A Gathering of Shadows (Shades of Magic, #2)","Shades of Magic,","2","2016","512","Young Adult","4.19","230586","https://www.goodreads.com/book/show/20764879-a-gathering-of-shadows"
"67","V.E. Schwab","Fantasy","4.21","A Conjuring of Light (Shades of Magic, #3)","Shades of Magic,","3","2017","624","Young Adult","4.3","190464","https://www.goodreads.com/book/show/29939230-a-conjuring-of-light"
"67","V.E. Schwab","Fantasy","4.21","The Invisible Life of Addie LaRue",,,"2020","448",,"4.17","1440308","https://www.goodreads.com/book/show/50623864-the-invisible-life-of-addie-larue"
"67","V.E. Schwab","Fantasy","4.21","The Fragile Threads of Power (Threads of Power, #1)","Threads of Power,","1","2023","648",,"4.26","44423","https://www.goodreads.com/book/show/111673828-the-fragile-threads-of-power"
"67","V.E. Schwab","Fantasy","4.21","Bury Our Bones in the Midnight Soil",,,"2025","535",,"4.01","98560","https://www.goodreads.com/book/show/215020997-bury-our-bones-in-the-midnight-soil"
"67","V.E. Schwab","Fantasy","4.21","The Invisible Life of Addie LaRue - Sneak Peek",,,,"438",,"4.32","2348","https://www.goodreads.com/book/show/54503950-the-invisible-life-of-addie-larue---sneak-peek"
"68","Mark Z. Danielewski","Other","4.17","The Poetics of Space",,,"1957","268",,"4.18","11020","https://www.goodreads.com/book/show/20893524-the-poetics-of-space"
"68","Mark Z. Danielewski","Other","4.17","House of Leaves",,,"2000","710",,"4.09","195139","https://www.goodreads.com/book/show/24800.House_of_Leaves"
"68","Mark Z. Danielewski","Other","4.17","The Whalestoe Letters",,,"2000","83",,"4.07","2820","https://www.goodreads.com/book/show/40153.The_Whalestoe_Letters"
"68","Mark Z. Danielewski","Other","4.17","Into the Forest (The Familiar, #2)","The Familiar,","2","2015","880",,"4.18","1586","https://www.goodreads.com/book/show/25177152-into-the-forest"
"68","Mark Z. Danielewski","Other","4.17","Honeysuckle & Pain (The Familiar, #3)","The Familiar,","3","2016","880",,"4.35","1077","https://www.goodreads.com/book/show/26891457-honeysuckle-pain"
"69","Mark  Lawrence","Fantasy","4.2","During the Dance",,,"2004","9",,"4.31","1702","https://www.goodreads.com/book/show/23163065-during-the-dance"
"69","Mark  Lawrence","Fantasy","4.2","The Broken Empire Trilogy: Prince of Thorns / King of Thorns / Emperor of Thorns (The Broken Empire, #1-3)","The Broken Empire,","1","2013","1092","Young Adult","4.42","1842","https://www.goodreads.com/book/show/23814733-the-broken-empire-trilogy"
"69","Mark  Lawrence","Fantasy","4.2","King of Thorns (The Broken Empire, #2)","The Broken Empire,","2","2012","449",,"4.18","70112","https://www.goodreads.com/book/show/12891107-king-of-thorns"
"69","Mark  Lawrence","Fantasy","4.2","Sleeping Beauty (The Broken Empire, #2.5)","The Broken Empire,","2.5","2013","33",,"4","1789","https://www.goodreads.com/book/show/18132196-sleeping-beauty"
"69","Mark  Lawrence","Fantasy","4.2","Emperor of Thorns (The Broken Empire, #3)","The Broken Empire,","3","2013","434",,"4.22","57138","https://www.goodreads.com/book/show/15985373-emperor-of-thorns"
"69","Mark  Lawrence","Fantasy","4.2","Road Brothers (The Broken Empire, #3.5)","The Broken Empire,","3.5","2015","124",,"4.27","1897","https://www.goodreads.com/book/show/28226072-road-brothers"
"69","Mark  Lawrence","Fantasy","4.2","Prince of Fools (The Red Queen's War, #1)","The Red Queen's War,","1","2014","355",,"4.05","35005","https://www.goodreads.com/book/show/18693743-prince-of-fools"
"69","Mark  Lawrence","Fantasy","4.2","The Liar's Key (The Red Queen's War, #2)","The Red Queen's War,","2","2015","480",,"4.23","21601","https://www.goodreads.com/book/show/22852698-the-liar-s-key"
"69","Mark  Lawrence","Fantasy","4.2","The Wheel of Osheim (The Red Queen's War, #3)","The Red Queen's War,","3","2016","656",,"4.32","17948","https://www.goodreads.com/book/show/27154427-the-wheel-of-osheim"
"69","Mark  Lawrence","Fantasy","4.2","Red Sister (Book of the Ancestor, #1)","Book of the Ancestor,","1","2017","467","Young Adult","4.16","62319","https://www.goodreads.com/book/show/25895524-red-sister"
"69","Mark  Lawrence","Fantasy","4.2","Grey Sister (Book of the Ancestor, #2)","Book of the Ancestor,","2","2018","416",,"4.35","37860","https://www.goodreads.com/book/show/35530652-grey-sister"
"69","Mark  Lawrence","Fantasy","4.2","Bound (Book of the Ancestor, #2.5)","Book of the Ancestor,","2.5","2018","44",,"4.17","4469","https://www.goodreads.com/book/show/42865580-bound"
"69","Mark  Lawrence","Fantasy","4.2","Holy Sister (Book of the Ancestor, #3)","Book of the Ancestor,","3","2019","343",,"4.31","31125","https://www.goodreads.com/book/show/38099642-holy-sister"
"69","Mark  Lawrence","Fantasy","4.2","Road Brothers",,,"2017","276",,"4.26","1452","https://www.goodreads.com/book/show/36358837-road-brothers"
"69","Mark  Lawrence","Fantasy","4.2","Limited Wish (Impossible Times, #2)","Impossible Times,","2","2019","222","Young Adult","4.04","7938","https://www.goodreads.com/book/show/41771517-limited-wish"
"69","Mark  Lawrence","Fantasy","4.2","Dispel Illusion (Impossible Times, #3)","Impossible Times,","3","2019","234","Young Adult","4.22","6288","https://www.goodreads.com/book/show/44806008-dispel-illusion"
"69","Mark  Lawrence","Fantasy","4.2","The Girl and the Mountain (Book of the Ice, #2)","Book of the Ice,","2","2021","448","Young Adult","4.13","6738","https://www.goodreads.com/book/show/50742872-the-girl-and-the-mountain"
"69","Mark  Lawrence","Fantasy","4.2","The Girl and the Moon (Book of the Ice, #3)","Book of the Ice,","3","2022","416","Young Adult","4.23","5313","https://www.goodreads.com/book/show/58931903-the-girl-and-the-moon"
"69","Mark  Lawrence","Fantasy","4.2","Overdue (The Library Trilogy, #1.5)","The Library Trilogy,","1.5","2023","46",,"4.21","1388","https://www.goodreads.com/book/show/181669914-overdue"
"69","Mark  Lawrence","Fantasy","4.2","The Book That Broke the World (The Library Trilogy, #2)","The Library Trilogy,","2","2024","384",,"4.02","13422","https://www.goodreads.com/book/show/157031755-the-book-that-broke-the-world"
"70","Arthur C. Clarke","Science-Fiction","4.12","Childhood’s End",,,"1953","224",,"4.12","171560","https://www.goodreads.com/book/show/414999.Childhood_s_End"
"70","Arthur C. Clarke","Science-Fiction","4.12","The Star",,,"1955","6",,"4.08","2383","https://www.goodreads.com/book/show/13598725-the-star"
"70","Arthur C. Clarke","Science-Fiction","4.12","The City and the Stars",,,"1956","255",,"4.07","36044","https://www.goodreads.com/book/show/250024.The_City_and_the_Stars"
"70","Arthur C. Clarke","Science-Fiction","4.12","The Other Side Of The Sky",,,"1958","245",,"4","2447","https://www.goodreads.com/book/show/358859.The_Other_Side_Of_The_Sky"
"70","Arthur C. Clarke","Science-Fiction","4.12","The Nine Billion Names of God",,,"1967","240",,"4.05","8611","https://www.goodreads.com/book/show/149075.The_Nine_Billion_Names_of_God"
"70","Arthur C. Clarke","Science-Fiction","4.12","2001: A Space Odyssey (Space Odyssey, #1)","Space Odyssey,","1","1968","297",,"4.18","332980","https://www.goodreads.com/book/show/70535.2001"
"70","Arthur C. Clarke","Science-Fiction","4.12","Rendezvous with Rama (Rama, #1)","Rama,","1","1973","243",,"4.12","181507","https://www.goodreads.com/book/show/112537.Rendezvous_with_Rama"
"70","Arthur C. Clarke","Science-Fiction","4.12","The Collected Stories of Arthur C. Clarke",,,"2000","966",,"4.3","6297","https://www.goodreads.com/book/show/35811.The_Collected_Stories_of_Arthur_C_Clarke"
"71","Garth Nix","Fantasy","4.19","Sabriel (Abhorsen, #1)","Abhorsen,","1","1995","491","Young Adult","4.16","217077","https://www.goodreads.com/book/show/518848.Sabriel"
"71","Garth Nix","Fantasy","4.19","The Abhorsen Trilogy Box Set (Abhorsen, #1-3)","Abhorsen,","1","2003","850","Children; Young Adult","4.55","8659","https://www.goodreads.com/book/show/47615.The_Abhorsen_Trilogy_Box_Set"
"71","Garth Nix","Fantasy","4.19","Lirael (Abhorsen, #2)","Abhorsen,","2","2001","464","Young Adult","4.29","123337","https://www.goodreads.com/book/show/47624.Lirael"
"71","Garth Nix","Fantasy","4.19","Abhorsen (Abhorsen, #3)","Abhorsen,","3","2003","358","Young Adult","4.25","127841","https://www.goodreads.com/book/show/334643.Abhorsen"
"71","Garth Nix","Fantasy","4.19","Goldenhand (Abhorsen, #5)","Abhorsen,","5","2016","368","Young Adult","4.11","18944","https://www.goodreads.com/book/show/29414640-goldenhand"
"71","Garth Nix","Fantasy","4.19","The Seventh Tower (The Seventh Tower, #1-3)","The Seventh Tower,","1","2001","649","Children; Middle Grade; Young Adult","4.14","2301","https://www.goodreads.com/book/show/47628.The_Seventh_Tower"
"71","Garth Nix","Fantasy","4.19","The Seventh Tower (The Seventh Tower #4-6)","The Seventh Tower","4","2003","691","Children; Middle Grade; Young Adult","4.22","1493","https://www.goodreads.com/book/show/47646.The_Seventh_Tower"
"71","Garth Nix","Fantasy","4.19","Lord Sunday (The Keys to the Kingdom, #7)","The Keys to the Kingdom,","7","2010","320","Children; Middle Grade; Young Adult","4.02","16313","https://www.goodreads.com/book/show/6657648-lord-sunday"
"71","Garth Nix","Fantasy","4.19","Blood Ties (Spirit Animals, #3)","Spirit Animals,","3","2014","192","Children; Middle Grade; Young Adult","4.17","10298","https://www.goodreads.com/book/show/18114543-blood-ties"
"71","Garth Nix","Fantasy","4.19","Terciel and Elinor (The Old Kingdom, #6)","The Old Kingdom,","6","2021","338","Young Adult","4.19","7862","https://www.goodreads.com/book/show/56382390-terciel-and-elinor"
"71","Garth Nix","Fantasy","4.19","The Sinister Booksellers of Bath (Left-Handed Booksellers of London, #2)","Left-Handed Booksellers of London,","2","2023","368","Young Adult","4.02","7092","https://www.goodreads.com/book/show/59882930-the-sinister-booksellers-of-bath"
"72","Agatha Christie","Other","4.16","The Mysterious Affair at Styles (Hercule Poirot, #1)","Hercule Poirot,","1","1920","174",,"4","493729","https://www.goodreads.com/book/show/52843028-the-mysterious-affair-at-styles"
"72","Agatha Christie","Other","4.16","The Murder of Roger Ackroyd (Hercule Poirot, #4)","Hercule Poirot,","4","1926","288",,"4.26","335573","https://www.goodreads.com/book/show/16328.The_Murder_of_Roger_Ackroyd"
"72","Agatha Christie","Other","4.16","Peril at End House (Hercule Poirot, #8)","Hercule Poirot,","8","1932","287",,"4.02","81081","https://www.goodreads.com/book/show/16424.Peril_at_End_House"
"72","Agatha Christie","Other","4.16","Murder on the Orient Express (Hercule Poirot, #10)","Hercule Poirot,","10","1934","274",,"4.2","714375","https://www.goodreads.com/book/show/853510.Murder_on_the_Orient_Express"
"72","Agatha Christie","Other","4.16","The A.B.C. Murders (Hercule Poirot, #13)","Hercule Poirot,","13","1936","207",,"4.03","194235","https://www.goodreads.com/book/show/16322.The_A_B_C_Murders"
"72","Agatha Christie","Other","4.16","Death on the Nile (Hercule Poirot, #18)","Hercule Poirot,","18","1937","352",,"4.12","299374","https://www.goodreads.com/book/show/131359.Death_on_the_Nile"
"72","Agatha Christie","Other","4.16","Death on the Nile (Hercule Poirot, #18)","Hercule Poirot,","18",,"96",,"4.05","1202","https://www.goodreads.com/book/show/34734995-death-on-the-nile"
"72","Agatha Christie","Other","4.16","Five Little Pigs (Hercule Poirot, #25)","Hercule Poirot,","25","1942","216",,"4.03","90140","https://www.goodreads.com/book/show/121648.Five_Little_Pigs"
"72","Agatha Christie","Other","4.16","Curtain (Hercule Poirot, #44)","Hercule Poirot,","44","1975","215",,"4.1","49075","https://www.goodreads.com/book/show/81903.Curtain"
"72","Agatha Christie","Other","4.16","The Witness for the Prosecution",,,"1925","40",,"4.13","4412","https://www.goodreads.com/book/show/18901372-the-witness-for-the-prosecution"
"72","Agatha Christie","Other","4.16","The Tuesday Night Club",,,"1927","28",,"4.19","3115","https://www.goodreads.com/book/show/18965870-the-tuesday-night-club"
"72","Agatha Christie","Other","4.16","Murder at the Vicarage (Miss Marple, #1)","Miss Marple,","1","1930","288",,"4.04","208261","https://www.goodreads.com/book/show/16331.Murder_at_the_Vicarage"
"72","Agatha Christie","Other","4.16","A Murder Is Announced (Miss Marple, #4)","Miss Marple,","4","1950","288",,"4.01","83926","https://www.goodreads.com/book/show/16298.A_Murder_Is_Announced"
"72","Agatha Christie","Other","4.16","Hercule Poirot: The Complete Short Stories",,,"1936","864",,"4.36","10681","https://www.goodreads.com/book/show/538605.Hercule_Poirot"
"72","Agatha Christie","Other","4.16","And Then There Were None",,,"1939","264",,"4.27","1572877","https://www.goodreads.com/book/show/16299.And_Then_There_Were_None"
"72","Agatha Christie","Other","4.16","Absent in the Spring",,,"1944","190",,"4.14","15793","https://www.goodreads.com/book/show/140345.Absent_in_the_Spring"
"72","Agatha Christie","Other","4.16","And Then There Were None: A Mystery Play in Three Acts",,,"1944","95",,"4.25","2176","https://www.goodreads.com/book/show/526550.And_Then_There_Were_None"
"72","Agatha Christie","Other","4.16","Murder on the Nile",,,"1944","104",,"4.18","2866","https://www.goodreads.com/book/show/658292.Murder_on_the_Nile"
"72","Agatha Christie","Other","4.16","Crooked House",,,"1949","276",,"4.08","89387","https://www.goodreads.com/book/show/16315.Crooked_House"
"72","Agatha Christie","Other","4.16","The Mousetrap and Other Plays",,,"1950","742",,"4.04","6535","https://www.goodreads.com/book/show/121655.The_Mousetrap_and_Other_Plays"
"72","Agatha Christie","Other","4.16","13 For Luck",,,"1961","224",,"4.02","1129","https://www.goodreads.com/book/show/1782725.13_For_Luck"
"72","Agatha Christie","Other","4.16","The Golden Ball and Other Stories",,,"1971","288",,"4.02","9022","https://www.goodreads.com/book/show/612478.The_Golden_Ball_and_Other_Stories"
"72","Agatha Christie","Other","4.16","Agatha Christie: An Autobiography",,,"1977","560",,"4.12","12409","https://www.goodreads.com/book/show/16301.Agatha_Christie"
"72","Agatha Christie","Other","4.16","Five Complete Hercule Poirot Novels: ABC Murders / Cards on the Table / Death on the Nile / Murder on the Orient Express / Thirteen at Dinner",,,"1980","663",,"4.54","4592","https://www.goodreads.com/book/show/408478.Five_Complete_Hercule_Poirot_Novels"
"72","Agatha Christie","Other","4.16","The Mirror Crack'd / A Caribbean Mystery / Nemesis / What Mrs. McGillicuddy Saw! / The Body in the Library",,,"1980","650",,"4.37","1352","https://www.goodreads.com/book/show/37576.The_Mirror_Crack_d_A_Caribbean_Mystery_Nemesis_What_Mrs_McGillicuddy_Saw_The_Body_in_the_Library"
"72","Agatha Christie","Other","4.16","Miss Marple: The Complete Short Stories",,,"1985","368",,"4.2","14700","https://www.goodreads.com/book/show/16306.Miss_Marple"
"72","Agatha Christie","Other","4.16","Witness for the Prosecution and Selected Plays",,,"1995","352",,"4.07","4469","https://www.goodreads.com/book/show/16320.Witness_for_the_Prosecution_and_Selected_Plays"
"72","Agatha Christie","Other","4.16","Poirot In the Orient: Murder in Mesopotamia / Death on the Nile / Appointment with Death",,,"2001","608",,"4.29","1289","https://www.goodreads.com/book/show/16355.Poirot_In_the_Orient"
"72","Agatha Christie","Other","4.16","Miss Marple and Mystery: Over 50 Stories",,,"2011","736",,"4.17","1149","https://www.goodreads.com/book/show/4666541-miss-marple-and-mystery"
"72","Agatha Christie","Other","4.16","The Collection",,,"2012","1334",,"4.47","3112","https://www.goodreads.com/book/show/52241556-the-collection"
"72","Agatha Christie","Other","4.16","The Adventure of the Christmas Pudding: a Hercule Poirot Short Story (Hercule Poirot, #SS-26)",,,,"55",,"4.14","4013","https://www.goodreads.com/book/show/44066606-the-adventure-of-the-christmas-pudding"
"72","Agatha Christie","Other","4.16","The Early Cases of Hercule Poirot",,,,"428",,"4.11","2136","https://www.goodreads.com/book/show/43189120-the-early-cases-of-hercule-poirot"
"72","Agatha Christie","Other","4.16","The Mysterious Affair at Styles and The Secret Adversary (Complete Mystery Novel Collection of Agatha Christie Vol. 1)",,,,,,"4.27","2642","https://www.goodreads.com/book/show/11006902-the-mysterious-affair-at-styles-and-the-secret-adversary"
"73","Tad Williams","Fantasy","4.19","The Heart of What Was Lost (The Last King of Osten Ard, #0.5)","The Last King of Osten Ard,","0.5","2017","224",,"4.03","4679","https://www.goodreads.com/book/show/28585686-the-heart-of-what-was-lost"
"73","Tad Williams","Fantasy","4.19","Brothers of the Wind (The Last King of Osten Ard, #0.75)","The Last King of Osten Ard,","0.75","2021","258",,"4.15","1801","https://www.goodreads.com/book/show/57282621-brothers-of-the-wind"
"73","Tad Williams","Fantasy","4.19","The Witchwood Crown (The Last King of Osten Ard, #1)","The Last King of Osten Ard,","1","1988","733",,"4.17","5762","https://www.goodreads.com/book/show/31185918-the-witchwood-crown"
"73","Tad Williams","Fantasy","4.19","Empire of Grass (The Last King of Osten Ard, #2)","The Last King of Osten Ard,","2","2019","1255",,"4.39","3710","https://www.goodreads.com/book/show/21845219-empire-of-grass"
"73","Tad Williams","Fantasy","4.19","Into the Narrowdark (The Last King of Osten Ard, #3)","The Last King of Osten Ard,","3","2022","580",,"4.52","2629","https://www.goodreads.com/book/show/59350587-into-the-narrowdark"
"73","Tad Williams","Fantasy","4.19","The Navigator's Children (The Last King of Osten Ard, #4)","The Last King of Osten Ard,","4","2024","1300",,"4.57","1917","https://www.goodreads.com/book/show/21845220-the-navigator-s-children"
"73","Tad Williams","Fantasy","4.19","Stone of Farewell (Memory, Sorrow, and Thorn, #2)","Memory, Sorrow, and Thorn,","2","1990","608","Young Adult","4.1","52350","https://www.goodreads.com/book/show/28689.Stone_of_Farewell"
"73","Tad Williams","Fantasy","4.19","To Green Angel Tower (Memory, Sorrow, and Thorn, #3)","Memory, Sorrow, and Thorn,","3","1993","1083","Young Adult","4.21","56750","https://www.goodreads.com/book/show/28691.To_Green_Angel_Tower"
"73","Tad Williams","Fantasy","4.19","To Green Angel Tower, Part 2 (Memory, Sorrow, and Thorn, #3; Part 2)","Memory, Sorrow, and Thorn,","3","1993","815",,"4.23","24128","https://www.goodreads.com/book/show/28698.To_Green_Angel_Tower_Part_2"
"73","Tad Williams","Fantasy","4.19","River of Blue Fire (Otherland, #2)","Otherland,","2","1998","675",,"4.04","16833","https://www.goodreads.com/book/show/10084.River_of_Blue_Fire"
"73","Tad Williams","Fantasy","4.19","Mountain of Black Glass (Otherland, #3)","Otherland,","3","1999","749",,"4.08","16404","https://www.goodreads.com/book/show/10090.Mountain_of_Black_Glass"
"73","Tad Williams","Fantasy","4.19","Sea of Silver Light (Otherland, #4)","Otherland,","4","2001","688",,"4.15","14767","https://www.goodreads.com/book/show/10092.Sea_of_Silver_Light"
"73","Tad Williams","Fantasy","4.19","Shadowrise (Shadowmarch, #3)","Shadowmarch,","3","2010","672",,"4.03","6838","https://www.goodreads.com/book/show/6661489-shadowrise"
"73","Tad Williams","Fantasy","4.19","Shadowheart (Shadowmarch, #4)","Shadowmarch,","4","2010","766",,"4.04","6215","https://www.goodreads.com/book/show/7876746-shadowheart"
"74","Michael Crichton","Science-Fiction","4.11","Jurassic Park (Jurassic Park, #1)","Jurassic Park,","1","1990","466",,"4.13","1045755","https://www.goodreads.com/book/show/40604658-jurassic-park"
"74","Michael Crichton","Science-Fiction","4.11","Jurassic Park / Congo",,,"1993","656",,"4.04","2365","https://www.goodreads.com/book/show/147646.Jurassic_Park_Congo"
"74","Michael Crichton","Science-Fiction","4.11","Three Complete Novels: The Andromeda Strain / The Terminal Man / The Great Train Robbery",,,"1993","688",,"4.1","1130","https://www.goodreads.com/book/show/7662.Three_Complete_Novels"
"74","Michael Crichton","Science-Fiction","4.11","Congo / Sphere / Eaters of the Dead",,,"1994","711",,"4.03","1076","https://www.goodreads.com/book/show/7664.Congo_Sphere_Eaters_of_the_Dead"
"74","Michael Crichton","Science-Fiction","4.11","Michael Crichton's Jurassic World: Jurassic Park / The Lost World",,,"1997","801",,"4.26","11311","https://www.goodreads.com/book/show/16752.Michael_Crichton_s_Jurassic_World"
"75","Guy Gavriel Kay","Fantasy","4.18","The Fionavar Tapestry (The Fionavar Tapestry, #1-3)","The Fionavar Tapestry,","1","1986","792",,"4.23","7796","https://www.goodreads.com/book/show/1148721.The_Fionavar_Tapestry"
"75","Guy Gavriel Kay","Fantasy","4.18","The Wandering Fire (The Fionavar Tapestry, #2)","The Fionavar Tapestry,","2","1986","375",,"4.11","18967","https://www.goodreads.com/book/show/104088.The_Wandering_Fire"
"75","Guy Gavriel Kay","Fantasy","4.18","The Darkest Road (The Fionavar Tapestry, #3)","The Fionavar Tapestry,","3","1986","448",,"4.2","18807","https://www.goodreads.com/book/show/290628.The_Darkest_Road"
"75","Guy Gavriel Kay","Fantasy","4.18","Tigana",,,"1990","676",,"4.08","51479","https://www.goodreads.com/book/show/104089.Tigana"
"75","Guy Gavriel Kay","Fantasy","4.18","A Song for Arbonne",,,"1992","512",,"4.25","15510","https://www.goodreads.com/book/show/104085.A_Song_for_Arbonne"
"75","Guy Gavriel Kay","Fantasy","4.18","The Lions of Al-Rassan",,,"1995","528",,"4.3","25889","https://www.goodreads.com/book/show/104101.The_Lions_of_Al_Rassan"
"75","Guy Gavriel Kay","Fantasy","4.18","Sailing to Sarantium (The Sarantine Mosaic, #1)","The Sarantine Mosaic,","1","1998","448",,"4.2","16718","https://www.goodreads.com/book/show/104097.Sailing_to_Sarantium"
"75","Guy Gavriel Kay","Fantasy","4.18","Lord of Emperors (The Sarantine Mosaic, #2)","The Sarantine Mosaic,","2","2000","560",,"4.29","14116","https://www.goodreads.com/book/show/104091.Lord_of_Emperors"
"75","Guy Gavriel Kay","Fantasy","4.18","Under Heaven (Under Heaven, #1)","Under Heaven,","1","2010","592",,"4.17","16729","https://www.goodreads.com/book/show/7139892-under-heaven"
"75","Guy Gavriel Kay","Fantasy","4.18","River of Stars (Under Heaven, #2)","Under Heaven,","2","2013","639",,"4.16","7840","https://www.goodreads.com/book/show/15808474-river-of-stars"
"75","Guy Gavriel Kay","Fantasy","4.18","Children of Earth and Sky",,,"2016","571",,"4.15","8010","https://www.goodreads.com/book/show/25938417-children-of-earth-and-sky"
"75","Guy Gavriel Kay","Fantasy","4.18","A Brightness Long Ago",,,"2019","423",,"4.18","8200","https://www.goodreads.com/book/show/41458663-a-brightness-long-ago"
"75","Guy Gavriel Kay","Fantasy","4.18","All the Seas of the World",,,"2022","528",,"4.17","4677","https://www.goodreads.com/book/show/58863528-all-the-seas-of-the-world"
"75","Guy Gavriel Kay","Fantasy","4.18","Written on the Dark",,,"2025","320",,"4.08","1968","https://www.goodreads.com/book/show/218153843-written-on-the-dark"
"76","George Orwell","Other","4.11","Down and Out in Paris and London",,,"1933","213",,"4.09","99147","https://www.goodreads.com/book/show/393199.Down_and_Out_in_Paris_and_London"
"76","George Orwell","Other","4.11","Shooting an Elephant",,,"1936","368",,"4.06","11058","https://www.goodreads.com/book/show/30557.Shooting_an_Elephant"
"76","George Orwell","Other","4.11","Homage to Catalonia",,,"1938","232",,"4.09","69616","https://www.goodreads.com/book/show/9646.Homage_to_Catalonia"
"76","George Orwell","Other","4.11","Animal Farm",,,"1945","141",,"4.01","4434097","https://www.goodreads.com/book/show/170448.Animal_Farm"
"76","George Orwell","Other","4.11","Why I Write",,,"1946","120",,"4.01","14657","https://www.goodreads.com/book/show/9644.Why_I_Write"
"76","George Orwell","Other","4.11","1984",,,"1949","368",,"4.2","5322241","https://www.goodreads.com/book/show/61439040-1984"
"76","George Orwell","Other","4.11","Animal Farm / 1984",,,"1949","400",,"4.3","213300","https://www.goodreads.com/book/show/5472.Animal_Farm_1984"
"77","Susanna Clarke","Fantasy","4.18","Neverwhere (London Below, #1)","London Below,","1","1996","392",,"4.16","558308","https://www.goodreads.com/book/show/62212271-neverwhere"
"77","Susanna Clarke","Fantasy","4.18","Sandman: Kniha snů",,,"1996","322",,"4.28","9033","https://www.goodreads.com/book/show/7331272-sandman"
"77","Susanna Clarke","Fantasy","4.18","Black Heart, Ivory Bones",,,"2000","384",,"4.05","2043","https://www.goodreads.com/book/show/81038.Black_Heart_Ivory_Bones"
"77","Susanna Clarke","Fantasy","4.18","Piranesi",,,"2020","272",,"4.22","433174","https://www.goodreads.com/book/show/50202953-piranesi"
"78","Margaret Atwood","Science-Fiction","4.08","Alias Grace",,,"2003","468",,"4.04","154924","https://www.goodreads.com/book/show/72579.Alias_Grace"
"78","Margaret Atwood","Science-Fiction","4.08","Oryx and Crake (MaddAddam, #1)","MaddAddam,","1","2003","389",,"4","284267","https://www.goodreads.com/book/show/46756.Oryx_and_Crake"
"78","Margaret Atwood","Science-Fiction","4.08","The Year of the Flood (MaddAddam, #2)","MaddAddam,","2","2003","431",,"4.07","131892","https://www.goodreads.com/book/show/6080337-the-year-of-the-flood"
"78","Margaret Atwood","Science-Fiction","4.08","MaddAddam (MaddAddam, #3)","MaddAddam,","3","2003","394",,"4.02","81771","https://www.goodreads.com/book/show/17262203-maddaddam"
"78","Margaret Atwood","Science-Fiction","4.08","The Handmaid's Tale",,,"2003","320",,"4.15","2364381","https://www.goodreads.com/book/show/34454589-the-handmaid-s-tale"
"78","Margaret Atwood","Science-Fiction","4.08","The Testaments (The Handmaid's Tale, #2)","The Handmaid's Tale,","2","2003","422",,"4.2","412338","https://www.goodreads.com/book/show/42975172-the-testaments"
"79","Ursula K. Le Guin","Fantasy","4.18","Worlds of Exile and Illusion: Rocannon’s World, Planet of Exile, City of Illusions (Hainish Cycle, #1-3)","Hainish Cycle,","1","1966","370",,"4.25","5126","https://www.goodreads.com/book/show/67999.Worlds_of_Exile_and_Illusion"
"79","Ursula K. Le Guin","Fantasy","4.18","Four Ways to Forgiveness (Hainish Cycle, #7)","Hainish Cycle,","7","1994","304",,"4.2","4805","https://www.goodreads.com/book/show/92605.Four_Ways_to_Forgiveness"
"79","Ursula K. Le Guin","Fantasy","4.18","The Birthday of the World and Other Stories (Hainish Cycle, #9)","Hainish Cycle,","9","2002","362",,"4.32","6105","https://www.goodreads.com/book/show/68021.The_Birthday_of_the_World_and_Other_Stories"
"79","Ursula K. Le Guin","Fantasy","4.18","A Wizard of Earthsea (Earthsea Cycle, #1)","Earthsea Cycle,","1","1968","183","Young Adult","4.01","354009","https://www.goodreads.com/book/show/13642.A_Wizard_of_Earthsea"
"79","Ursula K. Le Guin","Fantasy","4.18","The Earthsea Trilogy (Earthsea Cycle, #1-3)","Earthsea Cycle,","1","1968","478","Young Adult","4.28","21688","https://www.goodreads.com/book/show/1170158.The_Earthsea_Trilogy"
"79","Ursula K. Le Guin","Fantasy","4.18","The Earthsea Quartet (Earthsea Cycle, #1-4)","Earthsea Cycle,","1","1993","691","Young Adult","4.3","12674","https://www.goodreads.com/book/show/68041.The_Earthsea_Quartet"
"79","Ursula K. Le Guin","Fantasy","4.18","The Books of Earthsea (Earthsea Cycle, #1-6)","Earthsea Cycle,","1","2018","1008","Young Adult","4.46","5472","https://www.goodreads.com/book/show/38459780-the-books-of-earthsea"
"79","Ursula K. Le Guin","Fantasy","4.18","The Tombs of Atuan (Earthsea Cycle, #2)","Earthsea Cycle,","2","1971","180","Young Adult","4.14","132552","https://www.goodreads.com/book/show/13662.The_Tombs_of_Atuan"
"79","Ursula K. Le Guin","Fantasy","4.18","The Farthest Shore (Earthsea Cycle, #3)","Earthsea Cycle,","3","1972","259","Young Adult","4.13","124478","https://www.goodreads.com/book/show/13667.The_Farthest_Shore"
"79","Ursula K. Le Guin","Fantasy","4.18","Tehanu (Earthsea Cycle, #4)","Earthsea Cycle,","4","1990","281","Young Adult","4.06","57999","https://www.goodreads.com/book/show/13661.Tehanu"
"79","Ursula K. Le Guin","Fantasy","4.18","Tales from Earthsea (Earthsea Cycle, #5)","Earthsea Cycle,","5","2001","280","Young Adult","4.09","31855","https://www.goodreads.com/book/show/13659.Tales_from_Earthsea"
"79","Ursula K. Le Guin","Fantasy","4.18","The Other Wind (Earthsea Cycle, #6)","Earthsea Cycle,","6","2001","211","Young Adult","4.2","32104","https://www.goodreads.com/book/show/13658.The_Other_Wind"
"79","Ursula K. Le Guin","Fantasy","4.18","Historias de Terramar I: Un mago en Terramar / Las Tumbas de Atuan (Historias de Terramar, #1-2)","Historias de Terramar,","1","1968","379",,"4.03","1116","https://www.goodreads.com/book/show/1186625.Historias_de_Terramar_I"
"79","Ursula K. Le Guin","Fantasy","4.18","The Left Hand of Darkness",,,"1969","304",,"4.1","214359","https://www.goodreads.com/book/show/18423.The_Left_Hand_of_Darkness"
"79","Ursula K. Le Guin","Fantasy","4.18","The Lathe of Heaven",,,"1971","176",,"4.13","86026","https://www.goodreads.com/book/show/59924.The_Lathe_of_Heaven"
"79","Ursula K. Le Guin","Fantasy","4.18","The Word for World Is Forest",,,"1972","160",,"4.06","41677","https://www.goodreads.com/book/show/276767.The_Word_for_World_Is_Forest"
"79","Ursula K. Le Guin","Fantasy","4.18","The Ones Who Walk Away from Omelas",,,"1973","32",,"4.37","50960","https://www.goodreads.com/book/show/92625.The_Ones_Who_Walk_Away_from_Omelas"
"79","Ursula K. Le Guin","Fantasy","4.18","The Dispossessed: An Ambiguous Utopia",,,"1974","387",,"4.26","146598","https://www.goodreads.com/book/show/13651.The_Dispossessed"
"79","Ursula K. Le Guin","Fantasy","4.18","The Wind's Twelve Quarters",,,"1975","277",,"4.06","7746","https://www.goodreads.com/book/show/77289.The_Wind_s_Twelve_Quarters"
"79","Ursula K. Le Guin","Fantasy","4.18","Always Coming Home",,,"1985","525",,"4.07","4504","https://www.goodreads.com/book/show/201901.Always_Coming_Home"
"79","Ursula K. Le Guin","Fantasy","4.18","Catwings (Catwings, #1)","Catwings,","1","1988","40","Children; Middle Grade; Young Adult","4.13","10244","https://www.goodreads.com/book/show/13664.Catwings"
"79","Ursula K. Le Guin","Fantasy","4.18","Catwings Return (Catwings, #2)","Catwings,","2","1989","54","Children; Middle Grade; Young Adult","4.17","3830","https://www.goodreads.com/book/show/59919.Catwings_Return"
"79","Ursula K. Le Guin","Fantasy","4.18","Wonderful Alexander and the Catwings (Catwings, #3)","Catwings,","3","1994","48","Children; Middle Grade; Young Adult","4.18","2549","https://www.goodreads.com/book/show/305666.Wonderful_Alexander_and_the_Catwings"
"79","Ursula K. Le Guin","Fantasy","4.18","Jane on Her Own (Catwings, #4)","Catwings,","4","1999","48","Children; Middle Grade; Young Adult","4.21","2300","https://www.goodreads.com/book/show/13660.Jane_on_Her_Own"
"79","Ursula K. Le Guin","Fantasy","4.18","A Fisherman of the Inland Sea",,,"1994","207",,"4.04","3384","https://www.goodreads.com/book/show/68022.A_Fisherman_of_the_Inland_Sea"
"79","Ursula K. Le Guin","Fantasy","4.18","Powers (Annals of the Western Shore, #3)","Annals of the Western Shore,","3","2007","502","Young Adult","4.08","5397","https://www.goodreads.com/book/show/68020.Powers"
"79","Ursula K. Le Guin","Fantasy","4.18","The Unreal and the Real: Selected Stories, Volume Two: Outer Space, Inner Lands (The Unreal and the Real, #2)","The Unreal and the Real,","2","2012","330",,"4.18","1907","https://www.goodreads.com/book/show/13591879-the-unreal-and-the-real"
"79","Ursula K. Le Guin","Fantasy","4.18","The Unreal and the Real: The Selected Short Stories of Ursula K. Le Guin",,,"2013","715",,"4.22","1041","https://www.goodreads.com/book/show/29868607-the-unreal-and-the-real"
"79","Ursula K. Le Guin","Fantasy","4.18","The Found and the Lost: The Collected Novellas of Ursula K. Le Guin",,,"2016","816",,"4.4","1896","https://www.goodreads.com/book/show/29868611-the-found-and-the-lost"
"79","Ursula K. Le Guin","Fantasy","4.18","Five Ways to Forgiveness",,,"2017","288",,"4.41","1154","https://www.goodreads.com/book/show/36366224-five-ways-to-forgiveness"
"79","Ursula K. Le Guin","Fantasy","4.18","Vaster Than Empires and More Slow",,,"2017","35",,"4.06","1045","https://www.goodreads.com/book/show/6337247-vaster-than-empires-and-more-slow"
"80","Charles Dickens","Other","4.07","A Christmas Carol",,,"1843","184",,"4.09","903614","https://www.goodreads.com/book/show/5326.A_Christmas_Carol"
"80","Charles Dickens","Other","4.07","A Christmas Carol / The Chimes / The Cricket on the Hearth",,,"1843","304",,"4.14","58865","https://www.goodreads.com/book/show/169848.A_Christmas_Carol_The_Chimes_The_Cricket_on_the_Hearth"
"80","Charles Dickens","Other","4.07","A Christmas Carol and Other Christmas Writings",,,"1843","288",,"4.14","39693","https://www.goodreads.com/book/show/5338.A_Christmas_Carol_and_Other_Christmas_Writings"
"80","Charles Dickens","Other","4.07","David Copperfield",,,"1850","882",,"4.04","255631","https://www.goodreads.com/book/show/58696.David_Copperfield"
"80","Charles Dickens","Other","4.07","Bleak House",,,"1853","1017",,"4.02","113104","https://www.goodreads.com/book/show/31242.Bleak_House"
"80","Charles Dickens","Other","4.07","A Tale of Two Cities / Great Expectations",,,"1859","834",,"4.02","17502","https://www.goodreads.com/book/show/9748274-a-tale-of-two-cities-great-expectations"
"80","Charles Dickens","Other","4.07","Our Mutual Friend",,,"1865","801",,"4.09","31099","https://www.goodreads.com/book/show/31244.Our_Mutual_Friend"
"80","Charles Dickens","Other","4.07","Little Dorrit",,,"1883","860",,"4","49579","https://www.goodreads.com/book/show/31250.Little_Dorrit"
"81","Glen Cook","Fantasy","4.14","Chronicles of the Black Company (The Chronicles of the Black Company, #1-3)","The Chronicles of the Black Company,","1","1986","704",,"4.24","26665","https://www.goodreads.com/book/show/400924.Chronicles_of_the_Black_Company"
"81","Glen Cook","Fantasy","4.14","Shadows Linger (The Chronicles of the Black Company, #2)","The Chronicles of the Black Company,","2","1984","319",,"4.18","21103","https://www.goodreads.com/book/show/400881.Shadows_Linger"
"81","Glen Cook","Fantasy","4.14","The White Rose (The Chronicles of the Black Company, #3)","The Chronicles of the Black Company,","3","1985","317",,"4.2","21149","https://www.goodreads.com/book/show/400906.The_White_Rose"
"81","Glen Cook","Fantasy","4.14","The Books of the South (The Chronicles of the Black Company, #3.5-5)","The Chronicles of the Black Company,","3.5","2002","671",,"4.28","12180","https://www.goodreads.com/book/show/2365730.The_Books_of_the_South"
"81","Glen Cook","Fantasy","4.14","Shadow Games (The Chronicles of the Black Company, #4)","The Chronicles of the Black Company,","4","1989","311",,"4.11","12917","https://www.goodreads.com/book/show/113540.Shadow_Games"
"81","Glen Cook","Fantasy","4.14","Dreams of Steel (The Chronicles of the Black Company, #5)","The Chronicles of the Black Company,","5","1990","346",,"4.11","11079","https://www.goodreads.com/book/show/400900.Dreams_of_Steel"
"81","Glen Cook","Fantasy","4.14","The Return of the Black Company (The Chronicles of the Black Company, #6-7)","The Chronicles of the Black Company,","6","1997","672",,"4.3","6808","https://www.goodreads.com/book/show/6644111-the-return-of-the-black-company"
"81","Glen Cook","Fantasy","4.14","She is the Darkness (The Chronicles of the Black Company, #7)","The Chronicles of the Black Company,","7","1997","470",,"4.1","9094","https://www.goodreads.com/book/show/400897.She_is_the_Darkness"
"81","Glen Cook","Fantasy","4.14","Water Sleeps (The Chronicles of the Black Company, #8)","The Chronicles of the Black Company,","8","1999","470",,"4.1","8146","https://www.goodreads.com/book/show/349470.Water_Sleeps"
"81","Glen Cook","Fantasy","4.14","The Many Deaths of the Black Company (The Chronicles of the Black Company, #8-9)","The Chronicles of the Black Company,","8","2009","784",,"4.35","7211","https://www.goodreads.com/book/show/6666394-the-many-deaths-of-the-black-company"
"81","Glen Cook","Fantasy","4.14","Soldiers Live (The Chronicles of the Black Company, #9)","The Chronicles of the Black Company,","9","2000","566",,"4.26","8319","https://www.goodreads.com/book/show/400899.Soldiers_Live"
"81","Glen Cook","Fantasy","4.14","Bitter Gold Hearts (Garrett P.I., #2)","Garrett P.I.,","2","1988","288",,"4.07","3898","https://www.goodreads.com/book/show/1037242.Bitter_Gold_Hearts"
"81","Glen Cook","Fantasy","4.14","Cold Copper Tears (Garrett P.I., #3)","Garrett P.I.,","3","1988","249",,"4.1","3685","https://www.goodreads.com/book/show/400892.Cold_Copper_Tears"
"81","Glen Cook","Fantasy","4.14","Faded Steel Heat (Garrett P.I., #9)","Garrett P.I.,","9","1999","368",,"4.07","2187","https://www.goodreads.com/book/show/395568.Faded_Steel_Heat"
"81","Glen Cook","Fantasy","4.14","Whispering Nickel Idols (Garrett P.I., #11)","Garrett P.I.,","11","2005","368",,"4.08","2060","https://www.goodreads.com/book/show/400882.Whispering_Nickel_Idols"
"81","Glen Cook","Fantasy","4.14","Cruel Zinc Melodies (Garrett P.I., #12)","Garrett P.I.,","12","2008","416",,"4.12","1898","https://www.goodreads.com/book/show/2464757.Cruel_Zinc_Melodies"
"81","Glen Cook","Fantasy","4.14","Gilded Latten Bones (Garrett P.I., #13)","Garrett P.I.,","13","2010","362",,"4.15","1757","https://www.goodreads.com/book/show/7942940-gilded-latten-bones"
"81","Glen Cook","Fantasy","4.14","Old Tin Sorrows (Garrett Files, #4)","Garrett Files,","4","1989","256",,"4.14","2969","https://www.goodreads.com/book/show/140673.Old_Tin_Sorrows"
"81","Glen Cook","Fantasy","4.14","Dread Brass Shadows (Garrett Files, #5)","Garrett Files,","5","1990","304",,"4.08","2849","https://www.goodreads.com/book/show/499122.Dread_Brass_Shadows"
"81","Glen Cook","Fantasy","4.14","Red Iron Nights (Garrett Files, #6)","Garrett Files,","6","1991","304",,"4.12","2506","https://www.goodreads.com/book/show/400909.Red_Iron_Nights"
"81","Glen Cook","Fantasy","4.14","Deadly Quicksilver Lies (Garrett Files, #7)","Garrett Files,","7","1994","304",,"4.05","2391","https://www.goodreads.com/book/show/101041.Deadly_Quicksilver_Lies"
"81","Glen Cook","Fantasy","4.14","Lord of the Silent Kingdom (Instrumentalities of the Night, #2)","Instrumentalities of the Night,","2","2007","496",,"4","1425","https://www.goodreads.com/book/show/126747.Lord_of_the_Silent_Kingdom"
"81","Glen Cook","Fantasy","4.14","Surrender to the Will of the Night (Instrumentalities of the Night, #3)","Instrumentalities of the Night,","3","2009","493",,"4.08","1014","https://www.goodreads.com/book/show/5661546-surrender-to-the-will-of-the-night"
"81","Glen Cook","Fantasy","4.14","Wicked Bronze Ambition (Garrett, P.I., #14)","Garrett, P.I.,","14","2013","485",,"4.12","1362","https://www.goodreads.com/book/show/16115678-wicked-bronze-ambition"
"82","Robert A. Heinlein","Science-Fiction","4.06","Citizen of the Galaxy",,,"1957","282","Young Adult","4.01","17724","https://www.goodreads.com/book/show/16689.Citizen_of_the_Galaxy"
"82","Robert A. Heinlein","Science-Fiction","4.06","The Door Into Summer",,,"1957","304",,"4.02","28353","https://www.goodreads.com/book/show/348.The_Door_Into_Summer"
"82","Robert A. Heinlein","Science-Fiction","4.06","Methuselah's Children",,,"1958","276",,"4.01","21115","https://www.goodreads.com/book/show/175319.Methuselah_s_Children"
"82","Robert A. Heinlein","Science-Fiction","4.06","Starship Troopers",,,"1959","264",,"4.01","243772","https://www.goodreads.com/book/show/17214.Starship_Troopers"
"82","Robert A. Heinlein","Science-Fiction","4.06","The Moon Is a Harsh Mistress",,,"1966","288",,"4.15","137757","https://www.goodreads.com/book/show/16690.The_Moon_Is_a_Harsh_Mistress"
"82","Robert A. Heinlein","Science-Fiction","4.06","The Past Through Tomorrow (Future History, #1-21)","Future History,","1","1967","830",,"4.17","16748","https://www.goodreads.com/book/show/121581.The_Past_Through_Tomorrow"
"83","Rebecca Roanhorse","Fantasy","4.14","Storm of Locusts (The Sixth World, #2)","The Sixth World,","2","2019","313",,"4.18","11285","https://www.goodreads.com/book/show/37920490-storm-of-locusts"
"83","Rebecca Roanhorse","Fantasy","4.14","Black Sun (Between Earth and Sky, #1)","Between Earth and Sky,","1","2020","454",,"4.18","52776","https://www.goodreads.com/book/show/50892360-black-sun"
"83","Rebecca Roanhorse","Fantasy","4.14","Fevered Star (Between Earth and Sky, #2)","Between Earth and Sky,","2","2022","384",,"4.08","20697","https://www.goodreads.com/book/show/57339626-fevered-star"
"83","Rebecca Roanhorse","Fantasy","4.14","Mirrored Heavens (Between Earth and Sky, #3)","Between Earth and Sky,","3","2024","597",,"4.23","8597","https://www.goodreads.com/book/show/60656015-mirrored-heavens"
"83","Rebecca Roanhorse","Fantasy","4.14","Race to the Sun",,,"2020","306","Children; Middle Grade; Young Adult","4.03","6019","https://www.goodreads.com/book/show/36353103-race-to-the-sun"
"84","Bram Stoker","Other","4.02","Dracula",,,"1879","488",,"4.02","1436756","https://www.goodreads.com/book/show/17245.Dracula"
"85","Zamil Akhtar","Fantasy","4.09","Conqueror's Blood (Gunmetal Gods, #2)","Gunmetal Gods,","2","2021","550",,"4.09","1107","https://www.goodreads.com/book/show/57842422-conqueror-s-blood"
"86","T.H. White","Fantasy","4.07","The Once and Future King (The Once and Future King, #1-5)","The Once and Future King,","1","1958","639","Young Adult","4.07","117053","https://www.goodreads.com/book/show/43545.The_Once_and_Future_King"
"87","Terry Brooks","Fantasy","4.07","The Scions of Shannara (Heritage of Shannara, #1)","Heritage of Shannara,","1","1990","512",,"4.01","34214","https://www.goodreads.com/book/show/34988.The_Scions_of_Shannara"
"87","Terry Brooks","Fantasy","4.07","The Druid of Shannara (Heritage of Shannara, #2)","Heritage of Shannara,","2","1991","471",,"4.04","33858","https://www.goodreads.com/book/show/15568.The_Druid_of_Shannara"
"87","Terry Brooks","Fantasy","4.07","The Elf Queen of Shannara (Heritage of Shannara, #3)","Heritage of Shannara,","3","1992","416",,"4.06","32735","https://www.goodreads.com/book/show/15566.The_Elf_Queen_of_Shannara"
"87","Terry Brooks","Fantasy","4.07","The Talismans of Shannara (Heritage of Shannara, #4)","Heritage of Shannara,","4","1993","440",,"4.04","40836","https://www.goodreads.com/book/show/34919.The_Talismans_of_Shannara"
"87","Terry Brooks","Fantasy","4.07","A Knight of the Word (Word & Void, #2)","Word &amp; Void,","2","1998","386",,"4.06","16018","https://www.goodreads.com/book/show/420496.A_Knight_of_the_Word"
"87","Terry Brooks","Fantasy","4.07","Angel Fire East (Word & Void, #3)","Word &amp; Void,","3","1999","440",,"4.12","13792","https://www.goodreads.com/book/show/15558.Angel_Fire_East"
"87","Terry Brooks","Fantasy","4.07","Tanequil (High Druid of Shannara, #2)","High Druid of Shannara,","2","2004","368",,"4","13226","https://www.goodreads.com/book/show/15552.Tanequil"
"87","Terry Brooks","Fantasy","4.07","Straken (High Druid of Shannara, #3)","High Druid of Shannara,","3","2005","384",,"4.05","12818","https://www.goodreads.com/book/show/15550.Straken"
"87","Terry Brooks","Fantasy","4.07","Armageddon's Children (Genesis of Shannara, #1)","Genesis of Shannara,","1","2006","384",,"4.12","17447","https://www.goodreads.com/book/show/15549.Armageddon_s_Children"
"87","Terry Brooks","Fantasy","4.07","The Elves of Cintra (Genesis of Shannara, #2)","Genesis of Shannara,","2","2007","379",,"4.13","15863","https://www.goodreads.com/book/show/62233.The_Elves_of_Cintra"
"87","Terry Brooks","Fantasy","4.07","The Gypsy Morph (Genesis of Shannara, #3)","Genesis of Shannara,","3","2008","402",,"4.17","14366","https://www.goodreads.com/book/show/2675261-the-gypsy-morph"
"87","Terry Brooks","Fantasy","4.07","Bearers of the Black Staff (Legends of Shannara, #1)","Legends of Shannara,","1","2010","353",,"4.06","11001","https://www.goodreads.com/book/show/7302794-bearers-of-the-black-staff"
